{
  "type": "FeatureCollection",
  "name": "census_tracts_2022_hurlingham",
  "metadata": {
    "generated_at": "2026-06-13T02:11:01.209890+00:00",
    "crs": "EPSG:4326",
    "scope": "Partido de Hurlingham, Buenos Aires, Argentina",
    "source_name": "Datos Abiertos PBA / INDEC - Radios censales 2022",
    "source_url": "https://catalogo.datos.gba.gob.ar/dataset/radios-censales",
    "license": "Creative Commons Attribution 4.0",
    "data_confidence": "medium"
  },
  "features": [
    {
      "type": "Feature",
      "properties": {
        "fid": 367,
        "area": 125339.217,
        "perimeter": 1423.328,
        "nomprov": "BUENOS AIRES",
        "prov": "06",
        "nomdepto": "HURLINGHAM",
        "depto": "408",
        "frac": "03",
        "radio": "05",
        "tipo": "U",
        "link": "064080305",
        "assigned_zone_name": "Roca 2",
        "hurlingham_overlap_m2": 125309.97,
        "population_total": null,
        "households_total": null,
        "source_note": "PBA 2022 radio resource provides geometry and radio codes; no population/housing counts were present in the downloaded resource.",
        "source_name": "Datos Abiertos PBA / INDEC - Radios censales 2022",
        "source_url": "https://catalogo.datos.gba.gob.ar/dataset/radios-censales",
        "generated_at": "2026-06-13T02:11:01.209890+00:00",
        "data_confidence": "medium"
      },
      "geometry": {
        "type": "MultiPolygon",
        "coordinates": [
          [
            [
              [
                -58.6521921,
                -34.5764905
              ],
              [
                -58.6520596,
                -34.5765972
              ],
              [
                -58.6518167,
                -34.5767928
              ],
              [
                -58.6509889,
                -34.5774417
              ],
              [
                -58.6500726,
                -34.5781706
              ],
              [
                -58.6501586,
                -34.5782437
              ],
              [
                -58.6508205,
                -34.5788187
              ],
              [
                -58.6518892,
                -34.5797115
              ],
              [
                -58.6524623,
                -34.5804565
              ],
              [
                -58.6525582,
                -34.5805925
              ],
              [
                -58.6555347,
                -34.5790325
              ],
              [
                -58.6554328,
                -34.5789329
              ],
              [
                -58.6553593,
                -34.5787608
              ],
              [
                -58.6548789,
                -34.5781426
              ],
              [
                -58.6548042,
                -34.5780426
              ],
              [
                -58.6541595,
                -34.5774767
              ],
              [
                -58.6533967,
                -34.5768012
              ],
              [
                -58.6527736,
                -34.5762445
              ],
              [
                -58.6526446,
                -34.576135
              ],
              [
                -58.6521921,
                -34.5764905
              ]
            ]
          ]
        ]
      }
    },
    {
      "type": "Feature",
      "properties": {
        "fid": 409,
        "area": 97506.056,
        "perimeter": 1392.331,
        "nomprov": "BUENOS AIRES",
        "prov": "06",
        "nomdepto": "HURLINGHAM",
        "depto": "408",
        "frac": "14",
        "radio": "07",
        "tipo": "U",
        "link": "064081407",
        "assigned_zone_name": "Prensa",
        "hurlingham_overlap_m2": 97481.9,
        "population_total": null,
        "households_total": null,
        "source_note": "PBA 2022 radio resource provides geometry and radio codes; no population/housing counts were present in the downloaded resource.",
        "source_name": "Datos Abiertos PBA / INDEC - Radios censales 2022",
        "source_url": "https://catalogo.datos.gba.gob.ar/dataset/radios-censales",
        "generated_at": "2026-06-13T02:11:01.209890+00:00",
        "data_confidence": "medium"
      },
      "geometry": {
        "type": "MultiPolygon",
        "coordinates": [
          [
            [
              [
                -58.6310518,
                -34.628263
              ],
              [
                -58.6307504,
                -34.6290922
              ],
              [
                -58.63072,
                -34.6292057
              ],
              [
                -58.6304,
                -34.6301034
              ],
              [
                -58.6313187,
                -34.6299335
              ],
              [
                -58.6324343,
                -34.6297297
              ],
              [
                -58.6332983,
                -34.6295771
              ],
              [
                -58.6336374,
                -34.6295088
              ],
              [
                -58.6342936,
                -34.62939
              ],
              [
                -58.6353983,
                -34.629186
              ],
              [
                -58.6352233,
                -34.6285531
              ],
              [
                -58.6351717,
                -34.6283723
              ],
              [
                -58.6344061,
                -34.6285169
              ],
              [
                -58.6341692,
                -34.627667
              ],
              [
                -58.6339216,
                -34.626808
              ],
              [
                -58.6326527,
                -34.6270551
              ],
              [
                -58.6313949,
                -34.6272844
              ],
              [
                -58.6311321,
                -34.6280205
              ],
              [
                -58.6310518,
                -34.628263
              ]
            ]
          ]
        ]
      }
    },
    {
      "type": "Feature",
      "properties": {
        "fid": 433,
        "area": 224484.718,
        "perimeter": 1934.122,
        "nomprov": "BUENOS AIRES",
        "prov": "06",
        "nomdepto": "HURLINGHAM",
        "depto": "408",
        "frac": "01",
        "radio": "03",
        "tipo": "U",
        "link": "064080103",
        "assigned_zone_name": "Villa Club",
        "hurlingham_overlap_m2": 224430.61,
        "population_total": null,
        "households_total": null,
        "source_note": "PBA 2022 radio resource provides geometry and radio codes; no population/housing counts were present in the downloaded resource.",
        "source_name": "Datos Abiertos PBA / INDEC - Radios censales 2022",
        "source_url": "https://catalogo.datos.gba.gob.ar/dataset/radios-censales",
        "generated_at": "2026-06-13T02:11:01.209890+00:00",
        "data_confidence": "medium"
      },
      "geometry": {
        "type": "MultiPolygon",
        "coordinates": [
          [
            [
              [
                -58.641658,
                -34.5709025
              ],
              [
                -58.6406428,
                -34.5716844
              ],
              [
                -58.6396164,
                -34.5724842
              ],
              [
                -58.6386893,
                -34.5732039
              ],
              [
                -58.6378946,
                -34.573826
              ],
              [
                -58.6386573,
                -34.5745015
              ],
              [
                -58.6394094,
                -34.5751589
              ],
              [
                -58.6401722,
                -34.5758254
              ],
              [
                -58.6409349,
                -34.5765009
              ],
              [
                -58.6416654,
                -34.5771489
              ],
              [
                -58.6416869,
                -34.5771672
              ],
              [
                -58.6418784,
                -34.5773214
              ],
              [
                -58.642645,
                -34.5762097
              ],
              [
                -58.6430389,
                -34.5756385
              ],
              [
                -58.6434073,
                -34.5751932
              ],
              [
                -58.6437261,
                -34.5748382
              ],
              [
                -58.6440384,
                -34.5745442
              ],
              [
                -58.6449623,
                -34.5737968
              ],
              [
                -58.6446772,
                -34.5735366
              ],
              [
                -58.6433401,
                -34.572355
              ],
              [
                -58.643329,
                -34.5723452
              ],
              [
                -58.643184,
                -34.5722174
              ],
              [
                -58.642421,
                -34.5715599
              ],
              [
                -58.641658,
                -34.5709025
              ]
            ]
          ]
        ]
      }
    },
    {
      "type": "Feature",
      "properties": {
        "fid": 434,
        "area": 56260.625,
        "perimeter": 1013.037,
        "nomprov": "BUENOS AIRES",
        "prov": "06",
        "nomdepto": "HURLINGHAM",
        "depto": "408",
        "frac": "08",
        "radio": "12",
        "tipo": "U",
        "link": "064080812",
        "assigned_zone_name": "La Juanita",
        "hurlingham_overlap_m2": 56246.28,
        "population_total": null,
        "households_total": null,
        "source_note": "PBA 2022 radio resource provides geometry and radio codes; no population/housing counts were present in the downloaded resource.",
        "source_name": "Datos Abiertos PBA / INDEC - Radios censales 2022",
        "source_url": "https://catalogo.datos.gba.gob.ar/dataset/radios-censales",
        "generated_at": "2026-06-13T02:11:01.209890+00:00",
        "data_confidence": "medium"
      },
      "geometry": {
        "type": "MultiPolygon",
        "coordinates": [
          [
            [
              [
                -58.6209498,
                -34.620641
              ],
              [
                -58.6209533,
                -34.6210917
              ],
              [
                -58.6227197,
                -34.6210846
              ],
              [
                -58.6227366,
                -34.6207243
              ],
              [
                -58.6227331,
                -34.6202736
              ],
              [
                -58.6227249,
                -34.6194532
              ],
              [
                -58.6227151,
                -34.618723
              ],
              [
                -58.6227055,
                -34.6179838
              ],
              [
                -58.6209283,
                -34.6179908
              ],
              [
                -58.6209269,
                -34.6187299
              ],
              [
                -58.6209365,
                -34.6194691
              ],
              [
                -58.6209557,
                -34.6202895
              ],
              [
                -58.6209498,
                -34.620641
              ]
            ]
          ]
        ]
      }
    },
    {
      "type": "Feature",
      "properties": {
        "fid": 553,
        "area": 122219.339,
        "perimeter": 1793.098,
        "nomprov": "BUENOS AIRES",
        "prov": "06",
        "nomdepto": "HURLINGHAM",
        "depto": "408",
        "frac": "03",
        "radio": "09",
        "tipo": "U",
        "link": "064080309",
        "assigned_zone_name": "Belgrano",
        "hurlingham_overlap_m2": 122191.14,
        "population_total": null,
        "households_total": null,
        "source_note": "PBA 2022 radio resource provides geometry and radio codes; no population/housing counts were present in the downloaded resource.",
        "source_name": "Datos Abiertos PBA / INDEC - Radios censales 2022",
        "source_url": "https://catalogo.datos.gba.gob.ar/dataset/radios-censales",
        "generated_at": "2026-06-13T02:11:01.209890+00:00",
        "data_confidence": "medium"
      },
      "geometry": {
        "type": "MultiPolygon",
        "coordinates": [
          [
            [
              [
                -58.6585925,
                -34.5774296
              ],
              [
                -58.6555347,
                -34.5790325
              ],
              [
                -58.6525582,
                -34.5805925
              ],
              [
                -58.6526821,
                -34.5807682
              ],
              [
                -58.6527886,
                -34.5807154
              ],
              [
                -58.6536679,
                -34.5802564
              ],
              [
                -58.6545684,
                -34.5811767
              ],
              [
                -58.6553836,
                -34.5819879
              ],
              [
                -58.6561769,
                -34.5814558
              ],
              [
                -58.6570251,
                -34.5808883
              ],
              [
                -58.6578073,
                -34.5803651
              ],
              [
                -58.6587108,
                -34.5797531
              ],
              [
                -58.6592395,
                -34.5793984
              ],
              [
                -58.6595039,
                -34.579221
              ],
              [
                -58.6586781,
                -34.5783917
              ],
              [
                -58.6581846,
                -34.5779086
              ],
              [
                -58.6587285,
                -34.5776138
              ],
              [
                -58.6585925,
                -34.5774296
              ]
            ]
          ]
        ]
      }
    },
    {
      "type": "Feature",
      "properties": {
        "fid": 554,
        "area": 85832.947,
        "perimeter": 1173.662,
        "nomprov": "BUENOS AIRES",
        "prov": "06",
        "nomdepto": "HURLINGHAM",
        "depto": "408",
        "frac": "04",
        "radio": "04",
        "tipo": "U",
        "link": "064080404",
        "assigned_zone_name": "San Damián",
        "hurlingham_overlap_m2": 85813.64,
        "population_total": null,
        "households_total": null,
        "source_note": "PBA 2022 radio resource provides geometry and radio codes; no population/housing counts were present in the downloaded resource.",
        "source_name": "Datos Abiertos PBA / INDEC - Radios censales 2022",
        "source_url": "https://catalogo.datos.gba.gob.ar/dataset/radios-censales",
        "generated_at": "2026-06-13T02:11:01.209890+00:00",
        "data_confidence": "medium"
      },
      "geometry": {
        "type": "MultiPolygon",
        "coordinates": [
          [
            [
              [
                -58.6653045,
                -34.5831244
              ],
              [
                -58.6646973,
                -34.5836135
              ],
              [
                -58.664123,
                -34.5840849
              ],
              [
                -58.6634715,
                -34.5846186
              ],
              [
                -58.6629639,
                -34.5850096
              ],
              [
                -58.6636841,
                -34.5856304
              ],
              [
                -58.6644155,
                -34.5862424
              ],
              [
                -58.6651359,
                -34.5868541
              ],
              [
                -58.6652023,
                -34.5867918
              ],
              [
                -58.666295,
                -34.5859294
              ],
              [
                -58.6669021,
                -34.5854493
              ],
              [
                -58.6671669,
                -34.5852449
              ],
              [
                -58.6674649,
                -34.5850138
              ],
              [
                -58.667498,
                -34.5849871
              ],
              [
                -58.6674658,
                -34.5849597
              ],
              [
                -58.6672185,
                -34.5847497
              ],
              [
                -58.6667668,
                -34.5843662
              ],
              [
                -58.6660358,
                -34.5837363
              ],
              [
                -58.6653045,
                -34.5831244
              ]
            ]
          ]
        ]
      }
    },
    {
      "type": "Feature",
      "properties": {
        "fid": 636,
        "area": 154743.241,
        "perimeter": 2080.018,
        "nomprov": "BUENOS AIRES",
        "prov": "06",
        "nomdepto": "HURLINGHAM",
        "depto": "408",
        "frac": "17",
        "radio": "08",
        "tipo": "U",
        "link": "064081708",
        "assigned_zone_name": "Curapaytí",
        "hurlingham_overlap_m2": 154706.39,
        "population_total": null,
        "households_total": null,
        "source_note": "PBA 2022 radio resource provides geometry and radio codes; no population/housing counts were present in the downloaded resource.",
        "source_name": "Datos Abiertos PBA / INDEC - Radios censales 2022",
        "source_url": "https://catalogo.datos.gba.gob.ar/dataset/radios-censales",
        "generated_at": "2026-06-13T02:11:01.209890+00:00",
        "data_confidence": "medium"
      },
      "geometry": {
        "type": "MultiPolygon",
        "coordinates": [
          [
            [
              [
                -58.646313,
                -34.583864
              ],
              [
                -58.6400065,
                -34.5871294
              ],
              [
                -58.6403238,
                -34.5871165
              ],
              [
                -58.6419241,
                -34.587051
              ],
              [
                -58.6426588,
                -34.587021
              ],
              [
                -58.6436175,
                -34.5869817
              ],
              [
                -58.646916,
                -34.5868433
              ],
              [
                -58.648263,
                -34.5867868
              ],
              [
                -58.6489479,
                -34.5867256
              ],
              [
                -58.6501617,
                -34.5865489
              ],
              [
                -58.6500043,
                -34.5864398
              ],
              [
                -58.6494541,
                -34.5860867
              ],
              [
                -58.6494002,
                -34.58605
              ],
              [
                -58.6492924,
                -34.5859767
              ],
              [
                -58.648613,
                -34.5855366
              ],
              [
                -58.6477503,
                -34.5849682
              ],
              [
                -58.6474488,
                -34.5847395
              ],
              [
                -58.646942,
                -34.5844094
              ],
              [
                -58.6464259,
                -34.583971
              ],
              [
                -58.646313,
                -34.583864
              ]
            ]
          ]
        ]
      }
    },
    {
      "type": "Feature",
      "properties": {
        "fid": 700,
        "area": 83990.733,
        "perimeter": 1288.277,
        "nomprov": "BUENOS AIRES",
        "prov": "06",
        "nomdepto": "HURLINGHAM",
        "depto": "408",
        "frac": "01",
        "radio": "06",
        "tipo": "U",
        "link": "064080106",
        "assigned_zone_name": "Villa Club",
        "hurlingham_overlap_m2": 83970.18,
        "population_total": null,
        "households_total": null,
        "source_note": "PBA 2022 radio resource provides geometry and radio codes; no population/housing counts were present in the downloaded resource.",
        "source_name": "Datos Abiertos PBA / INDEC - Radios censales 2022",
        "source_url": "https://catalogo.datos.gba.gob.ar/dataset/radios-censales",
        "generated_at": "2026-06-13T02:11:01.209890+00:00",
        "data_confidence": "medium"
      },
      "geometry": {
        "type": "MultiPolygon",
        "coordinates": [
          [
            [
              [
                -58.6347929,
                -34.576252
              ],
              [
                -58.6336228,
                -34.5771673
              ],
              [
                -58.6340418,
                -34.5775326
              ],
              [
                -58.6343964,
                -34.577843
              ],
              [
                -58.6351374,
                -34.5785093
              ],
              [
                -58.6359001,
                -34.5791848
              ],
              [
                -58.6368495,
                -34.5784383
              ],
              [
                -58.6370702,
                -34.5782695
              ],
              [
                -58.6378318,
                -34.5776741
              ],
              [
                -58.6385715,
                -34.5770874
              ],
              [
                -58.6377981,
                -34.5764028
              ],
              [
                -58.637046,
                -34.5757454
              ],
              [
                -58.6361519,
                -34.5764475
              ],
              [
                -58.6355556,
                -34.5769276
              ],
              [
                -58.6350614,
                -34.5764894
              ],
              [
                -58.6347929,
                -34.576252
              ]
            ]
          ]
        ]
      }
    },
    {
      "type": "Feature",
      "properties": {
        "fid": 701,
        "area": 87765.863,
        "perimeter": 1211.913,
        "nomprov": "BUENOS AIRES",
        "prov": "06",
        "nomdepto": "HURLINGHAM",
        "depto": "408",
        "frac": "17",
        "radio": "05",
        "tipo": "U",
        "link": "064081705",
        "assigned_zone_name": "Santa Clara",
        "hurlingham_overlap_m2": 87745.15,
        "population_total": null,
        "households_total": null,
        "source_note": "PBA 2022 radio resource provides geometry and radio codes; no population/housing counts were present in the downloaded resource.",
        "source_name": "Datos Abiertos PBA / INDEC - Radios censales 2022",
        "source_url": "https://catalogo.datos.gba.gob.ar/dataset/radios-censales",
        "generated_at": "2026-06-13T02:11:01.209890+00:00",
        "data_confidence": "medium"
      },
      "geometry": {
        "type": "MultiPolygon",
        "coordinates": [
          [
            [
              [
                -58.6477503,
                -34.5849682
              ],
              [
                -58.648613,
                -34.5855366
              ],
              [
                -58.649187,
                -34.5850832
              ],
              [
                -58.6502357,
                -34.5842566
              ],
              [
                -58.6513507,
                -34.5833766
              ],
              [
                -58.6508562,
                -34.5829565
              ],
              [
                -58.650652,
                -34.5827739
              ],
              [
                -58.6505983,
                -34.5827283
              ],
              [
                -58.6499642,
                -34.5821805
              ],
              [
                -58.6497872,
                -34.5820448
              ],
              [
                -58.6465395,
                -34.5837467
              ],
              [
                -58.646313,
                -34.583864
              ],
              [
                -58.6464259,
                -34.583971
              ],
              [
                -58.646942,
                -34.5844094
              ],
              [
                -58.6474488,
                -34.5847395
              ],
              [
                -58.6477503,
                -34.5849682
              ]
            ]
          ]
        ]
      }
    },
    {
      "type": "Feature",
      "properties": {
        "fid": 702,
        "area": 101988.056,
        "perimeter": 1317.974,
        "nomprov": "BUENOS AIRES",
        "prov": "06",
        "nomdepto": "HURLINGHAM",
        "depto": "408",
        "frac": "04",
        "radio": "07",
        "tipo": "U",
        "link": "064080407",
        "assigned_zone_name": "San Damián",
        "hurlingham_overlap_m2": 101965.29,
        "population_total": null,
        "households_total": null,
        "source_note": "PBA 2022 radio resource provides geometry and radio codes; no population/housing counts were present in the downloaded resource.",
        "source_name": "Datos Abiertos PBA / INDEC - Radios censales 2022",
        "source_url": "https://catalogo.datos.gba.gob.ar/dataset/radios-censales",
        "generated_at": "2026-06-13T02:11:01.209890+00:00",
        "data_confidence": "medium"
      },
      "geometry": {
        "type": "MultiPolygon",
        "coordinates": [
          [
            [
              [
                -58.6651359,
                -34.5868541
              ],
              [
                -58.6652004,
                -34.5869089
              ],
              [
                -58.6659532,
                -34.5875391
              ],
              [
                -58.6665554,
                -34.5880504
              ],
              [
                -58.6671792,
                -34.588571
              ],
              [
                -58.6674158,
                -34.5887719
              ],
              [
                -58.6676095,
                -34.5889273
              ],
              [
                -58.6682284,
                -34.5884009
              ],
              [
                -58.6685629,
                -34.5881481
              ],
              [
                -58.6687958,
                -34.587959
              ],
              [
                -58.669564,
                -34.5873352
              ],
              [
                -58.6700937,
                -34.5869263
              ],
              [
                -58.6690506,
                -34.5860406
              ],
              [
                -58.6692052,
                -34.5859161
              ],
              [
                -58.6688931,
                -34.5856648
              ],
              [
                -58.6685811,
                -34.5854136
              ],
              [
                -58.6682831,
                -34.5856447
              ],
              [
                -58.667498,
                -34.5849871
              ],
              [
                -58.6674649,
                -34.5850138
              ],
              [
                -58.6671669,
                -34.5852449
              ],
              [
                -58.6669021,
                -34.5854493
              ],
              [
                -58.666295,
                -34.5859294
              ],
              [
                -58.6652023,
                -34.5867918
              ],
              [
                -58.6651359,
                -34.5868541
              ]
            ]
          ]
        ]
      }
    },
    {
      "type": "Feature",
      "properties": {
        "fid": 755,
        "area": 3235658.877,
        "perimeter": 13837.711,
        "nomprov": "BUENOS AIRES",
        "prov": "06",
        "nomdepto": "HURLINGHAM",
        "depto": "408",
        "frac": "12",
        "radio": "02",
        "tipo": "U",
        "link": "064081202",
        "assigned_zone_name": "Federal",
        "hurlingham_overlap_m2": 161118.16,
        "population_total": null,
        "households_total": null,
        "source_note": "PBA 2022 radio resource provides geometry and radio codes; no population/housing counts were present in the downloaded resource.",
        "source_name": "Datos Abiertos PBA / INDEC - Radios censales 2022",
        "source_url": "https://catalogo.datos.gba.gob.ar/dataset/radios-censales",
        "generated_at": "2026-06-13T02:11:01.209890+00:00",
        "data_confidence": "medium"
      },
      "geometry": {
        "type": "MultiPolygon",
        "coordinates": [
          [
            [
              [
                -58.6651971,
                -34.6130295
              ],
              [
                -58.6643455,
                -34.6137277
              ],
              [
                -58.6625791,
                -34.6115678
              ],
              [
                -58.660902,
                -34.6095917
              ],
              [
                -58.6590157,
                -34.6074434
              ],
              [
                -58.6583757,
                -34.6068778
              ],
              [
                -58.6581739,
                -34.606662
              ],
              [
                -58.6580307,
                -34.6065071
              ],
              [
                -58.6579711,
                -34.606501
              ],
              [
                -58.6579251,
                -34.6064786
              ],
              [
                -58.6578664,
                -34.6064231
              ],
              [
                -58.6578683,
                -34.6063082
              ],
              [
                -58.657887,
                -34.6062711
              ],
              [
                -58.6577258,
                -34.6063355
              ],
              [
                -58.6576242,
                -34.6063505
              ],
              [
                -58.6575116,
                -34.6063235
              ],
              [
                -58.6574419,
                -34.606297
              ],
              [
                -58.6574076,
                -34.6062515
              ],
              [
                -58.6573073,
                -34.6061859
              ],
              [
                -58.6571401,
                -34.6061615
              ],
              [
                -58.6570648,
                -34.6062445
              ],
              [
                -58.6568335,
                -34.6063257
              ],
              [
                -58.6557883,
                -34.6073453
              ],
              [
                -58.6552743,
                -34.6078052
              ],
              [
                -58.655163,
                -34.6079361
              ],
              [
                -58.6551351,
                -34.6079745
              ],
              [
                -58.6550951,
                -34.6080385
              ],
              [
                -58.655067,
                -34.6080897
              ],
              [
                -58.6550651,
                -34.6082089
              ],
              [
                -58.6551147,
                -34.6092421
              ],
              [
                -58.6551245,
                -34.6098432
              ],
              [
                -58.6551112,
                -34.6099166
              ],
              [
                -58.6550004,
                -34.6105265
              ],
              [
                -58.6549459,
                -34.6107644
              ],
              [
                -58.6549328,
                -34.6108544
              ],
              [
                -58.6549277,
                -34.6109317
              ],
              [
                -58.6549113,
                -34.6109799
              ],
              [
                -58.6548948,
                -34.6110345
              ],
              [
                -58.6548824,
                -34.6110826
              ],
              [
                -58.6548621,
                -34.6111275
              ],
              [
                -58.6548421,
                -34.6111595
              ],
              [
                -58.6547495,
                -34.6112503
              ],
              [
                -58.6546172,
                -34.6113327
              ],
              [
                -58.654572,
                -34.6114772
              ],
              [
                -58.654527,
                -34.6116088
              ],
              [
                -58.6544591,
                -34.6117143
              ],
              [
                -58.6544226,
                -34.6117977
              ],
              [
                -58.6543984,
                -34.611849
              ],
              [
                -58.6543778,
                -34.6119197
              ],
              [
                -58.6543368,
                -34.6120449
              ],
              [
                -58.6543103,
                -34.6122379
              ],
              [
                -58.6543311,
                -34.6123976
              ],
              [
                -58.6544063,
                -34.612566
              ],
              [
                -58.6544425,
                -34.6127436
              ],
              [
                -58.6544711,
                -34.6128986
              ],
              [
                -58.6544774,
                -34.6129921
              ],
              [
                -58.6545181,
                -34.6131247
              ],
              [
                -58.6545433,
                -34.6132587
              ],
              [
                -58.6546084,
                -34.6133303
              ],
              [
                -58.6545979,
                -34.6134945
              ],
              [
                -58.6546428,
                -34.6136142
              ],
              [
                -58.6546607,
                -34.6137111
              ],
              [
                -58.6546601,
                -34.6137497
              ],
              [
                -58.6546548,
                -34.6138367
              ],
              [
                -58.6546487,
                -34.6139687
              ],
              [
                -58.654631,
                -34.6141006
              ],
              [
                -58.6546025,
                -34.6141776
              ],
              [
                -58.6546015,
                -34.6142356
              ],
              [
                -58.6546006,
                -34.6142968
              ],
              [
                -58.654627,
                -34.6143519
              ],
              [
                -58.6546642,
                -34.6144603
              ],
              [
                -58.6547261,
                -34.6144899
              ],
              [
                -58.6547841,
                -34.6145164
              ],
              [
                -58.6548144,
                -34.6145682
              ],
              [
                -58.6548294,
                -34.6146071
              ],
              [
                -58.6548327,
                -34.6146426
              ],
              [
                -58.6548279,
                -34.6146973
              ],
              [
                -58.6548078,
                -34.6147357
              ],
              [
                -58.6547754,
                -34.6148159
              ],
              [
                -58.654711,
                -34.6149159
              ],
              [
                -58.6553628,
                -34.6154053
              ],
              [
                -58.6538983,
                -34.6166375
              ],
              [
                -58.6524285,
                -34.6178562
              ],
              [
                -58.6518787,
                -34.6183097
              ],
              [
                -58.6514448,
                -34.6186835
              ],
              [
                -58.650851,
                -34.6191753
              ],
              [
                -58.6502955,
                -34.6196353
              ],
              [
                -58.6497033,
                -34.6201306
              ],
              [
                -58.6491681,
                -34.6205782
              ],
              [
                -58.6490245,
                -34.6206938
              ],
              [
                -58.6486936,
                -34.620966
              ],
              [
                -58.6485272,
                -34.6211029
              ],
              [
                -58.6479305,
                -34.621592
              ],
              [
                -58.6475804,
                -34.6218791
              ],
              [
                -58.6473448,
                -34.6220723
              ],
              [
                -58.6469912,
                -34.6223658
              ],
              [
                -58.6466139,
                -34.6226839
              ],
              [
                -58.6462947,
                -34.622953
              ],
              [
                -58.6458527,
                -34.6233176
              ],
              [
                -58.6458306,
                -34.6233354
              ],
              [
                -58.6449019,
                -34.6241183
              ],
              [
                -58.644062,
                -34.624812
              ],
              [
                -58.6440067,
                -34.6248564
              ],
              [
                -58.6430343,
                -34.6256478
              ],
              [
                -58.6425481,
                -34.626048
              ],
              [
                -58.6432317,
                -34.6269209
              ],
              [
                -58.6437658,
                -34.6276029
              ],
              [
                -58.6437864,
                -34.6276752
              ],
              [
                -58.643956,
                -34.627641
              ],
              [
                -58.6447045,
                -34.6275412
              ],
              [
                -58.6450764,
                -34.6274732
              ],
              [
                -58.6465307,
                -34.627219
              ],
              [
                -58.6474163,
                -34.6270755
              ],
              [
                -58.6483457,
                -34.6269146
              ],
              [
                -58.6508876,
                -34.6248156
              ],
              [
                -58.6519818,
                -34.6239083
              ],
              [
                -58.6524017,
                -34.6235614
              ],
              [
                -58.6532635,
                -34.6228589
              ],
              [
                -58.653496,
                -34.6226675
              ],
              [
                -58.654236,
                -34.6220584
              ],
              [
                -58.6551639,
                -34.6213115
              ],
              [
                -58.65586,
                -34.6207423
              ],
              [
                -58.6565562,
                -34.6201641
              ],
              [
                -58.6568656,
                -34.6199106
              ],
              [
                -58.6571639,
                -34.619666
              ],
              [
                -58.6578271,
                -34.6191185
              ],
              [
                -58.6589096,
                -34.618234
              ],
              [
                -58.6599482,
                -34.6173802
              ],
              [
                -58.661047,
                -34.616448
              ],
              [
                -58.6617307,
                -34.6170482
              ],
              [
                -58.662613,
                -34.617779
              ],
              [
                -58.6633876,
                -34.6184274
              ],
              [
                -58.6641517,
                -34.6190487
              ],
              [
                -58.6644844,
                -34.6193244
              ],
              [
                -58.6657619,
                -34.6203461
              ],
              [
                -58.6658228,
                -34.6203948
              ],
              [
                -58.6677753,
                -34.6187816
              ],
              [
                -58.6696567,
                -34.6172455
              ],
              [
                -58.6699423,
                -34.6170123
              ],
              [
                -58.6745258,
                -34.6132582
              ],
              [
                -58.676148,
                -34.6119226
              ],
              [
                -58.6778083,
                -34.6105557
              ],
              [
                -58.6793594,
                -34.6092871
              ],
              [
                -58.6818412,
                -34.6072612
              ],
              [
                -58.6818648,
                -34.607242
              ],
              [
                -58.682694,
                -34.6065651
              ],
              [
                -58.6834229,
                -34.6059701
              ],
              [
                -58.6844177,
                -34.6051579
              ],
              [
                -58.6832665,
                -34.6041434
              ],
              [
                -58.6821412,
                -34.6031517
              ],
              [
                -58.6851881,
                -34.6006758
              ],
              [
                -58.6859654,
                -34.6000431
              ],
              [
                -58.6866956,
                -34.5994548
              ],
              [
                -58.6874723,
                -34.5988278
              ],
              [
                -58.6880111,
                -34.5983926
              ],
              [
                -58.689078,
                -34.5975308
              ],
              [
                -58.6898681,
                -34.5968662
              ],
              [
                -58.6874953,
                -34.5947853
              ],
              [
                -58.6860267,
                -34.5959863
              ],
              [
                -58.6857947,
                -34.5961821
              ],
              [
                -58.6827853,
                -34.5986599
              ],
              [
                -58.6798966,
                -34.6010424
              ],
              [
                -58.676946,
                -34.6033976
              ],
              [
                -58.6727713,
                -34.6068403
              ],
              [
                -58.671316,
                -34.6080403
              ],
              [
                -58.6713144,
                -34.6080416
              ],
              [
                -58.6700569,
                -34.6090632
              ],
              [
                -58.6693389,
                -34.6096502
              ],
              [
                -58.6663787,
                -34.6120606
              ],
              [
                -58.6651971,
                -34.6130295
              ]
            ]
          ]
        ]
      }
    },
    {
      "type": "Feature",
      "properties": {
        "fid": 800,
        "area": 144498.835,
        "perimeter": 1499.05,
        "nomprov": "BUENOS AIRES",
        "prov": "06",
        "nomdepto": "HURLINGHAM",
        "depto": "408",
        "frac": "09",
        "radio": "08",
        "tipo": "U",
        "link": "064080908",
        "assigned_zone_name": "Luna",
        "hurlingham_overlap_m2": 144464.37,
        "population_total": null,
        "households_total": null,
        "source_note": "PBA 2022 radio resource provides geometry and radio codes; no population/housing counts were present in the downloaded resource.",
        "source_name": "Datos Abiertos PBA / INDEC - Radios censales 2022",
        "source_url": "https://catalogo.datos.gba.gob.ar/dataset/radios-censales",
        "generated_at": "2026-06-13T02:11:01.209890+00:00",
        "data_confidence": "medium"
      },
      "geometry": {
        "type": "MultiPolygon",
        "coordinates": [
          [
            [
              [
                -58.6456121,
                -34.6038999
              ],
              [
                -58.6447396,
                -34.6045932
              ],
              [
                -58.643856,
                -34.6053045
              ],
              [
                -58.6437345,
                -34.6054023
              ],
              [
                -58.6430829,
                -34.6059178
              ],
              [
                -58.6435095,
                -34.6064994
              ],
              [
                -58.6439359,
                -34.6070901
              ],
              [
                -58.6440532,
                -34.6072536
              ],
              [
                -58.6443303,
                -34.6076443
              ],
              [
                -58.6443839,
                -34.6076989
              ],
              [
                -58.6444481,
                -34.6077718
              ],
              [
                -58.6450613,
                -34.6082743
              ],
              [
                -58.6456962,
                -34.6087861
              ],
              [
                -58.6457718,
                -34.608832
              ],
              [
                -58.646611,
                -34.6081744
              ],
              [
                -58.6470496,
                -34.6078161
              ],
              [
                -58.6473567,
                -34.6075652
              ],
              [
                -58.6474231,
                -34.6075073
              ],
              [
                -58.6479978,
                -34.6070225
              ],
              [
                -58.6486168,
                -34.606493
              ],
              [
                -58.6479773,
                -34.6059361
              ],
              [
                -58.6473427,
                -34.6054063
              ],
              [
                -58.6473,
                -34.6053518
              ],
              [
                -58.6472571,
                -34.6053062
              ],
              [
                -58.6468807,
                -34.6049866
              ],
              [
                -58.6467409,
                -34.6048678
              ],
              [
                -58.6461712,
                -34.6043748
              ],
              [
                -58.645956,
                -34.6042011
              ],
              [
                -58.6456121,
                -34.6038999
              ]
            ]
          ]
        ]
      }
    },
    {
      "type": "Feature",
      "properties": {
        "fid": 897,
        "area": 201760.281,
        "perimeter": 2368.761,
        "nomprov": "BUENOS AIRES",
        "prov": "06",
        "nomdepto": "HURLINGHAM",
        "depto": "408",
        "frac": "16",
        "radio": "02",
        "tipo": "U",
        "link": "064081602",
        "assigned_zone_name": "Villa Club",
        "hurlingham_overlap_m2": 201710.76,
        "population_total": null,
        "households_total": null,
        "source_note": "PBA 2022 radio resource provides geometry and radio codes; no population/housing counts were present in the downloaded resource.",
        "source_name": "Datos Abiertos PBA / INDEC - Radios censales 2022",
        "source_url": "https://catalogo.datos.gba.gob.ar/dataset/radios-censales",
        "generated_at": "2026-06-13T02:11:01.209890+00:00",
        "data_confidence": "medium"
      },
      "geometry": {
        "type": "MultiPolygon",
        "coordinates": [
          [
            [
              [
                -58.6338929,
                -34.5846335
              ],
              [
                -58.6315807,
                -34.5863943
              ],
              [
                -58.6302829,
                -34.5874504
              ],
              [
                -58.630144,
                -34.5875589
              ],
              [
                -58.6331402,
                -34.5874506
              ],
              [
                -58.6349854,
                -34.5873838
              ],
              [
                -58.6355965,
                -34.5873504
              ],
              [
                -58.6356064,
                -34.5873492
              ],
              [
                -58.6358975,
                -34.5873336
              ],
              [
                -58.6368968,
                -34.5872801
              ],
              [
                -58.6381815,
                -34.5872112
              ],
              [
                -58.638534,
                -34.5861863
              ],
              [
                -58.6386121,
                -34.5859572
              ],
              [
                -58.6391731,
                -34.584305
              ],
              [
                -58.6392645,
                -34.5840446
              ],
              [
                -58.6390549,
                -34.583871
              ],
              [
                -58.6389729,
                -34.5837988
              ],
              [
                -58.6380961,
                -34.5855021
              ],
              [
                -58.6380382,
                -34.5854546
              ],
              [
                -58.6378922,
                -34.5853272
              ],
              [
                -58.6371509,
                -34.58467
              ],
              [
                -58.6366889,
                -34.5842682
              ],
              [
                -58.6363773,
                -34.5839943
              ],
              [
                -58.6355711,
                -34.5833093
              ],
              [
                -58.6340475,
                -34.5845091
              ],
              [
                -58.6338929,
                -34.5846335
              ]
            ]
          ]
        ]
      }
    },
    {
      "type": "Feature",
      "properties": {
        "fid": 899,
        "area": 212436.732,
        "perimeter": 2104.526,
        "nomprov": "BUENOS AIRES",
        "prov": "06",
        "nomdepto": "HURLINGHAM",
        "depto": "408",
        "frac": "16",
        "radio": "08",
        "tipo": "U",
        "link": "064081608",
        "assigned_zone_name": "Villa Alemania",
        "hurlingham_overlap_m2": 212382.52,
        "population_total": null,
        "households_total": null,
        "source_note": "PBA 2022 radio resource provides geometry and radio codes; no population/housing counts were present in the downloaded resource.",
        "source_name": "Datos Abiertos PBA / INDEC - Radios censales 2022",
        "source_url": "https://catalogo.datos.gba.gob.ar/dataset/radios-censales",
        "generated_at": "2026-06-13T02:11:01.209890+00:00",
        "data_confidence": "medium"
      },
      "geometry": {
        "type": "MultiPolygon",
        "coordinates": [
          [
            [
              [
                -58.6223691,
                -34.5934724
              ],
              [
                -58.6224982,
                -34.593573
              ],
              [
                -58.6230835,
                -34.5931109
              ],
              [
                -58.62368,
                -34.5926309
              ],
              [
                -58.623978,
                -34.5924089
              ],
              [
                -58.6248615,
                -34.5917068
              ],
              [
                -58.6247162,
                -34.5915925
              ],
              [
                -58.6241621,
                -34.5911581
              ],
              [
                -58.6237321,
                -34.5907928
              ],
              [
                -58.6226789,
                -34.5898885
              ],
              [
                -58.6220557,
                -34.5893497
              ],
              [
                -58.6215398,
                -34.5889112
              ],
              [
                -58.621196,
                -34.5886099
              ],
              [
                -58.6206309,
                -34.5880889
              ],
              [
                -58.6203927,
                -34.5879108
              ],
              [
                -58.6164494,
                -34.5880136
              ],
              [
                -58.6164582,
                -34.5882522
              ],
              [
                -58.6164727,
                -34.588643
              ],
              [
                -58.6167111,
                -34.5886503
              ],
              [
                -58.6168363,
                -34.5886829
              ],
              [
                -58.6181677,
                -34.5898285
              ],
              [
                -58.6192207,
                -34.5907418
              ],
              [
                -58.6201018,
                -34.5915089
              ],
              [
                -58.6203597,
                -34.5917281
              ],
              [
                -58.6214129,
                -34.5926324
              ],
              [
                -58.6223691,
                -34.5934724
              ]
            ]
          ]
        ]
      }
    },
    {
      "type": "Feature",
      "properties": {
        "fid": 900,
        "area": 75557.596,
        "perimeter": 1129.162,
        "nomprov": "BUENOS AIRES",
        "prov": "06",
        "nomdepto": "HURLINGHAM",
        "depto": "408",
        "frac": "10",
        "radio": "10",
        "tipo": "U",
        "link": "064081010",
        "assigned_zone_name": "Luna",
        "hurlingham_overlap_m2": 75521.79,
        "population_total": null,
        "households_total": null,
        "source_note": "PBA 2022 radio resource provides geometry and radio codes; no population/housing counts were present in the downloaded resource.",
        "source_name": "Datos Abiertos PBA / INDEC - Radios censales 2022",
        "source_url": "https://catalogo.datos.gba.gob.ar/dataset/radios-censales",
        "generated_at": "2026-06-13T02:11:01.209890+00:00",
        "data_confidence": "medium"
      },
      "geometry": {
        "type": "MultiPolygon",
        "coordinates": [
          [
            [
              [
                -58.6477591,
                -34.6012377
              ],
              [
                -58.6483182,
                -34.6017126
              ],
              [
                -58.6488926,
                -34.6012502
              ],
              [
                -58.649246,
                -34.6009657
              ],
              [
                -58.6501406,
                -34.6002455
              ],
              [
                -58.6503811,
                -34.6002031
              ],
              [
                -58.6504248,
                -34.6001946
              ],
              [
                -58.6507779,
                -34.5999281
              ],
              [
                -58.6507913,
                -34.599775
              ],
              [
                -58.6503314,
                -34.5992291
              ],
              [
                -58.6502886,
                -34.5991836
              ],
              [
                -58.6498506,
                -34.5986289
              ],
              [
                -58.6494018,
                -34.5980741
              ],
              [
                -58.6492815,
                -34.5980998
              ],
              [
                -58.6484638,
                -34.5987848
              ],
              [
                -58.6480992,
                -34.5990872
              ],
              [
                -58.6475471,
                -34.5995228
              ],
              [
                -58.646664,
                -34.600207
              ],
              [
                -58.6465977,
                -34.6002603
              ],
              [
                -58.6469095,
                -34.6005252
              ],
              [
                -58.6471676,
                -34.6007444
              ],
              [
                -58.6477591,
                -34.6012377
              ]
            ]
          ]
        ]
      }
    },
    {
      "type": "Feature",
      "properties": {
        "fid": 906,
        "area": 191120.767,
        "perimeter": 2039.28,
        "nomprov": "BUENOS AIRES",
        "prov": "06",
        "nomdepto": "HURLINGHAM",
        "depto": "408",
        "frac": "12",
        "radio": "09",
        "tipo": "U",
        "link": "064081209",
        "assigned_zone_name": "El Libertador",
        "hurlingham_overlap_m2": 169848.21,
        "population_total": null,
        "households_total": null,
        "source_note": "PBA 2022 radio resource provides geometry and radio codes; no population/housing counts were present in the downloaded resource.",
        "source_name": "Datos Abiertos PBA / INDEC - Radios censales 2022",
        "source_url": "https://catalogo.datos.gba.gob.ar/dataset/radios-censales",
        "generated_at": "2026-06-13T02:11:01.209890+00:00",
        "data_confidence": "medium"
      },
      "geometry": {
        "type": "MultiPolygon",
        "coordinates": [
          [
            [
              [
                -58.6483457,
                -34.6269146
              ],
              [
                -58.6474163,
                -34.6270755
              ],
              [
                -58.6465307,
                -34.627219
              ],
              [
                -58.6467081,
                -34.6283837
              ],
              [
                -58.6468852,
                -34.6295664
              ],
              [
                -58.647013,
                -34.6304241
              ],
              [
                -58.6470715,
                -34.6308484
              ],
              [
                -58.6471438,
                -34.6313408
              ],
              [
                -58.6478361,
                -34.6313039
              ],
              [
                -58.6487399,
                -34.6312895
              ],
              [
                -58.6497628,
                -34.6313039
              ],
              [
                -58.6503794,
                -34.6313307
              ],
              [
                -58.6510565,
                -34.631226
              ],
              [
                -58.651417,
                -34.6311849
              ],
              [
                -58.6517669,
                -34.6311257
              ],
              [
                -58.6518545,
                -34.6310996
              ],
              [
                -58.651997,
                -34.6310561
              ],
              [
                -58.6521396,
                -34.6310036
              ],
              [
                -58.6522824,
                -34.6309421
              ],
              [
                -58.6524143,
                -34.6308715
              ],
              [
                -58.6525356,
                -34.6307917
              ],
              [
                -58.6526461,
                -34.6307028
              ],
              [
                -58.6527458,
                -34.6306047
              ],
              [
                -58.6528457,
                -34.6304977
              ],
              [
                -58.6529237,
                -34.6303904
              ],
              [
                -58.652991,
                -34.6302739
              ],
              [
                -58.6528269,
                -34.6303082
              ],
              [
                -58.6520454,
                -34.6307592
              ],
              [
                -58.6519014,
                -34.6302258
              ],
              [
                -58.6518604,
                -34.6300631
              ],
              [
                -58.6518449,
                -34.6300089
              ],
              [
                -58.6516241,
                -34.6291682
              ],
              [
                -58.6514184,
                -34.6283998
              ],
              [
                -58.6499881,
                -34.6285192
              ],
              [
                -58.6499187,
                -34.6280857
              ],
              [
                -58.6498499,
                -34.6276253
              ],
              [
                -58.6497226,
                -34.6267316
              ],
              [
                -58.6485856,
                -34.6269173
              ],
              [
                -58.6483457,
                -34.6269146
              ]
            ]
          ]
        ]
      }
    },
    {
      "type": "Feature",
      "properties": {
        "fid": 944,
        "area": 144272.569,
        "perimeter": 1875.099,
        "nomprov": "BUENOS AIRES",
        "prov": "06",
        "nomdepto": "HURLINGHAM",
        "depto": "408",
        "frac": "14",
        "radio": "11",
        "tipo": "U",
        "link": "064081411",
        "assigned_zone_name": "El Libertador",
        "hurlingham_overlap_m2": 143662.22,
        "population_total": null,
        "households_total": null,
        "source_note": "PBA 2022 radio resource provides geometry and radio codes; no population/housing counts were present in the downloaded resource.",
        "source_name": "Datos Abiertos PBA / INDEC - Radios censales 2022",
        "source_url": "https://catalogo.datos.gba.gob.ar/dataset/radios-censales",
        "generated_at": "2026-06-13T02:11:01.209890+00:00",
        "data_confidence": "medium"
      },
      "geometry": {
        "type": "MultiPolygon",
        "coordinates": [
          [
            [
              [
                -58.6437864,
                -34.6276752
              ],
              [
                -58.643415,
                -34.6277161
              ],
              [
                -58.642912,
                -34.6278007
              ],
              [
                -58.6420917,
                -34.6279538
              ],
              [
                -58.6419606,
                -34.6279703
              ],
              [
                -58.6410857,
                -34.6281319
              ],
              [
                -58.6401889,
                -34.6282931
              ],
              [
                -58.6392593,
                -34.628463
              ],
              [
                -58.6390296,
                -34.6285055
              ],
              [
                -58.6389094,
                -34.6285222
              ],
              [
                -58.638991,
                -34.6288656
              ],
              [
                -58.6388226,
                -34.6291612
              ],
              [
                -58.6396244,
                -34.6294766
              ],
              [
                -58.6398085,
                -34.6295508
              ],
              [
                -58.641119,
                -34.6300972
              ],
              [
                -58.6412573,
                -34.6301441
              ],
              [
                -58.6412679,
                -34.630079
              ],
              [
                -58.6412892,
                -34.6300386
              ],
              [
                -58.6413314,
                -34.6300232
              ],
              [
                -58.6413671,
                -34.6300183
              ],
              [
                -58.6414168,
                -34.6300277
              ],
              [
                -58.6414636,
                -34.6300447
              ],
              [
                -58.6415235,
                -34.6300777
              ],
              [
                -58.6426907,
                -34.6293395
              ],
              [
                -58.6431747,
                -34.6297505
              ],
              [
                -58.644889,
                -34.6296073
              ],
              [
                -58.6450089,
                -34.6296087
              ],
              [
                -58.6458271,
                -34.6295907
              ],
              [
                -58.6468852,
                -34.6295664
              ],
              [
                -58.6467081,
                -34.6283837
              ],
              [
                -58.6465307,
                -34.627219
              ],
              [
                -58.6450764,
                -34.6274732
              ],
              [
                -58.6447045,
                -34.6275412
              ],
              [
                -58.643956,
                -34.627641
              ],
              [
                -58.6437864,
                -34.6276752
              ]
            ]
          ]
        ]
      }
    },
    {
      "type": "Feature",
      "properties": {
        "fid": 945,
        "area": 226409.183,
        "perimeter": 2527.803,
        "nomprov": "BUENOS AIRES",
        "prov": "06",
        "nomdepto": "HURLINGHAM",
        "depto": "408",
        "frac": "11",
        "radio": "06",
        "tipo": "U",
        "link": "064081106",
        "assigned_zone_name": "Santa Leonor",
        "hurlingham_overlap_m2": 126514.61,
        "population_total": null,
        "households_total": null,
        "source_note": "PBA 2022 radio resource provides geometry and radio codes; no population/housing counts were present in the downloaded resource.",
        "source_name": "Datos Abiertos PBA / INDEC - Radios censales 2022",
        "source_url": "https://catalogo.datos.gba.gob.ar/dataset/radios-censales",
        "generated_at": "2026-06-13T02:11:01.209890+00:00",
        "data_confidence": "medium"
      },
      "geometry": {
        "type": "MultiPolygon",
        "coordinates": [
          [
            [
              [
                -58.6584998,
                -34.5935595
              ],
              [
                -58.6582789,
                -34.5937374
              ],
              [
                -58.657793,
                -34.5941286
              ],
              [
                -58.6572409,
                -34.5945732
              ],
              [
                -58.6565783,
                -34.5951068
              ],
              [
                -58.6559709,
                -34.5955958
              ],
              [
                -58.6553967,
                -34.5960582
              ],
              [
                -58.6552973,
                -34.5961382
              ],
              [
                -58.6546787,
                -34.5966452
              ],
              [
                -58.6544249,
                -34.5968407
              ],
              [
                -58.6540825,
                -34.5971163
              ],
              [
                -58.6540052,
                -34.5971786
              ],
              [
                -58.6531106,
                -34.5979078
              ],
              [
                -58.6519267,
                -34.5988609
              ],
              [
                -58.6514981,
                -34.5992059
              ],
              [
                -58.6509018,
                -34.5996861
              ],
              [
                -58.6507913,
                -34.599775
              ],
              [
                -58.6507779,
                -34.5999281
              ],
              [
                -58.6504248,
                -34.6001946
              ],
              [
                -58.6503811,
                -34.6002031
              ],
              [
                -58.6507821,
                -34.6005437
              ],
              [
                -58.6508757,
                -34.6006232
              ],
              [
                -58.6511491,
                -34.6008511
              ],
              [
                -58.6514458,
                -34.6010982
              ],
              [
                -58.6515558,
                -34.6011916
              ],
              [
                -58.6519726,
                -34.6015457
              ],
              [
                -58.6520062,
                -34.601492
              ],
              [
                -58.6531766,
                -34.6005675
              ],
              [
                -58.6537618,
                -34.6001053
              ],
              [
                -58.6539937,
                -34.5999185
              ],
              [
                -58.6547631,
                -34.5992903
              ],
              [
                -58.6547669,
                -34.5992871
              ],
              [
                -58.6549826,
                -34.5991176
              ],
              [
                -58.6552003,
                -34.5989465
              ],
              [
                -58.6552306,
                -34.5989227
              ],
              [
                -58.6554515,
                -34.5987448
              ],
              [
                -58.6556724,
                -34.598567
              ],
              [
                -58.6557055,
                -34.5985403
              ],
              [
                -58.6561031,
                -34.5982202
              ],
              [
                -58.6566111,
                -34.5978112
              ],
              [
                -58.6570638,
                -34.5974466
              ],
              [
                -58.6580356,
                -34.5966641
              ],
              [
                -58.6589743,
                -34.5959083
              ],
              [
                -58.6592613,
                -34.5956861
              ],
              [
                -58.660167,
                -34.5949389
              ],
              [
                -58.6591021,
                -34.5940619
              ],
              [
                -58.6585643,
                -34.5936143
              ],
              [
                -58.6584998,
                -34.5935595
              ]
            ]
          ]
        ]
      }
    },
    {
      "type": "Feature",
      "properties": {
        "fid": 953,
        "area": 71342.805,
        "perimeter": 1243.311,
        "nomprov": "BUENOS AIRES",
        "prov": "06",
        "nomdepto": "HURLINGHAM",
        "depto": "408",
        "frac": "13",
        "radio": "04",
        "tipo": "U",
        "link": "064081304",
        "assigned_zone_name": "Mitre",
        "hurlingham_overlap_m2": 71325.74,
        "population_total": null,
        "households_total": null,
        "source_note": "PBA 2022 radio resource provides geometry and radio codes; no population/housing counts were present in the downloaded resource.",
        "source_name": "Datos Abiertos PBA / INDEC - Radios censales 2022",
        "source_url": "https://catalogo.datos.gba.gob.ar/dataset/radios-censales",
        "generated_at": "2026-06-13T02:11:01.209890+00:00",
        "data_confidence": "medium"
      },
      "geometry": {
        "type": "MultiPolygon",
        "coordinates": [
          [
            [
              [
                -58.6457306,
                -34.6140504
              ],
              [
                -58.6457844,
                -34.6140961
              ],
              [
                -58.6468228,
                -34.6132603
              ],
              [
                -58.6464675,
                -34.612986
              ],
              [
                -58.6457028,
                -34.6124096
              ],
              [
                -58.6465534,
                -34.611725
              ],
              [
                -58.6464131,
                -34.6116333
              ],
              [
                -58.6454004,
                -34.610892
              ],
              [
                -58.6451849,
                -34.6107364
              ],
              [
                -58.6450125,
                -34.6106083
              ],
              [
                -58.6443446,
                -34.6101186
              ],
              [
                -58.6442261,
                -34.6100317
              ],
              [
                -58.6434646,
                -34.6106001
              ],
              [
                -58.6434094,
                -34.6106445
              ],
              [
                -58.6432768,
                -34.6107512
              ],
              [
                -58.643078,
                -34.6109113
              ],
              [
                -58.6439421,
                -34.6120746
              ],
              [
                -58.6446884,
                -34.6131104
              ],
              [
                -58.6447311,
                -34.613165
              ],
              [
                -58.6447737,
                -34.6132285
              ],
              [
                -58.6457306,
                -34.6140504
              ]
            ]
          ]
        ]
      }
    },
    {
      "type": "Feature",
      "properties": {
        "fid": 1022,
        "area": 79837.698,
        "perimeter": 1252.846,
        "nomprov": "BUENOS AIRES",
        "prov": "06",
        "nomdepto": "HURLINGHAM",
        "depto": "408",
        "frac": "03",
        "radio": "02",
        "tipo": "U",
        "link": "064080302",
        "assigned_zone_name": "Roca 1",
        "hurlingham_overlap_m2": 79480.0,
        "population_total": null,
        "households_total": null,
        "source_note": "PBA 2022 radio resource provides geometry and radio codes; no population/housing counts were present in the downloaded resource.",
        "source_name": "Datos Abiertos PBA / INDEC - Radios censales 2022",
        "source_url": "https://catalogo.datos.gba.gob.ar/dataset/radios-censales",
        "generated_at": "2026-06-13T02:11:01.209890+00:00",
        "data_confidence": "medium"
      },
      "geometry": {
        "type": "MultiPolygon",
        "coordinates": [
          [
            [
              [
                -58.6521421,
                -34.5714874
              ],
              [
                -58.6528512,
                -34.5721082
              ],
              [
                -58.6530446,
                -34.5722816
              ],
              [
                -58.6532381,
                -34.5724459
              ],
              [
                -58.6537109,
                -34.5728568
              ],
              [
                -58.6544202,
                -34.5734685
              ],
              [
                -58.6552048,
                -34.5741442
              ],
              [
                -58.6561319,
                -34.5734153
              ],
              [
                -58.6569484,
                -34.5727843
              ],
              [
                -58.6561747,
                -34.5721088
              ],
              [
                -58.6556695,
                -34.5716796
              ],
              [
                -58.655304,
                -34.5713691
              ],
              [
                -58.6545839,
                -34.5707482
              ],
              [
                -58.6537783,
                -34.5713793
              ],
              [
                -58.6530688,
                -34.5707766
              ],
              [
                -58.6530581,
                -34.5707674
              ],
              [
                -58.6521421,
                -34.5714874
              ]
            ]
          ]
        ]
      }
    },
    {
      "type": "Feature",
      "properties": {
        "fid": 1028,
        "area": 345426.868,
        "perimeter": 2843.942,
        "nomprov": "BUENOS AIRES",
        "prov": "06",
        "nomdepto": "HURLINGHAM",
        "depto": "408",
        "frac": "16",
        "radio": "09",
        "tipo": "U",
        "link": "064081609",
        "assigned_zone_name": "Villa Alemania",
        "hurlingham_overlap_m2": 345338.43,
        "population_total": null,
        "households_total": null,
        "source_note": "PBA 2022 radio resource provides geometry and radio codes; no population/housing counts were present in the downloaded resource.",
        "source_name": "Datos Abiertos PBA / INDEC - Radios censales 2022",
        "source_url": "https://catalogo.datos.gba.gob.ar/dataset/radios-censales",
        "generated_at": "2026-06-13T02:11:01.209890+00:00",
        "data_confidence": "medium"
      },
      "geometry": {
        "type": "MultiPolygon",
        "coordinates": [
          [
            [
              [
                -58.6169143,
                -34.592452
              ],
              [
                -58.6175933,
                -34.5951214
              ],
              [
                -58.617801,
                -34.5956648
              ],
              [
                -58.6179526,
                -34.5960615
              ],
              [
                -58.6186592,
                -34.5966709
              ],
              [
                -58.6189193,
                -34.5968952
              ],
              [
                -58.6190452,
                -34.5972325
              ],
              [
                -58.6192607,
                -34.5978098
              ],
              [
                -58.6192905,
                -34.5978694
              ],
              [
                -58.6193138,
                -34.5979161
              ],
              [
                -58.6209087,
                -34.5971069
              ],
              [
                -58.625193,
                -34.5948691
              ],
              [
                -58.6250241,
                -34.5947372
              ],
              [
                -58.6249541,
                -34.5946823
              ],
              [
                -58.6242394,
                -34.5950619
              ],
              [
                -58.6233904,
                -34.5943312
              ],
              [
                -58.6232936,
                -34.594249
              ],
              [
                -58.622595,
                -34.5936552
              ],
              [
                -58.6224982,
                -34.593573
              ],
              [
                -58.6223691,
                -34.5934724
              ],
              [
                -58.6214129,
                -34.5926324
              ],
              [
                -58.6203597,
                -34.5917281
              ],
              [
                -58.6201018,
                -34.5915089
              ],
              [
                -58.6192207,
                -34.5907418
              ],
              [
                -58.6181677,
                -34.5898285
              ],
              [
                -58.6168363,
                -34.5886829
              ],
              [
                -58.6167111,
                -34.5886503
              ],
              [
                -58.6164727,
                -34.588643
              ],
              [
                -58.6165187,
                -34.5901272
              ],
              [
                -58.6165211,
                -34.5902144
              ],
              [
                -58.6165312,
                -34.5902916
              ],
              [
                -58.6166535,
                -34.5913606
              ],
              [
                -58.6169143,
                -34.592452
              ]
            ]
          ]
        ]
      }
    },
    {
      "type": "Feature",
      "properties": {
        "fid": 1029,
        "area": 124036.735,
        "perimeter": 1845.426,
        "nomprov": "BUENOS AIRES",
        "prov": "06",
        "nomdepto": "HURLINGHAM",
        "depto": "408",
        "frac": "13",
        "radio": "08",
        "tipo": "U",
        "link": "064081308",
        "assigned_zone_name": "Mitre",
        "hurlingham_overlap_m2": 124006.69,
        "population_total": null,
        "households_total": null,
        "source_note": "PBA 2022 radio resource provides geometry and radio codes; no population/housing counts were present in the downloaded resource.",
        "source_name": "Datos Abiertos PBA / INDEC - Radios censales 2022",
        "source_url": "https://catalogo.datos.gba.gob.ar/dataset/radios-censales",
        "generated_at": "2026-06-13T02:11:01.209890+00:00",
        "data_confidence": "medium"
      },
      "geometry": {
        "type": "MultiPolygon",
        "coordinates": [
          [
            [
              [
                -58.637599,
                -34.6152938
              ],
              [
                -58.6381366,
                -34.6157595
              ],
              [
                -58.6384592,
                -34.6160335
              ],
              [
                -58.6384802,
                -34.6160788
              ],
              [
                -58.6385225,
                -34.6161604
              ],
              [
                -58.6392483,
                -34.6171149
              ],
              [
                -58.6399102,
                -34.6179786
              ],
              [
                -58.6405102,
                -34.6187562
              ],
              [
                -58.6407316,
                -34.6190874
              ],
              [
                -58.6409343,
                -34.6193601
              ],
              [
                -58.6414573,
                -34.6200509
              ],
              [
                -58.6419485,
                -34.6206873
              ],
              [
                -58.6423572,
                -34.6203584
              ],
              [
                -58.6426003,
                -34.6201628
              ],
              [
                -58.6431645,
                -34.6197131
              ],
              [
                -58.6436504,
                -34.619325
              ],
              [
                -58.6425726,
                -34.6184298
              ],
              [
                -58.6418569,
                -34.617822
              ],
              [
                -58.6415865,
                -34.6174745
              ],
              [
                -58.6413204,
                -34.6170749
              ],
              [
                -58.6412562,
                -34.6170021
              ],
              [
                -58.6405943,
                -34.6161385
              ],
              [
                -58.6397936,
                -34.615102
              ],
              [
                -58.6397616,
                -34.6150566
              ],
              [
                -58.6390466,
                -34.6141112
              ],
              [
                -58.6383503,
                -34.6146893
              ],
              [
                -58.638295,
                -34.6147338
              ],
              [
                -58.637599,
                -34.6152938
              ]
            ]
          ]
        ]
      }
    },
    {
      "type": "Feature",
      "properties": {
        "fid": 1030,
        "area": 101941.979,
        "perimeter": 1398.503,
        "nomprov": "BUENOS AIRES",
        "prov": "06",
        "nomdepto": "HURLINGHAM",
        "depto": "408",
        "frac": "19",
        "radio": "03",
        "tipo": "U",
        "link": "064081903",
        "assigned_zone_name": "Mitre",
        "hurlingham_overlap_m2": 101917.83,
        "population_total": null,
        "households_total": null,
        "source_note": "PBA 2022 radio resource provides geometry and radio codes; no population/housing counts were present in the downloaded resource.",
        "source_name": "Datos Abiertos PBA / INDEC - Radios censales 2022",
        "source_url": "https://catalogo.datos.gba.gob.ar/dataset/radios-censales",
        "generated_at": "2026-06-13T02:11:01.209890+00:00",
        "data_confidence": "medium"
      },
      "geometry": {
        "type": "MultiPolygon",
        "coordinates": [
          [
            [
              [
                -58.6480245,
                -34.6157974
              ],
              [
                -58.6468535,
                -34.6167399
              ],
              [
                -58.6462791,
                -34.6172022
              ],
              [
                -58.6461797,
                -34.6172822
              ],
              [
                -58.6457045,
                -34.6176735
              ],
              [
                -58.6458226,
                -34.617783
              ],
              [
                -58.6463604,
                -34.6182396
              ],
              [
                -58.6470379,
                -34.618815
              ],
              [
                -58.648198,
                -34.6178724
              ],
              [
                -58.6488863,
                -34.6184569
              ],
              [
                -58.6494164,
                -34.6180392
              ],
              [
                -58.650068,
                -34.6175236
              ],
              [
                -58.6511063,
                -34.6166968
              ],
              [
                -58.6504181,
                -34.6161033
              ],
              [
                -58.6497621,
                -34.6155463
              ],
              [
                -58.6491597,
                -34.6150438
              ],
              [
                -58.6490739,
                -34.6149528
              ],
              [
                -58.6480245,
                -34.6157974
              ]
            ]
          ]
        ]
      }
    },
    {
      "type": "Feature",
      "properties": {
        "fid": 1031,
        "area": 90290.274,
        "perimeter": 1249.737,
        "nomprov": "BUENOS AIRES",
        "prov": "06",
        "nomdepto": "HURLINGHAM",
        "depto": "408",
        "frac": "19",
        "radio": "07",
        "tipo": "U",
        "link": "064081907",
        "assigned_zone_name": "Mitre",
        "hurlingham_overlap_m2": 90268.59,
        "population_total": null,
        "households_total": null,
        "source_note": "PBA 2022 radio resource provides geometry and radio codes; no population/housing counts were present in the downloaded resource.",
        "source_name": "Datos Abiertos PBA / INDEC - Radios censales 2022",
        "source_url": "https://catalogo.datos.gba.gob.ar/dataset/radios-censales",
        "generated_at": "2026-06-13T02:11:01.209890+00:00",
        "data_confidence": "medium"
      },
      "geometry": {
        "type": "MultiPolygon",
        "coordinates": [
          [
            [
              [
                -58.6436504,
                -34.619325
              ],
              [
                -58.6431645,
                -34.6197131
              ],
              [
                -58.6426003,
                -34.6201628
              ],
              [
                -58.6423572,
                -34.6203584
              ],
              [
                -58.6419485,
                -34.6206873
              ],
              [
                -58.6414182,
                -34.6211141
              ],
              [
                -58.6419989,
                -34.6216073
              ],
              [
                -58.6425687,
                -34.6221003
              ],
              [
                -58.6431387,
                -34.6225844
              ],
              [
                -58.6437193,
                -34.6230866
              ],
              [
                -58.6446911,
                -34.6223312
              ],
              [
                -58.6444436,
                -34.6221302
              ],
              [
                -58.6443877,
                -34.6220813
              ],
              [
                -58.6448199,
                -34.6217493
              ],
              [
                -58.6451745,
                -34.6214769
              ],
              [
                -58.6452227,
                -34.6214398
              ],
              [
                -58.6456083,
                -34.6211436
              ],
              [
                -58.6458069,
                -34.6209911
              ],
              [
                -58.645881,
                -34.6209166
              ],
              [
                -58.6459258,
                -34.6208307
              ],
              [
                -58.6452552,
                -34.6202521
              ],
              [
                -58.6450437,
                -34.6200696
              ],
              [
                -58.6448529,
                -34.6199049
              ],
              [
                -58.6445251,
                -34.619622
              ],
              [
                -58.6444556,
                -34.6195621
              ],
              [
                -58.6439259,
                -34.6191049
              ],
              [
                -58.6436504,
                -34.619325
              ]
            ]
          ]
        ]
      }
    },
    {
      "type": "Feature",
      "properties": {
        "fid": 1032,
        "area": 223777.482,
        "perimeter": 2064.442,
        "nomprov": "BUENOS AIRES",
        "prov": "06",
        "nomdepto": "HURLINGHAM",
        "depto": "408",
        "frac": "14",
        "radio": "13",
        "tipo": "U",
        "link": "064081413",
        "assigned_zone_name": "Prensa",
        "hurlingham_overlap_m2": 173988.08,
        "population_total": null,
        "households_total": null,
        "source_note": "PBA 2022 radio resource provides geometry and radio codes; no population/housing counts were present in the downloaded resource.",
        "source_name": "Datos Abiertos PBA / INDEC - Radios censales 2022",
        "source_url": "https://catalogo.datos.gba.gob.ar/dataset/radios-censales",
        "generated_at": "2026-06-13T02:11:01.209890+00:00",
        "data_confidence": "medium"
      },
      "geometry": {
        "type": "MultiPolygon",
        "coordinates": [
          [
            [
              [
                -58.6294877,
                -34.6323989
              ],
              [
                -58.6293464,
                -34.6326876
              ],
              [
                -58.6316962,
                -34.6325774
              ],
              [
                -58.6339729,
                -34.6324459
              ],
              [
                -58.6343492,
                -34.632421
              ],
              [
                -58.6346904,
                -34.6323982
              ],
              [
                -58.6350694,
                -34.6323728
              ],
              [
                -58.6356146,
                -34.6323266
              ],
              [
                -58.6366564,
                -34.6322317
              ],
              [
                -58.637533,
                -34.6321562
              ],
              [
                -58.6375339,
                -34.6321561
              ],
              [
                -58.6374844,
                -34.631643
              ],
              [
                -58.6374467,
                -34.631282
              ],
              [
                -58.637344,
                -34.6302263
              ],
              [
                -58.6373252,
                -34.6300458
              ],
              [
                -58.6372139,
                -34.6288458
              ],
              [
                -58.6363827,
                -34.6289987
              ],
              [
                -58.6353983,
                -34.629186
              ],
              [
                -58.6342936,
                -34.62939
              ],
              [
                -58.6336374,
                -34.6295088
              ],
              [
                -58.6332983,
                -34.6295771
              ],
              [
                -58.6324343,
                -34.6297297
              ],
              [
                -58.6313187,
                -34.6299335
              ],
              [
                -58.6304,
                -34.6301034
              ],
              [
                -58.6300125,
                -34.6311176
              ],
              [
                -58.6295657,
                -34.632224
              ],
              [
                -58.6294877,
                -34.6323989
              ]
            ]
          ]
        ]
      }
    },
    {
      "type": "Feature",
      "properties": {
        "fid": 1033,
        "area": 98988.303,
        "perimeter": 1425.398,
        "nomprov": "BUENOS AIRES",
        "prov": "06",
        "nomdepto": "HURLINGHAM",
        "depto": "408",
        "frac": "03",
        "radio": "03",
        "tipo": "U",
        "link": "064080303",
        "assigned_zone_name": "Roca 1",
        "hurlingham_overlap_m2": 98798.06,
        "population_total": null,
        "households_total": null,
        "source_note": "PBA 2022 radio resource provides geometry and radio codes; no population/housing counts were present in the downloaded resource.",
        "source_name": "Datos Abiertos PBA / INDEC - Radios censales 2022",
        "source_url": "https://catalogo.datos.gba.gob.ar/dataset/radios-censales",
        "generated_at": "2026-06-13T02:11:01.209890+00:00",
        "data_confidence": "medium"
      },
      "geometry": {
        "type": "MultiPolygon",
        "coordinates": [
          [
            [
              [
                -58.6504737,
                -34.5715591
              ],
              [
                -58.6497783,
                -34.5721103
              ],
              [
                -58.6505198,
                -34.5727494
              ],
              [
                -58.6512398,
                -34.5733793
              ],
              [
                -58.6520778,
                -34.5741187
              ],
              [
                -58.6525936,
                -34.574566
              ],
              [
                -58.652787,
                -34.5747394
              ],
              [
                -58.6535605,
                -34.575424
              ],
              [
                -58.6542779,
                -34.574864
              ],
              [
                -58.6552048,
                -34.5741442
              ],
              [
                -58.6544202,
                -34.5734685
              ],
              [
                -58.6537109,
                -34.5728568
              ],
              [
                -58.6532381,
                -34.5724459
              ],
              [
                -58.6530446,
                -34.5722816
              ],
              [
                -58.6528512,
                -34.5721082
              ],
              [
                -58.6521421,
                -34.5714874
              ],
              [
                -58.6517015,
                -34.571104
              ],
              [
                -58.6507853,
                -34.571833
              ],
              [
                -58.6504737,
                -34.5715591
              ]
            ]
          ]
        ]
      }
    },
    {
      "type": "Feature",
      "properties": {
        "fid": 1034,
        "area": 81674.95,
        "perimeter": 1294.547,
        "nomprov": "BUENOS AIRES",
        "prov": "06",
        "nomdepto": "HURLINGHAM",
        "depto": "408",
        "frac": "03",
        "radio": "08",
        "tipo": "U",
        "link": "064080308",
        "assigned_zone_name": "Belgrano",
        "hurlingham_overlap_m2": 81362.94,
        "population_total": null,
        "households_total": null,
        "source_note": "PBA 2022 radio resource provides geometry and radio codes; no population/housing counts were present in the downloaded resource.",
        "source_name": "Datos Abiertos PBA / INDEC - Radios censales 2022",
        "source_url": "https://catalogo.datos.gba.gob.ar/dataset/radios-censales",
        "generated_at": "2026-06-13T02:11:01.209890+00:00",
        "data_confidence": "medium"
      },
      "geometry": {
        "type": "MultiPolygon",
        "coordinates": [
          [
            [
              [
                -58.6616684,
                -34.576081
              ],
              [
                -58.6615427,
                -34.5761538
              ],
              [
                -58.6613875,
                -34.5759645
              ],
              [
                -58.6585925,
                -34.5774296
              ],
              [
                -58.6587285,
                -34.5776138
              ],
              [
                -58.6581846,
                -34.5779086
              ],
              [
                -58.6586781,
                -34.5783917
              ],
              [
                -58.6595039,
                -34.579221
              ],
              [
                -58.660154,
                -34.5787775
              ],
              [
                -58.6610575,
                -34.5781655
              ],
              [
                -58.6618616,
                -34.5776245
              ],
              [
                -58.6626549,
                -34.5770833
              ],
              [
                -58.6633821,
                -34.5765865
              ],
              [
                -58.6624651,
                -34.5756706
              ],
              [
                -58.6616684,
                -34.576081
              ]
            ]
          ]
        ]
      }
    },
    {
      "type": "Feature",
      "properties": {
        "fid": 1035,
        "area": 92133.189,
        "perimeter": 1549.107,
        "nomprov": "BUENOS AIRES",
        "prov": "06",
        "nomdepto": "HURLINGHAM",
        "depto": "408",
        "frac": "01",
        "radio": "09",
        "tipo": "U",
        "link": "064080109",
        "assigned_zone_name": "Villa Club",
        "hurlingham_overlap_m2": 92110.45,
        "population_total": null,
        "households_total": null,
        "source_note": "PBA 2022 radio resource provides geometry and radio codes; no population/housing counts were present in the downloaded resource.",
        "source_name": "Datos Abiertos PBA / INDEC - Radios censales 2022",
        "source_url": "https://catalogo.datos.gba.gob.ar/dataset/radios-censales",
        "generated_at": "2026-06-13T02:11:01.209890+00:00",
        "data_confidence": "medium"
      },
      "geometry": {
        "type": "MultiPolygon",
        "coordinates": [
          [
            [
              [
                -58.6331933,
                -34.5787759
              ],
              [
                -58.6317033,
                -34.579922
              ],
              [
                -58.6309406,
                -34.5792464
              ],
              [
                -58.6304107,
                -34.5796641
              ],
              [
                -58.6299028,
                -34.580064
              ],
              [
                -58.6306547,
                -34.5807305
              ],
              [
                -58.631259,
                -34.5812458
              ],
              [
                -58.6322812,
                -34.5804336
              ],
              [
                -58.6324767,
                -34.5806067
              ],
              [
                -58.6332179,
                -34.5812639
              ],
              [
                -58.634708,
                -34.5801089
              ],
              [
                -58.6359001,
                -34.5791848
              ],
              [
                -58.6351374,
                -34.5785093
              ],
              [
                -58.6343964,
                -34.577843
              ],
              [
                -58.6339105,
                -34.5782341
              ],
              [
                -58.6331933,
                -34.5787759
              ]
            ]
          ]
        ]
      }
    },
    {
      "type": "Feature",
      "properties": {
        "fid": 1036,
        "area": 97232.648,
        "perimeter": 1518.171,
        "nomprov": "BUENOS AIRES",
        "prov": "06",
        "nomdepto": "HURLINGHAM",
        "depto": "408",
        "frac": "08",
        "radio": "03",
        "tipo": "U",
        "link": "064080803",
        "assigned_zone_name": "Villa Tesei Centro",
        "hurlingham_overlap_m2": 97208.22,
        "population_total": null,
        "households_total": null,
        "source_note": "PBA 2022 radio resource provides geometry and radio codes; no population/housing counts were present in the downloaded resource.",
        "source_name": "Datos Abiertos PBA / INDEC - Radios censales 2022",
        "source_url": "https://catalogo.datos.gba.gob.ar/dataset/radios-censales",
        "generated_at": "2026-06-13T02:11:01.209890+00:00",
        "data_confidence": "medium"
      },
      "geometry": {
        "type": "MultiPolygon",
        "coordinates": [
          [
            [
              [
                -58.6247375,
                -34.6098045
              ],
              [
                -58.6247907,
                -34.6098862
              ],
              [
                -58.6254458,
                -34.6104885
              ],
              [
                -58.6258004,
                -34.610799
              ],
              [
                -58.6258112,
                -34.6108081
              ],
              [
                -58.6259073,
                -34.6109264
              ],
              [
                -58.6264204,
                -34.611545
              ],
              [
                -58.6266234,
                -34.6117997
              ],
              [
                -58.6270826,
                -34.6123817
              ],
              [
                -58.6273176,
                -34.6126728
              ],
              [
                -58.6276273,
                -34.6130639
              ],
              [
                -58.6281296,
                -34.6136824
              ],
              [
                -58.6281854,
                -34.613602
              ],
              [
                -58.6282296,
                -34.6135664
              ],
              [
                -58.6288152,
                -34.6130953
              ],
              [
                -58.6297984,
                -34.6123041
              ],
              [
                -58.6289275,
                -34.6115642
              ],
              [
                -58.6282932,
                -34.6110253
              ],
              [
                -58.6279277,
                -34.6107147
              ],
              [
                -58.627917,
                -34.6106966
              ],
              [
                -58.6278095,
                -34.6106053
              ],
              [
                -58.6269932,
                -34.609866
              ],
              [
                -58.6268319,
                -34.609729
              ],
              [
                -58.6261122,
                -34.6090809
              ],
              [
                -58.626044,
                -34.6090155
              ],
              [
                -58.6260635,
                -34.6087453
              ],
              [
                -58.6256055,
                -34.6087327
              ],
              [
                -58.625322,
                -34.6087385
              ],
              [
                -58.6251258,
                -34.6087363
              ],
              [
                -58.624777,
                -34.6087324
              ],
              [
                -58.6248069,
                -34.6089039
              ],
              [
                -58.6247708,
                -34.6093774
              ],
              [
                -58.6247375,
                -34.6098045
              ]
            ]
          ]
        ]
      }
    },
    {
      "type": "Feature",
      "properties": {
        "fid": 1037,
        "area": 170434.933,
        "perimeter": 2702.122,
        "nomprov": "BUENOS AIRES",
        "prov": "06",
        "nomdepto": "HURLINGHAM",
        "depto": "408",
        "frac": "02",
        "radio": "01",
        "tipo": "U",
        "link": "064080201",
        "assigned_zone_name": "Juan B. de Lasalle",
        "hurlingham_overlap_m2": 170394.4,
        "population_total": null,
        "households_total": null,
        "source_note": "PBA 2022 radio resource provides geometry and radio codes; no population/housing counts were present in the downloaded resource.",
        "source_name": "Datos Abiertos PBA / INDEC - Radios censales 2022",
        "source_url": "https://catalogo.datos.gba.gob.ar/dataset/radios-censales",
        "generated_at": "2026-06-13T02:11:01.209890+00:00",
        "data_confidence": "medium"
      },
      "geometry": {
        "type": "MultiPolygon",
        "coordinates": [
          [
            [
              [
                -58.6504737,
                -34.5715591
              ],
              [
                -58.6500546,
                -34.5711939
              ],
              [
                -58.6496678,
                -34.5708562
              ],
              [
                -58.6493227,
                -34.5705807
              ],
              [
                -58.6495913,
                -34.570387
              ],
              [
                -58.6495394,
                -34.5703568
              ],
              [
                -58.6494526,
                -34.5703027
              ],
              [
                -58.6449623,
                -34.5737968
              ],
              [
                -58.6440384,
                -34.5745442
              ],
              [
                -58.6437261,
                -34.5748382
              ],
              [
                -58.6434073,
                -34.5751932
              ],
              [
                -58.6430389,
                -34.5756385
              ],
              [
                -58.642645,
                -34.5762097
              ],
              [
                -58.6418784,
                -34.5773214
              ],
              [
                -58.640951,
                -34.5786661
              ],
              [
                -58.6407925,
                -34.5789417
              ],
              [
                -58.6407648,
                -34.5790202
              ],
              [
                -58.6409136,
                -34.5791506
              ],
              [
                -58.6417191,
                -34.5785376
              ],
              [
                -58.6424037,
                -34.5779864
              ],
              [
                -58.6431987,
                -34.5773463
              ],
              [
                -58.644601,
                -34.5762171
              ],
              [
                -58.6451862,
                -34.5757459
              ],
              [
                -58.6454181,
                -34.5755592
              ],
              [
                -58.6457382,
                -34.5753104
              ],
              [
                -58.6462128,
                -34.5749371
              ],
              [
                -58.6463343,
                -34.5748393
              ],
              [
                -58.6471952,
                -34.5741638
              ],
              [
                -58.6473939,
                -34.5740038
              ],
              [
                -58.6478021,
                -34.5736928
              ],
              [
                -58.648034,
                -34.5735061
              ],
              [
                -58.6485088,
                -34.5731238
              ],
              [
                -58.6488731,
                -34.5728303
              ],
              [
                -58.6495023,
                -34.5723326
              ],
              [
                -58.6497783,
                -34.5721103
              ],
              [
                -58.6504737,
                -34.5715591
              ]
            ]
          ]
        ]
      }
    },
    {
      "type": "Feature",
      "properties": {
        "fid": 1038,
        "area": 102803.617,
        "perimeter": 1557.637,
        "nomprov": "BUENOS AIRES",
        "prov": "06",
        "nomdepto": "HURLINGHAM",
        "depto": "408",
        "frac": "05",
        "radio": "08",
        "tipo": "U",
        "link": "064080508",
        "assigned_zone_name": "Primero de Mayo",
        "hurlingham_overlap_m2": 102779.64,
        "population_total": null,
        "households_total": null,
        "source_note": "PBA 2022 radio resource provides geometry and radio codes; no population/housing counts were present in the downloaded resource.",
        "source_name": "Datos Abiertos PBA / INDEC - Radios censales 2022",
        "source_url": "https://catalogo.datos.gba.gob.ar/dataset/radios-censales",
        "generated_at": "2026-06-13T02:11:01.209890+00:00",
        "data_confidence": "medium"
      },
      "geometry": {
        "type": "MultiPolygon",
        "coordinates": [
          [
            [
              [
                -58.6536234,
                -34.5853496
              ],
              [
                -58.6531567,
                -34.5855893
              ],
              [
                -58.6523926,
                -34.585925
              ],
              [
                -58.6514394,
                -34.586237
              ],
              [
                -58.6501617,
                -34.5865489
              ],
              [
                -58.6505,
                -34.5867833
              ],
              [
                -58.6508547,
                -34.5870937
              ],
              [
                -58.6515859,
                -34.5877057
              ],
              [
                -58.6522523,
                -34.5882809
              ],
              [
                -58.6528222,
                -34.5887649
              ],
              [
                -58.6531232,
                -34.5890206
              ],
              [
                -58.6532522,
                -34.5891302
              ],
              [
                -58.6539366,
                -34.5885969
              ],
              [
                -58.6546784,
                -34.589227
              ],
              [
                -58.6553079,
                -34.5887202
              ],
              [
                -58.6557386,
                -34.5883644
              ],
              [
                -58.6559374,
                -34.5882043
              ],
              [
                -58.6552491,
                -34.5876289
              ],
              [
                -58.6552169,
                -34.5876015
              ],
              [
                -58.6547331,
                -34.5871906
              ],
              [
                -58.6544858,
                -34.5869805
              ],
              [
                -58.6541416,
                -34.5866973
              ],
              [
                -58.6539052,
                -34.5864874
              ],
              [
                -58.6535719,
                -34.5862043
              ],
              [
                -58.6535183,
                -34.5861496
              ],
              [
                -58.6532117,
                -34.5859029
              ],
              [
                -58.6532501,
                -34.5858853
              ],
              [
                -58.6537442,
                -34.5856564
              ],
              [
                -58.6538763,
                -34.5855767
              ],
              [
                -58.6536234,
                -34.5853496
              ]
            ]
          ]
        ]
      }
    },
    {
      "type": "Feature",
      "properties": {
        "fid": 1065,
        "area": 171620.317,
        "perimeter": 1684.157,
        "nomprov": "BUENOS AIRES",
        "prov": "06",
        "nomdepto": "HURLINGHAM",
        "depto": "408",
        "frac": "06",
        "radio": "08",
        "tipo": "U",
        "link": "064080608",
        "assigned_zone_name": "Parque Jhonston",
        "hurlingham_overlap_m2": 171578.69,
        "population_total": null,
        "households_total": null,
        "source_note": "PBA 2022 radio resource provides geometry and radio codes; no population/housing counts were present in the downloaded resource.",
        "source_name": "Datos Abiertos PBA / INDEC - Radios censales 2022",
        "source_url": "https://catalogo.datos.gba.gob.ar/dataset/radios-censales",
        "generated_at": "2026-06-13T02:11:01.209890+00:00",
        "data_confidence": "medium"
      },
      "geometry": {
        "type": "MultiPolygon",
        "coordinates": [
          [
            [
              [
                -58.6392213,
                -34.5953831
              ],
              [
                -58.6383379,
                -34.5960853
              ],
              [
                -58.6374214,
                -34.5968052
              ],
              [
                -58.6372338,
                -34.5969473
              ],
              [
                -58.6365047,
                -34.5975431
              ],
              [
                -58.636655,
                -34.5976799
              ],
              [
                -58.6368808,
                -34.5978717
              ],
              [
                -58.6371388,
                -34.598091
              ],
              [
                -58.6378913,
                -34.5987393
              ],
              [
                -58.6386007,
                -34.5993511
              ],
              [
                -58.6393209,
                -34.5999721
              ],
              [
                -58.6402561,
                -34.6007757
              ],
              [
                -58.6405212,
                -34.6005623
              ],
              [
                -58.6409409,
                -34.6002245
              ],
              [
                -58.6411506,
                -34.6000646
              ],
              [
                -58.6419235,
                -34.5994603
              ],
              [
                -58.6421002,
                -34.599318
              ],
              [
                -58.6429617,
                -34.5986246
              ],
              [
                -58.6427306,
                -34.5984282
              ],
              [
                -58.6421395,
                -34.5979079
              ],
              [
                -58.6420482,
                -34.5978302
              ],
              [
                -58.6417092,
                -34.5975606
              ],
              [
                -58.641462,
                -34.597346
              ],
              [
                -58.6413169,
                -34.5972182
              ],
              [
                -58.6406294,
                -34.5965976
              ],
              [
                -58.63992,
                -34.5959858
              ],
              [
                -58.6392213,
                -34.5953831
              ]
            ]
          ]
        ]
      }
    },
    {
      "type": "Feature",
      "properties": {
        "fid": 1054,
        "area": 341016.037,
        "perimeter": 2926.235,
        "nomprov": "BUENOS AIRES",
        "prov": "06",
        "nomdepto": "TRES DE FEBRERO",
        "depto": "840",
        "frac": "34",
        "radio": "09",
        "tipo": "U",
        "link": "068403409",
        "assigned_zone_name": "Villa Alemania",
        "hurlingham_overlap_m2": 22.84,
        "population_total": null,
        "households_total": null,
        "source_note": "PBA 2022 radio resource provides geometry and radio codes; no population/housing counts were present in the downloaded resource.",
        "source_name": "Datos Abiertos PBA / INDEC - Radios censales 2022",
        "source_url": "https://catalogo.datos.gba.gob.ar/dataset/radios-censales",
        "generated_at": "2026-06-13T02:11:01.209890+00:00",
        "data_confidence": "medium"
      },
      "geometry": {
        "type": "MultiPolygon",
        "coordinates": [
          [
            [
              [
                -58.6158278,
                -34.5836478
              ],
              [
                -58.61469,
                -34.5847221
              ],
              [
                -58.6143067,
                -34.5844363
              ],
              [
                -58.6139183,
                -34.5841542
              ],
              [
                -58.6135361,
                -34.5838767
              ],
              [
                -58.6131225,
                -34.5835763
              ],
              [
                -58.612757,
                -34.5833109
              ],
              [
                -58.6116523,
                -34.5843518
              ],
              [
                -58.6117448,
                -34.584419
              ],
              [
                -58.6107447,
                -34.5854195
              ],
              [
                -58.6107175,
                -34.5855365
              ],
              [
                -58.6107343,
                -34.5855487
              ],
              [
                -58.6103943,
                -34.5858597
              ],
              [
                -58.609993,
                -34.586123
              ],
              [
                -58.6095515,
                -34.5864017
              ],
              [
                -58.6092577,
                -34.5865465
              ],
              [
                -58.6090873,
                -34.5866197
              ],
              [
                -58.6085689,
                -34.5868189
              ],
              [
                -58.6080471,
                -34.5870128
              ],
              [
                -58.6077888,
                -34.5868184
              ],
              [
                -58.6077628,
                -34.5877958
              ],
              [
                -58.6077826,
                -34.5878199
              ],
              [
                -58.6078448,
                -34.5878993
              ],
              [
                -58.6078644,
                -34.587956
              ],
              [
                -58.607853,
                -34.5880245
              ],
              [
                -58.6078283,
                -34.5880723
              ],
              [
                -58.6077717,
                -34.5881187
              ],
              [
                -58.6076203,
                -34.5882081
              ],
              [
                -58.6077288,
                -34.5883243
              ],
              [
                -58.607783,
                -34.5883842
              ],
              [
                -58.6078037,
                -34.588407
              ],
              [
                -58.6078403,
                -34.5884475
              ],
              [
                -58.6151666,
                -34.5881616
              ],
              [
                -58.6163465,
                -34.5881031
              ],
              [
                -58.6163791,
                -34.5880747
              ],
              [
                -58.6164494,
                -34.5880136
              ],
              [
                -58.6164993,
                -34.587972
              ],
              [
                -58.6162685,
                -34.587978
              ],
              [
                -58.6163421,
                -34.5872995
              ],
              [
                -58.61645,
                -34.586934
              ],
              [
                -58.6165998,
                -34.5865738
              ],
              [
                -58.618384,
                -34.5837886
              ],
              [
                -58.6183891,
                -34.5837805
              ],
              [
                -58.6173445,
                -34.5828686
              ],
              [
                -58.6169533,
                -34.582585
              ],
              [
                -58.6158278,
                -34.5836478
              ]
            ]
          ]
        ]
      }
    },
    {
      "type": "Feature",
      "properties": {
        "fid": 1055,
        "area": 99860.66,
        "perimeter": 1338.677,
        "nomprov": "BUENOS AIRES",
        "prov": "06",
        "nomdepto": "HURLINGHAM",
        "depto": "408",
        "frac": "08",
        "radio": "07",
        "tipo": "U",
        "link": "064080807",
        "assigned_zone_name": "Scholnik",
        "hurlingham_overlap_m2": 99835.65,
        "population_total": null,
        "households_total": null,
        "source_note": "PBA 2022 radio resource provides geometry and radio codes; no population/housing counts were present in the downloaded resource.",
        "source_name": "Datos Abiertos PBA / INDEC - Radios censales 2022",
        "source_url": "https://catalogo.datos.gba.gob.ar/dataset/radios-censales",
        "generated_at": "2026-06-13T02:11:01.209890+00:00",
        "data_confidence": "medium"
      },
      "geometry": {
        "type": "MultiPolygon",
        "coordinates": [
          [
            [
              [
                -58.6280043,
                -34.6179805
              ],
              [
                -58.6281242,
                -34.6179818
              ],
              [
                -58.6291166,
                -34.6179659
              ],
              [
                -58.6299891,
                -34.6179487
              ],
              [
                -58.6314615,
                -34.6179201
              ],
              [
                -58.6308424,
                -34.617111
              ],
              [
                -58.6302764,
                -34.6163926
              ],
              [
                -58.6295612,
                -34.6154652
              ],
              [
                -58.6295058,
                -34.6155186
              ],
              [
                -58.6290796,
                -34.6155769
              ],
              [
                -58.6286862,
                -34.6156356
              ],
              [
                -58.627976,
                -34.6157268
              ],
              [
                -58.626217,
                -34.6159503
              ],
              [
                -58.6262295,
                -34.6165183
              ],
              [
                -58.6262394,
                -34.6172395
              ],
              [
                -58.6262384,
                -34.6179606
              ],
              [
                -58.6280043,
                -34.6179805
              ]
            ]
          ]
        ]
      }
    },
    {
      "type": "Feature",
      "properties": {
        "fid": 1059,
        "area": 102918.562,
        "perimeter": 1487.504,
        "nomprov": "BUENOS AIRES",
        "prov": "06",
        "nomdepto": "HURLINGHAM",
        "depto": "408",
        "frac": "16",
        "radio": "06",
        "tipo": "U",
        "link": "064081606",
        "assigned_zone_name": "Jorge Newbery",
        "hurlingham_overlap_m2": 102892.7,
        "population_total": null,
        "households_total": null,
        "source_note": "PBA 2022 radio resource provides geometry and radio codes; no population/housing counts were present in the downloaded resource.",
        "source_name": "Datos Abiertos PBA / INDEC - Radios censales 2022",
        "source_url": "https://catalogo.datos.gba.gob.ar/dataset/radios-censales",
        "generated_at": "2026-06-13T02:11:01.209890+00:00",
        "data_confidence": "medium"
      },
      "geometry": {
        "type": "MultiPolygon",
        "coordinates": [
          [
            [
              [
                -58.6257187,
                -34.5906169
              ],
              [
                -58.6259768,
                -34.5908271
              ],
              [
                -58.6267057,
                -34.5902494
              ],
              [
                -58.627037,
                -34.5899827
              ],
              [
                -58.6274668,
                -34.5896442
              ],
              [
                -58.627556,
                -34.5895739
              ],
              [
                -58.6276496,
                -34.5895002
              ],
              [
                -58.628075,
                -34.5891652
              ],
              [
                -58.6282848,
                -34.5889963
              ],
              [
                -58.628362,
                -34.588943
              ],
              [
                -58.6289141,
                -34.5885076
              ],
              [
                -58.6291459,
                -34.5883299
              ],
              [
                -58.6298856,
                -34.5877524
              ],
              [
                -58.6299122,
                -34.5877316
              ],
              [
                -58.630144,
                -34.5875589
              ],
              [
                -58.625421,
                -34.5877294
              ],
              [
                -58.6256382,
                -34.587914
              ],
              [
                -58.6251031,
                -34.5879548
              ],
              [
                -58.6238166,
                -34.588973
              ],
              [
                -58.6248806,
                -34.5898863
              ],
              [
                -58.6252783,
                -34.5902243
              ],
              [
                -58.6257187,
                -34.5906169
              ]
            ]
          ]
        ]
      }
    },
    {
      "type": "Feature",
      "properties": {
        "fid": 1060,
        "area": 73595.891,
        "perimeter": 1143.893,
        "nomprov": "BUENOS AIRES",
        "prov": "06",
        "nomdepto": "HURLINGHAM",
        "depto": "408",
        "frac": "10",
        "radio": "05",
        "tipo": "U",
        "link": "064081005",
        "assigned_zone_name": "Parque Jhonston",
        "hurlingham_overlap_m2": 73577.96,
        "population_total": null,
        "households_total": null,
        "source_note": "PBA 2022 radio resource provides geometry and radio codes; no population/housing counts were present in the downloaded resource.",
        "source_name": "Datos Abiertos PBA / INDEC - Radios censales 2022",
        "source_url": "https://catalogo.datos.gba.gob.ar/dataset/radios-censales",
        "generated_at": "2026-06-13T02:11:01.209890+00:00",
        "data_confidence": "medium"
      },
      "geometry": {
        "type": "MultiPolygon",
        "coordinates": [
          [
            [
              [
                -58.6360696,
                -34.6041541
              ],
              [
                -58.6375644,
                -34.6054057
              ],
              [
                -58.638669,
                -34.6045166
              ],
              [
                -58.6387795,
                -34.6044277
              ],
              [
                -58.6397073,
                -34.6036809
              ],
              [
                -58.6405025,
                -34.6030499
              ],
              [
                -58.6397928,
                -34.6024471
              ],
              [
                -58.639008,
                -34.6017803
              ],
              [
                -58.6382127,
                -34.6024204
              ],
              [
                -58.6372957,
                -34.6031673
              ],
              [
                -58.6367767,
                -34.6035761
              ],
              [
                -58.6366994,
                -34.6036384
              ],
              [
                -58.6360696,
                -34.6041541
              ]
            ]
          ]
        ]
      }
    },
    {
      "type": "Feature",
      "properties": {
        "fid": 1061,
        "area": 79107.508,
        "perimeter": 1214.691,
        "nomprov": "BUENOS AIRES",
        "prov": "06",
        "nomdepto": "HURLINGHAM",
        "depto": "408",
        "frac": "09",
        "radio": "07",
        "tipo": "U",
        "link": "064080907",
        "assigned_zone_name": "Luna",
        "hurlingham_overlap_m2": 79088.52,
        "population_total": null,
        "households_total": null,
        "source_note": "PBA 2022 radio resource provides geometry and radio codes; no population/housing counts were present in the downloaded resource.",
        "source_name": "Datos Abiertos PBA / INDEC - Radios censales 2022",
        "source_url": "https://catalogo.datos.gba.gob.ar/dataset/radios-censales",
        "generated_at": "2026-06-13T02:11:01.209890+00:00",
        "data_confidence": "medium"
      },
      "geometry": {
        "type": "MultiPolygon",
        "coordinates": [
          [
            [
              [
                -58.6441187,
                -34.6099313
              ],
              [
                -58.6442261,
                -34.6100317
              ],
              [
                -58.6447448,
                -34.6096409
              ],
              [
                -58.6449324,
                -34.6094987
              ],
              [
                -58.6457718,
                -34.608832
              ],
              [
                -58.6456962,
                -34.6087861
              ],
              [
                -58.6450613,
                -34.6082743
              ],
              [
                -58.6444481,
                -34.6077718
              ],
              [
                -58.6443839,
                -34.6076989
              ],
              [
                -58.6443303,
                -34.6076443
              ],
              [
                -58.6440532,
                -34.6072536
              ],
              [
                -58.6439359,
                -34.6070901
              ],
              [
                -58.6435095,
                -34.6064994
              ],
              [
                -58.6430829,
                -34.6059178
              ],
              [
                -58.6422986,
                -34.6065491
              ],
              [
                -58.6417686,
                -34.6069668
              ],
              [
                -58.6414702,
                -34.6072159
              ],
              [
                -58.6416841,
                -34.6074706
              ],
              [
                -58.6419298,
                -34.6077798
              ],
              [
                -58.6424004,
                -34.6083349
              ],
              [
                -58.6428707,
                -34.608908
              ],
              [
                -58.6429027,
                -34.6089534
              ],
              [
                -58.6435376,
                -34.6094652
              ],
              [
                -58.6441187,
                -34.6099313
              ]
            ]
          ]
        ]
      }
    },
    {
      "type": "Feature",
      "properties": {
        "fid": 1062,
        "area": 88041.963,
        "perimeter": 1269.592,
        "nomprov": "BUENOS AIRES",
        "prov": "06",
        "nomdepto": "HURLINGHAM",
        "depto": "408",
        "frac": "14",
        "radio": "10",
        "tipo": "U",
        "link": "064081410",
        "assigned_zone_name": "El Porvenir",
        "hurlingham_overlap_m2": 87895.22,
        "population_total": null,
        "households_total": null,
        "source_note": "PBA 2022 radio resource provides geometry and radio codes; no population/housing counts were present in the downloaded resource.",
        "source_name": "Datos Abiertos PBA / INDEC - Radios censales 2022",
        "source_url": "https://catalogo.datos.gba.gob.ar/dataset/radios-censales",
        "generated_at": "2026-06-13T02:11:01.209890+00:00",
        "data_confidence": "medium"
      },
      "geometry": {
        "type": "MultiPolygon",
        "coordinates": [
          [
            [
              [
                -58.6424771,
                -34.6250467
              ],
              [
                -58.6414522,
                -34.6253823
              ],
              [
                -58.6412933,
                -34.6254301
              ],
              [
                -58.6404182,
                -34.6256006
              ],
              [
                -58.6395106,
                -34.6257618
              ],
              [
                -58.6397469,
                -34.6266477
              ],
              [
                -58.6399314,
                -34.6273709
              ],
              [
                -58.6399837,
                -34.6275067
              ],
              [
                -58.640004,
                -34.627597
              ],
              [
                -58.6401889,
                -34.6282931
              ],
              [
                -58.6410857,
                -34.6281319
              ],
              [
                -58.6419606,
                -34.6279703
              ],
              [
                -58.6420917,
                -34.6279538
              ],
              [
                -58.642912,
                -34.6278007
              ],
              [
                -58.643415,
                -34.6277161
              ],
              [
                -58.6437864,
                -34.6276752
              ],
              [
                -58.6437658,
                -34.6276029
              ],
              [
                -58.6432317,
                -34.6269209
              ],
              [
                -58.6425481,
                -34.626048
              ],
              [
                -58.6430343,
                -34.6256478
              ],
              [
                -58.6424771,
                -34.6250467
              ]
            ]
          ]
        ]
      }
    },
    {
      "type": "Feature",
      "properties": {
        "fid": 1063,
        "area": 99032.756,
        "perimeter": 1306.618,
        "nomprov": "BUENOS AIRES",
        "prov": "06",
        "nomdepto": "HURLINGHAM",
        "depto": "408",
        "frac": "11",
        "radio": "02",
        "tipo": "U",
        "link": "064081102",
        "assigned_zone_name": "Virgen Esperanza",
        "hurlingham_overlap_m2": 99009.56,
        "population_total": null,
        "households_total": null,
        "source_note": "PBA 2022 radio resource provides geometry and radio codes; no population/housing counts were present in the downloaded resource.",
        "source_name": "Datos Abiertos PBA / INDEC - Radios censales 2022",
        "source_url": "https://catalogo.datos.gba.gob.ar/dataset/radios-censales",
        "generated_at": "2026-06-13T02:11:01.209890+00:00",
        "data_confidence": "medium"
      },
      "geometry": {
        "type": "MultiPolygon",
        "coordinates": [
          [
            [
              [
                -58.6493245,
                -34.5920792
              ],
              [
                -58.6500233,
                -34.5926729
              ],
              [
                -58.6502061,
                -34.5928281
              ],
              [
                -58.6513243,
                -34.5937779
              ],
              [
                -58.6524424,
                -34.5947367
              ],
              [
                -58.6530717,
                -34.5942389
              ],
              [
                -58.6537341,
                -34.5937144
              ],
              [
                -58.6543524,
                -34.5932254
              ],
              [
                -58.6542768,
                -34.5931795
              ],
              [
                -58.6534167,
                -34.592449
              ],
              [
                -58.6531909,
                -34.5922572
              ],
              [
                -58.6520834,
                -34.5913166
              ],
              [
                -58.6511909,
                -34.5905676
              ],
              [
                -58.6505392,
                -34.5911012
              ],
              [
                -58.6499539,
                -34.5915724
              ],
              [
                -58.6493245,
                -34.5920792
              ]
            ]
          ]
        ]
      }
    },
    {
      "type": "Feature",
      "properties": {
        "fid": 1066,
        "area": 123937.411,
        "perimeter": 1619.279,
        "nomprov": "BUENOS AIRES",
        "prov": "06",
        "nomdepto": "HURLINGHAM",
        "depto": "408",
        "frac": "09",
        "radio": "04",
        "tipo": "U",
        "link": "064080904",
        "assigned_zone_name": "Villa Tesei Centro",
        "hurlingham_overlap_m2": 123906.78,
        "population_total": null,
        "households_total": null,
        "source_note": "PBA 2022 radio resource provides geometry and radio codes; no population/housing counts were present in the downloaded resource.",
        "source_name": "Datos Abiertos PBA / INDEC - Radios censales 2022",
        "source_url": "https://catalogo.datos.gba.gob.ar/dataset/radios-censales",
        "generated_at": "2026-06-13T02:11:01.209890+00:00",
        "data_confidence": "medium"
      },
      "geometry": {
        "type": "MultiPolygon",
        "coordinates": [
          [
            [
              [
                -58.6330336,
                -34.6111416
              ],
              [
                -58.632901,
                -34.6112483
              ],
              [
                -58.6328347,
                -34.6113016
              ],
              [
                -58.632161,
                -34.6118349
              ],
              [
                -58.6313985,
                -34.6124573
              ],
              [
                -58.6308131,
                -34.6129194
              ],
              [
                -58.6306695,
                -34.613035
              ],
              [
                -58.6313467,
                -34.6136194
              ],
              [
                -58.6316156,
                -34.6138478
              ],
              [
                -58.6316693,
                -34.6138935
              ],
              [
                -58.6325083,
                -34.6145879
              ],
              [
                -58.6325404,
                -34.6146243
              ],
              [
                -58.6330633,
                -34.6153152
              ],
              [
                -58.6331833,
                -34.6153075
              ],
              [
                -58.6343378,
                -34.6153835
              ],
              [
                -58.6344382,
                -34.6145735
              ],
              [
                -58.6344788,
                -34.6140962
              ],
              [
                -58.6345342,
                -34.6133757
              ],
              [
                -58.6345631,
                -34.6129434
              ],
              [
                -58.6346584,
                -34.6117817
              ],
              [
                -58.6346861,
                -34.6114215
              ],
              [
                -58.6347291,
                -34.6107911
              ],
              [
                -58.6347416,
                -34.610692
              ],
              [
                -58.6347436,
                -34.6105749
              ],
              [
                -58.6348119,
                -34.6097284
              ],
              [
                -58.6347128,
                -34.6097904
              ],
              [
                -58.6345542,
                -34.6099101
              ],
              [
                -58.6345913,
                -34.6098882
              ],
              [
                -58.6345636,
                -34.6099149
              ],
              [
                -58.6339835,
                -34.6103861
              ],
              [
                -58.6337405,
                -34.6105817
              ],
              [
                -58.633652,
                -34.6106618
              ],
              [
                -58.6335636,
                -34.6107329
              ],
              [
                -58.6330336,
                -34.6111416
              ]
            ]
          ]
        ]
      }
    },
    {
      "type": "Feature",
      "properties": {
        "fid": 1067,
        "area": 98698.855,
        "perimeter": 1272.727,
        "nomprov": "BUENOS AIRES",
        "prov": "06",
        "nomdepto": "HURLINGHAM",
        "depto": "408",
        "frac": "05",
        "radio": "04",
        "tipo": "U",
        "link": "064080504",
        "assigned_zone_name": "Primero de Mayo",
        "hurlingham_overlap_m2": 98676.02,
        "population_total": null,
        "households_total": null,
        "source_note": "PBA 2022 radio resource provides geometry and radio codes; no population/housing counts were present in the downloaded resource.",
        "source_name": "Datos Abiertos PBA / INDEC - Radios censales 2022",
        "source_url": "https://catalogo.datos.gba.gob.ar/dataset/radios-censales",
        "generated_at": "2026-06-13T02:11:01.209890+00:00",
        "data_confidence": "medium"
      },
      "geometry": {
        "type": "MultiPolygon",
        "coordinates": [
          [
            [
              [
                -58.6538763,
                -34.5855767
              ],
              [
                -58.6537442,
                -34.5856564
              ],
              [
                -58.6532501,
                -34.5858853
              ],
              [
                -58.6532117,
                -34.5859029
              ],
              [
                -58.6535183,
                -34.5861496
              ],
              [
                -58.6535719,
                -34.5862043
              ],
              [
                -58.6539052,
                -34.5864874
              ],
              [
                -58.6541416,
                -34.5866973
              ],
              [
                -58.6544858,
                -34.5869805
              ],
              [
                -58.6547331,
                -34.5871906
              ],
              [
                -58.6552169,
                -34.5876015
              ],
              [
                -58.6552491,
                -34.5876289
              ],
              [
                -58.6559374,
                -34.5882043
              ],
              [
                -58.6567215,
                -34.587564
              ],
              [
                -58.657075,
                -34.5872705
              ],
              [
                -58.6571414,
                -34.5872081
              ],
              [
                -58.6574836,
                -34.5869414
              ],
              [
                -58.6582565,
                -34.586319
              ],
              [
                -58.6575361,
                -34.5857072
              ],
              [
                -58.6572779,
                -34.585497
              ],
              [
                -58.6568158,
                -34.5850953
              ],
              [
                -58.6558696,
                -34.5842917
              ],
              [
                -58.6545695,
                -34.5851697
              ],
              [
                -58.6545034,
                -34.5852141
              ],
              [
                -58.6538763,
                -34.5855767
              ]
            ]
          ]
        ]
      }
    },
    {
      "type": "Feature",
      "properties": {
        "fid": 1068,
        "area": 98726.311,
        "perimeter": 1380.032,
        "nomprov": "BUENOS AIRES",
        "prov": "06",
        "nomdepto": "HURLINGHAM",
        "depto": "408",
        "frac": "05",
        "radio": "09",
        "tipo": "U",
        "link": "064080509",
        "assigned_zone_name": "Curapaytí",
        "hurlingham_overlap_m2": 98703.1,
        "population_total": null,
        "households_total": null,
        "source_note": "PBA 2022 radio resource provides geometry and radio codes; no population/housing counts were present in the downloaded resource.",
        "source_name": "Datos Abiertos PBA / INDEC - Radios censales 2022",
        "source_url": "https://catalogo.datos.gba.gob.ar/dataset/radios-censales",
        "generated_at": "2026-06-13T02:11:01.209890+00:00",
        "data_confidence": "medium"
      },
      "geometry": {
        "type": "MultiPolygon",
        "coordinates": [
          [
            [
              [
                -58.6515859,
                -34.5877057
              ],
              [
                -58.6506915,
                -34.5884259
              ],
              [
                -58.6496424,
                -34.5892705
              ],
              [
                -58.6494438,
                -34.5894216
              ],
              [
                -58.6483945,
                -34.5902753
              ],
              [
                -58.6477761,
                -34.5907732
              ],
              [
                -58.6484751,
                -34.5913578
              ],
              [
                -58.6491202,
                -34.5919057
              ],
              [
                -58.6493245,
                -34.5920792
              ],
              [
                -58.6499539,
                -34.5915724
              ],
              [
                -58.6505392,
                -34.5911012
              ],
              [
                -58.6511909,
                -34.5905676
              ],
              [
                -58.6513565,
                -34.5904342
              ],
              [
                -58.6522288,
                -34.5897408
              ],
              [
                -58.6531232,
                -34.5890206
              ],
              [
                -58.6528222,
                -34.5887649
              ],
              [
                -58.6522523,
                -34.5882809
              ],
              [
                -58.6515859,
                -34.5877057
              ]
            ]
          ]
        ]
      }
    },
    {
      "type": "Feature",
      "properties": {
        "fid": 1069,
        "area": 128740.964,
        "perimeter": 1824.09,
        "nomprov": "BUENOS AIRES",
        "prov": "06",
        "nomdepto": "HURLINGHAM",
        "depto": "408",
        "frac": "11",
        "radio": "07",
        "tipo": "U",
        "link": "064081107",
        "assigned_zone_name": "Los Patitos",
        "hurlingham_overlap_m2": 128711.46,
        "population_total": null,
        "households_total": null,
        "source_note": "PBA 2022 radio resource provides geometry and radio codes; no population/housing counts were present in the downloaded resource.",
        "source_name": "Datos Abiertos PBA / INDEC - Radios censales 2022",
        "source_url": "https://catalogo.datos.gba.gob.ar/dataset/radios-censales",
        "generated_at": "2026-06-13T02:11:01.209890+00:00",
        "data_confidence": "medium"
      },
      "geometry": {
        "type": "MultiPolygon",
        "coordinates": [
          [
            [
              [
                -58.660167,
                -34.5949389
              ],
              [
                -58.6592613,
                -34.5956861
              ],
              [
                -58.6589743,
                -34.5959083
              ],
              [
                -58.6580356,
                -34.5966641
              ],
              [
                -58.6570638,
                -34.5974466
              ],
              [
                -58.6576553,
                -34.5979489
              ],
              [
                -58.6580531,
                -34.5982867
              ],
              [
                -58.6585155,
                -34.5986794
              ],
              [
                -58.6576874,
                -34.5993373
              ],
              [
                -58.6574776,
                -34.5995062
              ],
              [
                -58.6569144,
                -34.5999597
              ],
              [
                -58.6577633,
                -34.6007172
              ],
              [
                -58.6585471,
                -34.6001039
              ],
              [
                -58.6593863,
                -34.5994371
              ],
              [
                -58.660678,
                -34.5984147
              ],
              [
                -58.6612412,
                -34.5979612
              ],
              [
                -58.6613296,
                -34.5978901
              ],
              [
                -58.660437,
                -34.5971322
              ],
              [
                -58.6610112,
                -34.5966698
              ],
              [
                -58.6614749,
                -34.5963053
              ],
              [
                -58.6616407,
                -34.5961629
              ],
              [
                -58.660167,
                -34.5949389
              ]
            ]
          ]
        ]
      }
    },
    {
      "type": "Feature",
      "properties": {
        "fid": 1109,
        "area": 91757.252,
        "perimeter": 1461.307,
        "nomprov": "BUENOS AIRES",
        "prov": "06",
        "nomdepto": "HURLINGHAM",
        "depto": "408",
        "frac": "10",
        "radio": "12",
        "tipo": "U",
        "link": "064081012",
        "assigned_zone_name": "Luna",
        "hurlingham_overlap_m2": 81790.74,
        "population_total": null,
        "households_total": null,
        "source_note": "PBA 2022 radio resource provides geometry and radio codes; no population/housing counts were present in the downloaded resource.",
        "source_name": "Datos Abiertos PBA / INDEC - Radios censales 2022",
        "source_url": "https://catalogo.datos.gba.gob.ar/dataset/radios-censales",
        "generated_at": "2026-06-13T02:11:01.209890+00:00",
        "data_confidence": "medium"
      },
      "geometry": {
        "type": "MultiPolygon",
        "coordinates": [
          [
            [
              [
                -58.6483182,
                -34.6017126
              ],
              [
                -58.6474015,
                -34.6024505
              ],
              [
                -58.6479714,
                -34.6029346
              ],
              [
                -58.6471099,
                -34.6036281
              ],
              [
                -58.6465467,
                -34.6040725
              ],
              [
                -58.6461712,
                -34.6043748
              ],
              [
                -58.6467409,
                -34.6048678
              ],
              [
                -58.6468807,
                -34.6049866
              ],
              [
                -58.6472571,
                -34.6053062
              ],
              [
                -58.6473,
                -34.6053518
              ],
              [
                -58.6473427,
                -34.6054063
              ],
              [
                -58.6479773,
                -34.6059361
              ],
              [
                -58.6486168,
                -34.606493
              ],
              [
                -58.649058,
                -34.6061209
              ],
              [
                -58.6495397,
                -34.6057146
              ],
              [
                -58.6498381,
                -34.605461
              ],
              [
                -58.6493685,
                -34.6048429
              ],
              [
                -58.6488296,
                -34.6041248
              ],
              [
                -58.6491112,
                -34.6039026
              ],
              [
                -58.6500388,
                -34.6031648
              ],
              [
                -58.6494689,
                -34.6026807
              ],
              [
                -58.648899,
                -34.6021967
              ],
              [
                -58.6483182,
                -34.6017126
              ]
            ]
          ]
        ]
      }
    },
    {
      "type": "Feature",
      "properties": {
        "fid": 1110,
        "area": 307957.77,
        "perimeter": 2786.326,
        "nomprov": "BUENOS AIRES",
        "prov": "06",
        "nomdepto": "HURLINGHAM",
        "depto": "408",
        "frac": "08",
        "radio": "06",
        "tipo": "U",
        "link": "064080806",
        "assigned_zone_name": "Scholnik",
        "hurlingham_overlap_m2": 307879.55,
        "population_total": null,
        "households_total": null,
        "source_note": "PBA 2022 radio resource provides geometry and radio codes; no population/housing counts were present in the downloaded resource.",
        "source_name": "Datos Abiertos PBA / INDEC - Radios censales 2022",
        "source_url": "https://catalogo.datos.gba.gob.ar/dataset/radios-censales",
        "generated_at": "2026-06-13T02:11:01.209890+00:00",
        "data_confidence": "medium"
      },
      "geometry": {
        "type": "MultiPolygon",
        "coordinates": [
          [
            [
              [
                -58.6207708,
                -34.6129359
              ],
              [
                -58.6202781,
                -34.6136938
              ],
              [
                -58.6202394,
                -34.6139243
              ],
              [
                -58.6201981,
                -34.6141698
              ],
              [
                -58.6202095,
                -34.6142053
              ],
              [
                -58.6202554,
                -34.6143485
              ],
              [
                -58.6204551,
                -34.6149721
              ],
              [
                -58.6205679,
                -34.6153243
              ],
              [
                -58.6202472,
                -34.6159948
              ],
              [
                -58.6196315,
                -34.6170268
              ],
              [
                -58.6190672,
                -34.6179727
              ],
              [
                -58.6193733,
                -34.6179908
              ],
              [
                -58.6198269,
                -34.6180054
              ],
              [
                -58.6209283,
                -34.6179908
              ],
              [
                -58.6227055,
                -34.6179838
              ],
              [
                -58.624472,
                -34.6179677
              ],
              [
                -58.6254316,
                -34.6179605
              ],
              [
                -58.6258351,
                -34.617956
              ],
              [
                -58.6262384,
                -34.6179606
              ],
              [
                -58.6262394,
                -34.6172395
              ],
              [
                -58.6262295,
                -34.6165183
              ],
              [
                -58.626217,
                -34.6159503
              ],
              [
                -58.6262124,
                -34.6155717
              ],
              [
                -58.626208,
                -34.6151751
              ],
              [
                -58.6261985,
                -34.6144269
              ],
              [
                -58.6261877,
                -34.6137597
              ],
              [
                -58.6261759,
                -34.6131557
              ],
              [
                -58.626177,
                -34.6130836
              ],
              [
                -58.6257736,
                -34.6130881
              ],
              [
                -58.6254357,
                -34.6130843
              ],
              [
                -58.6244326,
                -34.613091
              ],
              [
                -58.6237567,
                -34.6130878
              ],
              [
                -58.623031,
                -34.6130807
              ],
              [
                -58.6224269,
                -34.6130995
              ],
              [
                -58.6218538,
                -34.6131144
              ],
              [
                -58.6212289,
                -34.6131415
              ],
              [
                -58.6208312,
                -34.6131416
              ],
              [
                -58.6213082,
                -34.6124042
              ],
              [
                -58.6214932,
                -34.6121375
              ],
              [
                -58.621742,
                -34.6117606
              ],
              [
                -58.6218903,
                -34.6115319
              ],
              [
                -58.6219704,
                -34.6113664
              ],
              [
                -58.6220067,
                -34.6111212
              ],
              [
                -58.6218716,
                -34.6111056
              ],
              [
                -58.6218016,
                -34.6113977
              ],
              [
                -58.6216285,
                -34.6116532
              ],
              [
                -58.6215124,
                -34.6118244
              ],
              [
                -58.621063,
                -34.6124874
              ],
              [
                -58.621063,
                -34.6124874
              ],
              [
                -58.621039,
                -34.6125234
              ],
              [
                -58.6209963,
                -34.6125891
              ],
              [
                -58.6208496,
                -34.6128147
              ],
              [
                -58.6207708,
                -34.6129359
              ]
            ]
          ]
        ]
      }
    },
    {
      "type": "Feature",
      "properties": {
        "fid": 1114,
        "area": 45399.638,
        "perimeter": 1240.776,
        "nomprov": "BUENOS AIRES",
        "prov": "06",
        "nomdepto": "HURLINGHAM",
        "depto": "408",
        "frac": "15",
        "radio": "06",
        "tipo": "U",
        "link": "064081506",
        "assigned_zone_name": "Militar",
        "hurlingham_overlap_m2": 45388.34,
        "population_total": null,
        "households_total": null,
        "source_note": "PBA 2022 radio resource provides geometry and radio codes; no population/housing counts were present in the downloaded resource.",
        "source_name": "Datos Abiertos PBA / INDEC - Radios censales 2022",
        "source_url": "https://catalogo.datos.gba.gob.ar/dataset/radios-censales",
        "generated_at": "2026-06-13T02:11:01.209890+00:00",
        "data_confidence": "medium"
      },
      "geometry": {
        "type": "MultiPolygon",
        "coordinates": [
          [
            [
              [
                -58.6291926,
                -34.6269232
              ],
              [
                -58.6290949,
                -34.626982
              ],
              [
                -58.6290942,
                -34.6269824
              ],
              [
                -58.6290628,
                -34.6270474
              ],
              [
                -58.6290943,
                -34.6272766
              ],
              [
                -58.6298491,
                -34.6271318
              ],
              [
                -58.6306475,
                -34.6269876
              ],
              [
                -58.6308051,
                -34.6280079
              ],
              [
                -58.6311321,
                -34.6280205
              ],
              [
                -58.6313949,
                -34.6272844
              ],
              [
                -58.6317381,
                -34.6263058
              ],
              [
                -58.6318568,
                -34.6259754
              ],
              [
                -58.6320756,
                -34.6253663
              ],
              [
                -58.6323782,
                -34.6245103
              ],
              [
                -58.6321381,
                -34.6245256
              ],
              [
                -58.6313705,
                -34.6246539
              ],
              [
                -58.6308104,
                -34.6247476
              ],
              [
                -58.6310085,
                -34.6260007
              ],
              [
                -58.6302897,
                -34.6260554
              ],
              [
                -58.6300577,
                -34.6261082
              ],
              [
                -58.6298495,
                -34.6261913
              ],
              [
                -58.6297186,
                -34.6263809
              ],
              [
                -58.6296137,
                -34.6264703
              ],
              [
                -58.6295205,
                -34.6265899
              ],
              [
                -58.6294827,
                -34.62667
              ],
              [
                -58.6294323,
                -34.626775
              ],
              [
                -58.6293701,
                -34.6268548
              ],
              [
                -58.6291926,
                -34.6269232
              ]
            ]
          ]
        ]
      }
    },
    {
      "type": "Feature",
      "properties": {
        "fid": 1116,
        "area": 74530.237,
        "perimeter": 1532.168,
        "nomprov": "BUENOS AIRES",
        "prov": "06",
        "nomdepto": "HURLINGHAM",
        "depto": "408",
        "frac": "05",
        "radio": "02",
        "tipo": "U",
        "link": "064080502",
        "assigned_zone_name": "San Damián",
        "hurlingham_overlap_m2": 74513.26,
        "population_total": null,
        "households_total": null,
        "source_note": "PBA 2022 radio resource provides geometry and radio codes; no population/housing counts were present in the downloaded resource.",
        "source_name": "Datos Abiertos PBA / INDEC - Radios censales 2022",
        "source_url": "https://catalogo.datos.gba.gob.ar/dataset/radios-censales",
        "generated_at": "2026-06-13T02:11:01.209890+00:00",
        "data_confidence": "medium"
      },
      "geometry": {
        "type": "MultiPolygon",
        "coordinates": [
          [
            [
              [
                -58.6591709,
                -34.5817464
              ],
              [
                -58.6582693,
                -34.582347
              ],
              [
                -58.6584809,
                -34.5825268
              ],
              [
                -58.6585509,
                -34.5825816
              ],
              [
                -58.6587824,
                -34.5827554
              ],
              [
                -58.6589974,
                -34.582938
              ],
              [
                -58.6592231,
                -34.5831388
              ],
              [
                -58.659363,
                -34.5832485
              ],
              [
                -58.659793,
                -34.5836138
              ],
              [
                -58.6599543,
                -34.5837508
              ],
              [
                -58.6606745,
                -34.5843716
              ],
              [
                -58.6615561,
                -34.5851294
              ],
              [
                -58.6617817,
                -34.5853302
              ],
              [
                -58.662091,
                -34.5855841
              ],
              [
                -58.6621044,
                -34.5855951
              ],
              [
                -58.6621674,
                -34.5856411
              ],
              [
                -58.6622852,
                -34.5855385
              ],
              [
                -58.6629639,
                -34.5850096
              ],
              [
                -58.6622435,
                -34.5843978
              ],
              [
                -58.6634135,
                -34.5834732
              ],
              [
                -58.6626676,
                -34.5829006
              ],
              [
                -58.6624356,
                -34.5832689
              ],
              [
                -58.6622929,
                -34.5831651
              ],
              [
                -58.6622124,
                -34.5830982
              ],
              [
                -58.6615108,
                -34.582515
              ],
              [
                -58.6611796,
                -34.5827817
              ],
              [
                -58.6609919,
                -34.5829329
              ],
              [
                -58.6607331,
                -34.5831467
              ],
              [
                -58.6601364,
                -34.5826399
              ],
              [
                -58.6593564,
                -34.5819273
              ],
              [
                -58.6591709,
                -34.5817464
              ]
            ]
          ]
        ]
      }
    },
    {
      "type": "Feature",
      "properties": {
        "fid": 1117,
        "area": 111609.214,
        "perimeter": 1756.637,
        "nomprov": "BUENOS AIRES",
        "prov": "06",
        "nomdepto": "HURLINGHAM",
        "depto": "408",
        "frac": "13",
        "radio": "06",
        "tipo": "U",
        "link": "064081306",
        "assigned_zone_name": "Mitre",
        "hurlingham_overlap_m2": 111582.38,
        "population_total": null,
        "households_total": null,
        "source_note": "PBA 2022 radio resource provides geometry and radio codes; no population/housing counts were present in the downloaded resource.",
        "source_name": "Datos Abiertos PBA / INDEC - Radios censales 2022",
        "source_url": "https://catalogo.datos.gba.gob.ar/dataset/radios-censales",
        "generated_at": "2026-06-13T02:11:01.209890+00:00",
        "data_confidence": "medium"
      },
      "geometry": {
        "type": "MultiPolygon",
        "coordinates": [
          [
            [
              [
                -58.6404161,
                -34.6130268
              ],
              [
                -58.6411201,
                -34.6139811
              ],
              [
                -58.6419202,
                -34.6150626
              ],
              [
                -58.6420591,
                -34.6152354
              ],
              [
                -58.6427095,
                -34.616135
              ],
              [
                -58.6429125,
                -34.6163896
              ],
              [
                -58.642966,
                -34.6164533
              ],
              [
                -58.6434176,
                -34.6168369
              ],
              [
                -58.6439662,
                -34.6172937
              ],
              [
                -58.6450526,
                -34.6182071
              ],
              [
                -58.6457045,
                -34.6176735
              ],
              [
                -58.6461797,
                -34.6172822
              ],
              [
                -58.6462791,
                -34.6172022
              ],
              [
                -58.6452141,
                -34.6163161
              ],
              [
                -58.6441275,
                -34.6154207
              ],
              [
                -58.6433487,
                -34.6143709
              ],
              [
                -58.6432847,
                -34.6142846
              ],
              [
                -58.6432313,
                -34.6142164
              ],
              [
                -58.6424749,
                -34.6131309
              ],
              [
                -58.6424322,
                -34.6130763
              ],
              [
                -58.6422621,
                -34.612813
              ],
              [
                -58.6417291,
                -34.612068
              ],
              [
                -58.6416753,
                -34.6120223
              ],
              [
                -58.6409464,
                -34.6126001
              ],
              [
                -58.6405267,
                -34.6129289
              ],
              [
                -58.6404161,
                -34.6130268
              ]
            ]
          ]
        ]
      }
    },
    {
      "type": "Feature",
      "properties": {
        "fid": 1118,
        "area": 96320.826,
        "perimeter": 1367.381,
        "nomprov": "BUENOS AIRES",
        "prov": "06",
        "nomdepto": "HURLINGHAM",
        "depto": "408",
        "frac": "03",
        "radio": "10",
        "tipo": "U",
        "link": "064080310",
        "assigned_zone_name": "Belgrano",
        "hurlingham_overlap_m2": 96298.7,
        "population_total": null,
        "households_total": null,
        "source_note": "PBA 2022 radio resource provides geometry and radio codes; no population/housing counts were present in the downloaded resource.",
        "source_name": "Datos Abiertos PBA / INDEC - Radios censales 2022",
        "source_url": "https://catalogo.datos.gba.gob.ar/dataset/radios-censales",
        "generated_at": "2026-06-13T02:11:01.209890+00:00",
        "data_confidence": "medium"
      },
      "geometry": {
        "type": "MultiPolygon",
        "coordinates": [
          [
            [
              [
                -58.6595039,
                -34.579221
              ],
              [
                -58.6592395,
                -34.5793984
              ],
              [
                -58.6587108,
                -34.5797531
              ],
              [
                -58.6578073,
                -34.5803651
              ],
              [
                -58.6570251,
                -34.5808883
              ],
              [
                -58.6561769,
                -34.5814558
              ],
              [
                -58.6553836,
                -34.5819879
              ],
              [
                -58.6558985,
                -34.5824983
              ],
              [
                -58.6565802,
                -34.5831413
              ],
              [
                -58.656794,
                -34.5833297
              ],
              [
                -58.6582693,
                -34.582347
              ],
              [
                -58.6591709,
                -34.5817464
              ],
              [
                -58.6609031,
                -34.5805924
              ],
              [
                -58.6606842,
                -34.5803742
              ],
              [
                -58.6595039,
                -34.579221
              ]
            ]
          ]
        ]
      }
    },
    {
      "type": "Feature",
      "properties": {
        "fid": 1119,
        "area": 63264.519,
        "perimeter": 1018.903,
        "nomprov": "BUENOS AIRES",
        "prov": "06",
        "nomdepto": "HURLINGHAM",
        "depto": "408",
        "frac": "04",
        "radio": "05",
        "tipo": "U",
        "link": "064080405",
        "assigned_zone_name": "San Damián",
        "hurlingham_overlap_m2": 63001.29,
        "population_total": null,
        "households_total": null,
        "source_note": "PBA 2022 radio resource provides geometry and radio codes; no population/housing counts were present in the downloaded resource.",
        "source_name": "Datos Abiertos PBA / INDEC - Radios censales 2022",
        "source_url": "https://catalogo.datos.gba.gob.ar/dataset/radios-censales",
        "generated_at": "2026-06-13T02:11:01.209890+00:00",
        "data_confidence": "medium"
      },
      "geometry": {
        "type": "MultiPolygon",
        "coordinates": [
          [
            [
              [
                -58.6674658,
                -34.5849597
              ],
              [
                -58.667498,
                -34.5849871
              ],
              [
                -58.6681054,
                -34.584489
              ],
              [
                -58.6686798,
                -34.5840085
              ],
              [
                -58.6690883,
                -34.5836795
              ],
              [
                -58.6692759,
                -34.5835283
              ],
              [
                -58.6685557,
                -34.5829075
              ],
              [
                -58.6684198,
                -34.5827323
              ],
              [
                -58.6677069,
                -34.5824097
              ],
              [
                -58.6675844,
                -34.5823616
              ],
              [
                -58.6668837,
                -34.5818079
              ],
              [
                -58.6665403,
                -34.5821734
              ],
              [
                -58.6659446,
                -34.5826266
              ],
              [
                -58.665757,
                -34.5827688
              ],
              [
                -58.6655143,
                -34.5829554
              ],
              [
                -58.6653045,
                -34.5831244
              ],
              [
                -58.6660358,
                -34.5837363
              ],
              [
                -58.6667668,
                -34.5843662
              ],
              [
                -58.6672185,
                -34.5847497
              ],
              [
                -58.6674658,
                -34.5849597
              ]
            ]
          ]
        ]
      }
    },
    {
      "type": "Feature",
      "properties": {
        "fid": 1120,
        "area": 108763.782,
        "perimeter": 2056.629,
        "nomprov": "BUENOS AIRES",
        "prov": "06",
        "nomdepto": "HURLINGHAM",
        "depto": "408",
        "frac": "05",
        "radio": "10",
        "tipo": "U",
        "link": "064080510",
        "assigned_zone_name": "Curapaytí",
        "hurlingham_overlap_m2": 108738.0,
        "population_total": null,
        "households_total": null,
        "source_note": "PBA 2022 radio resource provides geometry and radio codes; no population/housing counts were present in the downloaded resource.",
        "source_name": "Datos Abiertos PBA / INDEC - Radios censales 2022",
        "source_url": "https://catalogo.datos.gba.gob.ar/dataset/radios-censales",
        "generated_at": "2026-06-13T02:11:01.209890+00:00",
        "data_confidence": "medium"
      },
      "geometry": {
        "type": "MultiPolygon",
        "coordinates": [
          [
            [
              [
                -58.6508547,
                -34.5870937
              ],
              [
                -58.6500152,
                -34.5877874
              ],
              [
                -58.6491537,
                -34.58849
              ],
              [
                -58.6490322,
                -34.5885878
              ],
              [
                -58.6489327,
                -34.5886768
              ],
              [
                -58.6483146,
                -34.5891567
              ],
              [
                -58.6477424,
                -34.5896174
              ],
              [
                -58.6476741,
                -34.5896724
              ],
              [
                -58.6470558,
                -34.5901613
              ],
              [
                -58.6468571,
                -34.5903123
              ],
              [
                -58.6464153,
                -34.590677
              ],
              [
                -58.6458186,
                -34.5911751
              ],
              [
                -58.6451999,
                -34.591691
              ],
              [
                -58.6447026,
                -34.5921091
              ],
              [
                -58.6447773,
                -34.5922091
              ],
              [
                -58.6452471,
                -34.5928092
              ],
              [
                -58.6453541,
                -34.5929366
              ],
              [
                -58.6459199,
                -34.5936639
              ],
              [
                -58.6464908,
                -34.5934089
              ],
              [
                -58.6468666,
                -34.5930886
              ],
              [
                -58.6465977,
                -34.5928693
              ],
              [
                -58.6472161,
                -34.5923714
              ],
              [
                -58.6478567,
                -34.5918557
              ],
              [
                -58.6484751,
                -34.5913578
              ],
              [
                -58.6477761,
                -34.5907732
              ],
              [
                -58.6483945,
                -34.5902753
              ],
              [
                -58.6494438,
                -34.5894216
              ],
              [
                -58.6496424,
                -34.5892705
              ],
              [
                -58.6506915,
                -34.5884259
              ],
              [
                -58.6515859,
                -34.5877057
              ],
              [
                -58.6508547,
                -34.5870937
              ]
            ]
          ]
        ]
      }
    },
    {
      "type": "Feature",
      "properties": {
        "fid": 1121,
        "area": 102330.133,
        "perimeter": 1319.383,
        "nomprov": "BUENOS AIRES",
        "prov": "06",
        "nomdepto": "HURLINGHAM",
        "depto": "408",
        "frac": "11",
        "radio": "01",
        "tipo": "U",
        "link": "064081101",
        "assigned_zone_name": "Virgen Esperanza",
        "hurlingham_overlap_m2": 102306.3,
        "population_total": null,
        "households_total": null,
        "source_note": "PBA 2022 radio resource provides geometry and radio codes; no population/housing counts were present in the downloaded resource.",
        "source_name": "Datos Abiertos PBA / INDEC - Radios censales 2022",
        "source_url": "https://catalogo.datos.gba.gob.ar/dataset/radios-censales",
        "generated_at": "2026-06-13T02:11:01.209890+00:00",
        "data_confidence": "medium"
      },
      "geometry": {
        "type": "MultiPolygon",
        "coordinates": [
          [
            [
              [
                -58.6532522,
                -34.5891302
              ],
              [
                -58.6531232,
                -34.5890206
              ],
              [
                -58.6522288,
                -34.5897408
              ],
              [
                -58.6513565,
                -34.5904342
              ],
              [
                -58.6511909,
                -34.5905676
              ],
              [
                -58.6520834,
                -34.5913166
              ],
              [
                -58.6531909,
                -34.5922572
              ],
              [
                -58.6534167,
                -34.592449
              ],
              [
                -58.6542768,
                -34.5931795
              ],
              [
                -58.6543524,
                -34.5932254
              ],
              [
                -58.6549596,
                -34.5927454
              ],
              [
                -58.6552907,
                -34.5924877
              ],
              [
                -58.6553792,
                -34.5924075
              ],
              [
                -58.655589,
                -34.5922386
              ],
              [
                -58.656274,
                -34.5916693
              ],
              [
                -58.6561449,
                -34.5915597
              ],
              [
                -58.6551342,
                -34.5907013
              ],
              [
                -58.6540158,
                -34.5897695
              ],
              [
                -58.6532522,
                -34.5891302
              ]
            ]
          ]
        ]
      }
    },
    {
      "type": "Feature",
      "properties": {
        "fid": 1122,
        "area": 119307.187,
        "perimeter": 1387.214,
        "nomprov": "BUENOS AIRES",
        "prov": "06",
        "nomdepto": "HURLINGHAM",
        "depto": "408",
        "frac": "18",
        "radio": "06",
        "tipo": "U",
        "link": "064081806",
        "assigned_zone_name": "El Destino",
        "hurlingham_overlap_m2": 119280.35,
        "population_total": null,
        "households_total": null,
        "source_note": "PBA 2022 radio resource provides geometry and radio codes; no population/housing counts were present in the downloaded resource.",
        "source_name": "Datos Abiertos PBA / INDEC - Radios censales 2022",
        "source_url": "https://catalogo.datos.gba.gob.ar/dataset/radios-censales",
        "generated_at": "2026-06-13T02:11:01.209890+00:00",
        "data_confidence": "medium"
      },
      "geometry": {
        "type": "MultiPolygon",
        "coordinates": [
          [
            [
              [
                -58.6627115,
                -34.5953184
              ],
              [
                -58.662732,
                -34.5953997
              ],
              [
                -58.6635491,
                -34.5961027
              ],
              [
                -58.6644093,
                -34.5968422
              ],
              [
                -58.6656352,
                -34.5978832
              ],
              [
                -58.6662206,
                -34.5974028
              ],
              [
                -58.6667951,
                -34.5969224
              ],
              [
                -58.6671486,
                -34.5966288
              ],
              [
                -58.6674467,
                -34.5963887
              ],
              [
                -58.6676567,
                -34.5962107
              ],
              [
                -58.6679879,
                -34.5959439
              ],
              [
                -58.6671605,
                -34.5952048
              ],
              [
                -58.6668271,
                -34.5949217
              ],
              [
                -58.6659562,
                -34.5941731
              ],
              [
                -58.6651554,
                -34.5934703
              ],
              [
                -58.6650963,
                -34.5934156
              ],
              [
                -58.6645002,
                -34.5938868
              ],
              [
                -58.6638598,
                -34.5944025
              ],
              [
                -58.6634402,
                -34.5947405
              ],
              [
                -58.6632635,
                -34.5948827
              ],
              [
                -58.6627115,
                -34.5953184
              ]
            ]
          ]
        ]
      }
    },
    {
      "type": "Feature",
      "properties": {
        "fid": 1128,
        "area": 141388.995,
        "perimeter": 1528.125,
        "nomprov": "BUENOS AIRES",
        "prov": "06",
        "nomdepto": "HURLINGHAM",
        "depto": "408",
        "frac": "07",
        "radio": "08",
        "tipo": "U",
        "link": "064080708",
        "assigned_zone_name": "Parque Quirno",
        "hurlingham_overlap_m2": 141353.85,
        "population_total": null,
        "households_total": null,
        "source_note": "PBA 2022 radio resource provides geometry and radio codes; no population/housing counts were present in the downloaded resource.",
        "source_name": "Datos Abiertos PBA / INDEC - Radios censales 2022",
        "source_url": "https://catalogo.datos.gba.gob.ar/dataset/radios-censales",
        "generated_at": "2026-06-13T02:11:01.209890+00:00",
        "data_confidence": "medium"
      },
      "geometry": {
        "type": "MultiPolygon",
        "coordinates": [
          [
            [
              [
                -58.6280509,
                -34.6045509
              ],
              [
                -58.6284162,
                -34.6048705
              ],
              [
                -58.6287279,
                -34.6051444
              ],
              [
                -58.6294158,
                -34.605738
              ],
              [
                -58.6295661,
                -34.6058749
              ],
              [
                -58.6300392,
                -34.6062768
              ],
              [
                -58.6306198,
                -34.6067701
              ],
              [
                -58.6306843,
                -34.6068249
              ],
              [
                -58.6308458,
                -34.6069438
              ],
              [
                -58.6308676,
                -34.6069441
              ],
              [
                -58.6311724,
                -34.6069746
              ],
              [
                -58.6322499,
                -34.6070768
              ],
              [
                -58.6324463,
                -34.60707
              ],
              [
                -58.6330982,
                -34.6065365
              ],
              [
                -58.6339379,
                -34.6058518
              ],
              [
                -58.6331963,
                -34.6052036
              ],
              [
                -58.6329704,
                -34.6050208
              ],
              [
                -58.6329276,
                -34.6049752
              ],
              [
                -58.6323252,
                -34.6044817
              ],
              [
                -58.6321102,
                -34.6042991
              ],
              [
                -58.632067,
                -34.6042715
              ],
              [
                -58.6320349,
                -34.6042351
              ],
              [
                -58.631992,
                -34.6041896
              ],
              [
                -58.6319602,
                -34.6041351
              ],
              [
                -58.6319286,
                -34.6040717
              ],
              [
                -58.6318968,
                -34.6040172
              ],
              [
                -58.631876,
                -34.6039539
              ],
              [
                -58.6318661,
                -34.6038907
              ],
              [
                -58.6318561,
                -34.6038365
              ],
              [
                -58.6318567,
                -34.6038005
              ],
              [
                -58.6318572,
                -34.6037734
              ],
              [
                -58.6318691,
                -34.6037105
              ],
              [
                -58.631881,
                -34.6036475
              ],
              [
                -58.6318816,
                -34.6036115
              ],
              [
                -58.6318715,
                -34.6035663
              ],
              [
                -58.6318721,
                -34.6035302
              ],
              [
                -58.6318617,
                -34.6034941
              ],
              [
                -58.6318405,
                -34.6034578
              ],
              [
                -58.6318193,
                -34.6034215
              ],
              [
                -58.6317981,
                -34.6033852
              ],
              [
                -58.6317768,
                -34.6033579
              ],
              [
                -58.6317447,
                -34.6033215
              ],
              [
                -58.6317124,
                -34.6032941
              ],
              [
                -58.6316693,
                -34.6032666
              ],
              [
                -58.6316369,
                -34.6032482
              ],
              [
                -58.6316152,
                -34.6032389
              ],
              [
                -58.6306668,
                -34.6025793
              ],
              [
                -58.6306021,
                -34.6025335
              ],
              [
                -58.6304475,
                -34.602658
              ],
              [
                -58.6297185,
                -34.6032357
              ],
              [
                -58.6288349,
                -34.6039378
              ],
              [
                -58.6280509,
                -34.6045509
              ]
            ]
          ]
        ]
      }
    },
    {
      "type": "Feature",
      "properties": {
        "fid": 1264,
        "area": 80938.507,
        "perimeter": 1395.778,
        "nomprov": "BUENOS AIRES",
        "prov": "06",
        "nomdepto": "HURLINGHAM",
        "depto": "408",
        "frac": "01",
        "radio": "05",
        "tipo": "U",
        "link": "064080105",
        "assigned_zone_name": "Villa Club",
        "hurlingham_overlap_m2": 80918.79,
        "population_total": null,
        "households_total": null,
        "source_note": "PBA 2022 radio resource provides geometry and radio codes; no population/housing counts were present in the downloaded resource.",
        "source_name": "Datos Abiertos PBA / INDEC - Radios censales 2022",
        "source_url": "https://catalogo.datos.gba.gob.ar/dataset/radios-censales",
        "generated_at": "2026-06-13T02:11:01.209890+00:00",
        "data_confidence": "medium"
      },
      "geometry": {
        "type": "MultiPolygon",
        "coordinates": [
          [
            [
              [
                -58.6378946,
                -34.573826
              ],
              [
                -58.637089,
                -34.5744479
              ],
              [
                -58.6366806,
                -34.5747679
              ],
              [
                -58.6362939,
                -34.575088
              ],
              [
                -58.6361613,
                -34.5752037
              ],
              [
                -58.6347929,
                -34.576252
              ],
              [
                -58.6350614,
                -34.5764894
              ],
              [
                -58.6355556,
                -34.5769276
              ],
              [
                -58.6361519,
                -34.5764475
              ],
              [
                -58.637046,
                -34.5757454
              ],
              [
                -58.6377981,
                -34.5764028
              ],
              [
                -58.6385715,
                -34.5770874
              ],
              [
                -58.6391013,
                -34.5766787
              ],
              [
                -58.6393884,
                -34.5764476
              ],
              [
                -58.6401722,
                -34.5758254
              ],
              [
                -58.6394094,
                -34.5751589
              ],
              [
                -58.6386573,
                -34.5745015
              ],
              [
                -58.6378946,
                -34.573826
              ]
            ]
          ]
        ]
      }
    },
    {
      "type": "Feature",
      "properties": {
        "fid": 1265,
        "area": 89547.719,
        "perimeter": 1508.774,
        "nomprov": "BUENOS AIRES",
        "prov": "06",
        "nomdepto": "HURLINGHAM",
        "depto": "408",
        "frac": "05",
        "radio": "05",
        "tipo": "U",
        "link": "064080505",
        "assigned_zone_name": "La Leonor",
        "hurlingham_overlap_m2": 89527.19,
        "population_total": null,
        "households_total": null,
        "source_note": "PBA 2022 radio resource provides geometry and radio codes; no population/housing counts were present in the downloaded resource.",
        "source_name": "Datos Abiertos PBA / INDEC - Radios censales 2022",
        "source_url": "https://catalogo.datos.gba.gob.ar/dataset/radios-censales",
        "generated_at": "2026-06-13T02:11:01.209890+00:00",
        "data_confidence": "medium"
      },
      "geometry": {
        "type": "MultiPolygon",
        "coordinates": [
          [
            [
              [
                -58.6606745,
                -34.5843716
              ],
              [
                -58.6601556,
                -34.5847895
              ],
              [
                -58.6598133,
                -34.5850652
              ],
              [
                -58.6590404,
                -34.5856877
              ],
              [
                -58.6582565,
                -34.586319
              ],
              [
                -58.6574836,
                -34.5869414
              ],
              [
                -58.6571414,
                -34.5872081
              ],
              [
                -58.657075,
                -34.5872705
              ],
              [
                -58.6567215,
                -34.587564
              ],
              [
                -58.6559374,
                -34.5882043
              ],
              [
                -58.6570556,
                -34.5891541
              ],
              [
                -58.6578396,
                -34.5885227
              ],
              [
                -58.6578839,
                -34.5884782
              ],
              [
                -58.6586127,
                -34.5878913
              ],
              [
                -58.6593856,
                -34.5872688
              ],
              [
                -58.6601586,
                -34.5866373
              ],
              [
                -58.6609315,
                -34.5860149
              ],
              [
                -58.6617817,
                -34.5853302
              ],
              [
                -58.6615561,
                -34.5851294
              ],
              [
                -58.6606745,
                -34.5843716
              ]
            ]
          ]
        ]
      }
    },
    {
      "type": "Feature",
      "properties": {
        "fid": 1410,
        "area": 82679.148,
        "perimeter": 1141.472,
        "nomprov": "BUENOS AIRES",
        "prov": "06",
        "nomdepto": "HURLINGHAM",
        "depto": "408",
        "frac": "08",
        "radio": "13",
        "tipo": "U",
        "link": "064080813",
        "assigned_zone_name": "La Juanita",
        "hurlingham_overlap_m2": 82657.95,
        "population_total": null,
        "households_total": null,
        "source_note": "PBA 2022 radio resource provides geometry and radio codes; no population/housing counts were present in the downloaded resource.",
        "source_name": "Datos Abiertos PBA / INDEC - Radios censales 2022",
        "source_url": "https://catalogo.datos.gba.gob.ar/dataset/radios-censales",
        "generated_at": "2026-06-13T02:11:01.209890+00:00",
        "data_confidence": "medium"
      },
      "geometry": {
        "type": "MultiPolygon",
        "coordinates": [
          [
            [
              [
                -58.6209283,
                -34.6179908
              ],
              [
                -58.6198269,
                -34.6180054
              ],
              [
                -58.6193733,
                -34.6179908
              ],
              [
                -58.6190672,
                -34.6179727
              ],
              [
                -58.6187825,
                -34.6184294
              ],
              [
                -58.6186602,
                -34.6186208
              ],
              [
                -58.6185169,
                -34.6188516
              ],
              [
                -58.6183575,
                -34.6191323
              ],
              [
                -58.6181854,
                -34.6194354
              ],
              [
                -58.6180439,
                -34.6198305
              ],
              [
                -58.6179812,
                -34.6200054
              ],
              [
                -58.6181959,
                -34.6211306
              ],
              [
                -58.618196,
                -34.6211313
              ],
              [
                -58.6186142,
                -34.6211134
              ],
              [
                -58.6192957,
                -34.621109
              ],
              [
                -58.6197319,
                -34.6211049
              ],
              [
                -58.6209533,
                -34.6210917
              ],
              [
                -58.6209498,
                -34.620641
              ],
              [
                -58.6209557,
                -34.6202895
              ],
              [
                -58.6209365,
                -34.6194691
              ],
              [
                -58.6209269,
                -34.6187299
              ],
              [
                -58.6209283,
                -34.6179908
              ]
            ]
          ]
        ]
      }
    },
    {
      "type": "Feature",
      "properties": {
        "fid": 1414,
        "area": 117806.31,
        "perimeter": 1572.127,
        "nomprov": "BUENOS AIRES",
        "prov": "06",
        "nomdepto": "HURLINGHAM",
        "depto": "408",
        "frac": "12",
        "radio": "03",
        "tipo": "U",
        "link": "064081203",
        "assigned_zone_name": "Dos de Abril",
        "hurlingham_overlap_m2": 117600.94,
        "population_total": null,
        "households_total": null,
        "source_note": "PBA 2022 radio resource provides geometry and radio codes; no population/housing counts were present in the downloaded resource.",
        "source_name": "Datos Abiertos PBA / INDEC - Radios censales 2022",
        "source_url": "https://catalogo.datos.gba.gob.ar/dataset/radios-censales",
        "generated_at": "2026-06-13T02:11:01.209890+00:00",
        "data_confidence": "medium"
      },
      "geometry": {
        "type": "MultiPolygon",
        "coordinates": [
          [
            [
              [
                -58.6565562,
                -34.6201641
              ],
              [
                -58.6571418,
                -34.6206437
              ],
              [
                -58.6581272,
                -34.6214613
              ],
              [
                -58.6584475,
                -34.6212034
              ],
              [
                -58.6593956,
                -34.6204112
              ],
              [
                -58.6604589,
                -34.619522
              ],
              [
                -58.6615195,
                -34.6186593
              ],
              [
                -58.662613,
                -34.617779
              ],
              [
                -58.6617307,
                -34.6170482
              ],
              [
                -58.661047,
                -34.616448
              ],
              [
                -58.6599482,
                -34.6173802
              ],
              [
                -58.6589096,
                -34.618234
              ],
              [
                -58.6578271,
                -34.6191185
              ],
              [
                -58.6571639,
                -34.619666
              ],
              [
                -58.6568656,
                -34.6199106
              ],
              [
                -58.6565562,
                -34.6201641
              ]
            ]
          ]
        ]
      }
    },
    {
      "type": "Feature",
      "properties": {
        "fid": 1415,
        "area": 47924.826,
        "perimeter": 1262.344,
        "nomprov": "BUENOS AIRES",
        "prov": "06",
        "nomdepto": "HURLINGHAM",
        "depto": "408",
        "frac": "15",
        "radio": "11",
        "tipo": "U",
        "link": "064081511",
        "assigned_zone_name": "Atepam Italia",
        "hurlingham_overlap_m2": 47912.82,
        "population_total": null,
        "households_total": null,
        "source_note": "PBA 2022 radio resource provides geometry and radio codes; no population/housing counts were present in the downloaded resource.",
        "source_name": "Datos Abiertos PBA / INDEC - Radios censales 2022",
        "source_url": "https://catalogo.datos.gba.gob.ar/dataset/radios-censales",
        "generated_at": "2026-06-13T02:11:01.209890+00:00",
        "data_confidence": "medium"
      },
      "geometry": {
        "type": "MultiPolygon",
        "coordinates": [
          [
            [
              [
                -58.6311321,
                -34.6280205
              ],
              [
                -58.6308051,
                -34.6280079
              ],
              [
                -58.6299984,
                -34.6279988
              ],
              [
                -58.6297552,
                -34.6279925
              ],
              [
                -58.6292022,
                -34.627977
              ],
              [
                -58.6288758,
                -34.6279682
              ],
              [
                -58.6287388,
                -34.6279923
              ],
              [
                -58.6280894,
                -34.6281072
              ],
              [
                -58.6274869,
                -34.6282139
              ],
              [
                -58.6273829,
                -34.6279063
              ],
              [
                -58.626081,
                -34.628171
              ],
              [
                -58.6261635,
                -34.6284604
              ],
              [
                -58.6263249,
                -34.6291294
              ],
              [
                -58.6269335,
                -34.6289967
              ],
              [
                -58.6276808,
                -34.6288342
              ],
              [
                -58.6282849,
                -34.6287118
              ],
              [
                -58.6284422,
                -34.6289301
              ],
              [
                -58.6285925,
                -34.6292909
              ],
              [
                -58.628842,
                -34.6292707
              ],
              [
                -58.6289916,
                -34.6293369
              ],
              [
                -58.6291116,
                -34.6295391
              ],
              [
                -58.6291666,
                -34.6295127
              ],
              [
                -58.6292658,
                -34.6294507
              ],
              [
                -58.6293649,
                -34.6293888
              ],
              [
                -58.6295409,
                -34.6292166
              ],
              [
                -58.6295979,
                -34.629148
              ],
              [
                -58.6296648,
                -34.6290586
              ],
              [
                -58.62971,
                -34.62896
              ],
              [
                -58.6297552,
                -34.6288614
              ],
              [
                -58.6297896,
                -34.6287626
              ],
              [
                -58.6298001,
                -34.6286976
              ],
              [
                -58.6298845,
                -34.6287369
              ],
              [
                -58.6305007,
                -34.6290241
              ],
              [
                -58.6307504,
                -34.6290922
              ],
              [
                -58.6310518,
                -34.628263
              ],
              [
                -58.6311321,
                -34.6280205
              ]
            ]
          ]
        ]
      }
    },
    {
      "type": "Feature",
      "properties": {
        "fid": 1416,
        "area": 105070.448,
        "perimeter": 2129.167,
        "nomprov": "BUENOS AIRES",
        "prov": "06",
        "nomdepto": "HURLINGHAM",
        "depto": "408",
        "frac": "17",
        "radio": "07",
        "tipo": "U",
        "link": "064081707",
        "assigned_zone_name": "Cosmopolita",
        "hurlingham_overlap_m2": 105045.21,
        "population_total": null,
        "households_total": null,
        "source_note": "PBA 2022 radio resource provides geometry and radio codes; no population/housing counts were present in the downloaded resource.",
        "source_name": "Datos Abiertos PBA / INDEC - Radios censales 2022",
        "source_url": "https://catalogo.datos.gba.gob.ar/dataset/radios-censales",
        "generated_at": "2026-06-13T02:11:01.209890+00:00",
        "data_confidence": "medium"
      },
      "geometry": {
        "type": "MultiPolygon",
        "coordinates": [
          [
            [
              [
                -58.6424752,
                -34.5829717
              ],
              [
                -58.6415922,
                -34.5836559
              ],
              [
                -58.6413023,
                -34.5833913
              ],
              [
                -58.6410044,
                -34.5836133
              ],
              [
                -58.6406732,
                -34.583871
              ],
              [
                -58.6409527,
                -34.5841085
              ],
              [
                -58.6412534,
                -34.5843822
              ],
              [
                -58.6415846,
                -34.5841245
              ],
              [
                -58.6419929,
                -34.5844806
              ],
              [
                -58.6427557,
                -34.5851561
              ],
              [
                -58.6430134,
                -34.5853933
              ],
              [
                -58.6416614,
                -34.5861038
              ],
              [
                -58.6398369,
                -34.5870435
              ],
              [
                -58.6396382,
                -34.5871445
              ],
              [
                -58.6400065,
                -34.5871294
              ],
              [
                -58.646313,
                -34.583864
              ],
              [
                -58.6461649,
                -34.5837236
              ],
              [
                -58.6458244,
                -34.5834325
              ],
              [
                -58.6454163,
                -34.5830585
              ],
              [
                -58.6452873,
                -34.5829489
              ],
              [
                -58.6450403,
                -34.5827208
              ],
              [
                -58.6446749,
                -34.5824103
              ],
              [
                -58.6439658,
                -34.5817804
              ],
              [
                -58.6427623,
                -34.5827405
              ],
              [
                -58.6425248,
                -34.5829362
              ],
              [
                -58.6424752,
                -34.5829717
              ]
            ]
          ]
        ]
      }
    },
    {
      "type": "Feature",
      "properties": {
        "fid": 1417,
        "area": 241666.984,
        "perimeter": 2197.55,
        "nomprov": "BUENOS AIRES",
        "prov": "06",
        "nomdepto": "HURLINGHAM",
        "depto": "408",
        "frac": "06",
        "radio": "03",
        "tipo": "U",
        "link": "064080603",
        "assigned_zone_name": "Hurlingham Centro",
        "hurlingham_overlap_m2": 241607.4,
        "population_total": null,
        "households_total": null,
        "source_note": "PBA 2022 radio resource provides geometry and radio codes; no population/housing counts were present in the downloaded resource.",
        "source_name": "Datos Abiertos PBA / INDEC - Radios censales 2022",
        "source_url": "https://catalogo.datos.gba.gob.ar/dataset/radios-censales",
        "generated_at": "2026-06-13T02:11:01.209890+00:00",
        "data_confidence": "medium"
      },
      "geometry": {
        "type": "MultiPolygon",
        "coordinates": [
          [
            [
              [
                -58.6354864,
                -34.5998211
              ],
              [
                -58.6356496,
                -34.599841
              ],
              [
                -58.6357315,
                -34.5988324
              ],
              [
                -58.6358246,
                -34.5978059
              ],
              [
                -58.6358919,
                -34.5970224
              ],
              [
                -58.6359177,
                -34.5967794
              ],
              [
                -58.6359187,
                -34.5967163
              ],
              [
                -58.6360259,
                -34.5954916
              ],
              [
                -58.6361362,
                -34.5940778
              ],
              [
                -58.6362311,
                -34.5929431
              ],
              [
                -58.6362673,
                -34.5927272
              ],
              [
                -58.6358694,
                -34.5930653
              ],
              [
                -58.6353615,
                -34.5934652
              ],
              [
                -58.6344231,
                -34.5941938
              ],
              [
                -58.6338489,
                -34.5946471
              ],
              [
                -58.6335066,
                -34.5949136
              ],
              [
                -58.633065,
                -34.5952602
              ],
              [
                -58.6323252,
                -34.5958378
              ],
              [
                -58.6309121,
                -34.5969306
              ],
              [
                -58.6300068,
                -34.5976325
              ],
              [
                -58.6305544,
                -34.5981344
              ],
              [
                -58.6307802,
                -34.5983262
              ],
              [
                -58.6315433,
                -34.5989838
              ],
              [
                -58.6323063,
                -34.5996503
              ],
              [
                -58.6329598,
                -34.5996847
              ],
              [
                -58.6341795,
                -34.5997524
              ],
              [
                -58.6343212,
                -34.599754
              ],
              [
                -58.6354864,
                -34.5998211
              ]
            ]
          ]
        ]
      }
    },
    {
      "type": "Feature",
      "properties": {
        "fid": 1418,
        "area": 86487.548,
        "perimeter": 1182.569,
        "nomprov": "BUENOS AIRES",
        "prov": "06",
        "nomdepto": "HURLINGHAM",
        "depto": "408",
        "frac": "13",
        "radio": "01",
        "tipo": "U",
        "link": "064081301",
        "assigned_zone_name": "Mitre",
        "hurlingham_overlap_m2": 86466.96,
        "population_total": null,
        "households_total": null,
        "source_note": "PBA 2022 radio resource provides geometry and radio codes; no population/housing counts were present in the downloaded resource.",
        "source_name": "Datos Abiertos PBA / INDEC - Radios censales 2022",
        "source_url": "https://catalogo.datos.gba.gob.ar/dataset/radios-censales",
        "generated_at": "2026-06-13T02:11:01.209890+00:00",
        "data_confidence": "medium"
      },
      "geometry": {
        "type": "MultiPolygon",
        "coordinates": [
          [
            [
              [
                -58.6464131,
                -34.6116333
              ],
              [
                -58.6465534,
                -34.611725
              ],
              [
                -58.6473266,
                -34.6111027
              ],
              [
                -58.6477795,
                -34.6107381
              ],
              [
                -58.6479231,
                -34.6106225
              ],
              [
                -58.6481661,
                -34.6104269
              ],
              [
                -58.6490274,
                -34.6097515
              ],
              [
                -58.6486281,
                -34.6094902
              ],
              [
                -58.6478084,
                -34.6089538
              ],
              [
                -58.6472782,
                -34.6086086
              ],
              [
                -58.646611,
                -34.6081744
              ],
              [
                -58.6457718,
                -34.608832
              ],
              [
                -58.6449324,
                -34.6094987
              ],
              [
                -58.6447448,
                -34.6096409
              ],
              [
                -58.6442261,
                -34.6100317
              ],
              [
                -58.6443446,
                -34.6101186
              ],
              [
                -58.6450125,
                -34.6106083
              ],
              [
                -58.6451849,
                -34.6107364
              ],
              [
                -58.6454004,
                -34.610892
              ],
              [
                -58.6464131,
                -34.6116333
              ]
            ]
          ]
        ]
      }
    },
    {
      "type": "Feature",
      "properties": {
        "fid": 1419,
        "area": 278090.488,
        "perimeter": 2707.816,
        "nomprov": "BUENOS AIRES",
        "prov": "06",
        "nomdepto": "HURLINGHAM",
        "depto": "408",
        "frac": "11",
        "radio": "11",
        "tipo": "U",
        "link": "064081111",
        "assigned_zone_name": "San Alberto",
        "hurlingham_overlap_m2": 177391.97,
        "population_total": null,
        "households_total": null,
        "source_note": "PBA 2022 radio resource provides geometry and radio codes; no population/housing counts were present in the downloaded resource.",
        "source_name": "Datos Abiertos PBA / INDEC - Radios censales 2022",
        "source_url": "https://catalogo.datos.gba.gob.ar/dataset/radios-censales",
        "generated_at": "2026-06-13T02:11:01.209890+00:00",
        "data_confidence": "medium"
      },
      "geometry": {
        "type": "MultiPolygon",
        "coordinates": [
          [
            [
              [
                -58.6570638,
                -34.5974466
              ],
              [
                -58.6566111,
                -34.5978112
              ],
              [
                -58.6561031,
                -34.5982202
              ],
              [
                -58.6557055,
                -34.5985403
              ],
              [
                -58.6556724,
                -34.598567
              ],
              [
                -58.6554515,
                -34.5987448
              ],
              [
                -58.6552306,
                -34.5989227
              ],
              [
                -58.6552003,
                -34.5989465
              ],
              [
                -58.6549826,
                -34.5991176
              ],
              [
                -58.6547669,
                -34.5992871
              ],
              [
                -58.6547631,
                -34.5992903
              ],
              [
                -58.6539937,
                -34.5999185
              ],
              [
                -58.6537618,
                -34.6001053
              ],
              [
                -58.6531766,
                -34.6005675
              ],
              [
                -58.6520062,
                -34.601492
              ],
              [
                -58.6519726,
                -34.6015457
              ],
              [
                -58.6518831,
                -34.6016889
              ],
              [
                -58.6533488,
                -34.6027326
              ],
              [
                -58.6546862,
                -34.6036876
              ],
              [
                -58.6579979,
                -34.606052
              ],
              [
                -58.6579853,
                -34.6058389
              ],
              [
                -58.6579961,
                -34.6056861
              ],
              [
                -58.6582456,
                -34.6053411
              ],
              [
                -58.6583669,
                -34.6051199
              ],
              [
                -58.6585589,
                -34.6047714
              ],
              [
                -58.6585835,
                -34.6047259
              ],
              [
                -58.658773,
                -34.6042792
              ],
              [
                -58.6590711,
                -34.6039002
              ],
              [
                -58.6592144,
                -34.603689
              ],
              [
                -58.6591219,
                -34.6036256
              ],
              [
                -58.6586807,
                -34.6033232
              ],
              [
                -58.6580447,
                -34.6028745
              ],
              [
                -58.657646,
                -34.6025907
              ],
              [
                -58.6574412,
                -34.6024443
              ],
              [
                -58.6564603,
                -34.6017574
              ],
              [
                -58.657189,
                -34.6011796
              ],
              [
                -58.6577633,
                -34.6007172
              ],
              [
                -58.6569144,
                -34.5999597
              ],
              [
                -58.6574776,
                -34.5995062
              ],
              [
                -58.6576874,
                -34.5993373
              ],
              [
                -58.6585155,
                -34.5986794
              ],
              [
                -58.6580531,
                -34.5982867
              ],
              [
                -58.6576553,
                -34.5979489
              ],
              [
                -58.6570638,
                -34.5974466
              ]
            ]
          ]
        ]
      }
    },
    {
      "type": "Feature",
      "properties": {
        "fid": 1450,
        "area": 139621.508,
        "perimeter": 1833.156,
        "nomprov": "BUENOS AIRES",
        "prov": "06",
        "nomdepto": "HURLINGHAM",
        "depto": "408",
        "frac": "13",
        "radio": "05",
        "tipo": "U",
        "link": "064081305",
        "assigned_zone_name": "Mitre",
        "hurlingham_overlap_m2": 139588.09,
        "population_total": null,
        "households_total": null,
        "source_note": "PBA 2022 radio resource provides geometry and radio codes; no population/housing counts were present in the downloaded resource.",
        "source_name": "Datos Abiertos PBA / INDEC - Radios censales 2022",
        "source_url": "https://catalogo.datos.gba.gob.ar/dataset/radios-censales",
        "generated_at": "2026-06-13T02:11:01.209890+00:00",
        "data_confidence": "medium"
      },
      "geometry": {
        "type": "MultiPolygon",
        "coordinates": [
          [
            [
              [
                -58.642349,
                -34.611489
              ],
              [
                -58.6416753,
                -34.6120223
              ],
              [
                -58.6417291,
                -34.612068
              ],
              [
                -58.6422621,
                -34.612813
              ],
              [
                -58.6424322,
                -34.6130763
              ],
              [
                -58.6424749,
                -34.6131309
              ],
              [
                -58.6432313,
                -34.6142164
              ],
              [
                -58.6432847,
                -34.6142846
              ],
              [
                -58.6433487,
                -34.6143709
              ],
              [
                -58.6441275,
                -34.6154207
              ],
              [
                -58.6452141,
                -34.6163161
              ],
              [
                -58.6462791,
                -34.6172022
              ],
              [
                -58.6468535,
                -34.6167399
              ],
              [
                -58.6480245,
                -34.6157974
              ],
              [
                -58.6479168,
                -34.6157151
              ],
              [
                -58.6469152,
                -34.6149559
              ],
              [
                -58.6457844,
                -34.6140961
              ],
              [
                -58.6457306,
                -34.6140504
              ],
              [
                -58.6447737,
                -34.6132285
              ],
              [
                -58.6447311,
                -34.613165
              ],
              [
                -58.6446884,
                -34.6131104
              ],
              [
                -58.6439421,
                -34.6120746
              ],
              [
                -58.643078,
                -34.6109113
              ],
              [
                -58.642349,
                -34.611489
              ]
            ]
          ]
        ]
      }
    },
    {
      "type": "Feature",
      "properties": {
        "fid": 1472,
        "area": 67075.641,
        "perimeter": 1051.334,
        "nomprov": "BUENOS AIRES",
        "prov": "06",
        "nomdepto": "HURLINGHAM",
        "depto": "408",
        "frac": "10",
        "radio": "08",
        "tipo": "U",
        "link": "064081008",
        "assigned_zone_name": "Luna",
        "hurlingham_overlap_m2": 67059.54,
        "population_total": null,
        "households_total": null,
        "source_note": "PBA 2022 radio resource provides geometry and radio codes; no population/housing counts were present in the downloaded resource.",
        "source_name": "Datos Abiertos PBA / INDEC - Radios censales 2022",
        "source_url": "https://catalogo.datos.gba.gob.ar/dataset/radios-censales",
        "generated_at": "2026-06-13T02:11:01.209890+00:00",
        "data_confidence": "medium"
      },
      "geometry": {
        "type": "MultiPolygon",
        "coordinates": [
          [
            [
              [
                -58.6426459,
                -34.6053091
              ],
              [
                -58.6430829,
                -34.6059178
              ],
              [
                -58.6437345,
                -34.6054023
              ],
              [
                -58.643856,
                -34.6053045
              ],
              [
                -58.6447396,
                -34.6045932
              ],
              [
                -58.6456121,
                -34.6038999
              ],
              [
                -58.6450422,
                -34.6034158
              ],
              [
                -58.6444724,
                -34.6029228
              ],
              [
                -58.6438918,
                -34.6024296
              ],
              [
                -58.6437373,
                -34.6025451
              ],
              [
                -58.6432513,
                -34.6029362
              ],
              [
                -58.6425444,
                -34.6035052
              ],
              [
                -58.6417821,
                -34.6041277
              ],
              [
                -58.6418466,
                -34.6041825
              ],
              [
                -58.642134,
                -34.6046093
              ],
              [
                -58.64223,
                -34.6047366
              ],
              [
                -58.6426459,
                -34.6053091
              ]
            ]
          ]
        ]
      }
    },
    {
      "type": "Feature",
      "properties": {
        "fid": 1473,
        "area": 80177.28,
        "perimeter": 1212.371,
        "nomprov": "BUENOS AIRES",
        "prov": "06",
        "nomdepto": "HURLINGHAM",
        "depto": "408",
        "frac": "11",
        "radio": "03",
        "tipo": "U",
        "link": "064081103",
        "assigned_zone_name": "Cartero",
        "hurlingham_overlap_m2": 80158.29,
        "population_total": null,
        "households_total": null,
        "source_note": "PBA 2022 radio resource provides geometry and radio codes; no population/housing counts were present in the downloaded resource.",
        "source_name": "Datos Abiertos PBA / INDEC - Radios censales 2022",
        "source_url": "https://catalogo.datos.gba.gob.ar/dataset/radios-censales",
        "generated_at": "2026-06-13T02:11:01.209890+00:00",
        "data_confidence": "medium"
      },
      "geometry": {
        "type": "MultiPolygon",
        "coordinates": [
          [
            [
              [
                -58.6484751,
                -34.5913578
              ],
              [
                -58.6478567,
                -34.5918557
              ],
              [
                -58.6472161,
                -34.5923714
              ],
              [
                -58.6465977,
                -34.5928693
              ],
              [
                -58.6468666,
                -34.5930886
              ],
              [
                -58.6464908,
                -34.5934089
              ],
              [
                -58.6459199,
                -34.5936639
              ],
              [
                -58.6464753,
                -34.5943642
              ],
              [
                -58.6471909,
                -34.5952734
              ],
              [
                -58.6477099,
                -34.5948556
              ],
              [
                -58.6483284,
                -34.5943577
              ],
              [
                -58.64898,
                -34.5938331
              ],
              [
                -58.6491235,
                -34.5937175
              ],
              [
                -58.6495875,
                -34.593335
              ],
              [
                -58.6502061,
                -34.5928281
              ],
              [
                -58.6500233,
                -34.5926729
              ],
              [
                -58.6493245,
                -34.5920792
              ],
              [
                -58.6491202,
                -34.5919057
              ],
              [
                -58.6484751,
                -34.5913578
              ]
            ]
          ]
        ]
      }
    },
    {
      "type": "Feature",
      "properties": {
        "fid": 1474,
        "area": 218644.626,
        "perimeter": 2300.999,
        "nomprov": "BUENOS AIRES",
        "prov": "06",
        "nomdepto": "HURLINGHAM",
        "depto": "408",
        "frac": "06",
        "radio": "01",
        "tipo": "U",
        "link": "064080601",
        "assigned_zone_name": "Parque Jhonston",
        "hurlingham_overlap_m2": 218591.4,
        "population_total": null,
        "households_total": null,
        "source_note": "PBA 2022 radio resource provides geometry and radio codes; no population/housing counts were present in the downloaded resource.",
        "source_name": "Datos Abiertos PBA / INDEC - Radios censales 2022",
        "source_url": "https://catalogo.datos.gba.gob.ar/dataset/radios-censales",
        "generated_at": "2026-06-13T02:11:01.209890+00:00",
        "data_confidence": "medium"
      },
      "geometry": {
        "type": "MultiPolygon",
        "coordinates": [
          [
            [
              [
                -58.6436175,
                -34.5869817
              ],
              [
                -58.6426588,
                -34.587021
              ],
              [
                -58.6419241,
                -34.587051
              ],
              [
                -58.6403238,
                -34.5871165
              ],
              [
                -58.6400065,
                -34.5871294
              ],
              [
                -58.6378903,
                -34.5882353
              ],
              [
                -58.6336265,
                -34.5904632
              ],
              [
                -58.6338274,
                -34.5906358
              ],
              [
                -58.6345044,
                -34.5912203
              ],
              [
                -58.6349235,
                -34.5915855
              ],
              [
                -58.6353747,
                -34.5919871
              ],
              [
                -58.6362673,
                -34.5927272
              ],
              [
                -58.6363889,
                -34.5926204
              ],
              [
                -58.6371395,
                -34.5920429
              ],
              [
                -58.6380777,
                -34.5913233
              ],
              [
                -58.6385635,
                -34.5909411
              ],
              [
                -58.6390162,
                -34.5905856
              ],
              [
                -58.6397778,
                -34.5899992
              ],
              [
                -58.6399435,
                -34.5898659
              ],
              [
                -58.6404845,
                -34.5894393
              ],
              [
                -58.6406389,
                -34.5893238
              ],
              [
                -58.6407604,
                -34.589226
              ],
              [
                -58.6415887,
                -34.5885592
              ],
              [
                -58.6417323,
                -34.5884436
              ],
              [
                -58.6427921,
                -34.5876082
              ],
              [
                -58.64309,
                -34.5873861
              ],
              [
                -58.6431451,
                -34.5873507
              ],
              [
                -58.6433659,
                -34.5871774
              ],
              [
                -58.6436175,
                -34.5869817
              ]
            ]
          ]
        ]
      }
    },
    {
      "type": "Feature",
      "properties": {
        "fid": 1475,
        "area": 146638.76,
        "perimeter": 1554.939,
        "nomprov": "BUENOS AIRES",
        "prov": "06",
        "nomdepto": "HURLINGHAM",
        "depto": "408",
        "frac": "03",
        "radio": "06",
        "tipo": "U",
        "link": "064080306",
        "assigned_zone_name": "Roca 1",
        "hurlingham_overlap_m2": 146604.82,
        "population_total": null,
        "households_total": null,
        "source_note": "PBA 2022 radio resource provides geometry and radio codes; no population/housing counts were present in the downloaded resource.",
        "source_name": "Datos Abiertos PBA / INDEC - Radios censales 2022",
        "source_url": "https://catalogo.datos.gba.gob.ar/dataset/radios-censales",
        "generated_at": "2026-06-13T02:11:01.209890+00:00",
        "data_confidence": "medium"
      },
      "geometry": {
        "type": "MultiPolygon",
        "coordinates": [
          [
            [
              [
                -58.6554328,
                -34.5789329
              ],
              [
                -58.6555347,
                -34.5790325
              ],
              [
                -58.6585925,
                -34.5774296
              ],
              [
                -58.6584995,
                -34.5773036
              ],
              [
                -58.6580415,
                -34.5766451
              ],
              [
                -58.6579557,
                -34.576554
              ],
              [
                -58.6578375,
                -34.5764536
              ],
              [
                -58.6572036,
                -34.5758878
              ],
              [
                -58.6564407,
                -34.5752214
              ],
              [
                -58.6558174,
                -34.5746737
              ],
              [
                -58.6555058,
                -34.5743999
              ],
              [
                -58.6552048,
                -34.5741442
              ],
              [
                -58.6542779,
                -34.574864
              ],
              [
                -58.6535605,
                -34.575424
              ],
              [
                -58.6532736,
                -34.5756461
              ],
              [
                -58.6530861,
                -34.5757883
              ],
              [
                -58.6526446,
                -34.576135
              ],
              [
                -58.6527736,
                -34.5762445
              ],
              [
                -58.6533967,
                -34.5768012
              ],
              [
                -58.6541595,
                -34.5774767
              ],
              [
                -58.6548042,
                -34.5780426
              ],
              [
                -58.6548789,
                -34.5781426
              ],
              [
                -58.6553593,
                -34.5787608
              ],
              [
                -58.6554328,
                -34.5789329
              ]
            ]
          ]
        ]
      }
    },
    {
      "type": "Feature",
      "properties": {
        "fid": 1476,
        "area": 234664.119,
        "perimeter": 2005.787,
        "nomprov": "BUENOS AIRES",
        "prov": "06",
        "nomdepto": "HURLINGHAM",
        "depto": "408",
        "frac": "12",
        "radio": "04",
        "tipo": "U",
        "link": "064081204",
        "assigned_zone_name": "Dos de Abril",
        "hurlingham_overlap_m2": 233777.04,
        "population_total": null,
        "households_total": null,
        "source_note": "PBA 2022 radio resource provides geometry and radio codes; no population/housing counts were present in the downloaded resource.",
        "source_name": "Datos Abiertos PBA / INDEC - Radios censales 2022",
        "source_url": "https://catalogo.datos.gba.gob.ar/dataset/radios-censales",
        "generated_at": "2026-06-13T02:11:01.209890+00:00",
        "data_confidence": "medium"
      },
      "geometry": {
        "type": "MultiPolygon",
        "coordinates": [
          [
            [
              [
                -58.6581272,
                -34.6214613
              ],
              [
                -58.6590633,
                -34.6222377
              ],
              [
                -58.6591167,
                -34.6223014
              ],
              [
                -58.6591593,
                -34.622365
              ],
              [
                -58.659191,
                -34.6224284
              ],
              [
                -58.6592227,
                -34.6224919
              ],
              [
                -58.6596153,
                -34.6224872
              ],
              [
                -58.6599354,
                -34.6225324
              ],
              [
                -58.6601515,
                -34.6225747
              ],
              [
                -58.6603362,
                -34.6227482
              ],
              [
                -58.6601868,
                -34.6228855
              ],
              [
                -58.660585,
                -34.6232099
              ],
              [
                -58.6615161,
                -34.6239436
              ],
              [
                -58.6622783,
                -34.6233217
              ],
              [
                -58.6623378,
                -34.6232731
              ],
              [
                -58.6628858,
                -34.6228261
              ],
              [
                -58.6637156,
                -34.6221391
              ],
              [
                -58.6647493,
                -34.6212834
              ],
              [
                -58.665433,
                -34.6207175
              ],
              [
                -58.6658228,
                -34.6203948
              ],
              [
                -58.6657619,
                -34.6203461
              ],
              [
                -58.6644844,
                -34.6193244
              ],
              [
                -58.6641517,
                -34.6190487
              ],
              [
                -58.6633876,
                -34.6184274
              ],
              [
                -58.662613,
                -34.617779
              ],
              [
                -58.6615195,
                -34.6186593
              ],
              [
                -58.6604589,
                -34.619522
              ],
              [
                -58.6593956,
                -34.6204112
              ],
              [
                -58.6584475,
                -34.6212034
              ],
              [
                -58.6581272,
                -34.6214613
              ]
            ]
          ]
        ]
      }
    },
    {
      "type": "Feature",
      "properties": {
        "fid": 1477,
        "area": 58770.074,
        "perimeter": 1178.331,
        "nomprov": "BUENOS AIRES",
        "prov": "06",
        "nomdepto": "HURLINGHAM",
        "depto": "408",
        "frac": "15",
        "radio": "12",
        "tipo": "U",
        "link": "064081512",
        "assigned_zone_name": "Atepam Italia",
        "hurlingham_overlap_m2": 58755.34,
        "population_total": null,
        "households_total": null,
        "source_note": "PBA 2022 radio resource provides geometry and radio codes; no population/housing counts were present in the downloaded resource.",
        "source_name": "Datos Abiertos PBA / INDEC - Radios censales 2022",
        "source_url": "https://catalogo.datos.gba.gob.ar/dataset/radios-censales",
        "generated_at": "2026-06-13T02:11:01.209890+00:00",
        "data_confidence": "medium"
      },
      "geometry": {
        "type": "MultiPolygon",
        "coordinates": [
          [
            [
              [
                -58.6307504,
                -34.6290922
              ],
              [
                -58.6305007,
                -34.6290241
              ],
              [
                -58.6298845,
                -34.6287369
              ],
              [
                -58.6298001,
                -34.6286976
              ],
              [
                -58.6297896,
                -34.6287626
              ],
              [
                -58.6297552,
                -34.6288614
              ],
              [
                -58.62971,
                -34.62896
              ],
              [
                -58.6296648,
                -34.6290586
              ],
              [
                -58.6295979,
                -34.629148
              ],
              [
                -58.6295409,
                -34.6292166
              ],
              [
                -58.6293649,
                -34.6293888
              ],
              [
                -58.6292658,
                -34.6294507
              ],
              [
                -58.6291666,
                -34.6295127
              ],
              [
                -58.6291116,
                -34.6295391
              ],
              [
                -58.6289916,
                -34.6293369
              ],
              [
                -58.628842,
                -34.6292707
              ],
              [
                -58.6285925,
                -34.6292909
              ],
              [
                -58.6284422,
                -34.6289301
              ],
              [
                -58.6282849,
                -34.6287118
              ],
              [
                -58.6276808,
                -34.6288342
              ],
              [
                -58.6269335,
                -34.6289967
              ],
              [
                -58.6263249,
                -34.6291294
              ],
              [
                -58.6264092,
                -34.6294276
              ],
              [
                -58.6264608,
                -34.6296085
              ],
              [
                -58.6267796,
                -34.6307748
              ],
              [
                -58.6276874,
                -34.6306047
              ],
              [
                -58.6285728,
                -34.6304538
              ],
              [
                -58.6294046,
                -34.6302906
              ],
              [
                -58.6304,
                -34.6301034
              ],
              [
                -58.63072,
                -34.6292057
              ],
              [
                -58.6307504,
                -34.6290922
              ]
            ]
          ]
        ]
      }
    },
    {
      "type": "Feature",
      "properties": {
        "fid": 1478,
        "area": 111502.503,
        "perimeter": 1360.379,
        "nomprov": "BUENOS AIRES",
        "prov": "06",
        "nomdepto": "HURLINGHAM",
        "depto": "408",
        "frac": "11",
        "radio": "08",
        "tipo": "U",
        "link": "064081108",
        "assigned_zone_name": "El Destino",
        "hurlingham_overlap_m2": 111477.24,
        "population_total": null,
        "households_total": null,
        "source_note": "PBA 2022 radio resource provides geometry and radio codes; no population/housing counts were present in the downloaded resource.",
        "source_name": "Datos Abiertos PBA / INDEC - Radios censales 2022",
        "source_url": "https://catalogo.datos.gba.gob.ar/dataset/radios-censales",
        "generated_at": "2026-06-13T02:11:01.209890+00:00",
        "data_confidence": "medium"
      },
      "geometry": {
        "type": "MultiPolygon",
        "coordinates": [
          [
            [
              [
                -58.6616407,
                -34.5961629
              ],
              [
                -58.6614749,
                -34.5963053
              ],
              [
                -58.6610112,
                -34.5966698
              ],
              [
                -58.660437,
                -34.5971322
              ],
              [
                -58.6613296,
                -34.5978901
              ],
              [
                -58.6622221,
                -34.598648
              ],
              [
                -58.6623727,
                -34.5987758
              ],
              [
                -58.6624642,
                -34.5988489
              ],
              [
                -58.6625636,
                -34.5989368
              ],
              [
                -58.6626454,
                -34.5989999
              ],
              [
                -58.6627168,
                -34.599068
              ],
              [
                -58.6628459,
                -34.5991776
              ],
              [
                -58.6633188,
                -34.5995929
              ],
              [
                -58.6633296,
                -34.599602
              ],
              [
                -58.6633671,
                -34.599643
              ],
              [
                -58.6634155,
                -34.5996796
              ],
              [
                -58.6644646,
                -34.5988348
              ],
              [
                -58.6650498,
                -34.5983635
              ],
              [
                -58.6656242,
                -34.5978921
              ],
              [
                -58.6656352,
                -34.5978832
              ],
              [
                -58.6644093,
                -34.5968422
              ],
              [
                -58.6635491,
                -34.5961027
              ],
              [
                -58.662732,
                -34.5953997
              ],
              [
                -58.6627115,
                -34.5953184
              ],
              [
                -58.6620601,
                -34.595834
              ],
              [
                -58.6620215,
                -34.5958651
              ],
              [
                -58.6619604,
                -34.5959144
              ],
              [
                -58.6619056,
                -34.5959585
              ],
              [
                -58.6616407,
                -34.5961629
              ]
            ]
          ]
        ]
      }
    },
    {
      "type": "Feature",
      "properties": {
        "fid": 1995,
        "area": 104608.324,
        "perimeter": 1687.296,
        "nomprov": "BUENOS AIRES",
        "prov": "06",
        "nomdepto": "HURLINGHAM",
        "depto": "408",
        "frac": "05",
        "radio": "12",
        "tipo": "U",
        "link": "064080512",
        "assigned_zone_name": "Curapaytí",
        "hurlingham_overlap_m2": 104583.53,
        "population_total": null,
        "households_total": null,
        "source_note": "PBA 2022 radio resource provides geometry and radio codes; no population/housing counts were present in the downloaded resource.",
        "source_name": "Datos Abiertos PBA / INDEC - Radios censales 2022",
        "source_url": "https://catalogo.datos.gba.gob.ar/dataset/radios-censales",
        "generated_at": "2026-06-13T02:11:01.209890+00:00",
        "data_confidence": "medium"
      },
      "geometry": {
        "type": "MultiPolygon",
        "coordinates": [
          [
            [
              [
                -58.6501617,
                -34.5865489
              ],
              [
                -58.6489479,
                -34.5867256
              ],
              [
                -58.648263,
                -34.5867868
              ],
              [
                -58.646916,
                -34.5868433
              ],
              [
                -58.6436175,
                -34.5869817
              ],
              [
                -58.6433659,
                -34.5871774
              ],
              [
                -58.6431451,
                -34.5873507
              ],
              [
                -58.64309,
                -34.5873861
              ],
              [
                -58.643133,
                -34.5874227
              ],
              [
                -58.6437871,
                -34.5874119
              ],
              [
                -58.6438198,
                -34.5874123
              ],
              [
                -58.6446814,
                -34.5873768
              ],
              [
                -58.6449649,
                -34.5873709
              ],
              [
                -58.6450943,
                -34.5874535
              ],
              [
                -58.6455138,
                -34.5877961
              ],
              [
                -58.6455891,
                -34.5878556
              ],
              [
                -58.6456108,
                -34.5878648
              ],
              [
                -58.6463208,
                -34.5884406
              ],
              [
                -58.6470091,
                -34.589007
              ],
              [
                -58.6477424,
                -34.5896174
              ],
              [
                -58.6483146,
                -34.5891567
              ],
              [
                -58.6489327,
                -34.5886768
              ],
              [
                -58.6490322,
                -34.5885878
              ],
              [
                -58.6491537,
                -34.58849
              ],
              [
                -58.6500152,
                -34.5877874
              ],
              [
                -58.6508547,
                -34.5870937
              ],
              [
                -58.6505,
                -34.5867833
              ],
              [
                -58.6501617,
                -34.5865489
              ]
            ]
          ]
        ]
      }
    },
    {
      "type": "Feature",
      "properties": {
        "fid": 2118,
        "area": 81142.471,
        "perimeter": 1343.439,
        "nomprov": "BUENOS AIRES",
        "prov": "06",
        "nomdepto": "HURLINGHAM",
        "depto": "408",
        "frac": "08",
        "radio": "05",
        "tipo": "U",
        "link": "064080805",
        "assigned_zone_name": "Scholnik",
        "hurlingham_overlap_m2": 81122.09,
        "population_total": null,
        "households_total": null,
        "source_note": "PBA 2022 radio resource provides geometry and radio codes; no population/housing counts were present in the downloaded resource.",
        "source_name": "Datos Abiertos PBA / INDEC - Radios censales 2022",
        "source_url": "https://catalogo.datos.gba.gob.ar/dataset/radios-censales",
        "generated_at": "2026-06-13T02:11:01.209890+00:00",
        "data_confidence": "medium"
      },
      "geometry": {
        "type": "MultiPolygon",
        "coordinates": [
          [
            [
              [
                -58.6262124,
                -34.6155717
              ],
              [
                -58.626217,
                -34.6159503
              ],
              [
                -58.627976,
                -34.6157268
              ],
              [
                -58.6286862,
                -34.6156356
              ],
              [
                -58.6290796,
                -34.6155769
              ],
              [
                -58.6295058,
                -34.6155186
              ],
              [
                -58.6295612,
                -34.6154652
              ],
              [
                -58.6293262,
                -34.6151651
              ],
              [
                -58.6292622,
                -34.6150833
              ],
              [
                -58.6288026,
                -34.6145193
              ],
              [
                -58.6287174,
                -34.6144011
              ],
              [
                -58.6281296,
                -34.6136824
              ],
              [
                -58.6276273,
                -34.6130639
              ],
              [
                -58.6273176,
                -34.6126728
              ],
              [
                -58.6270826,
                -34.6123817
              ],
              [
                -58.6266234,
                -34.6117997
              ],
              [
                -58.6264204,
                -34.611545
              ],
              [
                -58.6261581,
                -34.6115872
              ],
              [
                -58.6261667,
                -34.6123895
              ],
              [
                -58.626177,
                -34.6130836
              ],
              [
                -58.6261759,
                -34.6131557
              ],
              [
                -58.6261877,
                -34.6137597
              ],
              [
                -58.6261985,
                -34.6144269
              ],
              [
                -58.626208,
                -34.6151751
              ],
              [
                -58.6262124,
                -34.6155717
              ]
            ]
          ]
        ]
      }
    },
    {
      "type": "Feature",
      "properties": {
        "fid": 2119,
        "area": 60148.398,
        "perimeter": 1228.331,
        "nomprov": "BUENOS AIRES",
        "prov": "06",
        "nomdepto": "HURLINGHAM",
        "depto": "408",
        "frac": "15",
        "radio": "01",
        "tipo": "U",
        "link": "064081501",
        "assigned_zone_name": "El Palanco",
        "hurlingham_overlap_m2": 60133.42,
        "population_total": null,
        "households_total": null,
        "source_note": "PBA 2022 radio resource provides geometry and radio codes; no population/housing counts were present in the downloaded resource.",
        "source_name": "Datos Abiertos PBA / INDEC - Radios censales 2022",
        "source_url": "https://catalogo.datos.gba.gob.ar/dataset/radios-censales",
        "generated_at": "2026-06-13T02:11:01.209890+00:00",
        "data_confidence": "medium"
      },
      "geometry": {
        "type": "MultiPolygon",
        "coordinates": [
          [
            [
              [
                -58.6314976,
                -34.6210302
              ],
              [
                -58.6298399,
                -34.6210567
              ],
              [
                -58.6297745,
                -34.6210559
              ],
              [
                -58.6280409,
                -34.6210545
              ],
              [
                -58.6280396,
                -34.6211356
              ],
              [
                -58.628193,
                -34.6217502
              ],
              [
                -58.628387,
                -34.6225546
              ],
              [
                -58.6300705,
                -34.6222851
              ],
              [
                -58.6316011,
                -34.6220319
              ],
              [
                -58.6333393,
                -34.6217539
              ],
              [
                -58.6335916,
                -34.6209996
              ],
              [
                -58.631716,
                -34.6210146
              ],
              [
                -58.6315959,
                -34.6210223
              ],
              [
                -58.6314976,
                -34.6210302
              ]
            ]
          ]
        ]
      }
    },
    {
      "type": "Feature",
      "properties": {
        "fid": 2161,
        "area": 101896.648,
        "perimeter": 1720.656,
        "nomprov": "BUENOS AIRES",
        "prov": "06",
        "nomdepto": "HURLINGHAM",
        "depto": "408",
        "frac": "04",
        "radio": "02",
        "tipo": "U",
        "link": "064080402",
        "assigned_zone_name": "San Damián",
        "hurlingham_overlap_m2": 99887.91,
        "population_total": null,
        "households_total": null,
        "source_note": "PBA 2022 radio resource provides geometry and radio codes; no population/housing counts were present in the downloaded resource.",
        "source_name": "Datos Abiertos PBA / INDEC - Radios censales 2022",
        "source_url": "https://catalogo.datos.gba.gob.ar/dataset/radios-censales",
        "generated_at": "2026-06-13T02:11:01.209890+00:00",
        "data_confidence": "medium"
      },
      "geometry": {
        "type": "MultiPolygon",
        "coordinates": [
          [
            [
              [
                -58.6648284,
                -34.5779771
              ],
              [
                -58.6609031,
                -34.5805924
              ],
              [
                -58.6610864,
                -34.5807752
              ],
              [
                -58.6622817,
                -34.5799726
              ],
              [
                -58.6623051,
                -34.5799576
              ],
              [
                -58.6624167,
                -34.5798857
              ],
              [
                -58.6626834,
                -34.5802144
              ],
              [
                -58.6626825,
                -34.5809126
              ],
              [
                -58.6626056,
                -34.5821743
              ],
              [
                -58.6627651,
                -34.5821777
              ],
              [
                -58.6627758,
                -34.5819875
              ],
              [
                -58.6632886,
                -34.5824263
              ],
              [
                -58.663896,
                -34.5819282
              ],
              [
                -58.6645032,
                -34.5814391
              ],
              [
                -58.6651104,
                -34.58095
              ],
              [
                -58.665497,
                -34.5806297
              ],
              [
                -58.6656822,
                -34.5804787
              ],
              [
                -58.6662918,
                -34.5799818
              ],
              [
                -58.666569,
                -34.5797251
              ],
              [
                -58.6655902,
                -34.5789953
              ],
              [
                -58.6648052,
                -34.578373
              ],
              [
                -58.6650728,
                -34.5781914
              ],
              [
                -58.6648284,
                -34.5779771
              ]
            ]
          ]
        ]
      }
    },
    {
      "type": "Feature",
      "properties": {
        "fid": 2210,
        "area": 90083.603,
        "perimeter": 1222.682,
        "nomprov": "BUENOS AIRES",
        "prov": "06",
        "nomdepto": "HURLINGHAM",
        "depto": "408",
        "frac": "08",
        "radio": "04",
        "tipo": "U",
        "link": "064080804",
        "assigned_zone_name": "Villa Tesei Centro",
        "hurlingham_overlap_m2": 90061.16,
        "population_total": null,
        "households_total": null,
        "source_note": "PBA 2022 radio resource provides geometry and radio codes; no population/housing counts were present in the downloaded resource.",
        "source_name": "Datos Abiertos PBA / INDEC - Radios censales 2022",
        "source_url": "https://catalogo.datos.gba.gob.ar/dataset/radios-censales",
        "generated_at": "2026-06-13T02:11:01.209890+00:00",
        "data_confidence": "medium"
      },
      "geometry": {
        "type": "MultiPolygon",
        "coordinates": [
          [
            [
              [
                -58.6297984,
                -34.6123041
              ],
              [
                -58.6288152,
                -34.6130953
              ],
              [
                -58.6282296,
                -34.6135664
              ],
              [
                -58.6281854,
                -34.613602
              ],
              [
                -58.6281296,
                -34.6136824
              ],
              [
                -58.6287174,
                -34.6144011
              ],
              [
                -58.6288026,
                -34.6145193
              ],
              [
                -58.6292622,
                -34.6150833
              ],
              [
                -58.6293262,
                -34.6151651
              ],
              [
                -58.6295612,
                -34.6154652
              ],
              [
                -58.6302764,
                -34.6163926
              ],
              [
                -58.6303749,
                -34.6163667
              ],
              [
                -58.6308942,
                -34.6159488
              ],
              [
                -58.6314244,
                -34.6155312
              ],
              [
                -58.631557,
                -34.6154245
              ],
              [
                -58.6325404,
                -34.6146243
              ],
              [
                -58.6325083,
                -34.6145879
              ],
              [
                -58.6316693,
                -34.6138935
              ],
              [
                -58.6316156,
                -34.6138478
              ],
              [
                -58.6313467,
                -34.6136194
              ],
              [
                -58.6306695,
                -34.613035
              ],
              [
                -58.6306265,
                -34.6129984
              ],
              [
                -58.6297984,
                -34.6123041
              ]
            ]
          ]
        ]
      }
    },
    {
      "type": "Feature",
      "properties": {
        "fid": 2211,
        "area": 68499.177,
        "perimeter": 1121.593,
        "nomprov": "BUENOS AIRES",
        "prov": "06",
        "nomdepto": "HURLINGHAM",
        "depto": "408",
        "frac": "14",
        "radio": "02",
        "tipo": "U",
        "link": "064081402",
        "assigned_zone_name": "Villa Tesei Centro",
        "hurlingham_overlap_m2": 68482.5,
        "population_total": null,
        "households_total": null,
        "source_note": "PBA 2022 radio resource provides geometry and radio codes; no population/housing counts were present in the downloaded resource.",
        "source_name": "Datos Abiertos PBA / INDEC - Radios censales 2022",
        "source_url": "https://catalogo.datos.gba.gob.ar/dataset/radios-censales",
        "generated_at": "2026-06-13T02:11:01.209890+00:00",
        "data_confidence": "medium"
      },
      "geometry": {
        "type": "MultiPolygon",
        "coordinates": [
          [
            [
              [
                -58.637313,
                -34.6207889
              ],
              [
                -58.6381441,
                -34.6213029
              ],
              [
                -58.6387208,
                -34.6207054
              ],
              [
                -58.6387652,
                -34.6206609
              ],
              [
                -58.6394468,
                -34.6203169
              ],
              [
                -58.6402492,
                -34.6199203
              ],
              [
                -58.6402602,
                -34.6199114
              ],
              [
                -58.6409343,
                -34.6193601
              ],
              [
                -58.6407316,
                -34.6190874
              ],
              [
                -58.6405102,
                -34.6187562
              ],
              [
                -58.6399102,
                -34.6179786
              ],
              [
                -58.6392803,
                -34.6184944
              ],
              [
                -58.6392034,
                -34.6185296
              ],
              [
                -58.6390275,
                -34.6186177
              ],
              [
                -58.6383789,
                -34.618944
              ],
              [
                -58.6370816,
                -34.6196055
              ],
              [
                -58.6370371,
                -34.6196591
              ],
              [
                -58.63646,
                -34.6202746
              ],
              [
                -58.637313,
                -34.6207889
              ]
            ]
          ]
        ]
      }
    },
    {
      "type": "Feature",
      "properties": {
        "fid": 2478,
        "area": 176272.936,
        "perimeter": 1765.323,
        "nomprov": "BUENOS AIRES",
        "prov": "06",
        "nomdepto": "HURLINGHAM",
        "depto": "408",
        "frac": "06",
        "radio": "04",
        "tipo": "U",
        "link": "064080604",
        "assigned_zone_name": "Parque Jhonston",
        "hurlingham_overlap_m2": 176229.98,
        "population_total": null,
        "households_total": null,
        "source_note": "PBA 2022 radio resource provides geometry and radio codes; no population/housing counts were present in the downloaded resource.",
        "source_name": "Datos Abiertos PBA / INDEC - Radios censales 2022",
        "source_url": "https://catalogo.datos.gba.gob.ar/dataset/radios-censales",
        "generated_at": "2026-06-13T02:11:01.209890+00:00",
        "data_confidence": "medium"
      },
      "geometry": {
        "type": "MultiPolygon",
        "coordinates": [
          [
            [
              [
                -58.6362673,
                -34.5927272
              ],
              [
                -58.6362311,
                -34.5929431
              ],
              [
                -58.6361362,
                -34.5940778
              ],
              [
                -58.6360259,
                -34.5954916
              ],
              [
                -58.6359187,
                -34.5967163
              ],
              [
                -58.6359177,
                -34.5967794
              ],
              [
                -58.6358919,
                -34.5970224
              ],
              [
                -58.6365047,
                -34.5975431
              ],
              [
                -58.6372338,
                -34.5969473
              ],
              [
                -58.6374214,
                -34.5968052
              ],
              [
                -58.6383379,
                -34.5960853
              ],
              [
                -58.6392213,
                -34.5953831
              ],
              [
                -58.6401488,
                -34.5946543
              ],
              [
                -58.6410764,
                -34.5939166
              ],
              [
                -58.6403347,
                -34.5932773
              ],
              [
                -58.6395932,
                -34.5926291
              ],
              [
                -58.6388192,
                -34.5919715
              ],
              [
                -58.6380777,
                -34.5913233
              ],
              [
                -58.6371395,
                -34.5920429
              ],
              [
                -58.6363889,
                -34.5926204
              ],
              [
                -58.6362673,
                -34.5927272
              ]
            ]
          ]
        ]
      }
    },
    {
      "type": "Feature",
      "properties": {
        "fid": 2520,
        "area": 139882.791,
        "perimeter": 1510.221,
        "nomprov": "BUENOS AIRES",
        "prov": "06",
        "nomdepto": "HURLINGHAM",
        "depto": "408",
        "frac": "07",
        "radio": "05",
        "tipo": "U",
        "link": "064080705",
        "assigned_zone_name": "Parque Quirno",
        "hurlingham_overlap_m2": 139847.72,
        "population_total": null,
        "households_total": null,
        "source_note": "PBA 2022 radio resource provides geometry and radio codes; no population/housing counts were present in the downloaded resource.",
        "source_name": "Datos Abiertos PBA / INDEC - Radios censales 2022",
        "source_url": "https://catalogo.datos.gba.gob.ar/dataset/radios-censales",
        "generated_at": "2026-06-13T02:11:01.209890+00:00",
        "data_confidence": "medium"
      },
      "geometry": {
        "type": "MultiPolygon",
        "coordinates": [
          [
            [
              [
                -58.6247944,
                -34.6017291
              ],
              [
                -58.6253531,
                -34.6022221
              ],
              [
                -58.6255897,
                -34.6024141
              ],
              [
                -58.6257294,
                -34.6025418
              ],
              [
                -58.6263527,
                -34.6030806
              ],
              [
                -58.6271157,
                -34.6037472
              ],
              [
                -58.6280509,
                -34.6045509
              ],
              [
                -58.6288349,
                -34.6039378
              ],
              [
                -58.6297185,
                -34.6032357
              ],
              [
                -58.6304475,
                -34.602658
              ],
              [
                -58.6306021,
                -34.6025335
              ],
              [
                -58.6304624,
                -34.6024148
              ],
              [
                -58.6296888,
                -34.6017301
              ],
              [
                -58.6296242,
                -34.6016753
              ],
              [
                -58.6289041,
                -34.6010543
              ],
              [
                -58.6281301,
                -34.6003966
              ],
              [
                -58.6273453,
                -34.5997298
              ],
              [
                -58.6264507,
                -34.6004408
              ],
              [
                -58.6257107,
                -34.6010273
              ],
              [
                -58.6255893,
                -34.6011161
              ],
              [
                -58.6254347,
                -34.6012406
              ],
              [
                -58.6247944,
                -34.6017291
              ]
            ]
          ]
        ]
      }
    },
    {
      "type": "Feature",
      "properties": {
        "fid": 2521,
        "area": 189717.322,
        "perimeter": 1926.106,
        "nomprov": "BUENOS AIRES",
        "prov": "06",
        "nomdepto": "HURLINGHAM",
        "depto": "408",
        "frac": "12",
        "radio": "05",
        "tipo": "U",
        "link": "064081205",
        "assigned_zone_name": "Carola Lorenzini",
        "hurlingham_overlap_m2": 189009.76,
        "population_total": null,
        "households_total": null,
        "source_note": "PBA 2022 radio resource provides geometry and radio codes; no population/housing counts were present in the downloaded resource.",
        "source_name": "Datos Abiertos PBA / INDEC - Radios censales 2022",
        "source_url": "https://catalogo.datos.gba.gob.ar/dataset/radios-censales",
        "generated_at": "2026-06-13T02:11:01.209890+00:00",
        "data_confidence": "medium"
      },
      "geometry": {
        "type": "MultiPolygon",
        "coordinates": [
          [
            [
              [
                -58.654236,
                -34.6220584
              ],
              [
                -58.6549352,
                -34.622643
              ],
              [
                -58.6557957,
                -34.6233735
              ],
              [
                -58.656565,
                -34.6240174
              ],
              [
                -58.6566143,
                -34.624
              ],
              [
                -58.6567073,
                -34.623983
              ],
              [
                -58.6568869,
                -34.6239985
              ],
              [
                -58.6570172,
                -34.6240314
              ],
              [
                -58.65712,
                -34.6240821
              ],
              [
                -58.6571956,
                -34.624128
              ],
              [
                -58.657255,
                -34.6241648
              ],
              [
                -58.6572763,
                -34.624192
              ],
              [
                -58.6572976,
                -34.6242283
              ],
              [
                -58.6573188,
                -34.6242646
              ],
              [
                -58.6573291,
                -34.6243008
              ],
              [
                -58.6573393,
                -34.624346
              ],
              [
                -58.6573496,
                -34.6243821
              ],
              [
                -58.657349,
                -34.6244182
              ],
              [
                -58.6573483,
                -34.6244632
              ],
              [
                -58.6573477,
                -34.6244993
              ],
              [
                -58.6573362,
                -34.6245352
              ],
              [
                -58.6573246,
                -34.6245801
              ],
              [
                -58.6573022,
                -34.6246159
              ],
              [
                -58.6580768,
                -34.6252644
              ],
              [
                -58.6590046,
                -34.6259927
              ],
              [
                -58.6598029,
                -34.6253413
              ],
              [
                -58.6606826,
                -34.6246236
              ],
              [
                -58.6615161,
                -34.6239436
              ],
              [
                -58.660585,
                -34.6232099
              ],
              [
                -58.6601868,
                -34.6228855
              ],
              [
                -58.6603362,
                -34.6227482
              ],
              [
                -58.6601515,
                -34.6225747
              ],
              [
                -58.6599354,
                -34.6225324
              ],
              [
                -58.6596153,
                -34.6224872
              ],
              [
                -58.6592227,
                -34.6224919
              ],
              [
                -58.659191,
                -34.6224284
              ],
              [
                -58.6591593,
                -34.622365
              ],
              [
                -58.6591167,
                -34.6223014
              ],
              [
                -58.6590633,
                -34.6222377
              ],
              [
                -58.6581272,
                -34.6214613
              ],
              [
                -58.6571418,
                -34.6206437
              ],
              [
                -58.6565562,
                -34.6201641
              ],
              [
                -58.65586,
                -34.6207423
              ],
              [
                -58.6551639,
                -34.6213115
              ],
              [
                -58.654236,
                -34.6220584
              ]
            ]
          ]
        ]
      }
    },
    {
      "type": "Feature",
      "properties": {
        "fid": 2522,
        "area": 145890.363,
        "perimeter": 1991.594,
        "nomprov": "BUENOS AIRES",
        "prov": "06",
        "nomdepto": "HURLINGHAM",
        "depto": "408",
        "frac": "02",
        "radio": "06",
        "tipo": "U",
        "link": "064080206",
        "assigned_zone_name": "Cosmopolita",
        "hurlingham_overlap_m2": 145855.17,
        "population_total": null,
        "households_total": null,
        "source_note": "PBA 2022 radio resource provides geometry and radio codes; no population/housing counts were present in the downloaded resource.",
        "source_name": "Datos Abiertos PBA / INDEC - Radios censales 2022",
        "source_url": "https://catalogo.datos.gba.gob.ar/dataset/radios-censales",
        "generated_at": "2026-06-13T02:11:01.209890+00:00",
        "data_confidence": "medium"
      },
      "geometry": {
        "type": "MultiPolygon",
        "coordinates": [
          [
            [
              [
                -58.6407648,
                -34.5790202
              ],
              [
                -58.6406589,
                -34.5793202
              ],
              [
                -58.6393358,
                -34.5830672
              ],
              [
                -58.639204,
                -34.5833589
              ],
              [
                -58.6389729,
                -34.5837988
              ],
              [
                -58.6390549,
                -34.583871
              ],
              [
                -58.6392645,
                -34.5840446
              ],
              [
                -58.6391731,
                -34.584305
              ],
              [
                -58.6386121,
                -34.5859572
              ],
              [
                -58.6389317,
                -34.5857444
              ],
              [
                -58.6397487,
                -34.5850956
              ],
              [
                -58.6401133,
                -34.5847932
              ],
              [
                -58.6409527,
                -34.5841085
              ],
              [
                -58.6406732,
                -34.583871
              ],
              [
                -58.6410044,
                -34.5836133
              ],
              [
                -58.6413023,
                -34.5833913
              ],
              [
                -58.6415922,
                -34.5836559
              ],
              [
                -58.6424752,
                -34.5829717
              ],
              [
                -58.6425248,
                -34.5829362
              ],
              [
                -58.6427623,
                -34.5827405
              ],
              [
                -58.6439658,
                -34.5817804
              ],
              [
                -58.6437508,
                -34.5815978
              ],
              [
                -58.6432242,
                -34.5811413
              ],
              [
                -58.642461,
                -34.5804928
              ],
              [
                -58.641698,
                -34.5798353
              ],
              [
                -58.6411177,
                -34.5793331
              ],
              [
                -58.6409136,
                -34.5791506
              ],
              [
                -58.6407648,
                -34.5790202
              ]
            ]
          ]
        ]
      }
    },
    {
      "type": "Feature",
      "properties": {
        "fid": 2593,
        "area": 181000.022,
        "perimeter": 2161.965,
        "nomprov": "BUENOS AIRES",
        "prov": "06",
        "nomdepto": "HURLINGHAM",
        "depto": "408",
        "frac": "18",
        "radio": "03",
        "tipo": "U",
        "link": "064081803",
        "assigned_zone_name": "La Leonor",
        "hurlingham_overlap_m2": 180959.1,
        "population_total": null,
        "households_total": null,
        "source_note": "PBA 2022 radio resource provides geometry and radio codes; no population/housing counts were present in the downloaded resource.",
        "source_name": "Datos Abiertos PBA / INDEC - Radios censales 2022",
        "source_url": "https://catalogo.datos.gba.gob.ar/dataset/radios-censales",
        "generated_at": "2026-06-13T02:11:01.209890+00:00",
        "data_confidence": "medium"
      },
      "geometry": {
        "type": "MultiPolygon",
        "coordinates": [
          [
            [
              [
                -58.6632927,
                -34.5896552
              ],
              [
                -58.6627406,
                -34.5900998
              ],
              [
                -58.6626869,
                -34.5900542
              ],
              [
                -58.6619771,
                -34.5894605
              ],
              [
                -58.661665,
                -34.5891702
              ],
              [
                -58.6615334,
                -34.5890761
              ],
              [
                -58.6612027,
                -34.5888121
              ],
              [
                -58.6610907,
                -34.5893859
              ],
              [
                -58.6609479,
                -34.5898873
              ],
              [
                -58.660873,
                -34.5909548
              ],
              [
                -58.660736,
                -34.5917307
              ],
              [
                -58.6606652,
                -34.5919032
              ],
              [
                -58.6606583,
                -34.5919827
              ],
              [
                -58.6606786,
                -34.5921282
              ],
              [
                -58.6607848,
                -34.5922136
              ],
              [
                -58.6608863,
                -34.5922428
              ],
              [
                -58.6609709,
                -34.5922625
              ],
              [
                -58.6610614,
                -34.5922729
              ],
              [
                -58.6611206,
                -34.5924655
              ],
              [
                -58.6612582,
                -34.5927106
              ],
              [
                -58.6613546,
                -34.5929329
              ],
              [
                -58.6615104,
                -34.5932285
              ],
              [
                -58.6615756,
                -34.5933693
              ],
              [
                -58.6616026,
                -34.5934871
              ],
              [
                -58.6617033,
                -34.5936771
              ],
              [
                -58.6620666,
                -34.5933914
              ],
              [
                -58.6623649,
                -34.5931423
              ],
              [
                -58.6629389,
                -34.5926889
              ],
              [
                -58.6636126,
                -34.5921374
              ],
              [
                -58.664728,
                -34.5912303
              ],
              [
                -58.6650813,
                -34.5909457
              ],
              [
                -58.6666162,
                -34.5897006
              ],
              [
                -58.6668588,
                -34.589523
              ],
              [
                -58.6669139,
                -34.5894875
              ],
              [
                -58.6671789,
                -34.5892741
              ],
              [
                -58.6674108,
                -34.5890873
              ],
              [
                -58.6676095,
                -34.5889273
              ],
              [
                -58.6674158,
                -34.5887719
              ],
              [
                -58.6671792,
                -34.588571
              ],
              [
                -58.6665554,
                -34.5880504
              ],
              [
                -58.6659532,
                -34.5875391
              ],
              [
                -58.6652133,
                -34.5881439
              ],
              [
                -58.6647496,
                -34.5885174
              ],
              [
                -58.664595,
                -34.5886419
              ],
              [
                -58.6643391,
                -34.5888404
              ],
              [
                -58.6639991,
                -34.5891041
              ],
              [
                -58.6635025,
                -34.5894862
              ],
              [
                -58.6632927,
                -34.5896552
              ]
            ]
          ]
        ]
      }
    },
    {
      "type": "Feature",
      "properties": {
        "fid": 2594,
        "area": 72306.589,
        "perimeter": 1124.201,
        "nomprov": "BUENOS AIRES",
        "prov": "06",
        "nomdepto": "HURLINGHAM",
        "depto": "408",
        "frac": "10",
        "radio": "03",
        "tipo": "U",
        "link": "064081003",
        "assigned_zone_name": "Parque Jhonston",
        "hurlingham_overlap_m2": 72289.19,
        "population_total": null,
        "households_total": null,
        "source_note": "PBA 2022 radio resource provides geometry and radio codes; no population/housing counts were present in the downloaded resource.",
        "source_name": "Datos Abiertos PBA / INDEC - Radios censales 2022",
        "source_url": "https://catalogo.datos.gba.gob.ar/dataset/radios-censales",
        "generated_at": "2026-06-13T02:11:01.209890+00:00",
        "data_confidence": "medium"
      },
      "geometry": {
        "type": "MultiPolygon",
        "coordinates": [
          [
            [
              [
                -58.6431976,
                -34.6028906
              ],
              [
                -58.6432513,
                -34.6029362
              ],
              [
                -58.6437373,
                -34.6025451
              ],
              [
                -58.6438918,
                -34.6024296
              ],
              [
                -58.6448086,
                -34.6016917
              ],
              [
                -58.644615,
                -34.6015273
              ],
              [
                -58.6442173,
                -34.6011803
              ],
              [
                -58.6436263,
                -34.60066
              ],
              [
                -58.6428418,
                -34.5999662
              ],
              [
                -58.6427773,
                -34.5999114
              ],
              [
                -58.6422508,
                -34.5994459
              ],
              [
                -58.6421002,
                -34.599318
              ],
              [
                -58.6419235,
                -34.5994603
              ],
              [
                -58.6411506,
                -34.6000646
              ],
              [
                -58.6409409,
                -34.6002245
              ],
              [
                -58.6405212,
                -34.6005623
              ],
              [
                -58.6412952,
                -34.6012289
              ],
              [
                -58.6420689,
                -34.6019136
              ],
              [
                -58.6424236,
                -34.602224
              ],
              [
                -58.6426494,
                -34.6024158
              ],
              [
                -58.6431976,
                -34.6028906
              ]
            ]
          ]
        ]
      }
    },
    {
      "type": "Feature",
      "properties": {
        "fid": 2610,
        "area": 286979.256,
        "perimeter": 2508.419,
        "nomprov": "BUENOS AIRES",
        "prov": "06",
        "nomdepto": "HURLINGHAM",
        "depto": "408",
        "frac": "09",
        "radio": "01",
        "tipo": "U",
        "link": "064080901",
        "assigned_zone_name": "Villa Tesei Centro",
        "hurlingham_overlap_m2": 286909.05,
        "population_total": null,
        "households_total": null,
        "source_note": "PBA 2022 radio resource provides geometry and radio codes; no population/housing counts were present in the downloaded resource.",
        "source_name": "Datos Abiertos PBA / INDEC - Radios censales 2022",
        "source_url": "https://catalogo.datos.gba.gob.ar/dataset/radios-censales",
        "generated_at": "2026-06-13T02:11:01.209890+00:00",
        "data_confidence": "medium"
      },
      "geometry": {
        "type": "MultiPolygon",
        "coordinates": [
          [
            [
              [
                -58.6352192,
                -34.6048296
              ],
              [
                -58.635024,
                -34.6067653
              ],
              [
                -58.63501,
                -34.6069545
              ],
              [
                -58.6349251,
                -34.6081433
              ],
              [
                -58.6348119,
                -34.6097284
              ],
              [
                -58.6347436,
                -34.6105749
              ],
              [
                -58.6347416,
                -34.610692
              ],
              [
                -58.6347291,
                -34.6107911
              ],
              [
                -58.6346861,
                -34.6114215
              ],
              [
                -58.6346584,
                -34.6117817
              ],
              [
                -58.6345631,
                -34.6129434
              ],
              [
                -58.6345342,
                -34.6133757
              ],
              [
                -58.6347313,
                -34.6133239
              ],
              [
                -58.6359132,
                -34.6123817
              ],
              [
                -58.6372165,
                -34.6113507
              ],
              [
                -58.6370459,
                -34.6111144
              ],
              [
                -58.6377308,
                -34.6105632
              ],
              [
                -58.6377529,
                -34.6105454
              ],
              [
                -58.6384599,
                -34.6099765
              ],
              [
                -58.6384714,
                -34.6099406
              ],
              [
                -58.6385271,
                -34.6098691
              ],
              [
                -58.6391017,
                -34.6093978
              ],
              [
                -58.6391691,
                -34.6092723
              ],
              [
                -58.6392139,
                -34.6092007
              ],
              [
                -58.6398322,
                -34.6087209
              ],
              [
                -58.6403955,
                -34.6082765
              ],
              [
                -58.6404519,
                -34.6081599
              ],
              [
                -58.6399396,
                -34.6074872
              ],
              [
                -58.6397798,
                -34.6072601
              ],
              [
                -58.6395236,
                -34.6069238
              ],
              [
                -58.6390862,
                -34.606342
              ],
              [
                -58.6388657,
                -34.6064928
              ],
              [
                -58.6382419,
                -34.6059721
              ],
              [
                -58.6375644,
                -34.6054057
              ],
              [
                -58.6360696,
                -34.6041541
              ],
              [
                -58.6358266,
                -34.6043497
              ],
              [
                -58.6353186,
                -34.6047496
              ],
              [
                -58.6352192,
                -34.6048296
              ]
            ]
          ]
        ]
      }
    },
    {
      "type": "Feature",
      "properties": {
        "fid": 2606,
        "area": 202210.754,
        "perimeter": 2390.963,
        "nomprov": "BUENOS AIRES",
        "prov": "06",
        "nomdepto": "HURLINGHAM",
        "depto": "408",
        "frac": "18",
        "radio": "02",
        "tipo": "U",
        "link": "064081802",
        "assigned_zone_name": "La Leonor",
        "hurlingham_overlap_m2": 202164.47,
        "population_total": null,
        "households_total": null,
        "source_note": "PBA 2022 radio resource provides geometry and radio codes; no population/housing counts were present in the downloaded resource.",
        "source_name": "Datos Abiertos PBA / INDEC - Radios censales 2022",
        "source_url": "https://catalogo.datos.gba.gob.ar/dataset/radios-censales",
        "generated_at": "2026-06-13T02:11:01.209890+00:00",
        "data_confidence": "medium"
      },
      "geometry": {
        "type": "MultiPolygon",
        "coordinates": [
          [
            [
              [
                -58.6618566,
                -34.5867777
              ],
              [
                -58.6617166,
                -34.5866725
              ],
              [
                -58.6615014,
                -34.5864989
              ],
              [
                -58.6607394,
                -34.5871214
              ],
              [
                -58.6599662,
                -34.5877619
              ],
              [
                -58.6601812,
                -34.5879446
              ],
              [
                -58.6605037,
                -34.5882275
              ],
              [
                -58.6597308,
                -34.58885
              ],
              [
                -58.6589578,
                -34.5894724
              ],
              [
                -58.6581956,
                -34.590104
              ],
              [
                -58.6575662,
                -34.5906109
              ],
              [
                -58.6569367,
                -34.5911267
              ],
              [
                -58.6569146,
                -34.5911445
              ],
              [
                -58.656274,
                -34.5916693
              ],
              [
                -58.6573707,
                -34.5926007
              ],
              [
                -58.6581985,
                -34.5933129
              ],
              [
                -58.6584352,
                -34.5935048
              ],
              [
                -58.6584998,
                -34.5935595
              ],
              [
                -58.6585643,
                -34.5936143
              ],
              [
                -58.6591021,
                -34.5940619
              ],
              [
                -58.660167,
                -34.5949389
              ],
              [
                -58.6612493,
                -34.5940585
              ],
              [
                -58.6617033,
                -34.5936771
              ],
              [
                -58.6616026,
                -34.5934871
              ],
              [
                -58.6615756,
                -34.5933693
              ],
              [
                -58.6615104,
                -34.5932285
              ],
              [
                -58.6613546,
                -34.5929329
              ],
              [
                -58.6612582,
                -34.5927106
              ],
              [
                -58.6611206,
                -34.5924655
              ],
              [
                -58.6610614,
                -34.5922729
              ],
              [
                -58.6609709,
                -34.5922625
              ],
              [
                -58.6608863,
                -34.5922428
              ],
              [
                -58.6607848,
                -34.5922136
              ],
              [
                -58.6606786,
                -34.5921282
              ],
              [
                -58.6606583,
                -34.5919827
              ],
              [
                -58.6606652,
                -34.5919032
              ],
              [
                -58.660736,
                -34.5917307
              ],
              [
                -58.660873,
                -34.5909548
              ],
              [
                -58.6609479,
                -34.5898873
              ],
              [
                -58.6610907,
                -34.5893859
              ],
              [
                -58.6612027,
                -34.5888121
              ],
              [
                -58.6612186,
                -34.5886459
              ],
              [
                -58.6612419,
                -34.5884075
              ],
              [
                -58.6611842,
                -34.5876264
              ],
              [
                -58.6612535,
                -34.5875269
              ],
              [
                -58.6618566,
                -34.5867777
              ]
            ]
          ]
        ]
      }
    },
    {
      "type": "Feature",
      "properties": {
        "fid": 2607,
        "area": 130187.825,
        "perimeter": 1467.381,
        "nomprov": "BUENOS AIRES",
        "prov": "06",
        "nomdepto": "HURLINGHAM",
        "depto": "408",
        "frac": "12",
        "radio": "06",
        "tipo": "U",
        "link": "064081206",
        "assigned_zone_name": "Carola Lorenzini",
        "hurlingham_overlap_m2": 129925.35,
        "population_total": null,
        "households_total": null,
        "source_note": "PBA 2022 radio resource provides geometry and radio codes; no population/housing counts were present in the downloaded resource.",
        "source_name": "Datos Abiertos PBA / INDEC - Radios censales 2022",
        "source_url": "https://catalogo.datos.gba.gob.ar/dataset/radios-censales",
        "generated_at": "2026-06-13T02:11:01.209890+00:00",
        "data_confidence": "medium"
      },
      "geometry": {
        "type": "MultiPolygon",
        "coordinates": [
          [
            [
              [
                -58.654236,
                -34.6220584
              ],
              [
                -58.653496,
                -34.6226675
              ],
              [
                -58.6532635,
                -34.6228589
              ],
              [
                -58.6524017,
                -34.6235614
              ],
              [
                -58.6519818,
                -34.6239083
              ],
              [
                -58.6508876,
                -34.6248156
              ],
              [
                -58.651598,
                -34.6253913
              ],
              [
                -58.6524372,
                -34.6260856
              ],
              [
                -58.6529859,
                -34.6265423
              ],
              [
                -58.6532012,
                -34.6267159
              ],
              [
                -58.653455,
                -34.6265295
              ],
              [
                -58.6542727,
                -34.6258625
              ],
              [
                -58.6555655,
                -34.6248041
              ],
              [
                -58.6564715,
                -34.624066
              ],
              [
                -58.6564825,
                -34.6240571
              ],
              [
                -58.6565264,
                -34.6240396
              ],
              [
                -58.656565,
                -34.6240174
              ],
              [
                -58.6557957,
                -34.6233735
              ],
              [
                -58.6549352,
                -34.622643
              ],
              [
                -58.654236,
                -34.6220584
              ]
            ]
          ]
        ]
      }
    },
    {
      "type": "Feature",
      "properties": {
        "fid": 2608,
        "area": 124738.375,
        "perimeter": 1786.617,
        "nomprov": "BUENOS AIRES",
        "prov": "06",
        "nomdepto": "HURLINGHAM",
        "depto": "408",
        "frac": "02",
        "radio": "04",
        "tipo": "U",
        "link": "064080204",
        "assigned_zone_name": "Roca 2",
        "hurlingham_overlap_m2": 124708.75,
        "population_total": null,
        "households_total": null,
        "source_note": "PBA 2022 radio resource provides geometry and radio codes; no population/housing counts were present in the downloaded resource.",
        "source_name": "Datos Abiertos PBA / INDEC - Radios censales 2022",
        "source_url": "https://catalogo.datos.gba.gob.ar/dataset/radios-censales",
        "generated_at": "2026-06-13T02:11:01.209890+00:00",
        "data_confidence": "medium"
      },
      "geometry": {
        "type": "MultiPolygon",
        "coordinates": [
          [
            [
              [
                -58.6486118,
                -34.5768565
              ],
              [
                -58.6480402,
                -34.5773158
              ],
              [
                -58.6472316,
                -34.5779679
              ],
              [
                -58.6470218,
                -34.5781368
              ],
              [
                -58.6462934,
                -34.5787056
              ],
              [
                -58.6462823,
                -34.5787145
              ],
              [
                -58.6460007,
                -34.5792793
              ],
              [
                -58.6459117,
                -34.5793954
              ],
              [
                -58.6455585,
                -34.5796709
              ],
              [
                -58.6448249,
                -34.5802171
              ],
              [
                -58.6448083,
                -34.5802305
              ],
              [
                -58.644808,
                -34.5802485
              ],
              [
                -58.6447964,
                -34.5802934
              ],
              [
                -58.644774,
                -34.5803292
              ],
              [
                -58.6447516,
                -34.580365
              ],
              [
                -58.6447293,
                -34.5804008
              ],
              [
                -58.644707,
                -34.5804276
              ],
              [
                -58.6446738,
                -34.5804633
              ],
              [
                -58.6446406,
                -34.58049
              ],
              [
                -58.6445968,
                -34.5805075
              ],
              [
                -58.6445636,
                -34.5805342
              ],
              [
                -58.6445308,
                -34.5805429
              ],
              [
                -58.6445198,
                -34.5805517
              ],
              [
                -58.6444759,
                -34.5805693
              ],
              [
                -58.6444322,
                -34.5805778
              ],
              [
                -58.6443883,
                -34.5805954
              ],
              [
                -58.6443338,
                -34.5805947
              ],
              [
                -58.6442901,
                -34.5806033
              ],
              [
                -58.6442465,
                -34.5806028
              ],
              [
                -58.6441922,
                -34.5805932
              ],
              [
                -58.6441487,
                -34.5805837
              ],
              [
                -58.6441053,
                -34.5805742
              ],
              [
                -58.6440618,
                -34.5805647
              ],
              [
                -58.6440186,
                -34.5805462
              ],
              [
                -58.6439969,
                -34.5805369
              ],
              [
                -58.6432242,
                -34.5811413
              ],
              [
                -58.6437508,
                -34.5815978
              ],
              [
                -58.6439658,
                -34.5817804
              ],
              [
                -58.6446749,
                -34.5824103
              ],
              [
                -58.6457018,
                -34.5815834
              ],
              [
                -58.6467617,
                -34.5807389
              ],
              [
                -58.6477003,
                -34.5799831
              ],
              [
                -58.6478657,
                -34.5798588
              ],
              [
                -58.6484065,
                -34.5794411
              ],
              [
                -58.6484175,
                -34.5794322
              ],
              [
                -58.6485168,
                -34.5793612
              ],
              [
                -58.6495079,
                -34.578605
              ],
              [
                -58.6497745,
                -34.5784107
              ],
              [
                -58.6500726,
                -34.5781706
              ],
              [
                -58.6493329,
                -34.5774925
              ],
              [
                -58.6486118,
                -34.5768565
              ]
            ]
          ]
        ]
      }
    },
    {
      "type": "Feature",
      "properties": {
        "fid": 2609,
        "area": 94571.187,
        "perimeter": 1234.434,
        "nomprov": "BUENOS AIRES",
        "prov": "06",
        "nomdepto": "HURLINGHAM",
        "depto": "408",
        "frac": "11",
        "radio": "05",
        "tipo": "U",
        "link": "064081105",
        "assigned_zone_name": "Santa Leonor",
        "hurlingham_overlap_m2": 94549.32,
        "population_total": null,
        "households_total": null,
        "source_note": "PBA 2022 radio resource provides geometry and radio codes; no population/housing counts were present in the downloaded resource.",
        "source_name": "Datos Abiertos PBA / INDEC - Radios censales 2022",
        "source_url": "https://catalogo.datos.gba.gob.ar/dataset/radios-censales",
        "generated_at": "2026-06-13T02:11:01.209890+00:00",
        "data_confidence": "medium"
      },
      "geometry": {
        "type": "MultiPolygon",
        "coordinates": [
          [
            [
              [
                -58.6548633,
                -34.5946597
              ],
              [
                -58.6559709,
                -34.5955958
              ],
              [
                -58.6565783,
                -34.5951068
              ],
              [
                -58.6572409,
                -34.5945732
              ],
              [
                -58.657793,
                -34.5941286
              ],
              [
                -58.6582789,
                -34.5937374
              ],
              [
                -58.6584998,
                -34.5935595
              ],
              [
                -58.6584352,
                -34.5935048
              ],
              [
                -58.6581985,
                -34.5933129
              ],
              [
                -58.6573707,
                -34.5926007
              ],
              [
                -58.656274,
                -34.5916693
              ],
              [
                -58.655589,
                -34.5922386
              ],
              [
                -58.6553792,
                -34.5924075
              ],
              [
                -58.6552907,
                -34.5924877
              ],
              [
                -58.6549596,
                -34.5927454
              ],
              [
                -58.6543524,
                -34.5932254
              ],
              [
                -58.6537341,
                -34.5937144
              ],
              [
                -58.6548633,
                -34.5946597
              ]
            ]
          ]
        ]
      }
    },
    {
      "type": "Feature",
      "properties": {
        "fid": 2672,
        "area": 111449.839,
        "perimeter": 1335.147,
        "nomprov": "BUENOS AIRES",
        "prov": "06",
        "nomdepto": "HURLINGHAM",
        "depto": "408",
        "frac": "08",
        "radio": "11",
        "tipo": "U",
        "link": "064080811",
        "assigned_zone_name": "La Juanita",
        "hurlingham_overlap_m2": 111421.63,
        "population_total": null,
        "households_total": null,
        "source_note": "PBA 2022 radio resource provides geometry and radio codes; no population/housing counts were present in the downloaded resource.",
        "source_name": "Datos Abiertos PBA / INDEC - Radios censales 2022",
        "source_url": "https://catalogo.datos.gba.gob.ar/dataset/radios-censales",
        "generated_at": "2026-06-13T02:11:01.209890+00:00",
        "data_confidence": "medium"
      },
      "geometry": {
        "type": "MultiPolygon",
        "coordinates": [
          [
            [
              [
                -58.6262384,
                -34.6179606
              ],
              [
                -58.6258351,
                -34.617956
              ],
              [
                -58.6254316,
                -34.6179605
              ],
              [
                -58.624472,
                -34.6179677
              ],
              [
                -58.6227055,
                -34.6179838
              ],
              [
                -58.6227151,
                -34.618723
              ],
              [
                -58.6227249,
                -34.6194532
              ],
              [
                -58.6227331,
                -34.6202736
              ],
              [
                -58.6227366,
                -34.6207243
              ],
              [
                -58.6227197,
                -34.6210846
              ],
              [
                -58.6244754,
                -34.6210684
              ],
              [
                -58.6254459,
                -34.6210613
              ],
              [
                -58.6258603,
                -34.621057
              ],
              [
                -58.6262529,
                -34.6210524
              ],
              [
                -58.6262653,
                -34.6209624
              ],
              [
                -58.6262661,
                -34.6202503
              ],
              [
                -58.626265,
                -34.6196554
              ],
              [
                -58.6262577,
                -34.619439
              ],
              [
                -58.6262479,
                -34.6187088
              ],
              [
                -58.6262384,
                -34.6179606
              ]
            ]
          ]
        ]
      }
    },
    {
      "type": "Feature",
      "properties": {
        "fid": 2652,
        "area": 69847.683,
        "perimeter": 1220.883,
        "nomprov": "BUENOS AIRES",
        "prov": "06",
        "nomdepto": "HURLINGHAM",
        "depto": "408",
        "frac": "05",
        "radio": "01",
        "tipo": "U",
        "link": "064080501",
        "assigned_zone_name": "San Damián",
        "hurlingham_overlap_m2": 69831.79,
        "population_total": null,
        "households_total": null,
        "source_note": "PBA 2022 radio resource provides geometry and radio codes; no population/housing counts were present in the downloaded resource.",
        "source_name": "Datos Abiertos PBA / INDEC - Radios censales 2022",
        "source_url": "https://catalogo.datos.gba.gob.ar/dataset/radios-censales",
        "generated_at": "2026-06-13T02:11:01.209890+00:00",
        "data_confidence": "medium"
      },
      "geometry": {
        "type": "MultiPolygon",
        "coordinates": [
          [
            [
              [
                -58.6622817,
                -34.5799726
              ],
              [
                -58.6610864,
                -34.5807752
              ],
              [
                -58.6609031,
                -34.5805924
              ],
              [
                -58.6591709,
                -34.5817464
              ],
              [
                -58.6593564,
                -34.5819273
              ],
              [
                -58.6601364,
                -34.5826399
              ],
              [
                -58.6607331,
                -34.5831467
              ],
              [
                -58.6609919,
                -34.5829329
              ],
              [
                -58.6611796,
                -34.5827817
              ],
              [
                -58.6615108,
                -34.582515
              ],
              [
                -58.6622124,
                -34.5830982
              ],
              [
                -58.6622929,
                -34.5831651
              ],
              [
                -58.6624356,
                -34.5832689
              ],
              [
                -58.6626676,
                -34.5829006
              ],
              [
                -58.6627651,
                -34.5821777
              ],
              [
                -58.6626056,
                -34.5821743
              ],
              [
                -58.6626825,
                -34.5809126
              ],
              [
                -58.6626834,
                -34.5802144
              ],
              [
                -58.6624167,
                -34.5798857
              ],
              [
                -58.6623051,
                -34.5799576
              ],
              [
                -58.6622817,
                -34.5799726
              ]
            ]
          ]
        ]
      }
    },
    {
      "type": "Feature",
      "properties": {
        "fid": 2653,
        "area": 215936.218,
        "perimeter": 2331.906,
        "nomprov": "BUENOS AIRES",
        "prov": "06",
        "nomdepto": "HURLINGHAM",
        "depto": "408",
        "frac": "18",
        "radio": "04",
        "tipo": "U",
        "link": "064081804",
        "assigned_zone_name": "El Destino",
        "hurlingham_overlap_m2": 215887.59,
        "population_total": null,
        "households_total": null,
        "source_note": "PBA 2022 radio resource provides geometry and radio codes; no population/housing counts were present in the downloaded resource.",
        "source_name": "Datos Abiertos PBA / INDEC - Radios censales 2022",
        "source_url": "https://catalogo.datos.gba.gob.ar/dataset/radios-censales",
        "generated_at": "2026-06-13T02:11:01.209890+00:00",
        "data_confidence": "medium"
      },
      "geometry": {
        "type": "MultiPolygon",
        "coordinates": [
          [
            [
              [
                -58.6668588,
                -34.589523
              ],
              [
                -58.6666162,
                -34.5897006
              ],
              [
                -58.6650813,
                -34.5909457
              ],
              [
                -58.664728,
                -34.5912303
              ],
              [
                -58.6636126,
                -34.5921374
              ],
              [
                -58.6629389,
                -34.5926889
              ],
              [
                -58.6623649,
                -34.5931423
              ],
              [
                -58.6620666,
                -34.5933914
              ],
              [
                -58.6617033,
                -34.5936771
              ],
              [
                -58.6612493,
                -34.5940585
              ],
              [
                -58.660167,
                -34.5949389
              ],
              [
                -58.6616407,
                -34.5961629
              ],
              [
                -58.6619056,
                -34.5959585
              ],
              [
                -58.6619604,
                -34.5959144
              ],
              [
                -58.6620215,
                -34.5958651
              ],
              [
                -58.6620601,
                -34.595834
              ],
              [
                -58.6627115,
                -34.5953184
              ],
              [
                -58.6632635,
                -34.5948827
              ],
              [
                -58.6634402,
                -34.5947405
              ],
              [
                -58.6638598,
                -34.5944025
              ],
              [
                -58.6645002,
                -34.5938868
              ],
              [
                -58.6650963,
                -34.5934156
              ],
              [
                -58.6651554,
                -34.5934703
              ],
              [
                -58.6659562,
                -34.5941731
              ],
              [
                -58.6665412,
                -34.5937108
              ],
              [
                -58.6671156,
                -34.5932393
              ],
              [
                -58.6671487,
                -34.5932127
              ],
              [
                -58.667535,
                -34.5929104
              ],
              [
                -58.6681642,
                -34.5924125
              ],
              [
                -58.6691909,
                -34.5915945
              ],
              [
                -58.6683528,
                -34.5908372
              ],
              [
                -58.6682027,
                -34.5906824
              ],
              [
                -58.6674933,
                -34.5900617
              ],
              [
                -58.6671814,
                -34.5897969
              ],
              [
                -58.6668588,
                -34.589523
              ]
            ]
          ]
        ]
      }
    },
    {
      "type": "Feature",
      "properties": {
        "fid": 2670,
        "area": 104592.322,
        "perimeter": 1515.69,
        "nomprov": "BUENOS AIRES",
        "prov": "06",
        "nomdepto": "HURLINGHAM",
        "depto": "408",
        "frac": "06",
        "radio": "09",
        "tipo": "U",
        "link": "064080609",
        "assigned_zone_name": "Parque Jhonston",
        "hurlingham_overlap_m2": 104566.79,
        "population_total": null,
        "households_total": null,
        "source_note": "PBA 2022 radio resource provides geometry and radio codes; no population/housing counts were present in the downloaded resource.",
        "source_name": "Datos Abiertos PBA / INDEC - Radios censales 2022",
        "source_url": "https://catalogo.datos.gba.gob.ar/dataset/radios-censales",
        "generated_at": "2026-06-13T02:11:01.209890+00:00",
        "data_confidence": "medium"
      },
      "geometry": {
        "type": "MultiPolygon",
        "coordinates": [
          [
            [
              [
                -58.6368969,
                -34.6008914
              ],
              [
                -58.6378985,
                -34.6009657
              ],
              [
                -58.638073,
                -34.6009587
              ],
              [
                -58.6381374,
                -34.6010225
              ],
              [
                -58.6389006,
                -34.60168
              ],
              [
                -58.639008,
                -34.6017803
              ],
              [
                -58.6397701,
                -34.6011669
              ],
              [
                -58.6402561,
                -34.6007757
              ],
              [
                -58.6393209,
                -34.5999721
              ],
              [
                -58.6386007,
                -34.5993511
              ],
              [
                -58.6378913,
                -34.5987393
              ],
              [
                -58.6371388,
                -34.598091
              ],
              [
                -58.6368808,
                -34.5978717
              ],
              [
                -58.636655,
                -34.5976799
              ],
              [
                -58.6365047,
                -34.5975431
              ],
              [
                -58.6358919,
                -34.5970224
              ],
              [
                -58.6358246,
                -34.5978059
              ],
              [
                -58.6357315,
                -34.5988324
              ],
              [
                -58.6356496,
                -34.599841
              ],
              [
                -58.6355574,
                -34.6008134
              ],
              [
                -58.6362327,
                -34.600848
              ],
              [
                -58.6368969,
                -34.6008914
              ]
            ]
          ]
        ]
      }
    },
    {
      "type": "Feature",
      "properties": {
        "fid": 2671,
        "area": 106421.907,
        "perimeter": 1600.023,
        "nomprov": "BUENOS AIRES",
        "prov": "06",
        "nomdepto": "HURLINGHAM",
        "depto": "408",
        "frac": "11",
        "radio": "09",
        "tipo": "U",
        "link": "064081109",
        "assigned_zone_name": "Los Patitos",
        "hurlingham_overlap_m2": 106397.53,
        "population_total": null,
        "households_total": null,
        "source_note": "PBA 2022 radio resource provides geometry and radio codes; no population/housing counts were present in the downloaded resource.",
        "source_name": "Datos Abiertos PBA / INDEC - Radios censales 2022",
        "source_url": "https://catalogo.datos.gba.gob.ar/dataset/radios-censales",
        "generated_at": "2026-06-13T02:11:01.209890+00:00",
        "data_confidence": "medium"
      },
      "geometry": {
        "type": "MultiPolygon",
        "coordinates": [
          [
            [
              [
                -58.6613296,
                -34.5978901
              ],
              [
                -58.6612412,
                -34.5979612
              ],
              [
                -58.660678,
                -34.5984147
              ],
              [
                -58.6593863,
                -34.5994371
              ],
              [
                -58.6585471,
                -34.6001039
              ],
              [
                -58.6577633,
                -34.6007172
              ],
              [
                -58.657189,
                -34.6011796
              ],
              [
                -58.6564603,
                -34.6017574
              ],
              [
                -58.6574412,
                -34.6024443
              ],
              [
                -58.657646,
                -34.6025907
              ],
              [
                -58.6580447,
                -34.6028745
              ],
              [
                -58.6591931,
                -34.6019588
              ],
              [
                -58.6599772,
                -34.6013274
              ],
              [
                -58.6608164,
                -34.6006606
              ],
              [
                -58.6617771,
                -34.599887
              ],
              [
                -58.6612394,
                -34.5994304
              ],
              [
                -58.6622221,
                -34.598648
              ],
              [
                -58.6613296,
                -34.5978901
              ]
            ]
          ]
        ]
      }
    },
    {
      "type": "Feature",
      "properties": {
        "fid": 2673,
        "area": 91951.26,
        "perimeter": 1224.856,
        "nomprov": "BUENOS AIRES",
        "prov": "06",
        "nomdepto": "HURLINGHAM",
        "depto": "408",
        "frac": "02",
        "radio": "05",
        "tipo": "U",
        "link": "064080205",
        "assigned_zone_name": "Roca 2",
        "hurlingham_overlap_m2": 91929.2,
        "population_total": null,
        "households_total": null,
        "source_note": "PBA 2022 radio resource provides geometry and radio codes; no population/housing counts were present in the downloaded resource.",
        "source_name": "Datos Abiertos PBA / INDEC - Radios censales 2022",
        "source_url": "https://catalogo.datos.gba.gob.ar/dataset/radios-censales",
        "generated_at": "2026-06-13T02:11:01.209890+00:00",
        "data_confidence": "medium"
      },
      "geometry": {
        "type": "MultiPolygon",
        "coordinates": [
          [
            [
              [
                -58.6409136,
                -34.5791506
              ],
              [
                -58.6411177,
                -34.5793331
              ],
              [
                -58.641698,
                -34.5798353
              ],
              [
                -58.642461,
                -34.5804928
              ],
              [
                -58.6432242,
                -34.5811413
              ],
              [
                -58.6439969,
                -34.5805369
              ],
              [
                -58.6440186,
                -34.5805462
              ],
              [
                -58.6440618,
                -34.5805647
              ],
              [
                -58.6441053,
                -34.5805742
              ],
              [
                -58.6441487,
                -34.5805837
              ],
              [
                -58.6441922,
                -34.5805932
              ],
              [
                -58.6442465,
                -34.5806028
              ],
              [
                -58.6442901,
                -34.5806033
              ],
              [
                -58.6443338,
                -34.5805947
              ],
              [
                -58.6443883,
                -34.5805954
              ],
              [
                -58.6444322,
                -34.5805778
              ],
              [
                -58.6444759,
                -34.5805693
              ],
              [
                -58.6445198,
                -34.5805517
              ],
              [
                -58.6445308,
                -34.5805429
              ],
              [
                -58.6445636,
                -34.5805342
              ],
              [
                -58.6445968,
                -34.5805075
              ],
              [
                -58.6446406,
                -34.58049
              ],
              [
                -58.6446738,
                -34.5804633
              ],
              [
                -58.644707,
                -34.5804276
              ],
              [
                -58.6447293,
                -34.5804008
              ],
              [
                -58.6447516,
                -34.580365
              ],
              [
                -58.644774,
                -34.5803292
              ],
              [
                -58.6447964,
                -34.5802934
              ],
              [
                -58.644808,
                -34.5802485
              ],
              [
                -58.6448083,
                -34.5802305
              ],
              [
                -58.6448249,
                -34.5802171
              ],
              [
                -58.6455585,
                -34.5796709
              ],
              [
                -58.6449784,
                -34.5791507
              ],
              [
                -58.6449177,
                -34.5788616
              ],
              [
                -58.6447459,
                -34.5787065
              ],
              [
                -58.6439615,
                -34.5780218
              ],
              [
                -58.6431987,
                -34.5773463
              ],
              [
                -58.6424037,
                -34.5779864
              ],
              [
                -58.6417191,
                -34.5785376
              ],
              [
                -58.6409136,
                -34.5791506
              ]
            ]
          ]
        ]
      }
    },
    {
      "type": "Feature",
      "properties": {
        "fid": 2674,
        "area": 115742.514,
        "perimeter": 1705.345,
        "nomprov": "BUENOS AIRES",
        "prov": "06",
        "nomdepto": "HURLINGHAM",
        "depto": "408",
        "frac": "16",
        "radio": "01",
        "tipo": "U",
        "link": "064081601",
        "assigned_zone_name": "Villa Club",
        "hurlingham_overlap_m2": 115714.32,
        "population_total": null,
        "households_total": null,
        "source_note": "PBA 2022 radio resource provides geometry and radio codes; no population/housing counts were present in the downloaded resource.",
        "source_name": "Datos Abiertos PBA / INDEC - Radios censales 2022",
        "source_url": "https://catalogo.datos.gba.gob.ar/dataset/radios-censales",
        "generated_at": "2026-06-13T02:11:01.209890+00:00",
        "data_confidence": "medium"
      },
      "geometry": {
        "type": "MultiPolygon",
        "coordinates": [
          [
            [
              [
                -58.6380382,
                -34.5854546
              ],
              [
                -58.6380961,
                -34.5855021
              ],
              [
                -58.6389729,
                -34.5837988
              ],
              [
                -58.639204,
                -34.5833589
              ],
              [
                -58.6393358,
                -34.5830672
              ],
              [
                -58.6406589,
                -34.5793202
              ],
              [
                -58.6405941,
                -34.5793634
              ],
              [
                -58.6404561,
                -34.57947
              ],
              [
                -58.63938,
                -34.5803053
              ],
              [
                -58.6382208,
                -34.5812207
              ],
              [
                -58.6380662,
                -34.5813452
              ],
              [
                -58.6370615,
                -34.5821362
              ],
              [
                -58.6362336,
                -34.5827849
              ],
              [
                -58.6359797,
                -34.5829804
              ],
              [
                -58.6355711,
                -34.5833093
              ],
              [
                -58.6363773,
                -34.5839943
              ],
              [
                -58.6366889,
                -34.5842682
              ],
              [
                -58.6371509,
                -34.58467
              ],
              [
                -58.6378922,
                -34.5853272
              ],
              [
                -58.6380382,
                -34.5854546
              ]
            ]
          ]
        ]
      }
    },
    {
      "type": "Feature",
      "properties": {
        "fid": 2675,
        "area": 93583.557,
        "perimeter": 1511.811,
        "nomprov": "BUENOS AIRES",
        "prov": "06",
        "nomdepto": "HURLINGHAM",
        "depto": "408",
        "frac": "10",
        "radio": "02",
        "tipo": "U",
        "link": "064081002",
        "assigned_zone_name": "Luna",
        "hurlingham_overlap_m2": 93561.29,
        "population_total": null,
        "households_total": null,
        "source_note": "PBA 2022 radio resource provides geometry and radio codes; no population/housing counts were present in the downloaded resource.",
        "source_name": "Datos Abiertos PBA / INDEC - Radios censales 2022",
        "source_url": "https://catalogo.datos.gba.gob.ar/dataset/radios-censales",
        "generated_at": "2026-06-13T02:11:01.209890+00:00",
        "data_confidence": "medium"
      },
      "geometry": {
        "type": "MultiPolygon",
        "coordinates": [
          [
            [
              [
                -58.6484404,
                -34.5968647
              ],
              [
                -58.6479324,
                -34.5972736
              ],
              [
                -58.6472922,
                -34.5977623
              ],
              [
                -58.6463648,
                -34.5984911
              ],
              [
                -58.6454817,
                -34.5991754
              ],
              [
                -58.6454154,
                -34.5992287
              ],
              [
                -58.6444988,
                -34.5999576
              ],
              [
                -58.6442779,
                -34.6001354
              ],
              [
                -58.6436263,
                -34.60066
              ],
              [
                -58.6442173,
                -34.6011803
              ],
              [
                -58.644615,
                -34.6015273
              ],
              [
                -58.6448086,
                -34.6016917
              ],
              [
                -58.645692,
                -34.6009894
              ],
              [
                -58.6465977,
                -34.6002603
              ],
              [
                -58.646664,
                -34.600207
              ],
              [
                -58.6475471,
                -34.5995228
              ],
              [
                -58.6480992,
                -34.5990872
              ],
              [
                -58.6484638,
                -34.5987848
              ],
              [
                -58.6492815,
                -34.5980998
              ],
              [
                -58.6494018,
                -34.5980741
              ],
              [
                -58.6489958,
                -34.5975648
              ],
              [
                -58.6489316,
                -34.597492
              ],
              [
                -58.6484404,
                -34.5968647
              ]
            ]
          ]
        ]
      }
    },
    {
      "type": "Feature",
      "properties": {
        "fid": 2676,
        "area": 67944.407,
        "perimeter": 1543.425,
        "nomprov": "BUENOS AIRES",
        "prov": "06",
        "nomdepto": "HURLINGHAM",
        "depto": "408",
        "frac": "05",
        "radio": "06",
        "tipo": "U",
        "link": "064080506",
        "assigned_zone_name": "La Leonor",
        "hurlingham_overlap_m2": 67928.86,
        "population_total": null,
        "households_total": null,
        "source_note": "PBA 2022 radio resource provides geometry and radio codes; no population/housing counts were present in the downloaded resource.",
        "source_name": "Datos Abiertos PBA / INDEC - Radios censales 2022",
        "source_url": "https://catalogo.datos.gba.gob.ar/dataset/radios-censales",
        "generated_at": "2026-06-13T02:11:01.209890+00:00",
        "data_confidence": "medium"
      },
      "geometry": {
        "type": "MultiPolygon",
        "coordinates": [
          [
            [
              [
                -58.6617817,
                -34.5853302
              ],
              [
                -58.6609315,
                -34.5860149
              ],
              [
                -58.6601586,
                -34.5866373
              ],
              [
                -58.6593856,
                -34.5872688
              ],
              [
                -58.6586127,
                -34.5878913
              ],
              [
                -58.6578839,
                -34.5884782
              ],
              [
                -58.6578396,
                -34.5885227
              ],
              [
                -58.6570556,
                -34.5891541
              ],
              [
                -58.6581956,
                -34.590104
              ],
              [
                -58.6589578,
                -34.5894724
              ],
              [
                -58.6597308,
                -34.58885
              ],
              [
                -58.6605037,
                -34.5882275
              ],
              [
                -58.6601812,
                -34.5879446
              ],
              [
                -58.6599662,
                -34.5877619
              ],
              [
                -58.6607394,
                -34.5871214
              ],
              [
                -58.6615014,
                -34.5864989
              ],
              [
                -58.6617166,
                -34.5866725
              ],
              [
                -58.6618566,
                -34.5867777
              ],
              [
                -58.6619253,
                -34.5866413
              ],
              [
                -58.6619725,
                -34.5863709
              ],
              [
                -58.662009,
                -34.5860392
              ],
              [
                -58.6620055,
                -34.5857731
              ],
              [
                -58.6620108,
                -34.5856861
              ],
              [
                -58.6620428,
                -34.5856348
              ],
              [
                -58.662091,
                -34.5855841
              ],
              [
                -58.6617817,
                -34.5853302
              ]
            ]
          ]
        ]
      }
    },
    {
      "type": "Feature",
      "properties": {
        "fid": 2677,
        "area": 183965.142,
        "perimeter": 1795.914,
        "nomprov": "BUENOS AIRES",
        "prov": "06",
        "nomdepto": "HURLINGHAM",
        "depto": "408",
        "frac": "07",
        "radio": "07",
        "tipo": "U",
        "link": "064080707",
        "assigned_zone_name": "Parque Quirno",
        "hurlingham_overlap_m2": 183919.76,
        "population_total": null,
        "households_total": null,
        "source_note": "PBA 2022 radio resource provides geometry and radio codes; no population/housing counts were present in the downloaded resource.",
        "source_name": "Datos Abiertos PBA / INDEC - Radios censales 2022",
        "source_url": "https://catalogo.datos.gba.gob.ar/dataset/radios-censales",
        "generated_at": "2026-06-13T02:11:01.209890+00:00",
        "data_confidence": "medium"
      },
      "geometry": {
        "type": "MultiPolygon",
        "coordinates": [
          [
            [
              [
                -58.6331963,
                -34.6052036
              ],
              [
                -58.6339379,
                -34.6058518
              ],
              [
                -58.634678,
                -34.6052562
              ],
              [
                -58.6349319,
                -34.6050608
              ],
              [
                -58.6352192,
                -34.6048296
              ],
              [
                -58.6353106,
                -34.6039022
              ],
              [
                -58.6353121,
                -34.6038121
              ],
              [
                -58.6353271,
                -34.6035644
              ],
              [
                -58.6353341,
                -34.6034654
              ],
              [
                -58.6354191,
                -34.6026055
              ],
              [
                -58.6354325,
                -34.6024524
              ],
              [
                -58.6354877,
                -34.601741
              ],
              [
                -58.6355555,
                -34.6009305
              ],
              [
                -58.6355574,
                -34.6008134
              ],
              [
                -58.6356496,
                -34.599841
              ],
              [
                -58.6354864,
                -34.5998211
              ],
              [
                -58.6343212,
                -34.599754
              ],
              [
                -58.6334399,
                -34.600321
              ],
              [
                -58.6323799,
                -34.6011474
              ],
              [
                -58.6314854,
                -34.6018494
              ],
              [
                -58.6308339,
                -34.6023558
              ],
              [
                -58.6306021,
                -34.6025335
              ],
              [
                -58.6306668,
                -34.6025793
              ],
              [
                -58.6316152,
                -34.6032389
              ],
              [
                -58.6316369,
                -34.6032482
              ],
              [
                -58.6316693,
                -34.6032666
              ],
              [
                -58.6317124,
                -34.6032941
              ],
              [
                -58.6317447,
                -34.6033215
              ],
              [
                -58.6317768,
                -34.6033579
              ],
              [
                -58.6317981,
                -34.6033852
              ],
              [
                -58.6318193,
                -34.6034215
              ],
              [
                -58.6318405,
                -34.6034578
              ],
              [
                -58.6318617,
                -34.6034941
              ],
              [
                -58.6318721,
                -34.6035302
              ],
              [
                -58.6318715,
                -34.6035663
              ],
              [
                -58.6318816,
                -34.6036115
              ],
              [
                -58.631881,
                -34.6036475
              ],
              [
                -58.6318691,
                -34.6037105
              ],
              [
                -58.6318572,
                -34.6037734
              ],
              [
                -58.6318567,
                -34.6038005
              ],
              [
                -58.6318561,
                -34.6038365
              ],
              [
                -58.6318661,
                -34.6038907
              ],
              [
                -58.631876,
                -34.6039539
              ],
              [
                -58.6318968,
                -34.6040172
              ],
              [
                -58.6319286,
                -34.6040717
              ],
              [
                -58.6319602,
                -34.6041351
              ],
              [
                -58.631992,
                -34.6041896
              ],
              [
                -58.6320349,
                -34.6042351
              ],
              [
                -58.632067,
                -34.6042715
              ],
              [
                -58.6321102,
                -34.6042991
              ],
              [
                -58.6323252,
                -34.6044817
              ],
              [
                -58.6329276,
                -34.6049752
              ],
              [
                -58.6329704,
                -34.6050208
              ],
              [
                -58.6331963,
                -34.6052036
              ]
            ]
          ]
        ]
      }
    },
    {
      "type": "Feature",
      "properties": {
        "fid": 2678,
        "area": 242708.254,
        "perimeter": 2124.991,
        "nomprov": "BUENOS AIRES",
        "prov": "06",
        "nomdepto": "HURLINGHAM",
        "depto": "408",
        "frac": "08",
        "radio": "01",
        "tipo": "U",
        "link": "064080801",
        "assigned_zone_name": "Parque Quirno",
        "hurlingham_overlap_m2": 242646.52,
        "population_total": null,
        "households_total": null,
        "source_note": "PBA 2022 radio resource provides geometry and radio codes; no population/housing counts were present in the downloaded resource.",
        "source_name": "Datos Abiertos PBA / INDEC - Radios censales 2022",
        "source_url": "https://catalogo.datos.gba.gob.ar/dataset/radios-censales",
        "generated_at": "2026-06-13T02:11:01.209890+00:00",
        "data_confidence": "medium"
      },
      "geometry": {
        "type": "MultiPolygon",
        "coordinates": [
          [
            [
              [
                -58.620741,
                -34.6049282
              ],
              [
                -58.6206417,
                -34.6049992
              ],
              [
                -58.6206318,
                -34.604936
              ],
              [
                -58.6205491,
                -34.6047239
              ],
              [
                -58.6205257,
                -34.6047474
              ],
              [
                -58.6204659,
                -34.6048073
              ],
              [
                -58.6203771,
                -34.6048964
              ],
              [
                -58.6200891,
                -34.6051852
              ],
              [
                -58.6199552,
                -34.6053194
              ],
              [
                -58.6198768,
                -34.6061353
              ],
              [
                -58.6200698,
                -34.6071093
              ],
              [
                -58.6201977,
                -34.6080945
              ],
              [
                -58.6202315,
                -34.6086672
              ],
              [
                -58.6204323,
                -34.6091703
              ],
              [
                -58.620913,
                -34.6097541
              ],
              [
                -58.6213313,
                -34.610084
              ],
              [
                -58.6217746,
                -34.6104481
              ],
              [
                -58.6219255,
                -34.6108804
              ],
              [
                -58.6218716,
                -34.6111056
              ],
              [
                -58.6220067,
                -34.6111212
              ],
              [
                -58.6233459,
                -34.6108975
              ],
              [
                -58.6234465,
                -34.6107454
              ],
              [
                -58.623491,
                -34.6106918
              ],
              [
                -58.6245182,
                -34.6098832
              ],
              [
                -58.6247375,
                -34.6098045
              ],
              [
                -58.6247708,
                -34.6093774
              ],
              [
                -58.6248069,
                -34.6089039
              ],
              [
                -58.624777,
                -34.6087324
              ],
              [
                -58.6251258,
                -34.6087363
              ],
              [
                -58.625322,
                -34.6087385
              ],
              [
                -58.6256055,
                -34.6087327
              ],
              [
                -58.6260635,
                -34.6087453
              ],
              [
                -58.6260371,
                -34.608518
              ],
              [
                -58.6260156,
                -34.6084556
              ],
              [
                -58.6259902,
                -34.6083978
              ],
              [
                -58.625961,
                -34.6083477
              ],
              [
                -58.6259354,
                -34.6083039
              ],
              [
                -58.6258985,
                -34.60826
              ],
              [
                -58.6248138,
                -34.607228
              ],
              [
                -58.6237914,
                -34.6063597
              ],
              [
                -58.6237271,
                -34.6062959
              ],
              [
                -58.6223406,
                -34.6050995
              ],
              [
                -58.6222225,
                -34.60499
              ],
              [
                -58.6214701,
                -34.6043415
              ],
              [
                -58.620741,
                -34.6049282
              ]
            ]
          ]
        ]
      }
    },
    {
      "type": "Feature",
      "properties": {
        "fid": 2692,
        "area": 130068.428,
        "perimeter": 1559.944,
        "nomprov": "BUENOS AIRES",
        "prov": "06",
        "nomdepto": "HURLINGHAM",
        "depto": "408",
        "frac": "09",
        "radio": "03",
        "tipo": "U",
        "link": "064080903",
        "assigned_zone_name": "Villa Tesei Centro",
        "hurlingham_overlap_m2": 130036.06,
        "population_total": null,
        "households_total": null,
        "source_note": "PBA 2022 radio resource provides geometry and radio codes; no population/housing counts were present in the downloaded resource.",
        "source_name": "Datos Abiertos PBA / INDEC - Radios censales 2022",
        "source_url": "https://catalogo.datos.gba.gob.ar/dataset/radios-censales",
        "generated_at": "2026-06-13T02:11:01.209890+00:00",
        "data_confidence": "medium"
      },
      "geometry": {
        "type": "MultiPolygon",
        "coordinates": [
          [
            [
              [
                -58.6279277,
                -34.6107147
              ],
              [
                -58.6282932,
                -34.6110253
              ],
              [
                -58.6289275,
                -34.6115642
              ],
              [
                -58.6297984,
                -34.6123041
              ],
              [
                -58.6306265,
                -34.6129984
              ],
              [
                -58.6306695,
                -34.613035
              ],
              [
                -58.6308131,
                -34.6129194
              ],
              [
                -58.6313985,
                -34.6124573
              ],
              [
                -58.632161,
                -34.6118349
              ],
              [
                -58.6328347,
                -34.6113016
              ],
              [
                -58.632901,
                -34.6112483
              ],
              [
                -58.6330336,
                -34.6111416
              ],
              [
                -58.6325171,
                -34.6107302
              ],
              [
                -58.6321406,
                -34.6104195
              ],
              [
                -58.6325825,
                -34.610064
              ],
              [
                -58.6316901,
                -34.6093058
              ],
              [
                -58.6321872,
                -34.6089058
              ],
              [
                -58.6321008,
                -34.6088598
              ],
              [
                -58.6311758,
                -34.6080923
              ],
              [
                -58.6302478,
                -34.608839
              ],
              [
                -58.6292865,
                -34.6096214
              ],
              [
                -58.6292644,
                -34.6096391
              ],
              [
                -58.628668,
                -34.6101102
              ],
              [
                -58.6280384,
                -34.6106078
              ],
              [
                -58.6279277,
                -34.6107147
              ]
            ]
          ]
        ]
      }
    },
    {
      "type": "Feature",
      "properties": {
        "fid": 2693,
        "area": 100740.271,
        "perimeter": 1333.055,
        "nomprov": "BUENOS AIRES",
        "prov": "06",
        "nomdepto": "HURLINGHAM",
        "depto": "408",
        "frac": "08",
        "radio": "10",
        "tipo": "U",
        "link": "064080810",
        "assigned_zone_name": "La Juanita",
        "hurlingham_overlap_m2": 100715.0,
        "population_total": null,
        "households_total": null,
        "source_note": "PBA 2022 radio resource provides geometry and radio codes; no population/housing counts were present in the downloaded resource.",
        "source_name": "Datos Abiertos PBA / INDEC - Radios censales 2022",
        "source_url": "https://catalogo.datos.gba.gob.ar/dataset/radios-censales",
        "generated_at": "2026-06-13T02:11:01.209890+00:00",
        "data_confidence": "medium"
      },
      "geometry": {
        "type": "MultiPolygon",
        "coordinates": [
          [
            [
              [
                -58.6291166,
                -34.6179659
              ],
              [
                -58.6281242,
                -34.6179818
              ],
              [
                -58.6280043,
                -34.6179805
              ],
              [
                -58.6262384,
                -34.6179606
              ],
              [
                -58.6262479,
                -34.6187088
              ],
              [
                -58.6262577,
                -34.619439
              ],
              [
                -58.626265,
                -34.6196554
              ],
              [
                -58.6262661,
                -34.6202503
              ],
              [
                -58.6262653,
                -34.6209624
              ],
              [
                -58.6262529,
                -34.6210524
              ],
              [
                -58.6280409,
                -34.6210545
              ],
              [
                -58.6297745,
                -34.6210559
              ],
              [
                -58.6297872,
                -34.6209479
              ],
              [
                -58.6297882,
                -34.6202268
              ],
              [
                -58.6297792,
                -34.6194426
              ],
              [
                -58.629125,
                -34.6194442
              ],
              [
                -58.6291263,
                -34.6187051
              ],
              [
                -58.6291166,
                -34.6179659
              ]
            ]
          ]
        ]
      }
    },
    {
      "type": "Feature",
      "properties": {
        "fid": 2694,
        "area": 152985.142,
        "perimeter": 2063.055,
        "nomprov": "BUENOS AIRES",
        "prov": "06",
        "nomdepto": "HURLINGHAM",
        "depto": "408",
        "frac": "15",
        "radio": "13",
        "tipo": "U",
        "link": "064081513",
        "assigned_zone_name": "Asunción",
        "hurlingham_overlap_m2": 106587.84,
        "population_total": null,
        "households_total": null,
        "source_note": "PBA 2022 radio resource provides geometry and radio codes; no population/housing counts were present in the downloaded resource.",
        "source_name": "Datos Abiertos PBA / INDEC - Radios censales 2022",
        "source_url": "https://catalogo.datos.gba.gob.ar/dataset/radios-censales",
        "generated_at": "2026-06-13T02:11:01.209890+00:00",
        "data_confidence": "medium"
      },
      "geometry": {
        "type": "MultiPolygon",
        "coordinates": [
          [
            [
              [
                -58.6215832,
                -34.6326998
              ],
              [
                -58.6254668,
                -34.6327649
              ],
              [
                -58.6270408,
                -34.6327706
              ],
              [
                -58.6282181,
                -34.6327355
              ],
              [
                -58.6293464,
                -34.6326876
              ],
              [
                -58.6294877,
                -34.6323989
              ],
              [
                -58.6295657,
                -34.632224
              ],
              [
                -58.6300125,
                -34.6311176
              ],
              [
                -58.6304,
                -34.6301034
              ],
              [
                -58.6294046,
                -34.6302906
              ],
              [
                -58.6285728,
                -34.6304538
              ],
              [
                -58.6276874,
                -34.6306047
              ],
              [
                -58.6267796,
                -34.6307748
              ],
              [
                -58.6258717,
                -34.6309448
              ],
              [
                -58.6254889,
                -34.6310126
              ],
              [
                -58.6249749,
                -34.631106
              ],
              [
                -58.6240889,
                -34.6312672
              ],
              [
                -58.623192,
                -34.6314374
              ],
              [
                -58.6222757,
                -34.6315918
              ],
              [
                -58.6214232,
                -34.6317309
              ],
              [
                -58.6206452,
                -34.6318655
              ],
              [
                -58.6213303,
                -34.6322081
              ],
              [
                -58.6214111,
                -34.6323652
              ],
              [
                -58.6215832,
                -34.6326998
              ]
            ]
          ]
        ]
      }
    },
    {
      "type": "Feature",
      "properties": {
        "fid": 2695,
        "area": 87037.918,
        "perimeter": 1387.373,
        "nomprov": "BUENOS AIRES",
        "prov": "06",
        "nomdepto": "HURLINGHAM",
        "depto": "408",
        "frac": "17",
        "radio": "02",
        "tipo": "U",
        "link": "064081702",
        "assigned_zone_name": "Santa Clara",
        "hurlingham_overlap_m2": 87017.6,
        "population_total": null,
        "households_total": null,
        "source_note": "PBA 2022 radio resource provides geometry and radio codes; no population/housing counts were present in the downloaded resource.",
        "source_name": "Datos Abiertos PBA / INDEC - Radios censales 2022",
        "source_url": "https://catalogo.datos.gba.gob.ar/dataset/radios-censales",
        "generated_at": "2026-06-13T02:11:01.209890+00:00",
        "data_confidence": "medium"
      },
      "geometry": {
        "type": "MultiPolygon",
        "coordinates": [
          [
            [
              [
                -58.6527886,
                -34.5807154
              ],
              [
                -58.6526821,
                -34.5807682
              ],
              [
                -58.6525582,
                -34.5805925
              ],
              [
                -58.6497872,
                -34.5820448
              ],
              [
                -58.6499642,
                -34.5821805
              ],
              [
                -58.6505983,
                -34.5827283
              ],
              [
                -58.650652,
                -34.5827739
              ],
              [
                -58.6508562,
                -34.5829565
              ],
              [
                -58.6513507,
                -34.5833766
              ],
              [
                -58.6522991,
                -34.582684
              ],
              [
                -58.6531191,
                -34.5821282
              ],
              [
                -58.6538014,
                -34.5827907
              ],
              [
                -58.6539785,
                -34.5829594
              ],
              [
                -58.6542265,
                -34.5827864
              ],
              [
                -58.6545902,
                -34.582529
              ],
              [
                -58.6548658,
                -34.5823337
              ],
              [
                -58.6553836,
                -34.5819879
              ],
              [
                -58.6545684,
                -34.5811767
              ],
              [
                -58.6536679,
                -34.5802564
              ],
              [
                -58.6527886,
                -34.5807154
              ]
            ]
          ]
        ]
      }
    },
    {
      "type": "Feature",
      "properties": {
        "fid": 2696,
        "area": 163593.753,
        "perimeter": 1718.58,
        "nomprov": "BUENOS AIRES",
        "prov": "06",
        "nomdepto": "HURLINGHAM",
        "depto": "408",
        "frac": "08",
        "radio": "14",
        "tipo": "U",
        "link": "064080814",
        "assigned_zone_name": "El Palanco",
        "hurlingham_overlap_m2": 163552.0,
        "population_total": null,
        "households_total": null,
        "source_note": "PBA 2022 radio resource provides geometry and radio codes; no population/housing counts were present in the downloaded resource.",
        "source_name": "Datos Abiertos PBA / INDEC - Radios censales 2022",
        "source_url": "https://catalogo.datos.gba.gob.ar/dataset/radios-censales",
        "generated_at": "2026-06-13T02:11:01.209890+00:00",
        "data_confidence": "medium"
      },
      "geometry": {
        "type": "MultiPolygon",
        "coordinates": [
          [
            [
              [
                -58.6185319,
                -34.6232443
              ],
              [
                -58.6188135,
                -34.6241034
              ],
              [
                -58.6190251,
                -34.6240635
              ],
              [
                -58.6215647,
                -34.6236765
              ],
              [
                -58.6232594,
                -34.6233982
              ],
              [
                -58.6249759,
                -34.6231111
              ],
              [
                -58.624771,
                -34.6223156
              ],
              [
                -58.6245452,
                -34.6214658
              ],
              [
                -58.6244633,
                -34.6211404
              ],
              [
                -58.6244754,
                -34.6210684
              ],
              [
                -58.6227197,
                -34.6210846
              ],
              [
                -58.6209533,
                -34.6210917
              ],
              [
                -58.6197319,
                -34.6211049
              ],
              [
                -58.6192957,
                -34.621109
              ],
              [
                -58.6186142,
                -34.6211134
              ],
              [
                -58.618196,
                -34.6211313
              ],
              [
                -58.6183197,
                -34.621774
              ],
              [
                -58.6185319,
                -34.6232443
              ]
            ]
          ]
        ]
      }
    },
    {
      "type": "Feature",
      "properties": {
        "fid": 2698,
        "area": 65155.856,
        "perimeter": 1060.499,
        "nomprov": "BUENOS AIRES",
        "prov": "06",
        "nomdepto": "HURLINGHAM",
        "depto": "408",
        "frac": "03",
        "radio": "07",
        "tipo": "U",
        "link": "064080307",
        "assigned_zone_name": "Roca 1",
        "hurlingham_overlap_m2": 64882.87,
        "population_total": null,
        "households_total": null,
        "source_note": "PBA 2022 radio resource provides geometry and radio codes; no population/housing counts were present in the downloaded resource.",
        "source_name": "Datos Abiertos PBA / INDEC - Radios censales 2022",
        "source_url": "https://catalogo.datos.gba.gob.ar/dataset/radios-censales",
        "generated_at": "2026-06-13T02:11:01.209890+00:00",
        "data_confidence": "medium"
      },
      "geometry": {
        "type": "MultiPolygon",
        "coordinates": [
          [
            [
              [
                -58.6558174,
                -34.5746737
              ],
              [
                -58.6564407,
                -34.5752214
              ],
              [
                -58.6571109,
                -34.5748772
              ],
              [
                -58.6575396,
                -34.5746476
              ],
              [
                -58.6580232,
                -34.5743915
              ],
              [
                -58.6585068,
                -34.5741354
              ],
              [
                -58.659529,
                -34.5735878
              ],
              [
                -58.6595076,
                -34.5735605
              ],
              [
                -58.6584438,
                -34.5726295
              ],
              [
                -58.6578422,
                -34.5720911
              ],
              [
                -58.6569484,
                -34.5727843
              ],
              [
                -58.6561319,
                -34.5734153
              ],
              [
                -58.6552048,
                -34.5741442
              ],
              [
                -58.6555058,
                -34.5743999
              ],
              [
                -58.6558174,
                -34.5746737
              ]
            ]
          ]
        ]
      }
    },
    {
      "type": "Feature",
      "properties": {
        "fid": 2699,
        "area": 156796.856,
        "perimeter": 1583.844,
        "nomprov": "BUENOS AIRES",
        "prov": "06",
        "nomdepto": "HURLINGHAM",
        "depto": "408",
        "frac": "05",
        "radio": "11",
        "tipo": "U",
        "link": "064080511",
        "assigned_zone_name": "Curapaytí",
        "hurlingham_overlap_m2": 156759.37,
        "population_total": null,
        "households_total": null,
        "source_note": "PBA 2022 radio resource provides geometry and radio codes; no population/housing counts were present in the downloaded resource.",
        "source_name": "Datos Abiertos PBA / INDEC - Radios censales 2022",
        "source_url": "https://catalogo.datos.gba.gob.ar/dataset/radios-censales",
        "generated_at": "2026-06-13T02:11:01.209890+00:00",
        "data_confidence": "medium"
      },
      "geometry": {
        "type": "MultiPolygon",
        "coordinates": [
          [
            [
              [
                -58.6417323,
                -34.5884436
              ],
              [
                -58.6422764,
                -34.5891618
              ],
              [
                -58.6423406,
                -34.5892346
              ],
              [
                -58.642939,
                -34.5899713
              ],
              [
                -58.643559,
                -34.5907173
              ],
              [
                -58.6441577,
                -34.5914361
              ],
              [
                -58.644553,
                -34.5919272
              ],
              [
                -58.6447026,
                -34.5921091
              ],
              [
                -58.6451999,
                -34.591691
              ],
              [
                -58.6458186,
                -34.5911751
              ],
              [
                -58.6464153,
                -34.590677
              ],
              [
                -58.6468571,
                -34.5903123
              ],
              [
                -58.6470558,
                -34.5901613
              ],
              [
                -58.6476741,
                -34.5896724
              ],
              [
                -58.6477424,
                -34.5896174
              ],
              [
                -58.6470091,
                -34.589007
              ],
              [
                -58.6463208,
                -34.5884406
              ],
              [
                -58.6456108,
                -34.5878648
              ],
              [
                -58.6455891,
                -34.5878556
              ],
              [
                -58.6455138,
                -34.5877961
              ],
              [
                -58.6450943,
                -34.5874535
              ],
              [
                -58.6449649,
                -34.5873709
              ],
              [
                -58.6446814,
                -34.5873768
              ],
              [
                -58.6438198,
                -34.5874123
              ],
              [
                -58.6437871,
                -34.5874119
              ],
              [
                -58.643133,
                -34.5874227
              ],
              [
                -58.64309,
                -34.5873861
              ],
              [
                -58.6427921,
                -34.5876082
              ],
              [
                -58.6417323,
                -34.5884436
              ]
            ]
          ]
        ]
      }
    },
    {
      "type": "Feature",
      "properties": {
        "fid": 2717,
        "area": 220998.731,
        "perimeter": 2510.834,
        "nomprov": "BUENOS AIRES",
        "prov": "06",
        "nomdepto": "HURLINGHAM",
        "depto": "408",
        "frac": "14",
        "radio": "12",
        "tipo": "U",
        "link": "064081412",
        "assigned_zone_name": "El Libertador",
        "hurlingham_overlap_m2": 177295.86,
        "population_total": null,
        "households_total": null,
        "source_note": "PBA 2022 radio resource provides geometry and radio codes; no population/housing counts were present in the downloaded resource.",
        "source_name": "Datos Abiertos PBA / INDEC - Radios censales 2022",
        "source_url": "https://catalogo.datos.gba.gob.ar/dataset/radios-censales",
        "generated_at": "2026-06-13T02:11:01.209890+00:00",
        "data_confidence": "medium"
      },
      "geometry": {
        "type": "MultiPolygon",
        "coordinates": [
          [
            [
              [
                -58.6374327,
                -34.6288032
              ],
              [
                -58.6372139,
                -34.6288458
              ],
              [
                -58.6373252,
                -34.6300458
              ],
              [
                -58.637344,
                -34.6302263
              ],
              [
                -58.6374467,
                -34.631282
              ],
              [
                -58.6374844,
                -34.631643
              ],
              [
                -58.6375339,
                -34.6321561
              ],
              [
                -58.6389717,
                -34.6320332
              ],
              [
                -58.64049,
                -34.631901
              ],
              [
                -58.6404901,
                -34.631901
              ],
              [
                -58.640822,
                -34.6318724
              ],
              [
                -58.6416978,
                -34.6317957
              ],
              [
                -58.6419662,
                -34.6317712
              ],
              [
                -58.6458583,
                -34.6314358
              ],
              [
                -58.6458584,
                -34.6314357
              ],
              [
                -58.6458585,
                -34.6314357
              ],
              [
                -58.6459937,
                -34.6314248
              ],
              [
                -58.646505,
                -34.6313836
              ],
              [
                -58.646905,
                -34.6313538
              ],
              [
                -58.6471438,
                -34.6313408
              ],
              [
                -58.6470715,
                -34.6308484
              ],
              [
                -58.647013,
                -34.6304241
              ],
              [
                -58.6468852,
                -34.6295664
              ],
              [
                -58.6458271,
                -34.6295907
              ],
              [
                -58.6450089,
                -34.6296087
              ],
              [
                -58.644889,
                -34.6296073
              ],
              [
                -58.6431747,
                -34.6297505
              ],
              [
                -58.6426907,
                -34.6293395
              ],
              [
                -58.6415235,
                -34.6300777
              ],
              [
                -58.6414636,
                -34.6300447
              ],
              [
                -58.6414168,
                -34.6300277
              ],
              [
                -58.6413671,
                -34.6300183
              ],
              [
                -58.6413314,
                -34.6300232
              ],
              [
                -58.6412892,
                -34.6300386
              ],
              [
                -58.6412679,
                -34.630079
              ],
              [
                -58.6412573,
                -34.6301441
              ],
              [
                -58.641119,
                -34.6300972
              ],
              [
                -58.6398085,
                -34.6295508
              ],
              [
                -58.6396244,
                -34.6294766
              ],
              [
                -58.6388226,
                -34.6291612
              ],
              [
                -58.638991,
                -34.6288656
              ],
              [
                -58.6389094,
                -34.6285222
              ],
              [
                -58.6383406,
                -34.628633
              ],
              [
                -58.6377281,
                -34.6287434
              ],
              [
                -58.6374327,
                -34.6288032
              ]
            ]
          ]
        ]
      }
    },
    {
      "type": "Feature",
      "properties": {
        "fid": 2731,
        "area": 135580.94,
        "perimeter": 1488.872,
        "nomprov": "BUENOS AIRES",
        "prov": "06",
        "nomdepto": "HURLINGHAM",
        "depto": "408",
        "frac": "09",
        "radio": "06",
        "tipo": "U",
        "link": "064080906",
        "assigned_zone_name": "Villa Tesei Centro",
        "hurlingham_overlap_m2": 135548.02,
        "population_total": null,
        "households_total": null,
        "source_note": "PBA 2022 radio resource provides geometry and radio codes; no population/housing counts were present in the downloaded resource.",
        "source_name": "Datos Abiertos PBA / INDEC - Radios censales 2022",
        "source_url": "https://catalogo.datos.gba.gob.ar/dataset/radios-censales",
        "generated_at": "2026-06-13T02:11:01.209890+00:00",
        "data_confidence": "medium"
      },
      "geometry": {
        "type": "MultiPolygon",
        "coordinates": [
          [
            [
              [
                -58.6372165,
                -34.6113507
              ],
              [
                -58.6376328,
                -34.6118961
              ],
              [
                -58.6381981,
                -34.6126596
              ],
              [
                -58.6382088,
                -34.6126687
              ],
              [
                -58.6388649,
                -34.6132168
              ],
              [
                -58.6394997,
                -34.6137377
              ],
              [
                -58.6397205,
                -34.6135689
              ],
              [
                -58.6404161,
                -34.6130268
              ],
              [
                -58.6405267,
                -34.6129289
              ],
              [
                -58.6409464,
                -34.6126001
              ],
              [
                -58.6416753,
                -34.6120223
              ],
              [
                -58.642349,
                -34.611489
              ],
              [
                -58.6422848,
                -34.6114162
              ],
              [
                -58.6417258,
                -34.6109323
              ],
              [
                -58.6415215,
                -34.6107587
              ],
              [
                -58.6413279,
                -34.6105943
              ],
              [
                -58.6411233,
                -34.6104388
              ],
              [
                -58.64107,
                -34.6103661
              ],
              [
                -58.6410273,
                -34.6103116
              ],
              [
                -58.6404508,
                -34.609566
              ],
              [
                -58.640109,
                -34.6091296
              ],
              [
                -58.6398322,
                -34.6087209
              ],
              [
                -58.6392139,
                -34.6092007
              ],
              [
                -58.6391691,
                -34.6092723
              ],
              [
                -58.6391017,
                -34.6093978
              ],
              [
                -58.6385271,
                -34.6098691
              ],
              [
                -58.6384714,
                -34.6099406
              ],
              [
                -58.6384599,
                -34.6099765
              ],
              [
                -58.6377529,
                -34.6105454
              ],
              [
                -58.6377308,
                -34.6105632
              ],
              [
                -58.6370459,
                -34.6111144
              ],
              [
                -58.6372165,
                -34.6113507
              ]
            ]
          ]
        ]
      }
    },
    {
      "type": "Feature",
      "properties": {
        "fid": 2733,
        "area": 129287.791,
        "perimeter": 1672.626,
        "nomprov": "BUENOS AIRES",
        "prov": "06",
        "nomdepto": "HURLINGHAM",
        "depto": "408",
        "frac": "10",
        "radio": "01",
        "tipo": "U",
        "link": "064081001",
        "assigned_zone_name": "Parque Jhonston",
        "hurlingham_overlap_m2": 129256.93,
        "population_total": null,
        "households_total": null,
        "source_note": "PBA 2022 radio resource provides geometry and radio codes; no population/housing counts were present in the downloaded resource.",
        "source_name": "Datos Abiertos PBA / INDEC - Radios censales 2022",
        "source_url": "https://catalogo.datos.gba.gob.ar/dataset/radios-censales",
        "generated_at": "2026-06-13T02:11:01.209890+00:00",
        "data_confidence": "medium"
      },
      "geometry": {
        "type": "MultiPolygon",
        "coordinates": [
          [
            [
              [
                -58.6471909,
                -34.5952734
              ],
              [
                -58.6468818,
                -34.5955134
              ],
              [
                -58.6466718,
                -34.5956913
              ],
              [
                -58.6457445,
                -34.5964111
              ],
              [
                -58.644795,
                -34.5971577
              ],
              [
                -58.6438674,
                -34.5978955
              ],
              [
                -58.6437791,
                -34.5979667
              ],
              [
                -58.6429617,
                -34.5986246
              ],
              [
                -58.6421002,
                -34.599318
              ],
              [
                -58.6422508,
                -34.5994459
              ],
              [
                -58.6427773,
                -34.5999114
              ],
              [
                -58.6428418,
                -34.5999662
              ],
              [
                -58.6436263,
                -34.60066
              ],
              [
                -58.6442779,
                -34.6001354
              ],
              [
                -58.6444988,
                -34.5999576
              ],
              [
                -58.6454154,
                -34.5992287
              ],
              [
                -58.6454817,
                -34.5991754
              ],
              [
                -58.6463648,
                -34.5984911
              ],
              [
                -58.6472922,
                -34.5977623
              ],
              [
                -58.6479324,
                -34.5972736
              ],
              [
                -58.6484404,
                -34.5968647
              ],
              [
                -58.6478102,
                -34.5960645
              ],
              [
                -58.64765,
                -34.5958644
              ],
              [
                -58.6471909,
                -34.5952734
              ]
            ]
          ]
        ]
      }
    },
    {
      "type": "Feature",
      "properties": {
        "fid": 2734,
        "area": 127103.729,
        "perimeter": 1659.413,
        "nomprov": "BUENOS AIRES",
        "prov": "06",
        "nomdepto": "HURLINGHAM",
        "depto": "408",
        "frac": "08",
        "radio": "08",
        "tipo": "U",
        "link": "064080808",
        "assigned_zone_name": "Villa Tesei Centro",
        "hurlingham_overlap_m2": 127072.26,
        "population_total": null,
        "households_total": null,
        "source_note": "PBA 2022 radio resource provides geometry and radio codes; no population/housing counts were present in the downloaded resource.",
        "source_name": "Datos Abiertos PBA / INDEC - Radios censales 2022",
        "source_url": "https://catalogo.datos.gba.gob.ar/dataset/radios-censales",
        "generated_at": "2026-06-13T02:11:01.209890+00:00",
        "data_confidence": "medium"
      },
      "geometry": {
        "type": "MultiPolygon",
        "coordinates": [
          [
            [
              [
                -58.6325404,
                -34.6146243
              ],
              [
                -58.631557,
                -34.6154245
              ],
              [
                -58.6314244,
                -34.6155312
              ],
              [
                -58.6308942,
                -34.6159488
              ],
              [
                -58.6303749,
                -34.6163667
              ],
              [
                -58.6302764,
                -34.6163926
              ],
              [
                -58.6308424,
                -34.617111
              ],
              [
                -58.6314615,
                -34.6179201
              ],
              [
                -58.6315468,
                -34.6180383
              ],
              [
                -58.6320489,
                -34.6186658
              ],
              [
                -58.6325616,
                -34.6193115
              ],
              [
                -58.6332775,
                -34.6202029
              ],
              [
                -58.6335553,
                -34.6205485
              ],
              [
                -58.6336945,
                -34.6207033
              ],
              [
                -58.6337057,
                -34.6206854
              ],
              [
                -58.6339233,
                -34.6187229
              ],
              [
                -58.6339495,
                -34.6184528
              ],
              [
                -58.6339868,
                -34.6181738
              ],
              [
                -58.6340385,
                -34.6176786
              ],
              [
                -58.6341254,
                -34.6170306
              ],
              [
                -58.6342878,
                -34.6157706
              ],
              [
                -58.6343378,
                -34.6153835
              ],
              [
                -58.6331833,
                -34.6153075
              ],
              [
                -58.6330633,
                -34.6153152
              ],
              [
                -58.6325404,
                -34.6146243
              ]
            ]
          ]
        ]
      }
    },
    {
      "type": "Feature",
      "properties": {
        "fid": 2735,
        "area": 77483.859,
        "perimeter": 1308.756,
        "nomprov": "BUENOS AIRES",
        "prov": "06",
        "nomdepto": "HURLINGHAM",
        "depto": "408",
        "frac": "14",
        "radio": "06",
        "tipo": "U",
        "link": "064081406",
        "assigned_zone_name": "El Porvenir",
        "hurlingham_overlap_m2": 77464.73,
        "population_total": null,
        "households_total": null,
        "source_note": "PBA 2022 radio resource provides geometry and radio codes; no population/housing counts were present in the downloaded resource.",
        "source_name": "Datos Abiertos PBA / INDEC - Radios censales 2022",
        "source_url": "https://catalogo.datos.gba.gob.ar/dataset/radios-censales",
        "generated_at": "2026-06-13T02:11:01.209890+00:00",
        "data_confidence": "medium"
      },
      "geometry": {
        "type": "MultiPolygon",
        "coordinates": [
          [
            [
              [
                -58.6320756,
                -34.6253663
              ],
              [
                -58.6318568,
                -34.6259754
              ],
              [
                -58.6317381,
                -34.6263058
              ],
              [
                -58.6313949,
                -34.6272844
              ],
              [
                -58.6326527,
                -34.6270551
              ],
              [
                -58.6339216,
                -34.626808
              ],
              [
                -58.6346981,
                -34.6266634
              ],
              [
                -58.6353652,
                -34.6265447
              ],
              [
                -58.6357261,
                -34.6264766
              ],
              [
                -58.6367325,
                -34.6262806
              ],
              [
                -58.6365264,
                -34.6255482
              ],
              [
                -58.6364853,
                -34.6253945
              ],
              [
                -58.6355008,
                -34.6255908
              ],
              [
                -58.6354386,
                -34.6253918
              ],
              [
                -58.6352632,
                -34.6247859
              ],
              [
                -58.6346942,
                -34.6249058
              ],
              [
                -58.634235,
                -34.6249817
              ],
              [
                -58.6334474,
                -34.6251352
              ],
              [
                -58.6320756,
                -34.6253663
              ]
            ]
          ]
        ]
      }
    },
    {
      "type": "Feature",
      "properties": {
        "fid": 2752,
        "area": 263443.168,
        "perimeter": 2151.671,
        "nomprov": "BUENOS AIRES",
        "prov": "06",
        "nomdepto": "HURLINGHAM",
        "depto": "408",
        "frac": "06",
        "radio": "02",
        "tipo": "U",
        "link": "064080602",
        "assigned_zone_name": "Hurlingham Centro",
        "hurlingham_overlap_m2": 263377.9,
        "population_total": null,
        "households_total": null,
        "source_note": "PBA 2022 radio resource provides geometry and radio codes; no population/housing counts were present in the downloaded resource.",
        "source_name": "Datos Abiertos PBA / INDEC - Radios censales 2022",
        "source_url": "https://catalogo.datos.gba.gob.ar/dataset/radios-censales",
        "generated_at": "2026-06-13T02:11:01.209890+00:00",
        "data_confidence": "medium"
      },
      "geometry": {
        "type": "MultiPolygon",
        "coordinates": [
          [
            [
              [
                -58.6338274,
                -34.5906358
              ],
              [
                -58.6338038,
                -34.5907437
              ],
              [
                -58.632408,
                -34.5914491
              ],
              [
                -58.6312539,
                -34.5920401
              ],
              [
                -58.6311666,
                -34.5920481
              ],
              [
                -58.6310684,
                -34.5920561
              ],
              [
                -58.6291449,
                -34.593035
              ],
              [
                -58.6287713,
                -34.59322
              ],
              [
                -58.6282987,
                -34.5934581
              ],
              [
                -58.6275511,
                -34.5938463
              ],
              [
                -58.6274843,
                -34.5939357
              ],
              [
                -58.6283008,
                -34.5946569
              ],
              [
                -58.6287521,
                -34.5950496
              ],
              [
                -58.6292034,
                -34.5954422
              ],
              [
                -58.6300416,
                -34.5961727
              ],
              [
                -58.6302996,
                -34.5963919
              ],
              [
                -58.6309121,
                -34.5969306
              ],
              [
                -58.6323252,
                -34.5958378
              ],
              [
                -58.633065,
                -34.5952602
              ],
              [
                -58.6335066,
                -34.5949136
              ],
              [
                -58.6338489,
                -34.5946471
              ],
              [
                -58.6344231,
                -34.5941938
              ],
              [
                -58.6353615,
                -34.5934652
              ],
              [
                -58.6358694,
                -34.5930653
              ],
              [
                -58.6362673,
                -34.5927272
              ],
              [
                -58.6353747,
                -34.5919871
              ],
              [
                -58.6349235,
                -34.5915855
              ],
              [
                -58.6345044,
                -34.5912203
              ],
              [
                -58.6338274,
                -34.5906358
              ]
            ]
          ]
        ]
      }
    },
    {
      "type": "Feature",
      "properties": {
        "fid": 2753,
        "area": 123459.866,
        "perimeter": 1791.849,
        "nomprov": "BUENOS AIRES",
        "prov": "06",
        "nomdepto": "HURLINGHAM",
        "depto": "408",
        "frac": "13",
        "radio": "07",
        "tipo": "U",
        "link": "064081307",
        "assigned_zone_name": "Mitre",
        "hurlingham_overlap_m2": 123430.08,
        "population_total": null,
        "households_total": null,
        "source_note": "PBA 2022 radio resource provides geometry and radio codes; no population/housing counts were present in the downloaded resource.",
        "source_name": "Datos Abiertos PBA / INDEC - Radios censales 2022",
        "source_url": "https://catalogo.datos.gba.gob.ar/dataset/radios-censales",
        "generated_at": "2026-06-13T02:11:01.209890+00:00",
        "data_confidence": "medium"
      },
      "geometry": {
        "type": "MultiPolygon",
        "coordinates": [
          [
            [
              [
                -58.6394997,
                -34.6137377
              ],
              [
                -58.6394444,
                -34.6137821
              ],
              [
                -58.6390466,
                -34.6141112
              ],
              [
                -58.6397616,
                -34.6150566
              ],
              [
                -58.6397936,
                -34.615102
              ],
              [
                -58.6405943,
                -34.6161385
              ],
              [
                -58.6412562,
                -34.6170021
              ],
              [
                -58.6413204,
                -34.6170749
              ],
              [
                -58.6415865,
                -34.6174745
              ],
              [
                -58.6418569,
                -34.617822
              ],
              [
                -58.6425726,
                -34.6184298
              ],
              [
                -58.6436504,
                -34.619325
              ],
              [
                -58.6439259,
                -34.6191049
              ],
              [
                -58.6443232,
                -34.6187923
              ],
              [
                -58.6444229,
                -34.6187139
              ],
              [
                -58.6447985,
                -34.6184116
              ],
              [
                -58.6450526,
                -34.6182071
              ],
              [
                -58.6439662,
                -34.6172937
              ],
              [
                -58.6434176,
                -34.6168369
              ],
              [
                -58.642966,
                -34.6164533
              ],
              [
                -58.6429125,
                -34.6163896
              ],
              [
                -58.6427095,
                -34.616135
              ],
              [
                -58.6420591,
                -34.6152354
              ],
              [
                -58.6419202,
                -34.6150626
              ],
              [
                -58.6411201,
                -34.6139811
              ],
              [
                -58.6404161,
                -34.6130268
              ],
              [
                -58.6397205,
                -34.6135689
              ],
              [
                -58.6394997,
                -34.6137377
              ]
            ]
          ]
        ]
      }
    },
    {
      "type": "Feature",
      "properties": {
        "fid": 2754,
        "area": 95431.853,
        "perimeter": 1293.784,
        "nomprov": "BUENOS AIRES",
        "prov": "06",
        "nomdepto": "HURLINGHAM",
        "depto": "408",
        "frac": "10",
        "radio": "09",
        "tipo": "U",
        "link": "064081009",
        "assigned_zone_name": "Luna",
        "hurlingham_overlap_m2": 95409.12,
        "population_total": null,
        "households_total": null,
        "source_note": "PBA 2022 radio resource provides geometry and radio codes; no population/housing counts were present in the downloaded resource.",
        "source_name": "Datos Abiertos PBA / INDEC - Radios censales 2022",
        "source_url": "https://catalogo.datos.gba.gob.ar/dataset/radios-censales",
        "generated_at": "2026-06-13T02:11:01.209890+00:00",
        "data_confidence": "medium"
      },
      "geometry": {
        "type": "MultiPolygon",
        "coordinates": [
          [
            [
              [
                -58.6465977,
                -34.6002603
              ],
              [
                -58.645692,
                -34.6009894
              ],
              [
                -58.6448086,
                -34.6016917
              ],
              [
                -58.6438918,
                -34.6024296
              ],
              [
                -58.6444724,
                -34.6029228
              ],
              [
                -58.6450422,
                -34.6034158
              ],
              [
                -58.6456121,
                -34.6038999
              ],
              [
                -58.645956,
                -34.6042011
              ],
              [
                -58.6461712,
                -34.6043748
              ],
              [
                -58.6465467,
                -34.6040725
              ],
              [
                -58.6471099,
                -34.6036281
              ],
              [
                -58.6479714,
                -34.6029346
              ],
              [
                -58.6474015,
                -34.6024505
              ],
              [
                -58.6483182,
                -34.6017126
              ],
              [
                -58.6477591,
                -34.6012377
              ],
              [
                -58.6471676,
                -34.6007444
              ],
              [
                -58.6469095,
                -34.6005252
              ],
              [
                -58.6465977,
                -34.6002603
              ]
            ]
          ]
        ]
      }
    },
    {
      "type": "Feature",
      "properties": {
        "fid": 2755,
        "area": 108006.051,
        "perimeter": 1528.508,
        "nomprov": "BUENOS AIRES",
        "prov": "06",
        "nomdepto": "HURLINGHAM",
        "depto": "408",
        "frac": "15",
        "radio": "04",
        "tipo": "U",
        "link": "064081504",
        "assigned_zone_name": "Asunción",
        "hurlingham_overlap_m2": 106129.17,
        "population_total": null,
        "households_total": null,
        "source_note": "PBA 2022 radio resource provides geometry and radio codes; no population/housing counts were present in the downloaded resource.",
        "source_name": "Datos Abiertos PBA / INDEC - Radios censales 2022",
        "source_url": "https://catalogo.datos.gba.gob.ar/dataset/radios-censales",
        "generated_at": "2026-06-13T02:11:01.209890+00:00",
        "data_confidence": "medium"
      },
      "geometry": {
        "type": "MultiPolygon",
        "coordinates": [
          [
            [
              [
                -58.6194389,
                -34.6258599
              ],
              [
                -58.6194612,
                -34.6259198
              ],
              [
                -58.6195167,
                -34.6262614
              ],
              [
                -58.6195499,
                -34.6264658
              ],
              [
                -58.6195843,
                -34.6266774
              ],
              [
                -58.619614,
                -34.62686
              ],
              [
                -58.6196193,
                -34.626899
              ],
              [
                -58.6196224,
                -34.6269229
              ],
              [
                -58.6196802,
                -34.627357
              ],
              [
                -58.6197193,
                -34.6276502
              ],
              [
                -58.6198993,
                -34.6275359
              ],
              [
                -58.6202589,
                -34.6274744
              ],
              [
                -58.6204557,
                -34.6274405
              ],
              [
                -58.6211884,
                -34.6273136
              ],
              [
                -58.6219755,
                -34.6271873
              ],
              [
                -58.6220739,
                -34.6271704
              ],
              [
                -58.6229697,
                -34.6270109
              ],
              [
                -58.6238347,
                -34.6268568
              ],
              [
                -58.6247033,
                -34.6266881
              ],
              [
                -58.6256393,
                -34.6265256
              ],
              [
                -58.6255525,
                -34.6261917
              ],
              [
                -58.6254137,
                -34.6256578
              ],
              [
                -58.6254685,
                -34.6256404
              ],
              [
                -58.6256105,
                -34.625624
              ],
              [
                -58.6254059,
                -34.6248104
              ],
              [
                -58.6237002,
                -34.6250977
              ],
              [
                -58.6219725,
                -34.6253936
              ],
              [
                -58.6200959,
                -34.6256765
              ],
              [
                -58.6194389,
                -34.6258599
              ]
            ]
          ]
        ]
      }
    },
    {
      "type": "Feature",
      "properties": {
        "fid": 2762,
        "area": 948028.837,
        "perimeter": 4459.775,
        "nomprov": "BUENOS AIRES",
        "prov": "06",
        "nomdepto": "HURLINGHAM",
        "depto": "408",
        "frac": "16",
        "radio": "03",
        "tipo": "U",
        "link": "064081603",
        "assigned_zone_name": "Villa Club",
        "hurlingham_overlap_m2": 946106.72,
        "population_total": null,
        "households_total": null,
        "source_note": "PBA 2022 radio resource provides geometry and radio codes; no population/housing counts were present in the downloaded resource.",
        "source_name": "Datos Abiertos PBA / INDEC - Radios censales 2022",
        "source_url": "https://catalogo.datos.gba.gob.ar/dataset/radios-censales",
        "generated_at": "2026-06-13T02:11:01.209890+00:00",
        "data_confidence": "medium"
      },
      "geometry": {
        "type": "MultiPolygon",
        "coordinates": [
          [
            [
              [
                -58.625161,
                -34.5806974
              ],
              [
                -58.6229277,
                -34.5825882
              ],
              [
                -58.6219805,
                -34.5833901
              ],
              [
                -58.6211872,
                -34.5840611
              ],
              [
                -58.6201621,
                -34.5849164
              ],
              [
                -58.6196247,
                -34.5853647
              ],
              [
                -58.6185125,
                -34.5862926
              ],
              [
                -58.6173763,
                -34.5872403
              ],
              [
                -58.6167,
                -34.5878045
              ],
              [
                -58.6164993,
                -34.587972
              ],
              [
                -58.6164494,
                -34.5880136
              ],
              [
                -58.6203927,
                -34.5879108
              ],
              [
                -58.625421,
                -34.5877294
              ],
              [
                -58.630144,
                -34.5875589
              ],
              [
                -58.6302829,
                -34.5874504
              ],
              [
                -58.6315807,
                -34.5863943
              ],
              [
                -58.6338929,
                -34.5846335
              ],
              [
                -58.6340475,
                -34.5845091
              ],
              [
                -58.6355711,
                -34.5833093
              ],
              [
                -58.6352058,
                -34.5829897
              ],
              [
                -58.6349801,
                -34.5827979
              ],
              [
                -58.6347544,
                -34.5826061
              ],
              [
                -58.6344855,
                -34.5823868
              ],
              [
                -58.6339914,
                -34.5819486
              ],
              [
                -58.6332179,
                -34.5812639
              ],
              [
                -58.6324767,
                -34.5806067
              ],
              [
                -58.6322812,
                -34.5804336
              ],
              [
                -58.631259,
                -34.5812458
              ],
              [
                -58.6306547,
                -34.5807305
              ],
              [
                -58.6299028,
                -34.580064
              ],
              [
                -58.62914,
                -34.5793975
              ],
              [
                -58.6284417,
                -34.5787857
              ],
              [
                -58.6282592,
                -34.5786214
              ],
              [
                -58.6279417,
                -34.5783429
              ],
              [
                -58.6265416,
                -34.5795285
              ],
              [
                -58.6259645,
                -34.5800171
              ],
              [
                -58.625161,
                -34.5806974
              ]
            ]
          ]
        ]
      }
    },
    {
      "type": "Feature",
      "properties": {
        "fid": 2763,
        "area": 135155.428,
        "perimeter": 1494.152,
        "nomprov": "BUENOS AIRES",
        "prov": "06",
        "nomdepto": "HURLINGHAM",
        "depto": "408",
        "frac": "18",
        "radio": "01",
        "tipo": "U",
        "link": "064081801",
        "assigned_zone_name": "La Leonor",
        "hurlingham_overlap_m2": 135124.84,
        "population_total": null,
        "households_total": null,
        "source_note": "PBA 2022 radio resource provides geometry and radio codes; no population/housing counts were present in the downloaded resource.",
        "source_name": "Datos Abiertos PBA / INDEC - Radios censales 2022",
        "source_url": "https://catalogo.datos.gba.gob.ar/dataset/radios-censales",
        "generated_at": "2026-06-13T02:11:01.209890+00:00",
        "data_confidence": "medium"
      },
      "geometry": {
        "type": "MultiPolygon",
        "coordinates": [
          [
            [
              [
                -58.6622852,
                -34.5855385
              ],
              [
                -58.6621674,
                -34.5856411
              ],
              [
                -58.6621044,
                -34.5855951
              ],
              [
                -58.662091,
                -34.5855841
              ],
              [
                -58.6620428,
                -34.5856348
              ],
              [
                -58.6620108,
                -34.5856861
              ],
              [
                -58.6620055,
                -34.5857731
              ],
              [
                -58.662009,
                -34.5860392
              ],
              [
                -58.6619725,
                -34.5863709
              ],
              [
                -58.6619253,
                -34.5866413
              ],
              [
                -58.6618566,
                -34.5867777
              ],
              [
                -58.6612535,
                -34.5875269
              ],
              [
                -58.6611842,
                -34.5876264
              ],
              [
                -58.6612419,
                -34.5884075
              ],
              [
                -58.6612186,
                -34.5886459
              ],
              [
                -58.6612027,
                -34.5888121
              ],
              [
                -58.6615334,
                -34.5890761
              ],
              [
                -58.661665,
                -34.5891702
              ],
              [
                -58.6619771,
                -34.5894605
              ],
              [
                -58.6626869,
                -34.5900542
              ],
              [
                -58.6627406,
                -34.5900998
              ],
              [
                -58.6632927,
                -34.5896552
              ],
              [
                -58.6635025,
                -34.5894862
              ],
              [
                -58.6639991,
                -34.5891041
              ],
              [
                -58.6643391,
                -34.5888404
              ],
              [
                -58.664595,
                -34.5886419
              ],
              [
                -58.6647496,
                -34.5885174
              ],
              [
                -58.6652133,
                -34.5881439
              ],
              [
                -58.6659532,
                -34.5875391
              ],
              [
                -58.6652004,
                -34.5869089
              ],
              [
                -58.6651359,
                -34.5868541
              ],
              [
                -58.6644155,
                -34.5862424
              ],
              [
                -58.6636841,
                -34.5856304
              ],
              [
                -58.6629639,
                -34.5850096
              ],
              [
                -58.6622852,
                -34.5855385
              ]
            ]
          ]
        ]
      }
    },
    {
      "type": "Feature",
      "properties": {
        "fid": 2848,
        "area": 126372.466,
        "perimeter": 1472.592,
        "nomprov": "BUENOS AIRES",
        "prov": "06",
        "nomdepto": "HURLINGHAM",
        "depto": "408",
        "frac": "02",
        "radio": "03",
        "tipo": "U",
        "link": "064080203",
        "assigned_zone_name": "Roca 2",
        "hurlingham_overlap_m2": 126342.38,
        "population_total": null,
        "households_total": null,
        "source_note": "PBA 2022 radio resource provides geometry and radio codes; no population/housing counts were present in the downloaded resource.",
        "source_name": "Datos Abiertos PBA / INDEC - Radios censales 2022",
        "source_url": "https://catalogo.datos.gba.gob.ar/dataset/radios-censales",
        "generated_at": "2026-06-13T02:11:01.209890+00:00",
        "data_confidence": "medium"
      },
      "geometry": {
        "type": "MultiPolygon",
        "coordinates": [
          [
            [
              [
                -58.6463343,
                -34.5748393
              ],
              [
                -58.6462128,
                -34.5749371
              ],
              [
                -58.6457382,
                -34.5753104
              ],
              [
                -58.6454181,
                -34.5755592
              ],
              [
                -58.6451862,
                -34.5757459
              ],
              [
                -58.644601,
                -34.5762171
              ],
              [
                -58.6431987,
                -34.5773463
              ],
              [
                -58.6439615,
                -34.5780218
              ],
              [
                -58.6447459,
                -34.5787065
              ],
              [
                -58.6449177,
                -34.5788616
              ],
              [
                -58.6449784,
                -34.5791507
              ],
              [
                -58.6455585,
                -34.5796709
              ],
              [
                -58.6459117,
                -34.5793954
              ],
              [
                -58.6460007,
                -34.5792793
              ],
              [
                -58.6462823,
                -34.5787145
              ],
              [
                -58.6462934,
                -34.5787056
              ],
              [
                -58.6470218,
                -34.5781368
              ],
              [
                -58.6472316,
                -34.5779679
              ],
              [
                -58.6480402,
                -34.5773158
              ],
              [
                -58.6486118,
                -34.5768565
              ],
              [
                -58.648461,
                -34.5767467
              ],
              [
                -58.6478702,
                -34.5762133
              ],
              [
                -58.6477738,
                -34.5761171
              ],
              [
                -58.6476234,
                -34.5759803
              ],
              [
                -58.6473015,
                -34.5756702
              ],
              [
                -58.6470865,
                -34.5754876
              ],
              [
                -58.6463343,
                -34.5748393
              ]
            ]
          ]
        ]
      }
    },
    {
      "type": "Feature",
      "properties": {
        "fid": 2849,
        "area": 109394.865,
        "perimeter": 1745.976,
        "nomprov": "BUENOS AIRES",
        "prov": "06",
        "nomdepto": "HURLINGHAM",
        "depto": "408",
        "frac": "05",
        "radio": "03",
        "tipo": "U",
        "link": "064080503",
        "assigned_zone_name": "Primero de Mayo",
        "hurlingham_overlap_m2": 109369.72,
        "population_total": null,
        "households_total": null,
        "source_note": "PBA 2022 radio resource provides geometry and radio codes; no population/housing counts were present in the downloaded resource.",
        "source_name": "Datos Abiertos PBA / INDEC - Radios censales 2022",
        "source_url": "https://catalogo.datos.gba.gob.ar/dataset/radios-censales",
        "generated_at": "2026-06-13T02:11:01.209890+00:00",
        "data_confidence": "medium"
      },
      "geometry": {
        "type": "MultiPolygon",
        "coordinates": [
          [
            [
              [
                -58.6582693,
                -34.582347
              ],
              [
                -58.656794,
                -34.5833297
              ],
              [
                -58.6551083,
                -34.5844527
              ],
              [
                -58.6546706,
                -34.5847412
              ],
              [
                -58.6538641,
                -34.585226
              ],
              [
                -58.6536234,
                -34.5853496
              ],
              [
                -58.6538763,
                -34.5855767
              ],
              [
                -58.6545034,
                -34.5852141
              ],
              [
                -58.6545695,
                -34.5851697
              ],
              [
                -58.6558696,
                -34.5842917
              ],
              [
                -58.6568158,
                -34.5850953
              ],
              [
                -58.6572779,
                -34.585497
              ],
              [
                -58.6575361,
                -34.5857072
              ],
              [
                -58.6582565,
                -34.586319
              ],
              [
                -58.6590404,
                -34.5856877
              ],
              [
                -58.6598133,
                -34.5850652
              ],
              [
                -58.6601556,
                -34.5847895
              ],
              [
                -58.6606745,
                -34.5843716
              ],
              [
                -58.6599543,
                -34.5837508
              ],
              [
                -58.659793,
                -34.5836138
              ],
              [
                -58.659363,
                -34.5832485
              ],
              [
                -58.6592231,
                -34.5831388
              ],
              [
                -58.6589974,
                -34.582938
              ],
              [
                -58.6587824,
                -34.5827554
              ],
              [
                -58.6585509,
                -34.5825816
              ],
              [
                -58.6584809,
                -34.5825268
              ],
              [
                -58.6582693,
                -34.582347
              ]
            ]
          ]
        ]
      }
    },
    {
      "type": "Feature",
      "properties": {
        "fid": 2855,
        "area": 152406.619,
        "perimeter": 1721.526,
        "nomprov": "BUENOS AIRES",
        "prov": "06",
        "nomdepto": "HURLINGHAM",
        "depto": "408",
        "frac": "07",
        "radio": "06",
        "tipo": "U",
        "link": "064080706",
        "assigned_zone_name": "Parque Quirno",
        "hurlingham_overlap_m2": 152368.69,
        "population_total": null,
        "households_total": null,
        "source_note": "PBA 2022 radio resource provides geometry and radio codes; no population/housing counts were present in the downloaded resource.",
        "source_name": "Datos Abiertos PBA / INDEC - Radios censales 2022",
        "source_url": "https://catalogo.datos.gba.gob.ar/dataset/radios-censales",
        "generated_at": "2026-06-13T02:11:01.209890+00:00",
        "data_confidence": "medium"
      },
      "geometry": {
        "type": "MultiPolygon",
        "coordinates": [
          [
            [
              [
                -58.6304624,
                -34.6024148
              ],
              [
                -58.6306021,
                -34.6025335
              ],
              [
                -58.6308339,
                -34.6023558
              ],
              [
                -58.6314854,
                -34.6018494
              ],
              [
                -58.6323799,
                -34.6011474
              ],
              [
                -58.6334399,
                -34.600321
              ],
              [
                -58.6343212,
                -34.599754
              ],
              [
                -58.6341795,
                -34.5997524
              ],
              [
                -58.6329598,
                -34.5996847
              ],
              [
                -58.6323063,
                -34.5996503
              ],
              [
                -58.6315433,
                -34.5989838
              ],
              [
                -58.6307802,
                -34.5983262
              ],
              [
                -58.6305544,
                -34.5981344
              ],
              [
                -58.6300068,
                -34.5976325
              ],
              [
                -58.6291456,
                -34.5982988
              ],
              [
                -58.628737,
                -34.5986187
              ],
              [
                -58.6282291,
                -34.5990186
              ],
              [
                -58.6273453,
                -34.5997298
              ],
              [
                -58.6281301,
                -34.6003966
              ],
              [
                -58.6289041,
                -34.6010543
              ],
              [
                -58.6296242,
                -34.6016753
              ],
              [
                -58.6296888,
                -34.6017301
              ],
              [
                -58.6304624,
                -34.6024148
              ]
            ]
          ]
        ]
      }
    },
    {
      "type": "Feature",
      "properties": {
        "fid": 2856,
        "area": 114264.091,
        "perimeter": 1512.99,
        "nomprov": "BUENOS AIRES",
        "prov": "06",
        "nomdepto": "HURLINGHAM",
        "depto": "408",
        "frac": "02",
        "radio": "02",
        "tipo": "U",
        "link": "064080202",
        "assigned_zone_name": "Roca 2",
        "hurlingham_overlap_m2": 114237.15,
        "population_total": null,
        "households_total": null,
        "source_note": "PBA 2022 radio resource provides geometry and radio codes; no population/housing counts were present in the downloaded resource.",
        "source_name": "Datos Abiertos PBA / INDEC - Radios censales 2022",
        "source_url": "https://catalogo.datos.gba.gob.ar/dataset/radios-censales",
        "generated_at": "2026-06-13T02:11:01.209890+00:00",
        "data_confidence": "medium"
      },
      "geometry": {
        "type": "MultiPolygon",
        "coordinates": [
          [
            [
              [
                -58.6463343,
                -34.5748393
              ],
              [
                -58.6470865,
                -34.5754876
              ],
              [
                -58.6473015,
                -34.5756702
              ],
              [
                -58.6476234,
                -34.5759803
              ],
              [
                -58.6477738,
                -34.5761171
              ],
              [
                -58.6478702,
                -34.5762133
              ],
              [
                -58.648461,
                -34.5767467
              ],
              [
                -58.6486118,
                -34.5768565
              ],
              [
                -58.6493329,
                -34.5774925
              ],
              [
                -58.6500726,
                -34.5781706
              ],
              [
                -58.6509889,
                -34.5774417
              ],
              [
                -58.6518167,
                -34.5767928
              ],
              [
                -58.6520596,
                -34.5765972
              ],
              [
                -58.6521921,
                -34.5764905
              ],
              [
                -58.6515578,
                -34.5759517
              ],
              [
                -58.6508869,
                -34.5759792
              ],
              [
                -58.6504087,
                -34.5755784
              ],
              [
                -58.650312,
                -34.5754963
              ],
              [
                -58.6494738,
                -34.5747659
              ],
              [
                -58.6487647,
                -34.5741451
              ],
              [
                -58.648034,
                -34.5735061
              ],
              [
                -58.6478021,
                -34.5736928
              ],
              [
                -58.6473939,
                -34.5740038
              ],
              [
                -58.6471952,
                -34.5741638
              ],
              [
                -58.6463343,
                -34.5748393
              ]
            ]
          ]
        ]
      }
    },
    {
      "type": "Feature",
      "properties": {
        "fid": 2910,
        "area": 435925.668,
        "perimeter": 2846.976,
        "nomprov": "BUENOS AIRES",
        "prov": "06",
        "nomdepto": "HURLINGHAM",
        "depto": "408",
        "frac": "07",
        "radio": "01",
        "tipo": "U",
        "link": "064080701",
        "assigned_zone_name": "Nueve de Julio",
        "hurlingham_overlap_m2": 435815.78,
        "population_total": null,
        "households_total": null,
        "source_note": "PBA 2022 radio resource provides geometry and radio codes; no population/housing counts were present in the downloaded resource.",
        "source_name": "Datos Abiertos PBA / INDEC - Radios censales 2022",
        "source_url": "https://catalogo.datos.gba.gob.ar/dataset/radios-censales",
        "generated_at": "2026-06-13T02:11:01.209890+00:00",
        "data_confidence": "medium"
      },
      "geometry": {
        "type": "MultiPolygon",
        "coordinates": [
          [
            [
              [
                -58.6209087,
                -34.5971069
              ],
              [
                -58.6193138,
                -34.5979161
              ],
              [
                -58.6194681,
                -34.5982255
              ],
              [
                -58.6196872,
                -34.5981201
              ],
              [
                -58.6202811,
                -34.5978023
              ],
              [
                -58.6211945,
                -34.5985968
              ],
              [
                -58.6220647,
                -34.5993638
              ],
              [
                -58.6225053,
                -34.5997473
              ],
              [
                -58.6229245,
                -34.6001036
              ],
              [
                -58.6237842,
                -34.6008524
              ],
              [
                -58.6247944,
                -34.6017291
              ],
              [
                -58.6254347,
                -34.6012406
              ],
              [
                -58.6255893,
                -34.6011161
              ],
              [
                -58.6257107,
                -34.6010273
              ],
              [
                -58.6264507,
                -34.6004408
              ],
              [
                -58.6273453,
                -34.5997298
              ],
              [
                -58.6282291,
                -34.5990186
              ],
              [
                -58.628737,
                -34.5986187
              ],
              [
                -58.6291456,
                -34.5982988
              ],
              [
                -58.6300068,
                -34.5976325
              ],
              [
                -58.6309121,
                -34.5969306
              ],
              [
                -58.6302996,
                -34.5963919
              ],
              [
                -58.6300416,
                -34.5961727
              ],
              [
                -58.6292034,
                -34.5954422
              ],
              [
                -58.6287521,
                -34.5950496
              ],
              [
                -58.6283008,
                -34.5946569
              ],
              [
                -58.6274843,
                -34.5939357
              ],
              [
                -58.6273983,
                -34.5938626
              ],
              [
                -58.6272947,
                -34.5937712
              ],
              [
                -58.625193,
                -34.5948691
              ],
              [
                -58.6209087,
                -34.5971069
              ]
            ]
          ]
        ]
      }
    },
    {
      "type": "Feature",
      "properties": {
        "fid": 2911,
        "area": 184575.927,
        "perimeter": 1721.07,
        "nomprov": "BUENOS AIRES",
        "prov": "06",
        "nomdepto": "HURLINGHAM",
        "depto": "408",
        "frac": "07",
        "radio": "04",
        "tipo": "U",
        "link": "064080704",
        "assigned_zone_name": "Parque Quirno",
        "hurlingham_overlap_m2": 184529.28,
        "population_total": null,
        "households_total": null,
        "source_note": "PBA 2022 radio resource provides geometry and radio codes; no population/housing counts were present in the downloaded resource.",
        "source_name": "Datos Abiertos PBA / INDEC - Radios censales 2022",
        "source_url": "https://catalogo.datos.gba.gob.ar/dataset/radios-censales",
        "generated_at": "2026-06-13T02:11:01.209890+00:00",
        "data_confidence": "medium"
      },
      "geometry": {
        "type": "MultiPolygon",
        "coordinates": [
          [
            [
              [
                -58.6237914,
                -34.6063597
              ],
              [
                -58.6248138,
                -34.607228
              ],
              [
                -58.625409,
                -34.6067655
              ],
              [
                -58.6256521,
                -34.60657
              ],
              [
                -58.6257184,
                -34.6065166
              ],
              [
                -58.6265793,
                -34.6058683
              ],
              [
                -58.6265919,
                -34.6057693
              ],
              [
                -58.626604,
                -34.6056974
              ],
              [
                -58.6272998,
                -34.6051464
              ],
              [
                -58.6276091,
                -34.6048975
              ],
              [
                -58.6280509,
                -34.6045509
              ],
              [
                -58.6271157,
                -34.6037472
              ],
              [
                -58.6263527,
                -34.6030806
              ],
              [
                -58.6257294,
                -34.6025418
              ],
              [
                -58.6255897,
                -34.6024141
              ],
              [
                -58.6253531,
                -34.6022221
              ],
              [
                -58.6247944,
                -34.6017291
              ],
              [
                -58.6240433,
                -34.6023245
              ],
              [
                -58.6238888,
                -34.6024399
              ],
              [
                -58.6232814,
                -34.6029198
              ],
              [
                -58.6227735,
                -34.6033107
              ],
              [
                -58.6225415,
                -34.6034973
              ],
              [
                -58.6224752,
                -34.6035507
              ],
              [
                -58.6214701,
                -34.6043415
              ],
              [
                -58.6222225,
                -34.60499
              ],
              [
                -58.6223406,
                -34.6050995
              ],
              [
                -58.6237271,
                -34.6062959
              ],
              [
                -58.6237914,
                -34.6063597
              ]
            ]
          ]
        ]
      }
    },
    {
      "type": "Feature",
      "properties": {
        "fid": 2926,
        "area": 116994.99,
        "perimeter": 1483.184,
        "nomprov": "BUENOS AIRES",
        "prov": "06",
        "nomdepto": "HURLINGHAM",
        "depto": "408",
        "frac": "08",
        "radio": "02",
        "tipo": "U",
        "link": "064080802",
        "assigned_zone_name": "Nuevo Parque Quirno",
        "hurlingham_overlap_m2": 116965.34,
        "population_total": null,
        "households_total": null,
        "source_note": "PBA 2022 radio resource provides geometry and radio codes; no population/housing counts were present in the downloaded resource.",
        "source_name": "Datos Abiertos PBA / INDEC - Radios censales 2022",
        "source_url": "https://catalogo.datos.gba.gob.ar/dataset/radios-censales",
        "generated_at": "2026-06-13T02:11:01.209890+00:00",
        "data_confidence": "medium"
      },
      "geometry": {
        "type": "MultiPolygon",
        "coordinates": [
          [
            [
              [
                -58.6220067,
                -34.6111212
              ],
              [
                -58.6219704,
                -34.6113664
              ],
              [
                -58.6218903,
                -34.6115319
              ],
              [
                -58.621742,
                -34.6117606
              ],
              [
                -58.6214932,
                -34.6121375
              ],
              [
                -58.6213082,
                -34.6124042
              ],
              [
                -58.6208312,
                -34.6131416
              ],
              [
                -58.6212289,
                -34.6131415
              ],
              [
                -58.6218538,
                -34.6131144
              ],
              [
                -58.6224269,
                -34.6130995
              ],
              [
                -58.623031,
                -34.6130807
              ],
              [
                -58.6237567,
                -34.6130878
              ],
              [
                -58.6244326,
                -34.613091
              ],
              [
                -58.6254357,
                -34.6130843
              ],
              [
                -58.6257736,
                -34.6130881
              ],
              [
                -58.626177,
                -34.6130836
              ],
              [
                -58.6261667,
                -34.6123895
              ],
              [
                -58.6261581,
                -34.6115872
              ],
              [
                -58.6264204,
                -34.611545
              ],
              [
                -58.6259073,
                -34.6109264
              ],
              [
                -58.6258112,
                -34.6108081
              ],
              [
                -58.6258004,
                -34.610799
              ],
              [
                -58.6254458,
                -34.6104885
              ],
              [
                -58.6247907,
                -34.6098862
              ],
              [
                -58.6247375,
                -34.6098045
              ],
              [
                -58.6245182,
                -34.6098832
              ],
              [
                -58.623491,
                -34.6106918
              ],
              [
                -58.6234465,
                -34.6107454
              ],
              [
                -58.6233459,
                -34.6108975
              ],
              [
                -58.6220067,
                -34.6111212
              ]
            ]
          ]
        ]
      }
    },
    {
      "type": "Feature",
      "properties": {
        "fid": 2927,
        "area": 157067.775,
        "perimeter": 1636.217,
        "nomprov": "BUENOS AIRES",
        "prov": "06",
        "nomdepto": "HURLINGHAM",
        "depto": "408",
        "frac": "01",
        "radio": "04",
        "tipo": "U",
        "link": "064080104",
        "assigned_zone_name": "Villa Club",
        "hurlingham_overlap_m2": 157029.64,
        "population_total": null,
        "households_total": null,
        "source_note": "PBA 2022 radio resource provides geometry and radio codes; no population/housing counts were present in the downloaded resource.",
        "source_name": "Datos Abiertos PBA / INDEC - Radios censales 2022",
        "source_url": "https://catalogo.datos.gba.gob.ar/dataset/radios-censales",
        "generated_at": "2026-06-13T02:11:01.209890+00:00",
        "data_confidence": "medium"
      },
      "geometry": {
        "type": "MultiPolygon",
        "coordinates": [
          [
            [
              [
                -58.6385715,
                -34.5770874
              ],
              [
                -58.6378318,
                -34.5776741
              ],
              [
                -58.6370702,
                -34.5782695
              ],
              [
                -58.6368495,
                -34.5784383
              ],
              [
                -58.6359001,
                -34.5791848
              ],
              [
                -58.6366413,
                -34.579842
              ],
              [
                -58.6370387,
                -34.580198
              ],
              [
                -58.6374149,
                -34.5805177
              ],
              [
                -58.6382208,
                -34.5812207
              ],
              [
                -58.63938,
                -34.5803053
              ],
              [
                -58.6404561,
                -34.57947
              ],
              [
                -58.6405941,
                -34.5793634
              ],
              [
                -58.6406589,
                -34.5793202
              ],
              [
                -58.6407648,
                -34.5790202
              ],
              [
                -58.6407925,
                -34.5789417
              ],
              [
                -58.640951,
                -34.5786661
              ],
              [
                -58.6418784,
                -34.5773214
              ],
              [
                -58.6416869,
                -34.5771672
              ],
              [
                -58.6416654,
                -34.5771489
              ],
              [
                -58.6409349,
                -34.5765009
              ],
              [
                -58.6401722,
                -34.5758254
              ],
              [
                -58.6393884,
                -34.5764476
              ],
              [
                -58.6391013,
                -34.5766787
              ],
              [
                -58.6385715,
                -34.5770874
              ]
            ]
          ]
        ]
      }
    },
    {
      "type": "Feature",
      "properties": {
        "fid": 2984,
        "area": 191489.206,
        "perimeter": 2005.723,
        "nomprov": "BUENOS AIRES",
        "prov": "06",
        "nomdepto": "HURLINGHAM",
        "depto": "408",
        "frac": "16",
        "radio": "04",
        "tipo": "U",
        "link": "064081604",
        "assigned_zone_name": "Hurlingham Centro",
        "hurlingham_overlap_m2": 191441.96,
        "population_total": null,
        "households_total": null,
        "source_note": "PBA 2022 radio resource provides geometry and radio codes; no population/housing counts were present in the downloaded resource.",
        "source_name": "Datos Abiertos PBA / INDEC - Radios censales 2022",
        "source_url": "https://catalogo.datos.gba.gob.ar/dataset/radios-censales",
        "generated_at": "2026-06-13T02:11:01.209890+00:00",
        "data_confidence": "medium"
      },
      "geometry": {
        "type": "MultiPolygon",
        "coordinates": [
          [
            [
              [
                -58.6306933,
                -34.5896723
              ],
              [
                -58.6314453,
                -34.5903387
              ],
              [
                -58.6315528,
                -34.59043
              ],
              [
                -58.631875,
                -34.5907221
              ],
              [
                -58.6332042,
                -34.590088
              ],
              [
                -58.6334781,
                -34.5903299
              ],
              [
                -58.6335246,
                -34.5903756
              ],
              [
                -58.6336265,
                -34.5904632
              ],
              [
                -58.6378903,
                -34.5882353
              ],
              [
                -58.6379346,
                -34.588055
              ],
              [
                -58.6380743,
                -34.5875286
              ],
              [
                -58.6381815,
                -34.5872112
              ],
              [
                -58.6368968,
                -34.5872801
              ],
              [
                -58.6358975,
                -34.5873336
              ],
              [
                -58.6356064,
                -34.5873492
              ],
              [
                -58.6355965,
                -34.5873504
              ],
              [
                -58.6349854,
                -34.5873838
              ],
              [
                -58.6331402,
                -34.5874506
              ],
              [
                -58.630144,
                -34.5875589
              ],
              [
                -58.6299122,
                -34.5877316
              ],
              [
                -58.6298856,
                -34.5877524
              ],
              [
                -58.6291459,
                -34.5883299
              ],
              [
                -58.6301348,
                -34.5891703
              ],
              [
                -58.6306933,
                -34.5896723
              ]
            ]
          ]
        ]
      }
    },
    {
      "type": "Feature",
      "properties": {
        "fid": 2985,
        "area": 55715.204,
        "perimeter": 1233.651,
        "nomprov": "BUENOS AIRES",
        "prov": "06",
        "nomdepto": "HURLINGHAM",
        "depto": "408",
        "frac": "07",
        "radio": "03",
        "tipo": "U",
        "link": "064080703",
        "assigned_zone_name": "Nueve de Julio",
        "hurlingham_overlap_m2": 55642.56,
        "population_total": null,
        "households_total": null,
        "source_note": "PBA 2022 radio resource provides geometry and radio codes; no population/housing counts were present in the downloaded resource.",
        "source_name": "Datos Abiertos PBA / INDEC - Radios censales 2022",
        "source_url": "https://catalogo.datos.gba.gob.ar/dataset/radios-censales",
        "generated_at": "2026-06-13T02:11:01.209890+00:00",
        "data_confidence": "medium"
      },
      "geometry": {
        "type": "MultiPolygon",
        "coordinates": [
          [
            [
              [
                -58.6206318,
                -34.604936
              ],
              [
                -58.6206417,
                -34.6049992
              ],
              [
                -58.620741,
                -34.6049282
              ],
              [
                -58.6214701,
                -34.6043415
              ],
              [
                -58.6224752,
                -34.6035507
              ],
              [
                -58.6225415,
                -34.6034973
              ],
              [
                -58.6227735,
                -34.6033107
              ],
              [
                -58.6232814,
                -34.6029198
              ],
              [
                -58.6238888,
                -34.6024399
              ],
              [
                -58.6240433,
                -34.6023245
              ],
              [
                -58.6247944,
                -34.6017291
              ],
              [
                -58.6237842,
                -34.6008524
              ],
              [
                -58.6230333,
                -34.6014388
              ],
              [
                -58.6222713,
                -34.6020341
              ],
              [
                -58.6214387,
                -34.6026311
              ],
              [
                -58.6210426,
                -34.6040898
              ],
              [
                -58.6205491,
                -34.6047239
              ],
              [
                -58.6206318,
                -34.604936
              ]
            ]
          ]
        ]
      }
    },
    {
      "type": "Feature",
      "properties": {
        "fid": 2988,
        "area": 101012.358,
        "perimeter": 1373.036,
        "nomprov": "BUENOS AIRES",
        "prov": "06",
        "nomdepto": "HURLINGHAM",
        "depto": "408",
        "frac": "08",
        "radio": "09",
        "tipo": "U",
        "link": "064080809",
        "assigned_zone_name": "La Juanita",
        "hurlingham_overlap_m2": 100987.24,
        "population_total": null,
        "households_total": null,
        "source_note": "PBA 2022 radio resource provides geometry and radio codes; no population/housing counts were present in the downloaded resource.",
        "source_name": "Datos Abiertos PBA / INDEC - Radios censales 2022",
        "source_url": "https://catalogo.datos.gba.gob.ar/dataset/radios-censales",
        "generated_at": "2026-06-13T02:11:01.209890+00:00",
        "data_confidence": "medium"
      },
      "geometry": {
        "type": "MultiPolygon",
        "coordinates": [
          [
            [
              [
                -58.6314615,
                -34.6179201
              ],
              [
                -58.6299891,
                -34.6179487
              ],
              [
                -58.6291166,
                -34.6179659
              ],
              [
                -58.6291263,
                -34.6187051
              ],
              [
                -58.629125,
                -34.6194442
              ],
              [
                -58.6297792,
                -34.6194426
              ],
              [
                -58.6297882,
                -34.6202268
              ],
              [
                -58.6297872,
                -34.6209479
              ],
              [
                -58.6297745,
                -34.6210559
              ],
              [
                -58.6298399,
                -34.6210567
              ],
              [
                -58.6314976,
                -34.6210302
              ],
              [
                -58.6315959,
                -34.6210223
              ],
              [
                -58.631716,
                -34.6210146
              ],
              [
                -58.6335916,
                -34.6209996
              ],
              [
                -58.6336945,
                -34.6207033
              ],
              [
                -58.6335553,
                -34.6205485
              ],
              [
                -58.6332775,
                -34.6202029
              ],
              [
                -58.6325616,
                -34.6193115
              ],
              [
                -58.6320489,
                -34.6186658
              ],
              [
                -58.6315468,
                -34.6180383
              ],
              [
                -58.6314615,
                -34.6179201
              ]
            ]
          ]
        ]
      }
    },
    {
      "type": "Feature",
      "properties": {
        "fid": 2989,
        "area": 91521.628,
        "perimeter": 1384.75,
        "nomprov": "BUENOS AIRES",
        "prov": "06",
        "nomdepto": "HURLINGHAM",
        "depto": "408",
        "frac": "07",
        "radio": "09",
        "tipo": "U",
        "link": "064080709",
        "assigned_zone_name": "Parque Quirno",
        "hurlingham_overlap_m2": 91498.66,
        "population_total": null,
        "households_total": null,
        "source_note": "PBA 2022 radio resource provides geometry and radio codes; no population/housing counts were present in the downloaded resource.",
        "source_name": "Datos Abiertos PBA / INDEC - Radios censales 2022",
        "source_url": "https://catalogo.datos.gba.gob.ar/dataset/radios-censales",
        "generated_at": "2026-06-13T02:11:01.209890+00:00",
        "data_confidence": "medium"
      },
      "geometry": {
        "type": "MultiPolygon",
        "coordinates": [
          [
            [
              [
                -58.625409,
                -34.6067655
              ],
              [
                -58.6248138,
                -34.607228
              ],
              [
                -58.6258985,
                -34.60826
              ],
              [
                -58.6259354,
                -34.6083039
              ],
              [
                -58.625961,
                -34.6083477
              ],
              [
                -58.6259902,
                -34.6083978
              ],
              [
                -58.6260156,
                -34.6084556
              ],
              [
                -58.6260371,
                -34.608518
              ],
              [
                -58.6270621,
                -34.6076675
              ],
              [
                -58.6279678,
                -34.6069476
              ],
              [
                -58.6284518,
                -34.6073496
              ],
              [
                -58.6285484,
                -34.6074408
              ],
              [
                -58.6292993,
                -34.6068544
              ],
              [
                -58.6300392,
                -34.6062768
              ],
              [
                -58.6295661,
                -34.6058749
              ],
              [
                -58.6294158,
                -34.605738
              ],
              [
                -58.6287279,
                -34.6051444
              ],
              [
                -58.6284162,
                -34.6048705
              ],
              [
                -58.6280509,
                -34.6045509
              ],
              [
                -58.6276091,
                -34.6048975
              ],
              [
                -58.6272998,
                -34.6051464
              ],
              [
                -58.626604,
                -34.6056974
              ],
              [
                -58.6265919,
                -34.6057693
              ],
              [
                -58.6265793,
                -34.6058683
              ],
              [
                -58.6257184,
                -34.6065166
              ],
              [
                -58.6256521,
                -34.60657
              ],
              [
                -58.625409,
                -34.6067655
              ]
            ]
          ]
        ]
      }
    },
    {
      "type": "Feature",
      "properties": {
        "fid": 2991,
        "area": 107241.067,
        "perimeter": 1425.055,
        "nomprov": "BUENOS AIRES",
        "prov": "06",
        "nomdepto": "HURLINGHAM",
        "depto": "408",
        "frac": "03",
        "radio": "04",
        "tipo": "U",
        "link": "064080304",
        "assigned_zone_name": "Roca 1",
        "hurlingham_overlap_m2": 107215.9,
        "population_total": null,
        "households_total": null,
        "source_note": "PBA 2022 radio resource provides geometry and radio codes; no population/housing counts were present in the downloaded resource.",
        "source_name": "Datos Abiertos PBA / INDEC - Radios censales 2022",
        "source_url": "https://catalogo.datos.gba.gob.ar/dataset/radios-censales",
        "generated_at": "2026-06-13T02:11:01.209890+00:00",
        "data_confidence": "medium"
      },
      "geometry": {
        "type": "MultiPolygon",
        "coordinates": [
          [
            [
              [
                -58.648034,
                -34.5735061
              ],
              [
                -58.6487647,
                -34.5741451
              ],
              [
                -58.6494738,
                -34.5747659
              ],
              [
                -58.650312,
                -34.5754963
              ],
              [
                -58.6504087,
                -34.5755784
              ],
              [
                -58.6508869,
                -34.5759792
              ],
              [
                -58.6515578,
                -34.5759517
              ],
              [
                -58.6521921,
                -34.5764905
              ],
              [
                -58.6526446,
                -34.576135
              ],
              [
                -58.6530861,
                -34.5757883
              ],
              [
                -58.6532736,
                -34.5756461
              ],
              [
                -58.6535605,
                -34.575424
              ],
              [
                -58.652787,
                -34.5747394
              ],
              [
                -58.6525936,
                -34.574566
              ],
              [
                -58.6520778,
                -34.5741187
              ],
              [
                -58.6512398,
                -34.5733793
              ],
              [
                -58.6505198,
                -34.5727494
              ],
              [
                -58.6497783,
                -34.5721103
              ],
              [
                -58.6495023,
                -34.5723326
              ],
              [
                -58.6488731,
                -34.5728303
              ],
              [
                -58.6485088,
                -34.5731238
              ],
              [
                -58.648034,
                -34.5735061
              ]
            ]
          ]
        ]
      }
    },
    {
      "type": "Feature",
      "properties": {
        "fid": 2993,
        "area": 117910.797,
        "perimeter": 1455.066,
        "nomprov": "BUENOS AIRES",
        "prov": "06",
        "nomdepto": "HURLINGHAM",
        "depto": "408",
        "frac": "15",
        "radio": "09",
        "tipo": "U",
        "link": "064081509",
        "assigned_zone_name": "Asunción",
        "hurlingham_overlap_m2": 114326.93,
        "population_total": null,
        "households_total": null,
        "source_note": "PBA 2022 radio resource provides geometry and radio codes; no population/housing counts were present in the downloaded resource.",
        "source_name": "Datos Abiertos PBA / INDEC - Radios censales 2022",
        "source_url": "https://catalogo.datos.gba.gob.ar/dataset/radios-censales",
        "generated_at": "2026-06-13T02:11:01.209890+00:00",
        "data_confidence": "medium"
      },
      "geometry": {
        "type": "MultiPolygon",
        "coordinates": [
          [
            [
              [
                -58.6203548,
                -34.6318052
              ],
              [
                -58.6206452,
                -34.6318655
              ],
              [
                -58.6214232,
                -34.6317309
              ],
              [
                -58.6222757,
                -34.6315918
              ],
              [
                -58.623192,
                -34.6314374
              ],
              [
                -58.6231933,
                -34.6313563
              ],
              [
                -58.6229153,
                -34.6303617
              ],
              [
                -58.622874,
                -34.630226
              ],
              [
                -58.6225869,
                -34.6291231
              ],
              [
                -58.6223304,
                -34.6281468
              ],
              [
                -58.6222686,
                -34.6279297
              ],
              [
                -58.6220832,
                -34.6272697
              ],
              [
                -58.6220739,
                -34.6271704
              ],
              [
                -58.6219755,
                -34.6271873
              ],
              [
                -58.6211884,
                -34.6273136
              ],
              [
                -58.6204557,
                -34.6274405
              ],
              [
                -58.6202589,
                -34.6274744
              ],
              [
                -58.6198993,
                -34.6275359
              ],
              [
                -58.6197193,
                -34.6276502
              ],
              [
                -58.619726,
                -34.6277007
              ],
              [
                -58.6198558,
                -34.6281444
              ],
              [
                -58.6199733,
                -34.6285462
              ],
              [
                -58.6200224,
                -34.6287143
              ],
              [
                -58.6198741,
                -34.62884
              ],
              [
                -58.6197432,
                -34.628951
              ],
              [
                -58.6199139,
                -34.6296105
              ],
              [
                -58.6201886,
                -34.6306967
              ],
              [
                -58.6203455,
                -34.6313581
              ],
              [
                -58.6203548,
                -34.6318052
              ]
            ]
          ]
        ]
      }
    },
    {
      "type": "Feature",
      "properties": {
        "fid": 2994,
        "area": 84611.913,
        "perimeter": 1375.312,
        "nomprov": "BUENOS AIRES",
        "prov": "06",
        "nomdepto": "HURLINGHAM",
        "depto": "408",
        "frac": "07",
        "radio": "02",
        "tipo": "U",
        "link": "064080702",
        "assigned_zone_name": "Nueve de Julio",
        "hurlingham_overlap_m2": 84590.35,
        "population_total": null,
        "households_total": null,
        "source_note": "PBA 2022 radio resource provides geometry and radio codes; no population/housing counts were present in the downloaded resource.",
        "source_name": "Datos Abiertos PBA / INDEC - Radios censales 2022",
        "source_url": "https://catalogo.datos.gba.gob.ar/dataset/radios-censales",
        "generated_at": "2026-06-13T02:11:01.209890+00:00",
        "data_confidence": "medium"
      },
      "geometry": {
        "type": "MultiPolygon",
        "coordinates": [
          [
            [
              [
                -58.621465,
                -34.6025343
              ],
              [
                -58.6214387,
                -34.6026311
              ],
              [
                -58.6222713,
                -34.6020341
              ],
              [
                -58.6230333,
                -34.6014388
              ],
              [
                -58.6237842,
                -34.6008524
              ],
              [
                -58.6229245,
                -34.6001036
              ],
              [
                -58.6225053,
                -34.5997473
              ],
              [
                -58.6220647,
                -34.5993638
              ],
              [
                -58.6211945,
                -34.5985968
              ],
              [
                -58.6202811,
                -34.5978023
              ],
              [
                -58.6196872,
                -34.5981201
              ],
              [
                -58.6194681,
                -34.5982255
              ],
              [
                -58.619767,
                -34.5988246
              ],
              [
                -58.6200986,
                -34.5994761
              ],
              [
                -58.620591,
                -34.6004437
              ],
              [
                -58.6208197,
                -34.6008397
              ],
              [
                -58.6211705,
                -34.6014475
              ],
              [
                -58.621443,
                -34.6019195
              ],
              [
                -58.6214953,
                -34.60201
              ],
              [
                -58.6214785,
                -34.6023002
              ],
              [
                -58.621465,
                -34.6025343
              ]
            ]
          ]
        ]
      }
    },
    {
      "type": "Feature",
      "properties": {
        "fid": 2995,
        "area": 131444.447,
        "perimeter": 1655.478,
        "nomprov": "BUENOS AIRES",
        "prov": "06",
        "nomdepto": "HURLINGHAM",
        "depto": "408",
        "frac": "07",
        "radio": "10",
        "tipo": "U",
        "link": "064080710",
        "assigned_zone_name": "Parque Quirno",
        "hurlingham_overlap_m2": 131411.58,
        "population_total": null,
        "households_total": null,
        "source_note": "PBA 2022 radio resource provides geometry and radio codes; no population/housing counts were present in the downloaded resource.",
        "source_name": "Datos Abiertos PBA / INDEC - Radios censales 2022",
        "source_url": "https://catalogo.datos.gba.gob.ar/dataset/radios-censales",
        "generated_at": "2026-06-13T02:11:01.209890+00:00",
        "data_confidence": "medium"
      },
      "geometry": {
        "type": "MultiPolygon",
        "coordinates": [
          [
            [
              [
                -58.6292993,
                -34.6068544
              ],
              [
                -58.6285484,
                -34.6074408
              ],
              [
                -58.6284518,
                -34.6073496
              ],
              [
                -58.6279678,
                -34.6069476
              ],
              [
                -58.6270621,
                -34.6076675
              ],
              [
                -58.6260371,
                -34.608518
              ],
              [
                -58.6260635,
                -34.6087453
              ],
              [
                -58.626044,
                -34.6090155
              ],
              [
                -58.6261122,
                -34.6090809
              ],
              [
                -58.6268319,
                -34.609729
              ],
              [
                -58.6269932,
                -34.609866
              ],
              [
                -58.6278095,
                -34.6106053
              ],
              [
                -58.627917,
                -34.6106966
              ],
              [
                -58.6279277,
                -34.6107147
              ],
              [
                -58.6280384,
                -34.6106078
              ],
              [
                -58.628668,
                -34.6101102
              ],
              [
                -58.6292644,
                -34.6096391
              ],
              [
                -58.6292865,
                -34.6096214
              ],
              [
                -58.6302478,
                -34.608839
              ],
              [
                -58.6311758,
                -34.6080923
              ],
              [
                -58.6319657,
                -34.6074567
              ],
              [
                -58.6320486,
                -34.60739
              ],
              [
                -58.6324463,
                -34.60707
              ],
              [
                -58.6322499,
                -34.6070768
              ],
              [
                -58.6311724,
                -34.6069746
              ],
              [
                -58.6308676,
                -34.6069441
              ],
              [
                -58.6308458,
                -34.6069438
              ],
              [
                -58.6306843,
                -34.6068249
              ],
              [
                -58.6306198,
                -34.6067701
              ],
              [
                -58.6300392,
                -34.6062768
              ],
              [
                -58.6292993,
                -34.6068544
              ]
            ]
          ]
        ]
      }
    },
    {
      "type": "Feature",
      "properties": {
        "fid": 2996,
        "area": 58442.757,
        "perimeter": 1094.17,
        "nomprov": "BUENOS AIRES",
        "prov": "06",
        "nomdepto": "HURLINGHAM",
        "depto": "408",
        "frac": "15",
        "radio": "05",
        "tipo": "U",
        "link": "064081505",
        "assigned_zone_name": "Militar",
        "hurlingham_overlap_m2": 58428.13,
        "population_total": null,
        "households_total": null,
        "source_note": "PBA 2022 radio resource provides geometry and radio codes; no population/housing counts were present in the downloaded resource.",
        "source_name": "Datos Abiertos PBA / INDEC - Radios censales 2022",
        "source_url": "https://catalogo.datos.gba.gob.ar/dataset/radios-censales",
        "generated_at": "2026-06-13T02:11:01.209890+00:00",
        "data_confidence": "medium"
      },
      "geometry": {
        "type": "MultiPolygon",
        "coordinates": [
          [
            [
              [
                -58.6272481,
                -34.6264473
              ],
              [
                -58.6272958,
                -34.6267021
              ],
              [
                -58.6276743,
                -34.6266341
              ],
              [
                -58.628244,
                -34.6265253
              ],
              [
                -58.6282811,
                -34.6266835
              ],
              [
                -58.6283676,
                -34.6270526
              ],
              [
                -58.6286524,
                -34.6270277
              ],
              [
                -58.6290949,
                -34.626982
              ],
              [
                -58.6291926,
                -34.6269232
              ],
              [
                -58.6293701,
                -34.6268548
              ],
              [
                -58.6294323,
                -34.626775
              ],
              [
                -58.6294827,
                -34.62667
              ],
              [
                -58.6295205,
                -34.6265899
              ],
              [
                -58.6296137,
                -34.6264703
              ],
              [
                -58.6297186,
                -34.6263809
              ],
              [
                -58.6298495,
                -34.6261913
              ],
              [
                -58.6300577,
                -34.6261082
              ],
              [
                -58.6302897,
                -34.6260554
              ],
              [
                -58.6310085,
                -34.6260007
              ],
              [
                -58.6308104,
                -34.6247476
              ],
              [
                -58.630673,
                -34.6247705
              ],
              [
                -58.6290001,
                -34.6250492
              ],
              [
                -58.6273926,
                -34.6253199
              ],
              [
                -58.6272944,
                -34.6253365
              ],
              [
                -58.6269364,
                -34.6253978
              ],
              [
                -58.6270535,
                -34.6259221
              ],
              [
                -58.6271476,
                -34.6263437
              ],
              [
                -58.6271968,
                -34.6263648
              ],
              [
                -58.6272209,
                -34.626406
              ],
              [
                -58.6272481,
                -34.6264473
              ]
            ]
          ]
        ]
      }
    },
    {
      "type": "Feature",
      "properties": {
        "fid": 2998,
        "area": 100616.169,
        "perimeter": 1365.919,
        "nomprov": "BUENOS AIRES",
        "prov": "06",
        "nomdepto": "HURLINGHAM",
        "depto": "408",
        "frac": "14",
        "radio": "03",
        "tipo": "U",
        "link": "064081403",
        "assigned_zone_name": "El Progreso",
        "hurlingham_overlap_m2": 100546.29,
        "population_total": null,
        "households_total": null,
        "source_note": "PBA 2022 radio resource provides geometry and radio codes; no population/housing counts were present in the downloaded resource.",
        "source_name": "Datos Abiertos PBA / INDEC - Radios censales 2022",
        "source_url": "https://catalogo.datos.gba.gob.ar/dataset/radios-censales",
        "generated_at": "2026-06-13T02:11:01.209890+00:00",
        "data_confidence": "medium"
      },
      "geometry": {
        "type": "MultiPolygon",
        "coordinates": [
          [
            [
              [
                -58.6398825,
                -34.6223498
              ],
              [
                -58.6403876,
                -34.6227971
              ],
              [
                -58.6404303,
                -34.6228517
              ],
              [
                -58.6404944,
                -34.6229335
              ],
              [
                -58.6409337,
                -34.6234071
              ],
              [
                -58.641191,
                -34.6236804
              ],
              [
                -58.6419305,
                -34.6244638
              ],
              [
                -58.6424771,
                -34.6250467
              ],
              [
                -58.6430343,
                -34.6256478
              ],
              [
                -58.6440067,
                -34.6248564
              ],
              [
                -58.644062,
                -34.624812
              ],
              [
                -58.6449019,
                -34.6241183
              ],
              [
                -58.6443001,
                -34.6235798
              ],
              [
                -58.6442356,
                -34.623525
              ],
              [
                -58.6437193,
                -34.6230866
              ],
              [
                -58.6431387,
                -34.6225844
              ],
              [
                -58.6425687,
                -34.6221003
              ],
              [
                -58.6419989,
                -34.6216073
              ],
              [
                -58.6414182,
                -34.6211141
              ],
              [
                -58.6412526,
                -34.6212384
              ],
              [
                -58.6410095,
                -34.621434
              ],
              [
                -58.6405343,
                -34.6218253
              ],
              [
                -58.6398825,
                -34.6223498
              ]
            ]
          ]
        ]
      }
    },
    {
      "type": "Feature",
      "properties": {
        "fid": 2999,
        "area": 81336.692,
        "perimeter": 1283.901,
        "nomprov": "BUENOS AIRES",
        "prov": "06",
        "nomdepto": "HURLINGHAM",
        "depto": "408",
        "frac": "05",
        "radio": "07",
        "tipo": "U",
        "link": "064080507",
        "assigned_zone_name": "La Leonor",
        "hurlingham_overlap_m2": 81317.87,
        "population_total": null,
        "households_total": null,
        "source_note": "PBA 2022 radio resource provides geometry and radio codes; no population/housing counts were present in the downloaded resource.",
        "source_name": "Datos Abiertos PBA / INDEC - Radios censales 2022",
        "source_url": "https://catalogo.datos.gba.gob.ar/dataset/radios-censales",
        "generated_at": "2026-06-13T02:11:01.209890+00:00",
        "data_confidence": "medium"
      },
      "geometry": {
        "type": "MultiPolygon",
        "coordinates": [
          [
            [
              [
                -58.6559374,
                -34.5882043
              ],
              [
                -58.6557386,
                -34.5883644
              ],
              [
                -58.6553079,
                -34.5887202
              ],
              [
                -58.6546784,
                -34.589227
              ],
              [
                -58.6539366,
                -34.5885969
              ],
              [
                -58.6532522,
                -34.5891302
              ],
              [
                -58.6540158,
                -34.5897695
              ],
              [
                -58.6551342,
                -34.5907013
              ],
              [
                -58.6561449,
                -34.5915597
              ],
              [
                -58.656274,
                -34.5916693
              ],
              [
                -58.6569146,
                -34.5911445
              ],
              [
                -58.6569367,
                -34.5911267
              ],
              [
                -58.6575662,
                -34.5906109
              ],
              [
                -58.6581956,
                -34.590104
              ],
              [
                -58.6570556,
                -34.5891541
              ],
              [
                -58.6559374,
                -34.5882043
              ]
            ]
          ]
        ]
      }
    },
    {
      "type": "Feature",
      "properties": {
        "fid": 3000,
        "area": 102610.311,
        "perimeter": 1777.618,
        "nomprov": "BUENOS AIRES",
        "prov": "06",
        "nomdepto": "HURLINGHAM",
        "depto": "408",
        "frac": "11",
        "radio": "10",
        "tipo": "U",
        "link": "064081110",
        "assigned_zone_name": "Los Patitos",
        "hurlingham_overlap_m2": 101118.14,
        "population_total": null,
        "households_total": null,
        "source_note": "PBA 2022 radio resource provides geometry and radio codes; no population/housing counts were present in the downloaded resource.",
        "source_name": "Datos Abiertos PBA / INDEC - Radios censales 2022",
        "source_url": "https://catalogo.datos.gba.gob.ar/dataset/radios-censales",
        "generated_at": "2026-06-13T02:11:01.209890+00:00",
        "data_confidence": "medium"
      },
      "geometry": {
        "type": "MultiPolygon",
        "coordinates": [
          [
            [
              [
                -58.6622221,
                -34.598648
              ],
              [
                -58.6612394,
                -34.5994304
              ],
              [
                -58.6617771,
                -34.599887
              ],
              [
                -58.6608164,
                -34.6006606
              ],
              [
                -58.6599772,
                -34.6013274
              ],
              [
                -58.6591931,
                -34.6019588
              ],
              [
                -58.6580447,
                -34.6028745
              ],
              [
                -58.6586807,
                -34.6033232
              ],
              [
                -58.6591219,
                -34.6036256
              ],
              [
                -58.6592144,
                -34.603689
              ],
              [
                -58.6590711,
                -34.6039002
              ],
              [
                -58.658773,
                -34.6042792
              ],
              [
                -58.659121,
                -34.6041761
              ],
              [
                -58.6596764,
                -34.6037107
              ],
              [
                -58.6603761,
                -34.6029632
              ],
              [
                -58.660818,
                -34.6025985
              ],
              [
                -58.6611494,
                -34.6023228
              ],
              [
                -58.6619668,
                -34.6016557
              ],
              [
                -58.6629278,
                -34.600864
              ],
              [
                -58.6639049,
                -34.6000906
              ],
              [
                -58.6634155,
                -34.5996796
              ],
              [
                -58.6633671,
                -34.599643
              ],
              [
                -58.6633296,
                -34.599602
              ],
              [
                -58.6633188,
                -34.5995929
              ],
              [
                -58.6628459,
                -34.5991776
              ],
              [
                -58.6627168,
                -34.599068
              ],
              [
                -58.6626454,
                -34.5989999
              ],
              [
                -58.6625636,
                -34.5989368
              ],
              [
                -58.6624642,
                -34.5988489
              ],
              [
                -58.6623727,
                -34.5987758
              ],
              [
                -58.6622221,
                -34.598648
              ]
            ]
          ]
        ]
      }
    },
    {
      "type": "Feature",
      "properties": {
        "fid": 3001,
        "area": 100171.058,
        "perimeter": 1643.809,
        "nomprov": "BUENOS AIRES",
        "prov": "06",
        "nomdepto": "HURLINGHAM",
        "depto": "408",
        "frac": "19",
        "radio": "02",
        "tipo": "U",
        "link": "064081902",
        "assigned_zone_name": "Mitre",
        "hurlingham_overlap_m2": 100147.52,
        "population_total": null,
        "households_total": null,
        "source_note": "PBA 2022 radio resource provides geometry and radio codes; no population/housing counts were present in the downloaded resource.",
        "source_name": "Datos Abiertos PBA / INDEC - Radios censales 2022",
        "source_url": "https://catalogo.datos.gba.gob.ar/dataset/radios-censales",
        "generated_at": "2026-06-13T02:11:01.209890+00:00",
        "data_confidence": "medium"
      },
      "geometry": {
        "type": "MultiPolygon",
        "coordinates": [
          [
            [
              [
                -58.6488486,
                -34.6133819
              ],
              [
                -58.6500018,
                -34.6142059
              ],
              [
                -58.6497036,
                -34.614446
              ],
              [
                -58.6496925,
                -34.6144549
              ],
              [
                -58.6490739,
                -34.6149528
              ],
              [
                -58.6491597,
                -34.6150438
              ],
              [
                -58.6497621,
                -34.6155463
              ],
              [
                -58.6504181,
                -34.6161033
              ],
              [
                -58.6511063,
                -34.6166968
              ],
              [
                -58.6517622,
                -34.6172629
              ],
              [
                -58.6523265,
                -34.6177604
              ],
              [
                -58.6524285,
                -34.6178562
              ],
              [
                -58.6538983,
                -34.6166375
              ],
              [
                -58.6532531,
                -34.6160806
              ],
              [
                -58.652651,
                -34.6155602
              ],
              [
                -58.6525865,
                -34.6155054
              ],
              [
                -58.6525218,
                -34.6154596
              ],
              [
                -58.6518982,
                -34.6149209
              ],
              [
                -58.6513066,
                -34.6144186
              ],
              [
                -58.6512421,
                -34.6143638
              ],
              [
                -58.6511561,
                -34.6142908
              ],
              [
                -58.650532,
                -34.6137791
              ],
              [
                -58.6509516,
                -34.6134503
              ],
              [
                -58.6498077,
                -34.6127255
              ],
              [
                -58.6497322,
                -34.6126796
              ],
              [
                -58.6488486,
                -34.6133819
              ]
            ]
          ]
        ]
      }
    },
    {
      "type": "Feature",
      "properties": {
        "fid": 3002,
        "area": 76448.949,
        "perimeter": 1185.841,
        "nomprov": "BUENOS AIRES",
        "prov": "06",
        "nomdepto": "HURLINGHAM",
        "depto": "408",
        "frac": "06",
        "radio": "05",
        "tipo": "U",
        "link": "064080605",
        "assigned_zone_name": "Parque Jhonston",
        "hurlingham_overlap_m2": 76430.54,
        "population_total": null,
        "households_total": null,
        "source_note": "PBA 2022 radio resource provides geometry and radio codes; no population/housing counts were present in the downloaded resource.",
        "source_name": "Datos Abiertos PBA / INDEC - Radios censales 2022",
        "source_url": "https://catalogo.datos.gba.gob.ar/dataset/radios-censales",
        "generated_at": "2026-06-13T02:11:01.209890+00:00",
        "data_confidence": "medium"
      },
      "geometry": {
        "type": "MultiPolygon",
        "coordinates": [
          [
            [
              [
                -58.6421896,
                -34.5918198
              ],
              [
                -58.6429312,
                -34.592459
              ],
              [
                -58.6433728,
                -34.5921124
              ],
              [
                -58.6440901,
                -34.5915705
              ],
              [
                -58.6441577,
                -34.5914361
              ],
              [
                -58.643559,
                -34.5907173
              ],
              [
                -58.642939,
                -34.5899713
              ],
              [
                -58.6423406,
                -34.5892346
              ],
              [
                -58.6422764,
                -34.5891618
              ],
              [
                -58.6417323,
                -34.5884436
              ],
              [
                -58.6415887,
                -34.5885592
              ],
              [
                -58.6407604,
                -34.589226
              ],
              [
                -58.6406389,
                -34.5893238
              ],
              [
                -58.6404845,
                -34.5894393
              ],
              [
                -58.6399435,
                -34.5898659
              ],
              [
                -58.6406848,
                -34.5905231
              ],
              [
                -58.6414372,
                -34.5911715
              ],
              [
                -58.6421896,
                -34.5918198
              ]
            ]
          ]
        ]
      }
    },
    {
      "type": "Feature",
      "properties": {
        "fid": 3006,
        "area": 157352.267,
        "perimeter": 1589.729,
        "nomprov": "BUENOS AIRES",
        "prov": "06",
        "nomdepto": "HURLINGHAM",
        "depto": "408",
        "frac": "14",
        "radio": "01",
        "tipo": "U",
        "link": "064081401",
        "assigned_zone_name": "Villa Tesei Centro",
        "hurlingham_overlap_m2": 157313.76,
        "population_total": null,
        "households_total": null,
        "source_note": "PBA 2022 radio resource provides geometry and radio codes; no population/housing counts were present in the downloaded resource.",
        "source_name": "Datos Abiertos PBA / INDEC - Radios censales 2022",
        "source_url": "https://catalogo.datos.gba.gob.ar/dataset/radios-censales",
        "generated_at": "2026-06-13T02:11:01.209890+00:00",
        "data_confidence": "medium"
      },
      "geometry": {
        "type": "MultiPolygon",
        "coordinates": [
          [
            [
              [
                -58.637599,
                -34.6152938
              ],
              [
                -58.6370907,
                -34.6157118
              ],
              [
                -58.636467,
                -34.6161825
              ],
              [
                -58.6363509,
                -34.6162804
              ],
              [
                -58.6362958,
                -34.6163158
              ],
              [
                -58.6353902,
                -34.6170268
              ],
              [
                -58.6353018,
                -34.6170979
              ],
              [
                -58.6339868,
                -34.6181738
              ],
              [
                -58.6339495,
                -34.6184528
              ],
              [
                -58.6339233,
                -34.6187229
              ],
              [
                -58.6351646,
                -34.6194849
              ],
              [
                -58.63646,
                -34.6202746
              ],
              [
                -58.6370371,
                -34.6196591
              ],
              [
                -58.6370816,
                -34.6196055
              ],
              [
                -58.6383789,
                -34.618944
              ],
              [
                -58.6390275,
                -34.6186177
              ],
              [
                -58.6392034,
                -34.6185296
              ],
              [
                -58.6392803,
                -34.6184944
              ],
              [
                -58.6399102,
                -34.6179786
              ],
              [
                -58.6392483,
                -34.6171149
              ],
              [
                -58.6385225,
                -34.6161604
              ],
              [
                -58.6384802,
                -34.6160788
              ],
              [
                -58.6384592,
                -34.6160335
              ],
              [
                -58.6381366,
                -34.6157595
              ],
              [
                -58.637599,
                -34.6152938
              ]
            ]
          ]
        ]
      }
    },
    {
      "type": "Feature",
      "properties": {
        "fid": 3008,
        "area": 91533.388,
        "perimeter": 1305.249,
        "nomprov": "BUENOS AIRES",
        "prov": "06",
        "nomdepto": "HURLINGHAM",
        "depto": "408",
        "frac": "09",
        "radio": "05",
        "tipo": "U",
        "link": "064080905",
        "assigned_zone_name": "Villa Tesei Centro",
        "hurlingham_overlap_m2": 91511.01,
        "population_total": null,
        "households_total": null,
        "source_note": "PBA 2022 radio resource provides geometry and radio codes; no population/housing counts were present in the downloaded resource.",
        "source_name": "Datos Abiertos PBA / INDEC - Radios censales 2022",
        "source_url": "https://catalogo.datos.gba.gob.ar/dataset/radios-censales",
        "generated_at": "2026-06-13T02:11:01.209890+00:00",
        "data_confidence": "medium"
      },
      "geometry": {
        "type": "MultiPolygon",
        "coordinates": [
          [
            [
              [
                -58.6354097,
                -34.6138362
              ],
              [
                -58.6360656,
                -34.6143934
              ],
              [
                -58.6363308,
                -34.61418
              ],
              [
                -58.6369542,
                -34.6147278
              ],
              [
                -58.637599,
                -34.6152938
              ],
              [
                -58.638295,
                -34.6147338
              ],
              [
                -58.6383503,
                -34.6146893
              ],
              [
                -58.6390466,
                -34.6141112
              ],
              [
                -58.6394444,
                -34.6137821
              ],
              [
                -58.6394997,
                -34.6137377
              ],
              [
                -58.6388649,
                -34.6132168
              ],
              [
                -58.6382088,
                -34.6126687
              ],
              [
                -58.6381981,
                -34.6126596
              ],
              [
                -58.6376328,
                -34.6118961
              ],
              [
                -58.6372165,
                -34.6113507
              ],
              [
                -58.6359132,
                -34.6123817
              ],
              [
                -58.6347313,
                -34.6133239
              ],
              [
                -58.6345342,
                -34.6133757
              ],
              [
                -58.635399,
                -34.6138271
              ],
              [
                -58.6354097,
                -34.6138362
              ]
            ]
          ]
        ]
      }
    },
    {
      "type": "Feature",
      "properties": {
        "fid": 3009,
        "area": 84759.035,
        "perimeter": 1332.608,
        "nomprov": "BUENOS AIRES",
        "prov": "06",
        "nomdepto": "HURLINGHAM",
        "depto": "408",
        "frac": "13",
        "radio": "03",
        "tipo": "U",
        "link": "064081303",
        "assigned_zone_name": "Mitre",
        "hurlingham_overlap_m2": 84738.92,
        "population_total": null,
        "households_total": null,
        "source_note": "PBA 2022 radio resource provides geometry and radio codes; no population/housing counts were present in the downloaded resource.",
        "source_name": "Datos Abiertos PBA / INDEC - Radios censales 2022",
        "source_url": "https://catalogo.datos.gba.gob.ar/dataset/radios-censales",
        "generated_at": "2026-06-13T02:11:01.209890+00:00",
        "data_confidence": "medium"
      },
      "geometry": {
        "type": "MultiPolygon",
        "coordinates": [
          [
            [
              [
                -58.6479168,
                -34.6157151
              ],
              [
                -58.6480245,
                -34.6157974
              ],
              [
                -58.6490739,
                -34.6149528
              ],
              [
                -58.6496925,
                -34.6144549
              ],
              [
                -58.6497036,
                -34.614446
              ],
              [
                -58.6500018,
                -34.6142059
              ],
              [
                -58.6488486,
                -34.6133819
              ],
              [
                -58.6481374,
                -34.6128693
              ],
              [
                -58.6476956,
                -34.6125489
              ],
              [
                -58.6465534,
                -34.611725
              ],
              [
                -58.6457028,
                -34.6124096
              ],
              [
                -58.6464675,
                -34.612986
              ],
              [
                -58.6468228,
                -34.6132603
              ],
              [
                -58.6457844,
                -34.6140961
              ],
              [
                -58.6469152,
                -34.6149559
              ],
              [
                -58.6479168,
                -34.6157151
              ]
            ]
          ]
        ]
      }
    },
    {
      "type": "Feature",
      "properties": {
        "fid": 3010,
        "area": 68848.93,
        "perimeter": 1102.161,
        "nomprov": "BUENOS AIRES",
        "prov": "06",
        "nomdepto": "HURLINGHAM",
        "depto": "408",
        "frac": "14",
        "radio": "08",
        "tipo": "U",
        "link": "064081408",
        "assigned_zone_name": "El Porvenir",
        "hurlingham_overlap_m2": 68832.02,
        "population_total": null,
        "households_total": null,
        "source_note": "PBA 2022 radio resource provides geometry and radio codes; no population/housing counts were present in the downloaded resource.",
        "source_name": "Datos Abiertos PBA / INDEC - Radios censales 2022",
        "source_url": "https://catalogo.datos.gba.gob.ar/dataset/radios-censales",
        "generated_at": "2026-06-13T02:11:01.209890+00:00",
        "data_confidence": "medium"
      },
      "geometry": {
        "type": "MultiPolygon",
        "coordinates": [
          [
            [
              [
                -58.6341692,
                -34.627667
              ],
              [
                -58.6344061,
                -34.6285169
              ],
              [
                -58.6351717,
                -34.6283723
              ],
              [
                -58.6352233,
                -34.6285531
              ],
              [
                -58.6353983,
                -34.629186
              ],
              [
                -58.6363827,
                -34.6289987
              ],
              [
                -58.6372139,
                -34.6288458
              ],
              [
                -58.6374327,
                -34.6288032
              ],
              [
                -58.6373555,
                -34.6285274
              ],
              [
                -58.637206,
                -34.6279984
              ],
              [
                -58.6371748,
                -34.6279079
              ],
              [
                -58.6369693,
                -34.6271395
              ],
              [
                -58.6367325,
                -34.6262806
              ],
              [
                -58.6357261,
                -34.6264766
              ],
              [
                -58.6353652,
                -34.6265447
              ],
              [
                -58.6346981,
                -34.6266634
              ],
              [
                -58.6339216,
                -34.626808
              ],
              [
                -58.6341692,
                -34.627667
              ]
            ]
          ]
        ]
      }
    },
    {
      "type": "Feature",
      "properties": {
        "fid": 3045,
        "area": 204920.315,
        "perimeter": 2751.139,
        "nomprov": "BUENOS AIRES",
        "prov": "06",
        "nomdepto": "HURLINGHAM",
        "depto": "408",
        "frac": "12",
        "radio": "08",
        "tipo": "U",
        "link": "064081208",
        "assigned_zone_name": "El Libertador",
        "hurlingham_overlap_m2": 182765.62,
        "population_total": null,
        "households_total": null,
        "source_note": "PBA 2022 radio resource provides geometry and radio codes; no population/housing counts were present in the downloaded resource.",
        "source_name": "Datos Abiertos PBA / INDEC - Radios censales 2022",
        "source_url": "https://catalogo.datos.gba.gob.ar/dataset/radios-censales",
        "generated_at": "2026-06-13T02:11:01.209890+00:00",
        "data_confidence": "medium"
      },
      "geometry": {
        "type": "MultiPolygon",
        "coordinates": [
          [
            [
              [
                -58.6508876,
                -34.6248156
              ],
              [
                -58.6483457,
                -34.6269146
              ],
              [
                -58.6485856,
                -34.6269173
              ],
              [
                -58.6497226,
                -34.6267316
              ],
              [
                -58.6498499,
                -34.6276253
              ],
              [
                -58.6499187,
                -34.6280857
              ],
              [
                -58.6499881,
                -34.6285192
              ],
              [
                -58.6514184,
                -34.6283998
              ],
              [
                -58.6516241,
                -34.6291682
              ],
              [
                -58.6518449,
                -34.6300089
              ],
              [
                -58.6518604,
                -34.6300631
              ],
              [
                -58.6519014,
                -34.6302258
              ],
              [
                -58.6520454,
                -34.6307592
              ],
              [
                -58.6528269,
                -34.6303082
              ],
              [
                -58.652991,
                -34.6302739
              ],
              [
                -58.6529237,
                -34.6303904
              ],
              [
                -58.6528457,
                -34.6304977
              ],
              [
                -58.6527458,
                -34.6306047
              ],
              [
                -58.6526461,
                -34.6307028
              ],
              [
                -58.6525356,
                -34.6307917
              ],
              [
                -58.6524143,
                -34.6308715
              ],
              [
                -58.6522824,
                -34.6309421
              ],
              [
                -58.6521396,
                -34.6310036
              ],
              [
                -58.651997,
                -34.6310561
              ],
              [
                -58.6518545,
                -34.6310996
              ],
              [
                -58.6517669,
                -34.6311257
              ],
              [
                -58.651417,
                -34.6311849
              ],
              [
                -58.6510565,
                -34.631226
              ],
              [
                -58.6503794,
                -34.6313307
              ],
              [
                -58.6507803,
                -34.6313486
              ],
              [
                -58.6511178,
                -34.6313745
              ],
              [
                -58.6517814,
                -34.6314255
              ],
              [
                -58.6536533,
                -34.6316412
              ],
              [
                -58.6536805,
                -34.6312267
              ],
              [
                -58.6537184,
                -34.6307219
              ],
              [
                -58.6537584,
                -34.6305256
              ],
              [
                -58.6538214,
                -34.6303481
              ],
              [
                -58.6538933,
                -34.6302456
              ],
              [
                -58.6540002,
                -34.6300932
              ],
              [
                -58.6540229,
                -34.6300608
              ],
              [
                -58.6541348,
                -34.629969
              ],
              [
                -58.6544212,
                -34.629734
              ],
              [
                -58.6550561,
                -34.6292128
              ],
              [
                -58.6550914,
                -34.6291839
              ],
              [
                -58.655651,
                -34.6287246
              ],
              [
                -58.6547397,
                -34.6280038
              ],
              [
                -58.6539435,
                -34.627337
              ],
              [
                -58.6532012,
                -34.6267159
              ],
              [
                -58.6529859,
                -34.6265423
              ],
              [
                -58.6524372,
                -34.6260856
              ],
              [
                -58.651598,
                -34.6253913
              ],
              [
                -58.6508876,
                -34.6248156
              ]
            ]
          ]
        ]
      }
    },
    {
      "type": "Feature",
      "properties": {
        "fid": 5893,
        "area": 148184.636,
        "perimeter": 1940.498,
        "nomprov": "BUENOS AIRES",
        "prov": "06",
        "nomdepto": "HURLINGHAM",
        "depto": "408",
        "frac": "14",
        "radio": "05",
        "tipo": "U",
        "link": "064081405",
        "assigned_zone_name": "Villa Tesei Centro",
        "hurlingham_overlap_m2": 148148.14,
        "population_total": null,
        "households_total": null,
        "source_note": "PBA 2022 radio resource provides geometry and radio codes; no population/housing counts were present in the downloaded resource.",
        "source_name": "Datos Abiertos PBA / INDEC - Radios censales 2022",
        "source_url": "https://catalogo.datos.gba.gob.ar/dataset/radios-censales",
        "generated_at": "2026-06-13T02:11:01.209890+00:00",
        "data_confidence": "medium"
      },
      "geometry": {
        "type": "MultiPolygon",
        "coordinates": [
          [
            [
              [
                -58.6323782,
                -34.6245103
              ],
              [
                -58.6320756,
                -34.6253663
              ],
              [
                -58.6334474,
                -34.6251352
              ],
              [
                -58.634235,
                -34.6249817
              ],
              [
                -58.6346942,
                -34.6249058
              ],
              [
                -58.6352632,
                -34.6247859
              ],
              [
                -58.6354386,
                -34.6253918
              ],
              [
                -58.6355008,
                -34.6255908
              ],
              [
                -58.6364853,
                -34.6253945
              ],
              [
                -58.6362476,
                -34.6245987
              ],
              [
                -58.636041,
                -34.6238933
              ],
              [
                -58.6367954,
                -34.6237665
              ],
              [
                -58.6379544,
                -34.6235722
              ],
              [
                -58.6381239,
                -34.6235425
              ],
              [
                -58.6383646,
                -34.6234911
              ],
              [
                -58.6383377,
                -34.6234683
              ],
              [
                -58.6376575,
                -34.6230551
              ],
              [
                -58.6371823,
                -34.6227794
              ],
              [
                -58.6365235,
                -34.6223934
              ],
              [
                -58.6358429,
                -34.6220073
              ],
              [
                -58.6347521,
                -34.6213731
              ],
              [
                -58.6338448,
                -34.6208492
              ],
              [
                -58.6336945,
                -34.6207033
              ],
              [
                -58.6335916,
                -34.6209996
              ],
              [
                -58.6333393,
                -34.6217539
              ],
              [
                -58.6332244,
                -34.6221132
              ],
              [
                -58.6330302,
                -34.6226518
              ],
              [
                -58.6328359,
                -34.6231994
              ],
              [
                -58.632687,
                -34.6236304
              ],
              [
                -58.6323782,
                -34.6245103
              ]
            ]
          ]
        ]
      }
    },
    {
      "type": "Feature",
      "properties": {
        "fid": 5894,
        "area": 74179.559,
        "perimeter": 1112.549,
        "nomprov": "BUENOS AIRES",
        "prov": "06",
        "nomdepto": "HURLINGHAM",
        "depto": "408",
        "frac": "15",
        "radio": "08",
        "tipo": "U",
        "link": "064081508",
        "assigned_zone_name": "Asunción",
        "hurlingham_overlap_m2": 74160.76,
        "population_total": null,
        "households_total": null,
        "source_note": "PBA 2022 radio resource provides geometry and radio codes; no population/housing counts were present in the downloaded resource.",
        "source_name": "Datos Abiertos PBA / INDEC - Radios censales 2022",
        "source_url": "https://catalogo.datos.gba.gob.ar/dataset/radios-censales",
        "generated_at": "2026-06-13T02:11:01.209890+00:00",
        "data_confidence": "medium"
      },
      "geometry": {
        "type": "MultiPolygon",
        "coordinates": [
          [
            [
              [
                -58.6256718,
                -34.6266343
              ],
              [
                -58.6256393,
                -34.6265256
              ],
              [
                -58.6247033,
                -34.6266881
              ],
              [
                -58.6238347,
                -34.6268568
              ],
              [
                -58.6229697,
                -34.6270109
              ],
              [
                -58.6220739,
                -34.6271704
              ],
              [
                -58.6220832,
                -34.6272697
              ],
              [
                -58.6222686,
                -34.6279297
              ],
              [
                -58.6223304,
                -34.6281468
              ],
              [
                -58.6225869,
                -34.6291231
              ],
              [
                -58.6234838,
                -34.628953
              ],
              [
                -58.6243588,
                -34.6287916
              ],
              [
                -58.6252665,
                -34.6286306
              ],
              [
                -58.6254962,
                -34.6285881
              ],
              [
                -58.6261635,
                -34.6284604
              ],
              [
                -58.626081,
                -34.628171
              ],
              [
                -58.6259484,
                -34.6276477
              ],
              [
                -58.625907,
                -34.6274841
              ],
              [
                -58.6258556,
                -34.6272942
              ],
              [
                -58.6258161,
                -34.627154
              ],
              [
                -58.6256718,
                -34.6266343
              ]
            ]
          ]
        ]
      }
    },
    {
      "type": "Feature",
      "properties": {
        "fid": 5895,
        "area": 60289.376,
        "perimeter": 988.395,
        "nomprov": "BUENOS AIRES",
        "prov": "06",
        "nomdepto": "HURLINGHAM",
        "depto": "408",
        "frac": "19",
        "radio": "06",
        "tipo": "U",
        "link": "064081906",
        "assigned_zone_name": "Mitre",
        "hurlingham_overlap_m2": 60274.99,
        "population_total": null,
        "households_total": null,
        "source_note": "PBA 2022 radio resource provides geometry and radio codes; no population/housing counts were present in the downloaded resource.",
        "source_name": "Datos Abiertos PBA / INDEC - Radios censales 2022",
        "source_url": "https://catalogo.datos.gba.gob.ar/dataset/radios-censales",
        "generated_at": "2026-06-13T02:11:01.209890+00:00",
        "data_confidence": "medium"
      },
      "geometry": {
        "type": "MultiPolygon",
        "coordinates": [
          [
            [
              [
                -58.6452552,
                -34.6202521
              ],
              [
                -58.6459258,
                -34.6208307
              ],
              [
                -58.6463789,
                -34.6204572
              ],
              [
                -58.6465004,
                -34.6203594
              ],
              [
                -58.6470749,
                -34.619897
              ],
              [
                -58.6471108,
                -34.6198689
              ],
              [
                -58.6477264,
                -34.6193905
              ],
              [
                -58.6470379,
                -34.618815
              ],
              [
                -58.6463604,
                -34.6182396
              ],
              [
                -58.6458226,
                -34.617783
              ],
              [
                -58.6457045,
                -34.6176735
              ],
              [
                -58.6450526,
                -34.6182071
              ],
              [
                -58.6447985,
                -34.6184116
              ],
              [
                -58.6444229,
                -34.6187139
              ],
              [
                -58.6443232,
                -34.6187923
              ],
              [
                -58.6439259,
                -34.6191049
              ],
              [
                -58.6444556,
                -34.6195621
              ],
              [
                -58.6445251,
                -34.619622
              ],
              [
                -58.6448529,
                -34.6199049
              ],
              [
                -58.6450437,
                -34.6200696
              ],
              [
                -58.6452552,
                -34.6202521
              ]
            ]
          ]
        ]
      }
    },
    {
      "type": "Feature",
      "properties": {
        "fid": 6325,
        "area": 851080.173,
        "perimeter": 3898.355,
        "nomprov": "BUENOS AIRES",
        "prov": "06",
        "nomdepto": "HURLINGHAM",
        "depto": "408",
        "frac": "01",
        "radio": "01",
        "tipo": "U",
        "link": "064080101",
        "assigned_zone_name": "Villa Club",
        "hurlingham_overlap_m2": 410744.13,
        "population_total": null,
        "households_total": null,
        "source_note": "PBA 2022 radio resource provides geometry and radio codes; no population/housing counts were present in the downloaded resource.",
        "source_name": "Datos Abiertos PBA / INDEC - Radios censales 2022",
        "source_url": "https://catalogo.datos.gba.gob.ar/dataset/radios-censales",
        "generated_at": "2026-06-13T02:11:01.209890+00:00",
        "data_confidence": "medium"
      },
      "geometry": {
        "type": "MultiPolygon",
        "coordinates": [
          [
            [
              [
                -58.6446772,
                -34.5735366
              ],
              [
                -58.6449623,
                -34.5737968
              ],
              [
                -58.6494526,
                -34.5703027
              ],
              [
                -58.6512128,
                -34.5689329
              ],
              [
                -58.651546,
                -34.5686764
              ],
              [
                -58.651769,
                -34.5685
              ],
              [
                -58.653224,
                -34.5674436
              ],
              [
                -58.655286,
                -34.565969
              ],
              [
                -58.6546428,
                -34.5656932
              ],
              [
                -58.6538526,
                -34.5655261
              ],
              [
                -58.6529787,
                -34.5653441
              ],
              [
                -58.6526252,
                -34.5652709
              ],
              [
                -58.6523787,
                -34.5652198
              ],
              [
                -58.6516583,
                -34.5646011
              ],
              [
                -58.6507127,
                -34.564133
              ],
              [
                -58.6502485,
                -34.5640113
              ],
              [
                -58.6494736,
                -34.5638081
              ],
              [
                -58.6487964,
                -34.5636371
              ],
              [
                -58.6477629,
                -34.5633846
              ],
              [
                -58.6471255,
                -34.563232
              ],
              [
                -58.6465174,
                -34.5630865
              ],
              [
                -58.6460434,
                -34.5628842
              ],
              [
                -58.6458405,
                -34.5631348
              ],
              [
                -58.6458404,
                -34.5631348
              ],
              [
                -58.6458199,
                -34.5634713
              ],
              [
                -58.6457064,
                -34.563495
              ],
              [
                -58.6455694,
                -34.5635745
              ],
              [
                -58.6454688,
                -34.5637356
              ],
              [
                -58.6453837,
                -34.56389
              ],
              [
                -58.6453836,
                -34.5638902
              ],
              [
                -58.6453506,
                -34.564041
              ],
              [
                -58.6452168,
                -34.5641504
              ],
              [
                -58.643663,
                -34.5654214
              ],
              [
                -58.6427094,
                -34.5662015
              ],
              [
                -58.6423027,
                -34.5665341
              ],
              [
                -58.6419241,
                -34.5668168
              ],
              [
                -58.6415355,
                -34.5671069
              ],
              [
                -58.6414307,
                -34.5671852
              ],
              [
                -58.6400837,
                -34.5681907
              ],
              [
                -58.6395998,
                -34.568552
              ],
              [
                -58.6394824,
                -34.5686397
              ],
              [
                -58.6392559,
                -34.5688087
              ],
              [
                -58.6398315,
                -34.5693138
              ],
              [
                -58.6401968,
                -34.5696333
              ],
              [
                -58.6407125,
                -34.5700807
              ],
              [
                -58.6408951,
                -34.570245
              ],
              [
                -58.641658,
                -34.5709025
              ],
              [
                -58.642421,
                -34.5715599
              ],
              [
                -58.643184,
                -34.5722174
              ],
              [
                -58.643329,
                -34.5723452
              ],
              [
                -58.6433401,
                -34.572355
              ],
              [
                -58.6446772,
                -34.5735366
              ]
            ]
          ]
        ]
      }
    },
    {
      "type": "Feature",
      "properties": {
        "fid": 8146,
        "area": 146636.707,
        "perimeter": 1570.415,
        "nomprov": "BUENOS AIRES",
        "prov": "06",
        "nomdepto": "HURLINGHAM",
        "depto": "408",
        "frac": "01",
        "radio": "02",
        "tipo": "U",
        "link": "064080102",
        "assigned_zone_name": "Villa Club",
        "hurlingham_overlap_m2": 146601.09,
        "population_total": null,
        "households_total": null,
        "source_note": "PBA 2022 radio resource provides geometry and radio codes; no population/housing counts were present in the downloaded resource.",
        "source_name": "Datos Abiertos PBA / INDEC - Radios censales 2022",
        "source_url": "https://catalogo.datos.gba.gob.ar/dataset/radios-censales",
        "generated_at": "2026-06-13T02:11:01.209890+00:00",
        "data_confidence": "medium"
      },
      "geometry": {
        "type": "MultiPolygon",
        "coordinates": [
          [
            [
              [
                -58.6372393,
                -34.5732508
              ],
              [
                -58.6378946,
                -34.573826
              ],
              [
                -58.6386893,
                -34.5732039
              ],
              [
                -58.6396164,
                -34.5724842
              ],
              [
                -58.6406428,
                -34.5716844
              ],
              [
                -58.641658,
                -34.5709025
              ],
              [
                -58.6408951,
                -34.570245
              ],
              [
                -58.6407125,
                -34.5700807
              ],
              [
                -58.6401968,
                -34.5696333
              ],
              [
                -58.6398315,
                -34.5693138
              ],
              [
                -58.6392559,
                -34.5688087
              ],
              [
                -58.6382873,
                -34.5696334
              ],
              [
                -58.6373236,
                -34.5704538
              ],
              [
                -58.6364252,
                -34.5712068
              ],
              [
                -58.6356255,
                -34.5718714
              ],
              [
                -58.6364333,
                -34.5725568
              ],
              [
                -58.6371425,
                -34.5731686
              ],
              [
                -58.6372393,
                -34.5732508
              ]
            ]
          ]
        ]
      }
    },
    {
      "type": "Feature",
      "properties": {
        "fid": 9155,
        "area": 6520494.486,
        "perimeter": 12241.947,
        "nomprov": "BUENOS AIRES",
        "prov": "06",
        "nomdepto": "MORON",
        "depto": "568",
        "frac": "01",
        "radio": "01",
        "tipo": "U",
        "link": "065680101",
        "assigned_zone_name": "Nuevo Parque Quirno",
        "hurlingham_overlap_m2": 30669.86,
        "population_total": null,
        "households_total": null,
        "source_note": "PBA 2022 radio resource provides geometry and radio codes; no population/housing counts were present in the downloaded resource.",
        "source_name": "Datos Abiertos PBA / INDEC - Radios censales 2022",
        "source_url": "https://catalogo.datos.gba.gob.ar/dataset/radios-censales",
        "generated_at": "2026-06-13T02:11:01.209890+00:00",
        "data_confidence": "medium"
      },
      "geometry": {
        "type": "MultiPolygon",
        "coordinates": [
          [
            [
              [
                -58.6163465,
                -34.5881031
              ],
              [
                -58.6148966,
                -34.5893669
              ],
              [
                -58.6145129,
                -34.5897002
              ],
              [
                -58.6141871,
                -34.5899806
              ],
              [
                -58.6133969,
                -34.5906681
              ],
              [
                -58.6117669,
                -34.5920878
              ],
              [
                -58.6114065,
                -34.5923981
              ],
              [
                -58.5984574,
                -34.6033062
              ],
              [
                -58.5971769,
                -34.6043846
              ],
              [
                -58.5965391,
                -34.6049217
              ],
              [
                -58.5958411,
                -34.6055096
              ],
              [
                -58.5970054,
                -34.6055187
              ],
              [
                -58.5982806,
                -34.6054908
              ],
              [
                -58.5985232,
                -34.605487
              ],
              [
                -58.5987409,
                -34.6054856
              ],
              [
                -58.5989103,
                -34.6054284
              ],
              [
                -58.5991606,
                -34.6065117
              ],
              [
                -58.5994224,
                -34.6075807
              ],
              [
                -58.5995602,
                -34.608138
              ],
              [
                -58.6006526,
                -34.6105265
              ],
              [
                -58.6012596,
                -34.6117937
              ],
              [
                -58.6016187,
                -34.6125429
              ],
              [
                -58.6026933,
                -34.6147848
              ],
              [
                -58.6024085,
                -34.6151235
              ],
              [
                -58.6017917,
                -34.6158733
              ],
              [
                -58.6009936,
                -34.6169011
              ],
              [
                -58.6004984,
                -34.6174658
              ],
              [
                -58.6000486,
                -34.6180395
              ],
              [
                -58.5998669,
                -34.6182692
              ],
              [
                -58.5994891,
                -34.6187314
              ],
              [
                -58.5992737,
                -34.6190075
              ],
              [
                -58.5998808,
                -34.6195987
              ],
              [
                -58.6005031,
                -34.6202008
              ],
              [
                -58.6010823,
                -34.6207663
              ],
              [
                -58.6016937,
                -34.6213682
              ],
              [
                -58.6020808,
                -34.6216972
              ],
              [
                -58.6023458,
                -34.621949
              ],
              [
                -58.6026485,
                -34.6222985
              ],
              [
                -58.6030452,
                -34.6226996
              ],
              [
                -58.6037616,
                -34.6233211
              ],
              [
                -58.6044607,
                -34.6240216
              ],
              [
                -58.6046545,
                -34.6241612
              ],
              [
                -58.6049066,
                -34.6244045
              ],
              [
                -58.605152,
                -34.6246381
              ],
              [
                -58.6056285,
                -34.6251263
              ],
              [
                -58.6065356,
                -34.6262947
              ],
              [
                -58.6076833,
                -34.6277053
              ],
              [
                -58.6085424,
                -34.6288568
              ],
              [
                -58.6087667,
                -34.6288554
              ],
              [
                -58.6089943,
                -34.6289369
              ],
              [
                -58.6091145,
                -34.629078
              ],
              [
                -58.6092541,
                -34.6296087
              ],
              [
                -58.6094221,
                -34.6299832
              ],
              [
                -58.6099242,
                -34.6306018
              ],
              [
                -58.6104373,
                -34.6312206
              ],
              [
                -58.6111173,
                -34.6320468
              ],
              [
                -58.6116556,
                -34.6318041
              ],
              [
                -58.6122271,
                -34.6318482
              ],
              [
                -58.6125685,
                -34.6321324
              ],
              [
                -58.6130232,
                -34.6317818
              ],
              [
                -58.6131226,
                -34.6317109
              ],
              [
                -58.613631,
                -34.631302
              ],
              [
                -58.6146697,
                -34.6304756
              ],
              [
                -58.6156781,
                -34.6296676
              ],
              [
                -58.6167254,
                -34.6288224
              ],
              [
                -58.6177538,
                -34.6280104
              ],
              [
                -58.6189401,
                -34.6270832
              ],
              [
                -58.6197193,
                -34.6276502
              ],
              [
                -58.6196802,
                -34.627357
              ],
              [
                -58.6196224,
                -34.6269229
              ],
              [
                -58.6196193,
                -34.626899
              ],
              [
                -58.619614,
                -34.62686
              ],
              [
                -58.6195843,
                -34.6266774
              ],
              [
                -58.6195499,
                -34.6264658
              ],
              [
                -58.6195167,
                -34.6262614
              ],
              [
                -58.6194612,
                -34.6259198
              ],
              [
                -58.6194389,
                -34.6258599
              ],
              [
                -58.6193075,
                -34.6254976
              ],
              [
                -58.6192275,
                -34.6252725
              ],
              [
                -58.6191163,
                -34.6249943
              ],
              [
                -58.6190278,
                -34.6247567
              ],
              [
                -58.6189845,
                -34.6246251
              ],
              [
                -58.6189592,
                -34.624548
              ],
              [
                -58.6188135,
                -34.6241034
              ],
              [
                -58.6185319,
                -34.6232443
              ],
              [
                -58.6183197,
                -34.621774
              ],
              [
                -58.618196,
                -34.6211313
              ],
              [
                -58.6181959,
                -34.6211306
              ],
              [
                -58.6179812,
                -34.6200054
              ],
              [
                -58.6180439,
                -34.6198305
              ],
              [
                -58.6181854,
                -34.6194354
              ],
              [
                -58.6183575,
                -34.6191323
              ],
              [
                -58.6185169,
                -34.6188516
              ],
              [
                -58.6186602,
                -34.6186208
              ],
              [
                -58.6187825,
                -34.6184294
              ],
              [
                -58.6190672,
                -34.6179727
              ],
              [
                -58.6196315,
                -34.6170268
              ],
              [
                -58.6202472,
                -34.6159948
              ],
              [
                -58.6205679,
                -34.6153243
              ],
              [
                -58.6204551,
                -34.6149721
              ],
              [
                -58.6202554,
                -34.6143485
              ],
              [
                -58.6202095,
                -34.6142053
              ],
              [
                -58.6201981,
                -34.6141698
              ],
              [
                -58.6202394,
                -34.6139243
              ],
              [
                -58.6202781,
                -34.6136938
              ],
              [
                -58.6207708,
                -34.6129359
              ],
              [
                -58.6208496,
                -34.6128147
              ],
              [
                -58.6209963,
                -34.6125891
              ],
              [
                -58.621039,
                -34.6125234
              ],
              [
                -58.621063,
                -34.6124874
              ],
              [
                -58.621063,
                -34.6124874
              ],
              [
                -58.6215124,
                -34.6118244
              ],
              [
                -58.6216285,
                -34.6116532
              ],
              [
                -58.6218016,
                -34.6113977
              ],
              [
                -58.6218716,
                -34.6111056
              ],
              [
                -58.6219255,
                -34.6108804
              ],
              [
                -58.6217746,
                -34.6104481
              ],
              [
                -58.6213313,
                -34.610084
              ],
              [
                -58.620913,
                -34.6097541
              ],
              [
                -58.6204323,
                -34.6091703
              ],
              [
                -58.6202315,
                -34.6086672
              ],
              [
                -58.6201977,
                -34.6080945
              ],
              [
                -58.6200698,
                -34.6071093
              ],
              [
                -58.6198768,
                -34.6061353
              ],
              [
                -58.6199552,
                -34.6053194
              ],
              [
                -58.6200891,
                -34.6051852
              ],
              [
                -58.6203771,
                -34.6048964
              ],
              [
                -58.6204659,
                -34.6048073
              ],
              [
                -58.6205257,
                -34.6047474
              ],
              [
                -58.6205491,
                -34.6047239
              ],
              [
                -58.6210426,
                -34.6040898
              ],
              [
                -58.6214387,
                -34.6026311
              ],
              [
                -58.621465,
                -34.6025343
              ],
              [
                -58.6214785,
                -34.6023002
              ],
              [
                -58.6214953,
                -34.60201
              ],
              [
                -58.621443,
                -34.6019195
              ],
              [
                -58.6211705,
                -34.6014475
              ],
              [
                -58.6208197,
                -34.6008397
              ],
              [
                -58.620591,
                -34.6004437
              ],
              [
                -58.6200986,
                -34.5994761
              ],
              [
                -58.619767,
                -34.5988246
              ],
              [
                -58.6194681,
                -34.5982255
              ],
              [
                -58.6193138,
                -34.5979161
              ],
              [
                -58.6192905,
                -34.5978694
              ],
              [
                -58.6192607,
                -34.5978098
              ],
              [
                -58.6190452,
                -34.5972325
              ],
              [
                -58.6189193,
                -34.5968952
              ],
              [
                -58.6186592,
                -34.5966709
              ],
              [
                -58.6179526,
                -34.5960615
              ],
              [
                -58.617801,
                -34.5956648
              ],
              [
                -58.6175933,
                -34.5951214
              ],
              [
                -58.6169143,
                -34.592452
              ],
              [
                -58.6166535,
                -34.5913606
              ],
              [
                -58.6165312,
                -34.5902916
              ],
              [
                -58.6165211,
                -34.5902144
              ],
              [
                -58.6165187,
                -34.5901272
              ],
              [
                -58.6164727,
                -34.588643
              ],
              [
                -58.6164582,
                -34.5882522
              ],
              [
                -58.6164494,
                -34.5880136
              ],
              [
                -58.6163791,
                -34.5880747
              ],
              [
                -58.6163465,
                -34.5881031
              ]
            ]
          ]
        ]
      }
    },
    {
      "type": "Feature",
      "properties": {
        "fid": 10014,
        "area": 185280.519,
        "perimeter": 2378.235,
        "nomprov": "BUENOS AIRES",
        "prov": "06",
        "nomdepto": "HURLINGHAM",
        "depto": "408",
        "frac": "14",
        "radio": "04",
        "tipo": "U",
        "link": "064081404",
        "assigned_zone_name": "Villa Tesei Centro",
        "hurlingham_overlap_m2": 185235.3,
        "population_total": null,
        "households_total": null,
        "source_note": "PBA 2022 radio resource provides geometry and radio codes; no population/housing counts were present in the downloaded resource.",
        "source_name": "Datos Abiertos PBA / INDEC - Radios censales 2022",
        "source_url": "https://catalogo.datos.gba.gob.ar/dataset/radios-censales",
        "generated_at": "2026-06-13T02:11:01.209890+00:00",
        "data_confidence": "medium"
      },
      "geometry": {
        "type": "MultiPolygon",
        "coordinates": [
          [
            [
              [
                -58.639285,
                -34.624885
              ],
              [
                -58.6395106,
                -34.6257618
              ],
              [
                -58.6404182,
                -34.6256006
              ],
              [
                -58.6412933,
                -34.6254301
              ],
              [
                -58.6414522,
                -34.6253823
              ],
              [
                -58.6424771,
                -34.6250467
              ],
              [
                -58.6419305,
                -34.6244638
              ],
              [
                -58.641191,
                -34.6236804
              ],
              [
                -58.6409337,
                -34.6234071
              ],
              [
                -58.6404944,
                -34.6229335
              ],
              [
                -58.6404303,
                -34.6228517
              ],
              [
                -58.6403876,
                -34.6227971
              ],
              [
                -58.6398825,
                -34.6223498
              ],
              [
                -58.6398072,
                -34.6222859
              ],
              [
                -58.6390296,
                -34.6218265
              ],
              [
                -58.6382413,
                -34.6213581
              ],
              [
                -58.6381441,
                -34.6213029
              ],
              [
                -58.637313,
                -34.6207889
              ],
              [
                -58.63646,
                -34.6202746
              ],
              [
                -58.6351646,
                -34.6194849
              ],
              [
                -58.6339233,
                -34.6187229
              ],
              [
                -58.6337057,
                -34.6206854
              ],
              [
                -58.6336945,
                -34.6207033
              ],
              [
                -58.6338448,
                -34.6208492
              ],
              [
                -58.6347521,
                -34.6213731
              ],
              [
                -58.6358429,
                -34.6220073
              ],
              [
                -58.6365235,
                -34.6223934
              ],
              [
                -58.6371823,
                -34.6227794
              ],
              [
                -58.6376575,
                -34.6230551
              ],
              [
                -58.6383377,
                -34.6234683
              ],
              [
                -58.6383646,
                -34.6234911
              ],
              [
                -58.6390585,
                -34.6240622
              ],
              [
                -58.639285,
                -34.624885
              ]
            ]
          ]
        ]
      }
    },
    {
      "type": "Feature",
      "properties": {
        "fid": 11081,
        "area": 1046501.799,
        "perimeter": 5265.352,
        "nomprov": "BUENOS AIRES",
        "prov": "06",
        "nomdepto": "HURLINGHAM",
        "depto": "408",
        "frac": "04",
        "radio": "01",
        "tipo": "U",
        "link": "064080401",
        "assigned_zone_name": "San Damián",
        "hurlingham_overlap_m2": 238275.07,
        "population_total": null,
        "households_total": null,
        "source_note": "PBA 2022 radio resource provides geometry and radio codes; no population/housing counts were present in the downloaded resource.",
        "source_name": "Datos Abiertos PBA / INDEC - Radios censales 2022",
        "source_url": "https://catalogo.datos.gba.gob.ar/dataset/radios-censales",
        "generated_at": "2026-06-13T02:11:01.209890+00:00",
        "data_confidence": "medium"
      },
      "geometry": {
        "type": "MultiPolygon",
        "coordinates": [
          [
            [
              [
                -58.6651104,
                -34.58095
              ],
              [
                -58.6658199,
                -34.5815617
              ],
              [
                -58.6661512,
                -34.5812444
              ],
              [
                -58.6668837,
                -34.5818079
              ],
              [
                -58.6675844,
                -34.5823616
              ],
              [
                -58.6677069,
                -34.5824097
              ],
              [
                -58.6684198,
                -34.5827323
              ],
              [
                -58.6685557,
                -34.5829075
              ],
              [
                -58.6692759,
                -34.5835283
              ],
              [
                -58.6700715,
                -34.584213
              ],
              [
                -58.6700867,
                -34.5842007
              ],
              [
                -58.6703714,
                -34.5844802
              ],
              [
                -58.67067,
                -34.5847182
              ],
              [
                -58.6706517,
                -34.5847331
              ],
              [
                -58.66989,
                -34.5853467
              ],
              [
                -58.6698127,
                -34.585409
              ],
              [
                -58.6692052,
                -34.5859161
              ],
              [
                -58.6690506,
                -34.5860406
              ],
              [
                -58.6700937,
                -34.5869263
              ],
              [
                -58.669564,
                -34.5873352
              ],
              [
                -58.6687958,
                -34.587959
              ],
              [
                -58.6685629,
                -34.5881481
              ],
              [
                -58.6682284,
                -34.5884009
              ],
              [
                -58.6676095,
                -34.5889273
              ],
              [
                -58.6674108,
                -34.5890873
              ],
              [
                -58.6671789,
                -34.5892741
              ],
              [
                -58.6669139,
                -34.5894875
              ],
              [
                -58.6668588,
                -34.589523
              ],
              [
                -58.6671814,
                -34.5897969
              ],
              [
                -58.6674933,
                -34.5900617
              ],
              [
                -58.6682027,
                -34.5906824
              ],
              [
                -58.6683528,
                -34.5908372
              ],
              [
                -58.66854,
                -34.5907221
              ],
              [
                -58.6702731,
                -34.5893439
              ],
              [
                -58.6712064,
                -34.5885944
              ],
              [
                -58.6734479,
                -34.5867942
              ],
              [
                -58.6739605,
                -34.5863825
              ],
              [
                -58.6744792,
                -34.5859735
              ],
              [
                -58.6751249,
                -34.5854454
              ],
              [
                -58.6762845,
                -34.5844969
              ],
              [
                -58.6766429,
                -34.5842348
              ],
              [
                -58.6771557,
                -34.5838528
              ],
              [
                -58.6776168,
                -34.5834969
              ],
              [
                -58.6780985,
                -34.5831376
              ],
              [
                -58.678678,
                -34.5826976
              ],
              [
                -58.6796168,
                -34.5820285
              ],
              [
                -58.6785485,
                -34.5809598
              ],
              [
                -58.6778128,
                -34.5800742
              ],
              [
                -58.6770869,
                -34.5794157
              ],
              [
                -58.6763455,
                -34.57878
              ],
              [
                -58.6755917,
                -34.578295
              ],
              [
                -58.675023,
                -34.5780545
              ],
              [
                -58.6745494,
                -34.5778543
              ],
              [
                -58.6732388,
                -34.577592
              ],
              [
                -58.6720688,
                -34.5771882
              ],
              [
                -58.6708089,
                -34.5766403
              ],
              [
                -58.6703086,
                -34.5763457
              ],
              [
                -58.6700662,
                -34.5762029
              ],
              [
                -58.6694514,
                -34.5757002
              ],
              [
                -58.6691851,
                -34.5754063
              ],
              [
                -58.6674198,
                -34.5765766
              ],
              [
                -58.6650728,
                -34.5781914
              ],
              [
                -58.6648052,
                -34.578373
              ],
              [
                -58.6655902,
                -34.5789953
              ],
              [
                -58.666569,
                -34.5797251
              ],
              [
                -58.6662918,
                -34.5799818
              ],
              [
                -58.6656822,
                -34.5804787
              ],
              [
                -58.665497,
                -34.5806297
              ],
              [
                -58.6651104,
                -34.58095
              ]
            ]
          ]
        ]
      }
    },
    {
      "type": "Feature",
      "properties": {
        "fid": 11082,
        "area": 133840.228,
        "perimeter": 1779.418,
        "nomprov": "BUENOS AIRES",
        "prov": "06",
        "nomdepto": "HURLINGHAM",
        "depto": "408",
        "frac": "09",
        "radio": "02",
        "tipo": "U",
        "link": "064080902",
        "assigned_zone_name": "Villa Tesei Centro",
        "hurlingham_overlap_m2": 133807.18,
        "population_total": null,
        "households_total": null,
        "source_note": "PBA 2022 radio resource provides geometry and radio codes; no population/housing counts were present in the downloaded resource.",
        "source_name": "Datos Abiertos PBA / INDEC - Radios censales 2022",
        "source_url": "https://catalogo.datos.gba.gob.ar/dataset/radios-censales",
        "generated_at": "2026-06-13T02:11:01.209890+00:00",
        "data_confidence": "medium"
      },
      "geometry": {
        "type": "MultiPolygon",
        "coordinates": [
          [
            [
              [
                -58.6339379,
                -34.6058518
              ],
              [
                -58.6330982,
                -34.6065365
              ],
              [
                -58.6324463,
                -34.60707
              ],
              [
                -58.6320486,
                -34.60739
              ],
              [
                -58.6319657,
                -34.6074567
              ],
              [
                -58.6311758,
                -34.6080923
              ],
              [
                -58.6321008,
                -34.6088598
              ],
              [
                -58.6321872,
                -34.6089058
              ],
              [
                -58.6316901,
                -34.6093058
              ],
              [
                -58.6325825,
                -34.610064
              ],
              [
                -58.6321406,
                -34.6104195
              ],
              [
                -58.6325171,
                -34.6107302
              ],
              [
                -58.6330336,
                -34.6111416
              ],
              [
                -58.6335636,
                -34.6107329
              ],
              [
                -58.633652,
                -34.6106618
              ],
              [
                -58.6337405,
                -34.6105817
              ],
              [
                -58.6339835,
                -34.6103861
              ],
              [
                -58.6345636,
                -34.6099149
              ],
              [
                -58.6345913,
                -34.6098882
              ],
              [
                -58.6345542,
                -34.6099101
              ],
              [
                -58.6347128,
                -34.6097904
              ],
              [
                -58.6348119,
                -34.6097284
              ],
              [
                -58.6349251,
                -34.6081433
              ],
              [
                -58.63501,
                -34.6069545
              ],
              [
                -58.635024,
                -34.6067653
              ],
              [
                -58.6352192,
                -34.6048296
              ],
              [
                -58.6349319,
                -34.6050608
              ],
              [
                -58.634678,
                -34.6052562
              ],
              [
                -58.6339379,
                -34.6058518
              ]
            ]
          ]
        ]
      }
    },
    {
      "type": "Feature",
      "properties": {
        "fid": 11083,
        "area": 74560.798,
        "perimeter": 1095.02,
        "nomprov": "BUENOS AIRES",
        "prov": "06",
        "nomdepto": "HURLINGHAM",
        "depto": "408",
        "frac": "14",
        "radio": "09",
        "tipo": "U",
        "link": "064081409",
        "assigned_zone_name": "El Porvenir",
        "hurlingham_overlap_m2": 74542.62,
        "population_total": null,
        "households_total": null,
        "source_note": "PBA 2022 radio resource provides geometry and radio codes; no population/housing counts were present in the downloaded resource.",
        "source_name": "Datos Abiertos PBA / INDEC - Radios censales 2022",
        "source_url": "https://catalogo.datos.gba.gob.ar/dataset/radios-censales",
        "generated_at": "2026-06-13T02:11:01.209890+00:00",
        "data_confidence": "medium"
      },
      "geometry": {
        "type": "MultiPolygon",
        "coordinates": [
          [
            [
              [
                -58.6367325,
                -34.6262806
              ],
              [
                -58.6369693,
                -34.6271395
              ],
              [
                -58.6371748,
                -34.6279079
              ],
              [
                -58.637206,
                -34.6279984
              ],
              [
                -58.6373555,
                -34.6285274
              ],
              [
                -58.6374327,
                -34.6288032
              ],
              [
                -58.6377281,
                -34.6287434
              ],
              [
                -58.6383406,
                -34.628633
              ],
              [
                -58.6389094,
                -34.6285222
              ],
              [
                -58.6390296,
                -34.6285055
              ],
              [
                -58.6392593,
                -34.628463
              ],
              [
                -58.6401889,
                -34.6282931
              ],
              [
                -58.640004,
                -34.627597
              ],
              [
                -58.6399837,
                -34.6275067
              ],
              [
                -58.6399314,
                -34.6273709
              ],
              [
                -58.6397469,
                -34.6266477
              ],
              [
                -58.6395106,
                -34.6257618
              ],
              [
                -58.6385808,
                -34.6259407
              ],
              [
                -58.6376839,
                -34.6261109
              ],
              [
                -58.6367325,
                -34.6262806
              ]
            ]
          ]
        ]
      }
    },
    {
      "type": "Feature",
      "properties": {
        "fid": 13166,
        "area": 142833.795,
        "perimeter": 2025.137,
        "nomprov": "BUENOS AIRES",
        "prov": "06",
        "nomdepto": "MORON",
        "depto": "568",
        "frac": "10",
        "radio": "03",
        "tipo": "U",
        "link": "065681003",
        "assigned_zone_name": "Asunción",
        "hurlingham_overlap_m2": 196.14,
        "population_total": null,
        "households_total": null,
        "source_note": "PBA 2022 radio resource provides geometry and radio codes; no population/housing counts were present in the downloaded resource.",
        "source_name": "Datos Abiertos PBA / INDEC - Radios censales 2022",
        "source_url": "https://catalogo.datos.gba.gob.ar/dataset/radios-censales",
        "generated_at": "2026-06-13T02:11:01.209890+00:00",
        "data_confidence": "medium"
      },
      "geometry": {
        "type": "MultiPolygon",
        "coordinates": [
          [
            [
              [
                -58.6191236,
                -34.6309461
              ],
              [
                -58.6188723,
                -34.6311188
              ],
              [
                -58.6185547,
                -34.6307
              ],
              [
                -58.6184483,
                -34.6303325
              ],
              [
                -58.6182536,
                -34.6306965
              ],
              [
                -58.6175405,
                -34.6312909
              ],
              [
                -58.6165294,
                -34.6320921
              ],
              [
                -58.6162485,
                -34.6323079
              ],
              [
                -58.6158927,
                -34.6325875
              ],
              [
                -58.6155029,
                -34.6328996
              ],
              [
                -58.615693,
                -34.6338319
              ],
              [
                -58.6173991,
                -34.6337059
              ],
              [
                -58.6182209,
                -34.6335931
              ],
              [
                -58.6191141,
                -34.6334891
              ],
              [
                -58.6207401,
                -34.6333115
              ],
              [
                -58.6218813,
                -34.6331362
              ],
              [
                -58.6215832,
                -34.6326998
              ],
              [
                -58.6214111,
                -34.6323652
              ],
              [
                -58.6213303,
                -34.6322081
              ],
              [
                -58.6206452,
                -34.6318655
              ],
              [
                -58.6203548,
                -34.6318052
              ],
              [
                -58.6203455,
                -34.6313581
              ],
              [
                -58.6201886,
                -34.6306967
              ],
              [
                -58.6199139,
                -34.6296105
              ],
              [
                -58.6197432,
                -34.628951
              ],
              [
                -58.6189351,
                -34.6296866
              ],
              [
                -58.6191216,
                -34.6297536
              ],
              [
                -58.6187761,
                -34.6299835
              ],
              [
                -58.6187924,
                -34.6302457
              ],
              [
                -58.6188352,
                -34.6304465
              ],
              [
                -58.6188388,
                -34.630698
              ],
              [
                -58.6191236,
                -34.6309461
              ]
            ]
          ]
        ]
      }
    },
    {
      "type": "Feature",
      "properties": {
        "fid": 13177,
        "area": 283682.364,
        "perimeter": 3558.851,
        "nomprov": "BUENOS AIRES",
        "prov": "06",
        "nomdepto": "ITUZAINGO",
        "depto": "410",
        "frac": "02",
        "radio": "09",
        "tipo": "U",
        "link": "064100209",
        "assigned_zone_name": "El Libertador",
        "hurlingham_overlap_m2": 0.41,
        "population_total": null,
        "households_total": null,
        "source_note": "PBA 2022 radio resource provides geometry and radio codes; no population/housing counts were present in the downloaded resource.",
        "source_name": "Datos Abiertos PBA / INDEC - Radios censales 2022",
        "source_url": "https://catalogo.datos.gba.gob.ar/dataset/radios-censales",
        "generated_at": "2026-06-13T02:11:01.209890+00:00",
        "data_confidence": "medium"
      },
      "geometry": {
        "type": "MultiPolygon",
        "coordinates": [
          [
            [
              [
                -58.6575321,
                -34.6306485
              ],
              [
                -58.6573739,
                -34.6316743
              ],
              [
                -58.6564879,
                -34.6315573
              ],
              [
                -58.6557089,
                -34.6314577
              ],
              [
                -58.6553834,
                -34.6313876
              ],
              [
                -58.6551843,
                -34.6312453
              ],
              [
                -58.6548297,
                -34.630891
              ],
              [
                -58.6544651,
                -34.6305016
              ],
              [
                -58.6544108,
                -34.6304508
              ],
              [
                -58.6540997,
                -34.63016
              ],
              [
                -58.6540002,
                -34.6300932
              ],
              [
                -58.6538933,
                -34.6302456
              ],
              [
                -58.6538214,
                -34.6303481
              ],
              [
                -58.6537584,
                -34.6305256
              ],
              [
                -58.6537184,
                -34.6307219
              ],
              [
                -58.6536805,
                -34.6312267
              ],
              [
                -58.6536533,
                -34.6316412
              ],
              [
                -58.6575428,
                -34.632191
              ],
              [
                -58.6580928,
                -34.6322584
              ],
              [
                -58.658907,
                -34.6323725
              ],
              [
                -58.6601969,
                -34.6325531
              ],
              [
                -58.6619203,
                -34.6327428
              ],
              [
                -58.6627373,
                -34.6327968
              ],
              [
                -58.6633573,
                -34.6328277
              ],
              [
                -58.664143,
                -34.6328547
              ],
              [
                -58.6647408,
                -34.6328612
              ],
              [
                -58.6654052,
                -34.6328593
              ],
              [
                -58.666161,
                -34.6328163
              ],
              [
                -58.6658611,
                -34.6321415
              ],
              [
                -58.6653355,
                -34.6312524
              ],
              [
                -58.6651843,
                -34.6311651
              ],
              [
                -58.6650579,
                -34.6312269
              ],
              [
                -58.665019,
                -34.6312715
              ],
              [
                -58.6649201,
                -34.6313155
              ],
              [
                -58.6647596,
                -34.631467
              ],
              [
                -58.6644237,
                -34.6320131
              ],
              [
                -58.6643788,
                -34.6320937
              ],
              [
                -58.6642454,
                -34.63225
              ],
              [
                -58.6640522,
                -34.6324011
              ],
              [
                -58.6638766,
                -34.6324668
              ],
              [
                -58.6633261,
                -34.6324608
              ],
              [
                -58.6625155,
                -34.6323437
              ],
              [
                -58.6629519,
                -34.6319925
              ],
              [
                -58.6636257,
                -34.6314545
              ],
              [
                -58.6645981,
                -34.6306585
              ],
              [
                -58.6644583,
                -34.6305353
              ],
              [
                -58.6639846,
                -34.6301515
              ],
              [
                -58.66392,
                -34.6301057
              ],
              [
                -58.663296,
                -34.6295761
              ],
              [
                -58.6625966,
                -34.6289916
              ],
              [
                -58.6625104,
                -34.6289275
              ],
              [
                -58.6617034,
                -34.6282517
              ],
              [
                -58.6609394,
                -34.6276214
              ],
              [
                -58.6599999,
                -34.6284042
              ],
              [
                -58.6593698,
                -34.6289381
              ],
              [
                -58.6593146,
                -34.6289826
              ],
              [
                -58.6585963,
                -34.6295696
              ],
              [
                -58.6576461,
                -34.6303433
              ],
              [
                -58.6576127,
                -34.630388
              ],
              [
                -58.657557,
                -34.6304595
              ],
              [
                -58.6575321,
                -34.6306485
              ]
            ]
          ]
        ]
      }
    },
    {
      "type": "Feature",
      "properties": {
        "fid": 13805,
        "area": 172930.746,
        "perimeter": 1855.199,
        "nomprov": "BUENOS AIRES",
        "prov": "06",
        "nomdepto": "ITUZAINGO",
        "depto": "410",
        "frac": "02",
        "radio": "10",
        "tipo": "U",
        "link": "064100210",
        "assigned_zone_name": "El Libertador",
        "hurlingham_overlap_m2": 74.27,
        "population_total": null,
        "households_total": null,
        "source_note": "PBA 2022 radio resource provides geometry and radio codes; no population/housing counts were present in the downloaded resource.",
        "source_name": "Datos Abiertos PBA / INDEC - Radios censales 2022",
        "source_url": "https://catalogo.datos.gba.gob.ar/dataset/radios-censales",
        "generated_at": "2026-06-13T02:11:01.209890+00:00",
        "data_confidence": "medium"
      },
      "geometry": {
        "type": "MultiPolygon",
        "coordinates": [
          [
            [
              [
                -58.6564879,
                -34.6315573
              ],
              [
                -58.6573739,
                -34.6316743
              ],
              [
                -58.6575321,
                -34.6306485
              ],
              [
                -58.657557,
                -34.6304595
              ],
              [
                -58.6576127,
                -34.630388
              ],
              [
                -58.6576461,
                -34.6303433
              ],
              [
                -58.6585963,
                -34.6295696
              ],
              [
                -58.6593146,
                -34.6289826
              ],
              [
                -58.6593698,
                -34.6289381
              ],
              [
                -58.6599999,
                -34.6284042
              ],
              [
                -58.6609394,
                -34.6276214
              ],
              [
                -58.6602723,
                -34.6270642
              ],
              [
                -58.6600355,
                -34.6268723
              ],
              [
                -58.6596156,
                -34.6265342
              ],
              [
                -58.6590046,
                -34.6259927
              ],
              [
                -58.6580425,
                -34.6267791
              ],
              [
                -58.6573279,
                -34.6273631
              ],
              [
                -58.6566552,
                -34.6279127
              ],
              [
                -58.6565099,
                -34.6280303
              ],
              [
                -58.655651,
                -34.6287246
              ],
              [
                -58.6550914,
                -34.6291839
              ],
              [
                -58.6550561,
                -34.6292128
              ],
              [
                -58.6544212,
                -34.629734
              ],
              [
                -58.6541348,
                -34.629969
              ],
              [
                -58.6540229,
                -34.6300608
              ],
              [
                -58.6540002,
                -34.6300932
              ],
              [
                -58.6540997,
                -34.63016
              ],
              [
                -58.6544108,
                -34.6304508
              ],
              [
                -58.6544651,
                -34.6305016
              ],
              [
                -58.6548297,
                -34.630891
              ],
              [
                -58.6551843,
                -34.6312453
              ],
              [
                -58.6553834,
                -34.6313876
              ],
              [
                -58.6557089,
                -34.6314577
              ],
              [
                -58.6564879,
                -34.6315573
              ]
            ]
          ]
        ]
      }
    },
    {
      "type": "Feature",
      "properties": {
        "fid": 14232,
        "area": 78396.034,
        "perimeter": 1478.427,
        "nomprov": "BUENOS AIRES",
        "prov": "06",
        "nomdepto": "HURLINGHAM",
        "depto": "408",
        "frac": "04",
        "radio": "03",
        "tipo": "U",
        "link": "064080403",
        "assigned_zone_name": "San Damián",
        "hurlingham_overlap_m2": 78369.89,
        "population_total": null,
        "households_total": null,
        "source_note": "PBA 2022 radio resource provides geometry and radio codes; no population/housing counts were present in the downloaded resource.",
        "source_name": "Datos Abiertos PBA / INDEC - Radios censales 2022",
        "source_url": "https://catalogo.datos.gba.gob.ar/dataset/radios-censales",
        "generated_at": "2026-06-13T02:11:01.209890+00:00",
        "data_confidence": "medium"
      },
      "geometry": {
        "type": "MultiPolygon",
        "coordinates": [
          [
            [
              [
                -58.6645032,
                -34.5814391
              ],
              [
                -58.663896,
                -34.5819282
              ],
              [
                -58.6632886,
                -34.5824263
              ],
              [
                -58.6627758,
                -34.5819875
              ],
              [
                -58.6627651,
                -34.5821777
              ],
              [
                -58.6626676,
                -34.5829006
              ],
              [
                -58.6634135,
                -34.5834732
              ],
              [
                -58.6622435,
                -34.5843978
              ],
              [
                -58.6629639,
                -34.5850096
              ],
              [
                -58.6634715,
                -34.5846186
              ],
              [
                -58.664123,
                -34.5840849
              ],
              [
                -58.6646973,
                -34.5836135
              ],
              [
                -58.6653045,
                -34.5831244
              ],
              [
                -58.6655143,
                -34.5829554
              ],
              [
                -58.665757,
                -34.5827688
              ],
              [
                -58.6659446,
                -34.5826266
              ],
              [
                -58.6665403,
                -34.5821734
              ],
              [
                -58.6668837,
                -34.5818079
              ],
              [
                -58.6661512,
                -34.5812444
              ],
              [
                -58.6658199,
                -34.5815617
              ],
              [
                -58.6651104,
                -34.58095
              ],
              [
                -58.6645032,
                -34.5814391
              ]
            ]
          ]
        ]
      }
    },
    {
      "type": "Feature",
      "properties": {
        "fid": 14361,
        "area": 122557.165,
        "perimeter": 1421.877,
        "nomprov": "BUENOS AIRES",
        "prov": "06",
        "nomdepto": "HURLINGHAM",
        "depto": "408",
        "frac": "11",
        "radio": "04",
        "tipo": "U",
        "link": "064081104",
        "assigned_zone_name": "Virgen Esperanza",
        "hurlingham_overlap_m2": 122528.28,
        "population_total": null,
        "households_total": null,
        "source_note": "PBA 2022 radio resource provides geometry and radio codes; no population/housing counts were present in the downloaded resource.",
        "source_name": "Datos Abiertos PBA / INDEC - Radios censales 2022",
        "source_url": "https://catalogo.datos.gba.gob.ar/dataset/radios-censales",
        "generated_at": "2026-06-13T02:11:01.209890+00:00",
        "data_confidence": "medium"
      },
      "geometry": {
        "type": "MultiPolygon",
        "coordinates": [
          [
            [
              [
                -58.6502061,
                -34.5928281
              ],
              [
                -58.6495875,
                -34.593335
              ],
              [
                -58.6491235,
                -34.5937175
              ],
              [
                -58.64898,
                -34.5938331
              ],
              [
                -58.6483284,
                -34.5943577
              ],
              [
                -58.6477099,
                -34.5948556
              ],
              [
                -58.6471909,
                -34.5952734
              ],
              [
                -58.64765,
                -34.5958644
              ],
              [
                -58.6478102,
                -34.5960645
              ],
              [
                -58.6484404,
                -34.5968647
              ],
              [
                -58.6489316,
                -34.597492
              ],
              [
                -58.6490627,
                -34.5974754
              ],
              [
                -58.6497032,
                -34.5969598
              ],
              [
                -58.6499573,
                -34.5967553
              ],
              [
                -58.6502666,
                -34.5964973
              ],
              [
                -58.6505599,
                -34.5962612
              ],
              [
                -58.6509513,
                -34.595946
              ],
              [
                -58.6511944,
                -34.5957414
              ],
              [
                -58.6518129,
                -34.5952435
              ],
              [
                -58.6524424,
                -34.5947367
              ],
              [
                -58.6513243,
                -34.5937779
              ],
              [
                -58.6502061,
                -34.5928281
              ]
            ]
          ]
        ]
      }
    },
    {
      "type": "Feature",
      "properties": {
        "fid": 15448,
        "area": 5032370.191,
        "perimeter": 14488.371,
        "nomprov": "BUENOS AIRES",
        "prov": "06",
        "nomdepto": "HURLINGHAM",
        "depto": "408",
        "frac": "12",
        "radio": "01",
        "tipo": "U",
        "link": "064081201",
        "assigned_zone_name": "Rimoldi",
        "hurlingham_overlap_m2": 119204.4,
        "population_total": null,
        "households_total": null,
        "source_note": "PBA 2022 radio resource provides geometry and radio codes; no population/housing counts were present in the downloaded resource.",
        "source_name": "Datos Abiertos PBA / INDEC - Radios censales 2022",
        "source_url": "https://catalogo.datos.gba.gob.ar/dataset/radios-censales",
        "generated_at": "2026-06-13T02:11:01.209890+00:00",
        "data_confidence": "medium"
      },
      "geometry": {
        "type": "MultiPolygon",
        "coordinates": [
          [
            [
              [
                -58.6701857,
                -34.5941472
              ],
              [
                -58.6691697,
                -34.5949743
              ],
              [
                -58.6685843,
                -34.5954547
              ],
              [
                -58.6681316,
                -34.5958238
              ],
              [
                -58.6679879,
                -34.5959439
              ],
              [
                -58.6676567,
                -34.5962107
              ],
              [
                -58.6674467,
                -34.5963887
              ],
              [
                -58.6671486,
                -34.5966288
              ],
              [
                -58.6667951,
                -34.5969224
              ],
              [
                -58.6662206,
                -34.5974028
              ],
              [
                -58.6656352,
                -34.5978832
              ],
              [
                -58.6656242,
                -34.5978921
              ],
              [
                -58.6650498,
                -34.5983635
              ],
              [
                -58.6644646,
                -34.5988348
              ],
              [
                -58.6634155,
                -34.5996796
              ],
              [
                -58.6639049,
                -34.6000906
              ],
              [
                -58.6629278,
                -34.600864
              ],
              [
                -58.6619668,
                -34.6016557
              ],
              [
                -58.6611494,
                -34.6023228
              ],
              [
                -58.660818,
                -34.6025985
              ],
              [
                -58.6603761,
                -34.6029632
              ],
              [
                -58.6596764,
                -34.6037107
              ],
              [
                -58.659121,
                -34.6041761
              ],
              [
                -58.658773,
                -34.6042792
              ],
              [
                -58.6585835,
                -34.6047259
              ],
              [
                -58.6585589,
                -34.6047714
              ],
              [
                -58.6583669,
                -34.6051199
              ],
              [
                -58.6582456,
                -34.6053411
              ],
              [
                -58.6579961,
                -34.6056861
              ],
              [
                -58.6579853,
                -34.6058389
              ],
              [
                -58.6579979,
                -34.606052
              ],
              [
                -58.6546862,
                -34.6036876
              ],
              [
                -58.6533488,
                -34.6027326
              ],
              [
                -58.6518831,
                -34.6016889
              ],
              [
                -58.6509776,
                -34.602409
              ],
              [
                -58.6500388,
                -34.6031648
              ],
              [
                -58.6491112,
                -34.6039026
              ],
              [
                -58.6488296,
                -34.6041248
              ],
              [
                -58.6493685,
                -34.6048429
              ],
              [
                -58.6498381,
                -34.605461
              ],
              [
                -58.6495397,
                -34.6057146
              ],
              [
                -58.649058,
                -34.6061209
              ],
              [
                -58.6486168,
                -34.606493
              ],
              [
                -58.6479978,
                -34.6070225
              ],
              [
                -58.6474231,
                -34.6075073
              ],
              [
                -58.6473567,
                -34.6075652
              ],
              [
                -58.6470496,
                -34.6078161
              ],
              [
                -58.646611,
                -34.6081744
              ],
              [
                -58.6472782,
                -34.6086086
              ],
              [
                -58.6478084,
                -34.6089538
              ],
              [
                -58.6486281,
                -34.6094902
              ],
              [
                -58.6490274,
                -34.6097515
              ],
              [
                -58.6492649,
                -34.6099059
              ],
              [
                -58.6501278,
                -34.6104667
              ],
              [
                -58.6502141,
                -34.6105217
              ],
              [
                -58.6503218,
                -34.610604
              ],
              [
                -58.6505698,
                -34.610769
              ],
              [
                -58.6510946,
                -34.6111134
              ],
              [
                -58.651422,
                -34.6113283
              ],
              [
                -58.6526085,
                -34.6121165
              ],
              [
                -58.6525643,
                -34.6121521
              ],
              [
                -58.651758,
                -34.6128012
              ],
              [
                -58.6518496,
                -34.6128698
              ],
              [
                -58.6525121,
                -34.6133593
              ],
              [
                -58.6530942,
                -34.6137714
              ],
              [
                -58.6532344,
                -34.6138631
              ],
              [
                -58.6539781,
                -34.6143941
              ],
              [
                -58.654711,
                -34.6149159
              ],
              [
                -58.6547754,
                -34.6148159
              ],
              [
                -58.6548078,
                -34.6147357
              ],
              [
                -58.6548279,
                -34.6146973
              ],
              [
                -58.6548327,
                -34.6146426
              ],
              [
                -58.6548294,
                -34.6146071
              ],
              [
                -58.6548144,
                -34.6145682
              ],
              [
                -58.6547841,
                -34.6145164
              ],
              [
                -58.6547261,
                -34.6144899
              ],
              [
                -58.6546642,
                -34.6144603
              ],
              [
                -58.654627,
                -34.6143519
              ],
              [
                -58.6546006,
                -34.6142968
              ],
              [
                -58.6546015,
                -34.6142356
              ],
              [
                -58.6546025,
                -34.6141776
              ],
              [
                -58.654631,
                -34.6141006
              ],
              [
                -58.6546487,
                -34.6139687
              ],
              [
                -58.6546548,
                -34.6138367
              ],
              [
                -58.6546601,
                -34.6137497
              ],
              [
                -58.6546607,
                -34.6137111
              ],
              [
                -58.6546428,
                -34.6136142
              ],
              [
                -58.6545979,
                -34.6134945
              ],
              [
                -58.6546084,
                -34.6133303
              ],
              [
                -58.6545433,
                -34.6132587
              ],
              [
                -58.6545181,
                -34.6131247
              ],
              [
                -58.6544774,
                -34.6129921
              ],
              [
                -58.6544711,
                -34.6128986
              ],
              [
                -58.6544425,
                -34.6127436
              ],
              [
                -58.6544063,
                -34.612566
              ],
              [
                -58.6543311,
                -34.6123976
              ],
              [
                -58.6543103,
                -34.6122379
              ],
              [
                -58.6543368,
                -34.6120449
              ],
              [
                -58.6543778,
                -34.6119197
              ],
              [
                -58.6543984,
                -34.611849
              ],
              [
                -58.6544226,
                -34.6117977
              ],
              [
                -58.6544591,
                -34.6117143
              ],
              [
                -58.654527,
                -34.6116088
              ],
              [
                -58.654572,
                -34.6114772
              ],
              [
                -58.6546172,
                -34.6113327
              ],
              [
                -58.6547495,
                -34.6112503
              ],
              [
                -58.6548421,
                -34.6111595
              ],
              [
                -58.6548621,
                -34.6111275
              ],
              [
                -58.6548824,
                -34.6110826
              ],
              [
                -58.6548948,
                -34.6110345
              ],
              [
                -58.6549113,
                -34.6109799
              ],
              [
                -58.6549277,
                -34.6109317
              ],
              [
                -58.6549328,
                -34.6108544
              ],
              [
                -58.6549459,
                -34.6107644
              ],
              [
                -58.6550004,
                -34.6105265
              ],
              [
                -58.6551112,
                -34.6099166
              ],
              [
                -58.6551245,
                -34.6098432
              ],
              [
                -58.6551147,
                -34.6092421
              ],
              [
                -58.6550651,
                -34.6082089
              ],
              [
                -58.655067,
                -34.6080897
              ],
              [
                -58.6550951,
                -34.6080385
              ],
              [
                -58.6551351,
                -34.6079745
              ],
              [
                -58.655163,
                -34.6079361
              ],
              [
                -58.6552743,
                -34.6078052
              ],
              [
                -58.6557883,
                -34.6073453
              ],
              [
                -58.6568335,
                -34.6063257
              ],
              [
                -58.6570648,
                -34.6062445
              ],
              [
                -58.6571401,
                -34.6061615
              ],
              [
                -58.6573073,
                -34.6061859
              ],
              [
                -58.6574076,
                -34.6062515
              ],
              [
                -58.6574419,
                -34.606297
              ],
              [
                -58.6575116,
                -34.6063235
              ],
              [
                -58.6576242,
                -34.6063505
              ],
              [
                -58.6577258,
                -34.6063355
              ],
              [
                -58.657887,
                -34.6062711
              ],
              [
                -58.6578683,
                -34.6063082
              ],
              [
                -58.6578664,
                -34.6064231
              ],
              [
                -58.6579251,
                -34.6064786
              ],
              [
                -58.6579711,
                -34.606501
              ],
              [
                -58.6580307,
                -34.6065071
              ],
              [
                -58.6581739,
                -34.606662
              ],
              [
                -58.6583757,
                -34.6068778
              ],
              [
                -58.6590157,
                -34.6074434
              ],
              [
                -58.660902,
                -34.6095917
              ],
              [
                -58.6625791,
                -34.6115678
              ],
              [
                -58.6643455,
                -34.6137277
              ],
              [
                -58.6651971,
                -34.6130295
              ],
              [
                -58.6663787,
                -34.6120606
              ],
              [
                -58.6693389,
                -34.6096502
              ],
              [
                -58.6700569,
                -34.6090632
              ],
              [
                -58.6713144,
                -34.6080416
              ],
              [
                -58.671316,
                -34.6080403
              ],
              [
                -58.6727713,
                -34.6068403
              ],
              [
                -58.676946,
                -34.6033976
              ],
              [
                -58.6798966,
                -34.6010424
              ],
              [
                -58.6827853,
                -34.5986599
              ],
              [
                -58.6857947,
                -34.5961821
              ],
              [
                -58.6860267,
                -34.5959863
              ],
              [
                -58.6874953,
                -34.5947853
              ],
              [
                -58.6898681,
                -34.5968662
              ],
              [
                -58.6921259,
                -34.5949671
              ],
              [
                -58.693381,
                -34.5939113
              ],
              [
                -58.6922325,
                -34.5931555
              ],
              [
                -58.6910073,
                -34.592208
              ],
              [
                -58.6903064,
                -34.5916658
              ],
              [
                -58.6902713,
                -34.591635
              ],
              [
                -58.689635,
                -34.5910767
              ],
              [
                -58.6893042,
                -34.5908442
              ],
              [
                -58.6890008,
                -34.590631
              ],
              [
                -58.6886041,
                -34.5903396
              ],
              [
                -58.687513,
                -34.5895848
              ],
              [
                -58.6866297,
                -34.58927
              ],
              [
                -58.6861483,
                -34.5891573
              ],
              [
                -58.6854345,
                -34.5889901
              ],
              [
                -58.6836934,
                -34.5882177
              ],
              [
                -58.6831245,
                -34.5877347
              ],
              [
                -58.6827145,
                -34.5873867
              ],
              [
                -58.6822503,
                -34.586838
              ],
              [
                -58.6822602,
                -34.5862085
              ],
              [
                -58.6821782,
                -34.5860121
              ],
              [
                -58.6821746,
                -34.5860034
              ],
              [
                -58.6819601,
                -34.5854898
              ],
              [
                -58.6816355,
                -34.5848662
              ],
              [
                -58.681424,
                -34.5845252
              ],
              [
                -58.6812068,
                -34.5841749
              ],
              [
                -58.6810244,
                -34.5838771
              ],
              [
                -58.6806572,
                -34.5832721
              ],
              [
                -58.6806004,
                -34.5832001
              ],
              [
                -58.6801025,
                -34.5825688
              ],
              [
                -58.680083,
                -34.582544
              ],
              [
                -58.6796168,
                -34.5820285
              ],
              [
                -58.678678,
                -34.5826976
              ],
              [
                -58.6780985,
                -34.5831376
              ],
              [
                -58.6776168,
                -34.5834969
              ],
              [
                -58.6771557,
                -34.5838528
              ],
              [
                -58.6766429,
                -34.5842348
              ],
              [
                -58.6762845,
                -34.5844969
              ],
              [
                -58.6751249,
                -34.5854454
              ],
              [
                -58.6744792,
                -34.5859735
              ],
              [
                -58.6739605,
                -34.5863825
              ],
              [
                -58.6734479,
                -34.5867942
              ],
              [
                -58.6712064,
                -34.5885944
              ],
              [
                -58.6702731,
                -34.5893439
              ],
              [
                -58.66854,
                -34.5907221
              ],
              [
                -58.6683528,
                -34.5908372
              ],
              [
                -58.6691909,
                -34.5915945
              ],
              [
                -58.6700397,
                -34.5923609
              ],
              [
                -58.671125,
                -34.5933372
              ],
              [
                -58.6711466,
                -34.5933554
              ],
              [
                -58.6701857,
                -34.5941472
              ]
            ]
          ]
        ]
      }
    },
    {
      "type": "Feature",
      "properties": {
        "fid": 15841,
        "area": 93967.003,
        "perimeter": 1717.959,
        "nomprov": "BUENOS AIRES",
        "prov": "06",
        "nomdepto": "HURLINGHAM",
        "depto": "408",
        "frac": "16",
        "radio": "07",
        "tipo": "U",
        "link": "064081607",
        "assigned_zone_name": "Jorge Newbery",
        "hurlingham_overlap_m2": 93943.19,
        "population_total": null,
        "households_total": null,
        "source_note": "PBA 2022 radio resource provides geometry and radio codes; no population/housing counts were present in the downloaded resource.",
        "source_name": "Datos Abiertos PBA / INDEC - Radios censales 2022",
        "source_url": "https://catalogo.datos.gba.gob.ar/dataset/radios-censales",
        "generated_at": "2026-06-13T02:11:01.209890+00:00",
        "data_confidence": "medium"
      },
      "geometry": {
        "type": "MultiPolygon",
        "coordinates": [
          [
            [
              [
                -58.6247162,
                -34.5915925
              ],
              [
                -58.6248615,
                -34.5917068
              ],
              [
                -58.6252812,
                -34.5913691
              ],
              [
                -58.6254171,
                -34.5912624
              ],
              [
                -58.6257229,
                -34.5910225
              ],
              [
                -58.6259768,
                -34.5908271
              ],
              [
                -58.6257187,
                -34.5906169
              ],
              [
                -58.6252783,
                -34.5902243
              ],
              [
                -58.6248806,
                -34.5898863
              ],
              [
                -58.6238166,
                -34.588973
              ],
              [
                -58.6251031,
                -34.5879548
              ],
              [
                -58.6256382,
                -34.587914
              ],
              [
                -58.625421,
                -34.5877294
              ],
              [
                -58.6203927,
                -34.5879108
              ],
              [
                -58.6206309,
                -34.5880889
              ],
              [
                -58.621196,
                -34.5886099
              ],
              [
                -58.6215398,
                -34.5889112
              ],
              [
                -58.6220557,
                -34.5893497
              ],
              [
                -58.6226789,
                -34.5898885
              ],
              [
                -58.6237321,
                -34.5907928
              ],
              [
                -58.6241621,
                -34.5911581
              ],
              [
                -58.6247162,
                -34.5915925
              ]
            ]
          ]
        ]
      }
    },
    {
      "type": "Feature",
      "properties": {
        "fid": 15874,
        "area": 92628.635,
        "perimeter": 1325.536,
        "nomprov": "BUENOS AIRES",
        "prov": "06",
        "nomdepto": "HURLINGHAM",
        "depto": "408",
        "frac": "03",
        "radio": "12",
        "tipo": "U",
        "link": "064080312",
        "assigned_zone_name": "Belgrano",
        "hurlingham_overlap_m2": 91919.79,
        "population_total": null,
        "households_total": null,
        "source_note": "PBA 2022 radio resource provides geometry and radio codes; no population/housing counts were present in the downloaded resource.",
        "source_name": "Datos Abiertos PBA / INDEC - Radios censales 2022",
        "source_url": "https://catalogo.datos.gba.gob.ar/dataset/radios-censales",
        "generated_at": "2026-06-13T02:11:01.209890+00:00",
        "data_confidence": "medium"
      },
      "geometry": {
        "type": "MultiPolygon",
        "coordinates": [
          [
            [
              [
                -58.6606842,
                -34.5803742
              ],
              [
                -58.6609031,
                -34.5805924
              ],
              [
                -58.6648284,
                -34.5779771
              ],
              [
                -58.6645784,
                -34.5777579
              ],
              [
                -58.6633821,
                -34.5765865
              ],
              [
                -58.6626549,
                -34.5770833
              ],
              [
                -58.6618616,
                -34.5776245
              ],
              [
                -58.6610575,
                -34.5781655
              ],
              [
                -58.660154,
                -34.5787775
              ],
              [
                -58.6595039,
                -34.579221
              ],
              [
                -58.6606842,
                -34.5803742
              ]
            ]
          ]
        ]
      }
    },
    {
      "type": "Feature",
      "properties": {
        "fid": 15948,
        "area": 109745.401,
        "perimeter": 1379.043,
        "nomprov": "BUENOS AIRES",
        "prov": "06",
        "nomdepto": "HURLINGHAM",
        "depto": "408",
        "frac": "15",
        "radio": "14",
        "tipo": "U",
        "link": "064081514",
        "assigned_zone_name": "El Palanco",
        "hurlingham_overlap_m2": 109718.08,
        "population_total": null,
        "households_total": null,
        "source_note": "PBA 2022 radio resource provides geometry and radio codes; no population/housing counts were present in the downloaded resource.",
        "source_name": "Datos Abiertos PBA / INDEC - Radios censales 2022",
        "source_url": "https://catalogo.datos.gba.gob.ar/dataset/radios-censales",
        "generated_at": "2026-06-13T02:11:01.209890+00:00",
        "data_confidence": "medium"
      },
      "geometry": {
        "type": "MultiPolygon",
        "coordinates": [
          [
            [
              [
                -58.6288059,
                -34.6242628
              ],
              [
                -58.6290001,
                -34.6250492
              ],
              [
                -58.630673,
                -34.6247705
              ],
              [
                -58.6308104,
                -34.6247476
              ],
              [
                -58.6313705,
                -34.6246539
              ],
              [
                -58.6321381,
                -34.6245256
              ],
              [
                -58.6323782,
                -34.6245103
              ],
              [
                -58.632687,
                -34.6236304
              ],
              [
                -58.6328359,
                -34.6231994
              ],
              [
                -58.6330302,
                -34.6226518
              ],
              [
                -58.6332244,
                -34.6221132
              ],
              [
                -58.6333393,
                -34.6217539
              ],
              [
                -58.6316011,
                -34.6220319
              ],
              [
                -58.6300705,
                -34.6222851
              ],
              [
                -58.628387,
                -34.6225546
              ],
              [
                -58.6286018,
                -34.6234133
              ],
              [
                -58.6288059,
                -34.6242628
              ]
            ]
          ]
        ]
      }
    },
    {
      "type": "Feature",
      "properties": {
        "fid": 16042,
        "area": 93422.314,
        "perimeter": 1265.582,
        "nomprov": "BUENOS AIRES",
        "prov": "06",
        "nomdepto": "HURLINGHAM",
        "depto": "408",
        "frac": "06",
        "radio": "10",
        "tipo": "U",
        "link": "064080610",
        "assigned_zone_name": "Parque Jhonston",
        "hurlingham_overlap_m2": 93399.71,
        "population_total": null,
        "households_total": null,
        "source_note": "PBA 2022 radio resource provides geometry and radio codes; no population/housing counts were present in the downloaded resource.",
        "source_name": "Datos Abiertos PBA / INDEC - Radios censales 2022",
        "source_url": "https://catalogo.datos.gba.gob.ar/dataset/radios-censales",
        "generated_at": "2026-06-13T02:11:01.209890+00:00",
        "data_confidence": "medium"
      },
      "geometry": {
        "type": "MultiPolygon",
        "coordinates": [
          [
            [
              [
                -58.6403347,
                -34.5932773
              ],
              [
                -58.6410764,
                -34.5939166
              ],
              [
                -58.6420037,
                -34.5931968
              ],
              [
                -58.6429312,
                -34.592459
              ],
              [
                -58.6421896,
                -34.5918198
              ],
              [
                -58.6414372,
                -34.5911715
              ],
              [
                -58.6406848,
                -34.5905231
              ],
              [
                -58.6399435,
                -34.5898659
              ],
              [
                -58.6397778,
                -34.5899992
              ],
              [
                -58.6390162,
                -34.5905856
              ],
              [
                -58.6385635,
                -34.5909411
              ],
              [
                -58.6380777,
                -34.5913233
              ],
              [
                -58.6388192,
                -34.5919715
              ],
              [
                -58.6395932,
                -34.5926291
              ],
              [
                -58.6403347,
                -34.5932773
              ]
            ]
          ]
        ]
      }
    },
    {
      "type": "Feature",
      "properties": {
        "fid": 16043,
        "area": 81745.05,
        "perimeter": 1288.3,
        "nomprov": "BUENOS AIRES",
        "prov": "06",
        "nomdepto": "HURLINGHAM",
        "depto": "408",
        "frac": "06",
        "radio": "11",
        "tipo": "U",
        "link": "064080611",
        "assigned_zone_name": "Parque Jhonston",
        "hurlingham_overlap_m2": 81725.05,
        "population_total": null,
        "households_total": null,
        "source_note": "PBA 2022 radio resource provides geometry and radio codes; no population/housing counts were present in the downloaded resource.",
        "source_name": "Datos Abiertos PBA / INDEC - Radios censales 2022",
        "source_url": "https://catalogo.datos.gba.gob.ar/dataset/radios-censales",
        "generated_at": "2026-06-13T02:11:01.209890+00:00",
        "data_confidence": "medium"
      },
      "geometry": {
        "type": "MultiPolygon",
        "coordinates": [
          [
            [
              [
                -58.6355555,
                -34.6009305
              ],
              [
                -58.6354877,
                -34.601741
              ],
              [
                -58.6354325,
                -34.6024524
              ],
              [
                -58.6354191,
                -34.6026055
              ],
              [
                -58.6353341,
                -34.6034654
              ],
              [
                -58.6353271,
                -34.6035644
              ],
              [
                -58.6353121,
                -34.6038121
              ],
              [
                -58.6353106,
                -34.6039022
              ],
              [
                -58.6352192,
                -34.6048296
              ],
              [
                -58.6353186,
                -34.6047496
              ],
              [
                -58.6358266,
                -34.6043497
              ],
              [
                -58.6360696,
                -34.6041541
              ],
              [
                -58.6366994,
                -34.6036384
              ],
              [
                -58.6367767,
                -34.6035761
              ],
              [
                -58.6372957,
                -34.6031673
              ],
              [
                -58.6382127,
                -34.6024204
              ],
              [
                -58.639008,
                -34.6017803
              ],
              [
                -58.6389006,
                -34.60168
              ],
              [
                -58.6381374,
                -34.6010225
              ],
              [
                -58.638073,
                -34.6009587
              ],
              [
                -58.6378985,
                -34.6009657
              ],
              [
                -58.6368969,
                -34.6008914
              ],
              [
                -58.6362327,
                -34.600848
              ],
              [
                -58.6355574,
                -34.6008134
              ],
              [
                -58.6355555,
                -34.6009305
              ]
            ]
          ]
        ]
      }
    },
    {
      "type": "Feature",
      "properties": {
        "fid": 16044,
        "area": 81748.595,
        "perimeter": 1380.136,
        "nomprov": "BUENOS AIRES",
        "prov": "06",
        "nomdepto": "HURLINGHAM",
        "depto": "408",
        "frac": "09",
        "radio": "09",
        "tipo": "U",
        "link": "064080909",
        "assigned_zone_name": "Villa Tesei Centro",
        "hurlingham_overlap_m2": 81728.51,
        "population_total": null,
        "households_total": null,
        "source_note": "PBA 2022 radio resource provides geometry and radio codes; no population/housing counts were present in the downloaded resource.",
        "source_name": "Datos Abiertos PBA / INDEC - Radios censales 2022",
        "source_url": "https://catalogo.datos.gba.gob.ar/dataset/radios-censales",
        "generated_at": "2026-06-13T02:11:01.209890+00:00",
        "data_confidence": "medium"
      },
      "geometry": {
        "type": "MultiPolygon",
        "coordinates": [
          [
            [
              [
                -58.6344788,
                -34.6140962
              ],
              [
                -58.6344382,
                -34.6145735
              ],
              [
                -58.6343378,
                -34.6153835
              ],
              [
                -58.6342878,
                -34.6157706
              ],
              [
                -58.6341254,
                -34.6170306
              ],
              [
                -58.6340385,
                -34.6176786
              ],
              [
                -58.6339868,
                -34.6181738
              ],
              [
                -58.6353018,
                -34.6170979
              ],
              [
                -58.6353902,
                -34.6170268
              ],
              [
                -58.6362958,
                -34.6163158
              ],
              [
                -58.6363509,
                -34.6162804
              ],
              [
                -58.636467,
                -34.6161825
              ],
              [
                -58.6370907,
                -34.6157118
              ],
              [
                -58.637599,
                -34.6152938
              ],
              [
                -58.6369542,
                -34.6147278
              ],
              [
                -58.6363308,
                -34.61418
              ],
              [
                -58.6360656,
                -34.6143934
              ],
              [
                -58.6354097,
                -34.6138362
              ],
              [
                -58.635399,
                -34.6138271
              ],
              [
                -58.6345342,
                -34.6133757
              ],
              [
                -58.6344788,
                -34.6140962
              ]
            ]
          ]
        ]
      }
    },
    {
      "type": "Feature",
      "properties": {
        "fid": 16045,
        "area": 89888.764,
        "perimeter": 1254.246,
        "nomprov": "BUENOS AIRES",
        "prov": "06",
        "nomdepto": "HURLINGHAM",
        "depto": "408",
        "frac": "09",
        "radio": "10",
        "tipo": "U",
        "link": "064080910",
        "assigned_zone_name": "Villa Tesei Centro",
        "hurlingham_overlap_m2": 89867.08,
        "population_total": null,
        "households_total": null,
        "source_note": "PBA 2022 radio resource provides geometry and radio codes; no population/housing counts were present in the downloaded resource.",
        "source_name": "Datos Abiertos PBA / INDEC - Radios censales 2022",
        "source_url": "https://catalogo.datos.gba.gob.ar/dataset/radios-censales",
        "generated_at": "2026-06-13T02:11:01.209890+00:00",
        "data_confidence": "medium"
      },
      "geometry": {
        "type": "MultiPolygon",
        "coordinates": [
          [
            [
              [
                -58.6422848,
                -34.6114162
              ],
              [
                -58.642349,
                -34.611489
              ],
              [
                -58.643078,
                -34.6109113
              ],
              [
                -58.6432768,
                -34.6107512
              ],
              [
                -58.6434094,
                -34.6106445
              ],
              [
                -58.6434646,
                -34.6106001
              ],
              [
                -58.6442261,
                -34.6100317
              ],
              [
                -58.6441187,
                -34.6099313
              ],
              [
                -58.6435376,
                -34.6094652
              ],
              [
                -58.6429027,
                -34.6089534
              ],
              [
                -58.6428707,
                -34.608908
              ],
              [
                -58.6424004,
                -34.6083349
              ],
              [
                -58.6419298,
                -34.6077798
              ],
              [
                -58.6416841,
                -34.6074706
              ],
              [
                -58.6414702,
                -34.6072159
              ],
              [
                -58.6405202,
                -34.6079804
              ],
              [
                -58.6404519,
                -34.6081599
              ],
              [
                -58.6403955,
                -34.6082765
              ],
              [
                -58.6398322,
                -34.6087209
              ],
              [
                -58.640109,
                -34.6091296
              ],
              [
                -58.6404508,
                -34.609566
              ],
              [
                -58.6410273,
                -34.6103116
              ],
              [
                -58.64107,
                -34.6103661
              ],
              [
                -58.6411233,
                -34.6104388
              ],
              [
                -58.6413279,
                -34.6105943
              ],
              [
                -58.6415215,
                -34.6107587
              ],
              [
                -58.6417258,
                -34.6109323
              ],
              [
                -58.6422848,
                -34.6114162
              ]
            ]
          ]
        ]
      }
    },
    {
      "type": "Feature",
      "properties": {
        "fid": 16046,
        "area": 63603.344,
        "perimeter": 1087.467,
        "nomprov": "BUENOS AIRES",
        "prov": "06",
        "nomdepto": "HURLINGHAM",
        "depto": "408",
        "frac": "10",
        "radio": "06",
        "tipo": "U",
        "link": "064081006",
        "assigned_zone_name": "Luna",
        "hurlingham_overlap_m2": 63587.91,
        "population_total": null,
        "households_total": null,
        "source_note": "PBA 2022 radio resource provides geometry and radio codes; no population/housing counts were present in the downloaded resource.",
        "source_name": "Datos Abiertos PBA / INDEC - Radios censales 2022",
        "source_url": "https://catalogo.datos.gba.gob.ar/dataset/radios-censales",
        "generated_at": "2026-06-13T02:11:01.209890+00:00",
        "data_confidence": "medium"
      },
      "geometry": {
        "type": "MultiPolygon",
        "coordinates": [
          [
            [
              [
                -58.6382419,
                -34.6059721
              ],
              [
                -58.6388657,
                -34.6064928
              ],
              [
                -58.6390862,
                -34.606342
              ],
              [
                -58.6391966,
                -34.6062531
              ],
              [
                -58.6400696,
                -34.6055328
              ],
              [
                -58.6405671,
                -34.6051057
              ],
              [
                -58.6409867,
                -34.6047768
              ],
              [
                -58.6417821,
                -34.6041277
              ],
              [
                -58.6417284,
                -34.604082
              ],
              [
                -58.6411691,
                -34.6036161
              ],
              [
                -58.6408573,
                -34.6033513
              ],
              [
                -58.6405025,
                -34.6030499
              ],
              [
                -58.6397073,
                -34.6036809
              ],
              [
                -58.6387795,
                -34.6044277
              ],
              [
                -58.638669,
                -34.6045166
              ],
              [
                -58.6375644,
                -34.6054057
              ],
              [
                -58.6382419,
                -34.6059721
              ]
            ]
          ]
        ]
      }
    },
    {
      "type": "Feature",
      "properties": {
        "fid": 16047,
        "area": 77716.933,
        "perimeter": 1166.86,
        "nomprov": "BUENOS AIRES",
        "prov": "06",
        "nomdepto": "HURLINGHAM",
        "depto": "408",
        "frac": "10",
        "radio": "07",
        "tipo": "U",
        "link": "064081007",
        "assigned_zone_name": "Luna",
        "hurlingham_overlap_m2": 77698.15,
        "population_total": null,
        "households_total": null,
        "source_note": "PBA 2022 radio resource provides geometry and radio codes; no population/housing counts were present in the downloaded resource.",
        "source_name": "Datos Abiertos PBA / INDEC - Radios censales 2022",
        "source_url": "https://catalogo.datos.gba.gob.ar/dataset/radios-censales",
        "generated_at": "2026-06-13T02:11:01.209890+00:00",
        "data_confidence": "medium"
      },
      "geometry": {
        "type": "MultiPolygon",
        "coordinates": [
          [
            [
              [
                -58.6399396,
                -34.6074872
              ],
              [
                -58.6404519,
                -34.6081599
              ],
              [
                -58.6405202,
                -34.6079804
              ],
              [
                -58.6414702,
                -34.6072159
              ],
              [
                -58.6417686,
                -34.6069668
              ],
              [
                -58.6422986,
                -34.6065491
              ],
              [
                -58.6430829,
                -34.6059178
              ],
              [
                -58.6426459,
                -34.6053091
              ],
              [
                -58.64223,
                -34.6047366
              ],
              [
                -58.642134,
                -34.6046093
              ],
              [
                -58.6418466,
                -34.6041825
              ],
              [
                -58.6417821,
                -34.6041277
              ],
              [
                -58.6409867,
                -34.6047768
              ],
              [
                -58.6405671,
                -34.6051057
              ],
              [
                -58.6400696,
                -34.6055328
              ],
              [
                -58.6391966,
                -34.6062531
              ],
              [
                -58.6390862,
                -34.606342
              ],
              [
                -58.6395236,
                -34.6069238
              ],
              [
                -58.6397798,
                -34.6072601
              ],
              [
                -58.6399396,
                -34.6074872
              ]
            ]
          ]
        ]
      }
    },
    {
      "type": "Feature",
      "properties": {
        "fid": 16049,
        "area": 56755.823,
        "perimeter": 943.254,
        "nomprov": "BUENOS AIRES",
        "prov": "06",
        "nomdepto": "HURLINGHAM",
        "depto": "408",
        "frac": "10",
        "radio": "11",
        "tipo": "U",
        "link": "064081011",
        "assigned_zone_name": "Luna",
        "hurlingham_overlap_m2": 56619.66,
        "population_total": null,
        "households_total": null,
        "source_note": "PBA 2022 radio resource provides geometry and radio codes; no population/housing counts were present in the downloaded resource.",
        "source_name": "Datos Abiertos PBA / INDEC - Radios censales 2022",
        "source_url": "https://catalogo.datos.gba.gob.ar/dataset/radios-censales",
        "generated_at": "2026-06-13T02:11:01.209890+00:00",
        "data_confidence": "medium"
      },
      "geometry": {
        "type": "MultiPolygon",
        "coordinates": [
          [
            [
              [
                -58.6494689,
                -34.6026807
              ],
              [
                -58.6500388,
                -34.6031648
              ],
              [
                -58.6509776,
                -34.602409
              ],
              [
                -58.6518831,
                -34.6016889
              ],
              [
                -58.6519726,
                -34.6015457
              ],
              [
                -58.6515558,
                -34.6011916
              ],
              [
                -58.6514458,
                -34.6010982
              ],
              [
                -58.6511491,
                -34.6008511
              ],
              [
                -58.6508757,
                -34.6006232
              ],
              [
                -58.6507821,
                -34.6005437
              ],
              [
                -58.6503811,
                -34.6002031
              ],
              [
                -58.6501406,
                -34.6002455
              ],
              [
                -58.649246,
                -34.6009657
              ],
              [
                -58.6488926,
                -34.6012502
              ],
              [
                -58.6483182,
                -34.6017126
              ],
              [
                -58.648899,
                -34.6021967
              ],
              [
                -58.6494689,
                -34.6026807
              ]
            ]
          ]
        ]
      }
    },
    {
      "type": "Feature",
      "properties": {
        "fid": 16050,
        "area": 187281.693,
        "perimeter": 1872.23,
        "nomprov": "BUENOS AIRES",
        "prov": "06",
        "nomdepto": "HURLINGHAM",
        "depto": "408",
        "frac": "11",
        "radio": "12",
        "tipo": "U",
        "link": "064081112",
        "assigned_zone_name": "Santa Leonor",
        "hurlingham_overlap_m2": 187237.89,
        "population_total": null,
        "households_total": null,
        "source_note": "PBA 2022 radio resource provides geometry and radio codes; no population/housing counts were present in the downloaded resource.",
        "source_name": "Datos Abiertos PBA / INDEC - Radios censales 2022",
        "source_url": "https://catalogo.datos.gba.gob.ar/dataset/radios-censales",
        "generated_at": "2026-06-13T02:11:01.209890+00:00",
        "data_confidence": "medium"
      },
      "geometry": {
        "type": "MultiPolygon",
        "coordinates": [
          [
            [
              [
                -58.6503314,
                -34.5992291
              ],
              [
                -58.6507913,
                -34.599775
              ],
              [
                -58.6509018,
                -34.5996861
              ],
              [
                -58.6514981,
                -34.5992059
              ],
              [
                -58.6519267,
                -34.5988609
              ],
              [
                -58.6531106,
                -34.5979078
              ],
              [
                -58.6540052,
                -34.5971786
              ],
              [
                -58.6540825,
                -34.5971163
              ],
              [
                -58.6544249,
                -34.5968407
              ],
              [
                -58.6546787,
                -34.5966452
              ],
              [
                -58.6552973,
                -34.5961382
              ],
              [
                -58.6553967,
                -34.5960582
              ],
              [
                -58.6559709,
                -34.5955958
              ],
              [
                -58.6548633,
                -34.5946597
              ],
              [
                -58.6537341,
                -34.5937144
              ],
              [
                -58.6530717,
                -34.5942389
              ],
              [
                -58.6524424,
                -34.5947367
              ],
              [
                -58.6518129,
                -34.5952435
              ],
              [
                -58.6511944,
                -34.5957414
              ],
              [
                -58.6509513,
                -34.595946
              ],
              [
                -58.6505599,
                -34.5962612
              ],
              [
                -58.6502666,
                -34.5964973
              ],
              [
                -58.6499573,
                -34.5967553
              ],
              [
                -58.6497032,
                -34.5969598
              ],
              [
                -58.6490627,
                -34.5974754
              ],
              [
                -58.6489316,
                -34.597492
              ],
              [
                -58.6489958,
                -34.5975648
              ],
              [
                -58.6494018,
                -34.5980741
              ],
              [
                -58.6498506,
                -34.5986289
              ],
              [
                -58.6502886,
                -34.5991836
              ],
              [
                -58.6503314,
                -34.5992291
              ]
            ]
          ]
        ]
      }
    },
    {
      "type": "Feature",
      "properties": {
        "fid": 16051,
        "area": 89759.674,
        "perimeter": 1203.644,
        "nomprov": "BUENOS AIRES",
        "prov": "06",
        "nomdepto": "HURLINGHAM",
        "depto": "408",
        "frac": "13",
        "radio": "02",
        "tipo": "U",
        "link": "064081302",
        "assigned_zone_name": "Mitre",
        "hurlingham_overlap_m2": 89737.94,
        "population_total": null,
        "households_total": null,
        "source_note": "PBA 2022 radio resource provides geometry and radio codes; no population/housing counts were present in the downloaded resource.",
        "source_name": "Datos Abiertos PBA / INDEC - Radios censales 2022",
        "source_url": "https://catalogo.datos.gba.gob.ar/dataset/radios-censales",
        "generated_at": "2026-06-13T02:11:01.209890+00:00",
        "data_confidence": "medium"
      },
      "geometry": {
        "type": "MultiPolygon",
        "coordinates": [
          [
            [
              [
                -58.6481374,
                -34.6128693
              ],
              [
                -58.6488486,
                -34.6133819
              ],
              [
                -58.6497322,
                -34.6126796
              ],
              [
                -58.6505717,
                -34.6120039
              ],
              [
                -58.651422,
                -34.6113283
              ],
              [
                -58.6510946,
                -34.6111134
              ],
              [
                -58.6505698,
                -34.610769
              ],
              [
                -58.6503218,
                -34.610604
              ],
              [
                -58.6502141,
                -34.6105217
              ],
              [
                -58.6501278,
                -34.6104667
              ],
              [
                -58.6492649,
                -34.6099059
              ],
              [
                -58.6490274,
                -34.6097515
              ],
              [
                -58.6481661,
                -34.6104269
              ],
              [
                -58.6479231,
                -34.6106225
              ],
              [
                -58.6477795,
                -34.6107381
              ],
              [
                -58.6473266,
                -34.6111027
              ],
              [
                -58.6465534,
                -34.611725
              ],
              [
                -58.6476956,
                -34.6125489
              ],
              [
                -58.6481374,
                -34.6128693
              ]
            ]
          ]
        ]
      }
    },
    {
      "type": "Feature",
      "properties": {
        "fid": 16052,
        "area": 99756.507,
        "perimeter": 1488.825,
        "nomprov": "BUENOS AIRES",
        "prov": "06",
        "nomdepto": "HURLINGHAM",
        "depto": "408",
        "frac": "19",
        "radio": "05",
        "tipo": "U",
        "link": "064081905",
        "assigned_zone_name": "Mitre",
        "hurlingham_overlap_m2": 99711.2,
        "population_total": null,
        "households_total": null,
        "source_note": "PBA 2022 radio resource provides geometry and radio codes; no population/housing counts were present in the downloaded resource.",
        "source_name": "Datos Abiertos PBA / INDEC - Radios censales 2022",
        "source_url": "https://catalogo.datos.gba.gob.ar/dataset/radios-censales",
        "generated_at": "2026-06-13T02:11:01.209890+00:00",
        "data_confidence": "medium"
      },
      "geometry": {
        "type": "MultiPolygon",
        "coordinates": [
          [
            [
              [
                -58.6443001,
                -34.6235798
              ],
              [
                -58.6449019,
                -34.6241183
              ],
              [
                -58.6458306,
                -34.6233354
              ],
              [
                -58.6458527,
                -34.6233176
              ],
              [
                -58.6462947,
                -34.622953
              ],
              [
                -58.6466139,
                -34.6226839
              ],
              [
                -58.6469912,
                -34.6223658
              ],
              [
                -58.6473448,
                -34.6220723
              ],
              [
                -58.6475804,
                -34.6218791
              ],
              [
                -58.6479305,
                -34.621592
              ],
              [
                -58.6485272,
                -34.6211029
              ],
              [
                -58.6486936,
                -34.620966
              ],
              [
                -58.6490245,
                -34.6206938
              ],
              [
                -58.6491681,
                -34.6205782
              ],
              [
                -58.6483933,
                -34.6199477
              ],
              [
                -58.6478339,
                -34.6194818
              ],
              [
                -58.6477264,
                -34.6193905
              ],
              [
                -58.6471108,
                -34.6198689
              ],
              [
                -58.6470749,
                -34.619897
              ],
              [
                -58.6465004,
                -34.6203594
              ],
              [
                -58.6463789,
                -34.6204572
              ],
              [
                -58.6459258,
                -34.6208307
              ],
              [
                -58.645881,
                -34.6209166
              ],
              [
                -58.6458069,
                -34.6209911
              ],
              [
                -58.6456083,
                -34.6211436
              ],
              [
                -58.6452227,
                -34.6214398
              ],
              [
                -58.6451745,
                -34.6214769
              ],
              [
                -58.6448199,
                -34.6217493
              ],
              [
                -58.6443877,
                -34.6220813
              ],
              [
                -58.6444436,
                -34.6221302
              ],
              [
                -58.6446911,
                -34.6223312
              ],
              [
                -58.6437193,
                -34.6230866
              ],
              [
                -58.6442356,
                -34.623525
              ],
              [
                -58.6443001,
                -34.6235798
              ]
            ]
          ]
        ]
      }
    },
    {
      "type": "Feature",
      "properties": {
        "fid": 16053,
        "area": 55664.927,
        "perimeter": 974.506,
        "nomprov": "BUENOS AIRES",
        "prov": "06",
        "nomdepto": "HURLINGHAM",
        "depto": "408",
        "frac": "14",
        "radio": "14",
        "tipo": "U",
        "link": "064081414",
        "assigned_zone_name": "Villa Tesei Centro",
        "hurlingham_overlap_m2": 55651.42,
        "population_total": null,
        "households_total": null,
        "source_note": "PBA 2022 radio resource provides geometry and radio codes; no population/housing counts were present in the downloaded resource.",
        "source_name": "Datos Abiertos PBA / INDEC - Radios censales 2022",
        "source_url": "https://catalogo.datos.gba.gob.ar/dataset/radios-censales",
        "generated_at": "2026-06-13T02:11:01.209890+00:00",
        "data_confidence": "medium"
      },
      "geometry": {
        "type": "MultiPolygon",
        "coordinates": [
          [
            [
              [
                -58.6398072,
                -34.6222859
              ],
              [
                -58.6398825,
                -34.6223498
              ],
              [
                -58.6405343,
                -34.6218253
              ],
              [
                -58.6410095,
                -34.621434
              ],
              [
                -58.6412526,
                -34.6212384
              ],
              [
                -58.6414182,
                -34.6211141
              ],
              [
                -58.6419485,
                -34.6206873
              ],
              [
                -58.6414573,
                -34.6200509
              ],
              [
                -58.6409343,
                -34.6193601
              ],
              [
                -58.6402602,
                -34.6199114
              ],
              [
                -58.6402492,
                -34.6199203
              ],
              [
                -58.6394468,
                -34.6203169
              ],
              [
                -58.6387652,
                -34.6206609
              ],
              [
                -58.6387208,
                -34.6207054
              ],
              [
                -58.6381441,
                -34.6213029
              ],
              [
                -58.6382413,
                -34.6213581
              ],
              [
                -58.6390296,
                -34.6218265
              ],
              [
                -58.6398072,
                -34.6222859
              ]
            ]
          ]
        ]
      }
    },
    {
      "type": "Feature",
      "properties": {
        "fid": 16054,
        "area": 69400.276,
        "perimeter": 1034.075,
        "nomprov": "BUENOS AIRES",
        "prov": "06",
        "nomdepto": "HURLINGHAM",
        "depto": "408",
        "frac": "14",
        "radio": "15",
        "tipo": "U",
        "link": "064081415",
        "assigned_zone_name": "El Porvenir",
        "hurlingham_overlap_m2": 69383.33,
        "population_total": null,
        "households_total": null,
        "source_note": "PBA 2022 radio resource provides geometry and radio codes; no population/housing counts were present in the downloaded resource.",
        "source_name": "Datos Abiertos PBA / INDEC - Radios censales 2022",
        "source_url": "https://catalogo.datos.gba.gob.ar/dataset/radios-censales",
        "generated_at": "2026-06-13T02:11:01.209890+00:00",
        "data_confidence": "medium"
      },
      "geometry": {
        "type": "MultiPolygon",
        "coordinates": [
          [
            [
              [
                -58.6365264,
                -34.6255482
              ],
              [
                -58.6367325,
                -34.6262806
              ],
              [
                -58.6376839,
                -34.6261109
              ],
              [
                -58.6385808,
                -34.6259407
              ],
              [
                -58.6395106,
                -34.6257618
              ],
              [
                -58.639285,
                -34.624885
              ],
              [
                -58.6390585,
                -34.6240622
              ],
              [
                -58.6383646,
                -34.6234911
              ],
              [
                -58.6381239,
                -34.6235425
              ],
              [
                -58.6379544,
                -34.6235722
              ],
              [
                -58.6367954,
                -34.6237665
              ],
              [
                -58.636041,
                -34.6238933
              ],
              [
                -58.6362476,
                -34.6245987
              ],
              [
                -58.6364853,
                -34.6253945
              ],
              [
                -58.6365264,
                -34.6255482
              ]
            ]
          ]
        ]
      }
    },
    {
      "type": "Feature",
      "properties": {
        "fid": 16076,
        "area": 106432.484,
        "perimeter": 1349.778,
        "nomprov": "BUENOS AIRES",
        "prov": "06",
        "nomdepto": "HURLINGHAM",
        "depto": "408",
        "frac": "17",
        "radio": "06",
        "tipo": "U",
        "link": "064081706",
        "assigned_zone_name": "Roca 2",
        "hurlingham_overlap_m2": 106407.24,
        "population_total": null,
        "households_total": null,
        "source_note": "PBA 2022 radio resource provides geometry and radio codes; no population/housing counts were present in the downloaded resource.",
        "source_name": "Datos Abiertos PBA / INDEC - Radios censales 2022",
        "source_url": "https://catalogo.datos.gba.gob.ar/dataset/radios-censales",
        "generated_at": "2026-06-13T02:11:01.209890+00:00",
        "data_confidence": "medium"
      },
      "geometry": {
        "type": "MultiPolygon",
        "coordinates": [
          [
            [
              [
                -58.6461649,
                -34.5837236
              ],
              [
                -58.646313,
                -34.583864
              ],
              [
                -58.6465395,
                -34.5837467
              ],
              [
                -58.6497872,
                -34.5820448
              ],
              [
                -58.6496486,
                -34.5819385
              ],
              [
                -58.6500147,
                -34.5817484
              ],
              [
                -58.6493915,
                -34.5812007
              ],
              [
                -58.648607,
                -34.580516
              ],
              [
                -58.6478657,
                -34.5798588
              ],
              [
                -58.6477003,
                -34.5799831
              ],
              [
                -58.6467617,
                -34.5807389
              ],
              [
                -58.6457018,
                -34.5815834
              ],
              [
                -58.6446749,
                -34.5824103
              ],
              [
                -58.6450403,
                -34.5827208
              ],
              [
                -58.6452873,
                -34.5829489
              ],
              [
                -58.6454163,
                -34.5830585
              ],
              [
                -58.6458244,
                -34.5834325
              ],
              [
                -58.6461649,
                -34.5837236
              ]
            ]
          ]
        ]
      }
    },
    {
      "type": "Feature",
      "properties": {
        "fid": 16077,
        "area": 96757.909,
        "perimeter": 1369.707,
        "nomprov": "BUENOS AIRES",
        "prov": "06",
        "nomdepto": "HURLINGHAM",
        "depto": "408",
        "frac": "17",
        "radio": "03",
        "tipo": "U",
        "link": "064081703",
        "assigned_zone_name": "Santa Clara",
        "hurlingham_overlap_m2": 96735.41,
        "population_total": null,
        "households_total": null,
        "source_note": "PBA 2022 radio resource provides geometry and radio codes; no population/housing counts were present in the downloaded resource.",
        "source_name": "Datos Abiertos PBA / INDEC - Radios censales 2022",
        "source_url": "https://catalogo.datos.gba.gob.ar/dataset/radios-censales",
        "generated_at": "2026-06-13T02:11:01.209890+00:00",
        "data_confidence": "medium"
      },
      "geometry": {
        "type": "MultiPolygon",
        "coordinates": [
          [
            [
              [
                -58.6542265,
                -34.5827864
              ],
              [
                -58.6539785,
                -34.5829594
              ],
              [
                -58.6538014,
                -34.5827907
              ],
              [
                -58.6531191,
                -34.5821282
              ],
              [
                -58.6522991,
                -34.582684
              ],
              [
                -58.6513507,
                -34.5833766
              ],
              [
                -58.6521137,
                -34.584043
              ],
              [
                -58.6531457,
                -34.5849287
              ],
              [
                -58.6535003,
                -34.5852391
              ],
              [
                -58.6536234,
                -34.5853496
              ],
              [
                -58.6538641,
                -34.585226
              ],
              [
                -58.6546706,
                -34.5847412
              ],
              [
                -58.6551083,
                -34.5844527
              ],
              [
                -58.656794,
                -34.5833297
              ],
              [
                -58.6565802,
                -34.5831413
              ],
              [
                -58.6558985,
                -34.5824983
              ],
              [
                -58.6553836,
                -34.5819879
              ],
              [
                -58.6548658,
                -34.5823337
              ],
              [
                -58.6545902,
                -34.582529
              ],
              [
                -58.6542265,
                -34.5827864
              ]
            ]
          ]
        ]
      }
    },
    {
      "type": "Feature",
      "properties": {
        "fid": 16078,
        "area": 83007.115,
        "perimeter": 1176.632,
        "nomprov": "BUENOS AIRES",
        "prov": "06",
        "nomdepto": "HURLINGHAM",
        "depto": "408",
        "frac": "17",
        "radio": "04",
        "tipo": "U",
        "link": "064081704",
        "assigned_zone_name": "Santa Clara",
        "hurlingham_overlap_m2": 82987.64,
        "population_total": null,
        "households_total": null,
        "source_note": "PBA 2022 radio resource provides geometry and radio codes; no population/housing counts were present in the downloaded resource.",
        "source_name": "Datos Abiertos PBA / INDEC - Radios censales 2022",
        "source_url": "https://catalogo.datos.gba.gob.ar/dataset/radios-censales",
        "generated_at": "2026-06-13T02:11:01.209890+00:00",
        "data_confidence": "medium"
      },
      "geometry": {
        "type": "MultiPolygon",
        "coordinates": [
          [
            [
              [
                -58.6500043,
                -34.5864398
              ],
              [
                -58.6501617,
                -34.5865489
              ],
              [
                -58.6514394,
                -34.586237
              ],
              [
                -58.6523926,
                -34.585925
              ],
              [
                -58.6531567,
                -34.5855893
              ],
              [
                -58.6536234,
                -34.5853496
              ],
              [
                -58.6535003,
                -34.5852391
              ],
              [
                -58.6531457,
                -34.5849287
              ],
              [
                -58.6521137,
                -34.584043
              ],
              [
                -58.6513507,
                -34.5833766
              ],
              [
                -58.6502357,
                -34.5842566
              ],
              [
                -58.649187,
                -34.5850832
              ],
              [
                -58.648613,
                -34.5855366
              ],
              [
                -58.6492924,
                -34.5859767
              ],
              [
                -58.6494002,
                -34.58605
              ],
              [
                -58.6494541,
                -34.5860867
              ],
              [
                -58.6500043,
                -34.5864398
              ]
            ]
          ]
        ]
      }
    },
    {
      "type": "Feature",
      "properties": {
        "fid": 16079,
        "area": 97731.555,
        "perimeter": 1270.421,
        "nomprov": "BUENOS AIRES",
        "prov": "06",
        "nomdepto": "HURLINGHAM",
        "depto": "408",
        "frac": "03",
        "radio": "11",
        "tipo": "U",
        "link": "064080311",
        "assigned_zone_name": "Roca 1",
        "hurlingham_overlap_m2": 97709.04,
        "population_total": null,
        "households_total": null,
        "source_note": "PBA 2022 radio resource provides geometry and radio codes; no population/housing counts were present in the downloaded resource.",
        "source_name": "Datos Abiertos PBA / INDEC - Radios censales 2022",
        "source_url": "https://catalogo.datos.gba.gob.ar/dataset/radios-censales",
        "generated_at": "2026-06-13T02:11:01.209890+00:00",
        "data_confidence": "medium"
      },
      "geometry": {
        "type": "MultiPolygon",
        "coordinates": [
          [
            [
              [
                -58.6584995,
                -34.5773036
              ],
              [
                -58.6585925,
                -34.5774296
              ],
              [
                -58.6613875,
                -34.5759645
              ],
              [
                -58.6612801,
                -34.5758334
              ],
              [
                -58.6607251,
                -34.5751062
              ],
              [
                -58.6601379,
                -34.5743516
              ],
              [
                -58.6596467,
                -34.5737243
              ],
              [
                -58.659529,
                -34.5735878
              ],
              [
                -58.6585068,
                -34.5741354
              ],
              [
                -58.6580232,
                -34.5743915
              ],
              [
                -58.6575396,
                -34.5746476
              ],
              [
                -58.6571109,
                -34.5748772
              ],
              [
                -58.6564407,
                -34.5752214
              ],
              [
                -58.6572036,
                -34.5758878
              ],
              [
                -58.6578375,
                -34.5764536
              ],
              [
                -58.6579557,
                -34.576554
              ],
              [
                -58.6580415,
                -34.5766451
              ],
              [
                -58.6584995,
                -34.5773036
              ]
            ]
          ]
        ]
      }
    },
    {
      "type": "Feature",
      "properties": {
        "fid": 16148,
        "area": 881634.072,
        "perimeter": 5057.661,
        "nomprov": "BUENOS AIRES",
        "prov": "06",
        "nomdepto": "HURLINGHAM",
        "depto": "408",
        "frac": "03",
        "radio": "01",
        "tipo": "U",
        "link": "064080301",
        "assigned_zone_name": "Juan B. de Lasalle",
        "hurlingham_overlap_m2": 54670.62,
        "population_total": null,
        "households_total": null,
        "source_note": "PBA 2022 radio resource provides geometry and radio codes; no population/housing counts were present in the downloaded resource.",
        "source_name": "Datos Abiertos PBA / INDEC - Radios censales 2022",
        "source_url": "https://catalogo.datos.gba.gob.ar/dataset/radios-censales",
        "generated_at": "2026-06-13T02:11:01.209890+00:00",
        "data_confidence": "medium"
      },
      "geometry": {
        "type": "MultiPolygon",
        "coordinates": [
          [
            [
              [
                -58.655286,
                -34.565969
              ],
              [
                -58.653224,
                -34.5674436
              ],
              [
                -58.651769,
                -34.5685
              ],
              [
                -58.651546,
                -34.5686764
              ],
              [
                -58.6512128,
                -34.5689329
              ],
              [
                -58.6494526,
                -34.5703027
              ],
              [
                -58.6495394,
                -34.5703568
              ],
              [
                -58.6495913,
                -34.570387
              ],
              [
                -58.6493227,
                -34.5705807
              ],
              [
                -58.6496678,
                -34.5708562
              ],
              [
                -58.6500546,
                -34.5711939
              ],
              [
                -58.6504737,
                -34.5715591
              ],
              [
                -58.6507853,
                -34.571833
              ],
              [
                -58.6517015,
                -34.571104
              ],
              [
                -58.6521421,
                -34.5714874
              ],
              [
                -58.6530581,
                -34.5707674
              ],
              [
                -58.6530688,
                -34.5707766
              ],
              [
                -58.6537783,
                -34.5713793
              ],
              [
                -58.6545839,
                -34.5707482
              ],
              [
                -58.655304,
                -34.5713691
              ],
              [
                -58.6556695,
                -34.5716796
              ],
              [
                -58.6561747,
                -34.5721088
              ],
              [
                -58.6569484,
                -34.5727843
              ],
              [
                -58.6578422,
                -34.5720911
              ],
              [
                -58.6584438,
                -34.5726295
              ],
              [
                -58.6595076,
                -34.5735605
              ],
              [
                -58.659529,
                -34.5735878
              ],
              [
                -58.6596467,
                -34.5737243
              ],
              [
                -58.6601379,
                -34.5743516
              ],
              [
                -58.6607251,
                -34.5751062
              ],
              [
                -58.6612801,
                -34.5758334
              ],
              [
                -58.6613875,
                -34.5759645
              ],
              [
                -58.6615427,
                -34.5761538
              ],
              [
                -58.6616684,
                -34.576081
              ],
              [
                -58.6624651,
                -34.5756706
              ],
              [
                -58.6633821,
                -34.5765865
              ],
              [
                -58.6645784,
                -34.5777579
              ],
              [
                -58.6648284,
                -34.5779771
              ],
              [
                -58.6650728,
                -34.5781914
              ],
              [
                -58.6674198,
                -34.5765766
              ],
              [
                -58.6691851,
                -34.5754063
              ],
              [
                -58.6690015,
                -34.5752037
              ],
              [
                -58.6688518,
                -34.5750438
              ],
              [
                -58.6688505,
                -34.5750423
              ],
              [
                -58.66885,
                -34.5750418
              ],
              [
                -58.6683741,
                -34.5745532
              ],
              [
                -58.6676291,
                -34.5739176
              ],
              [
                -58.6674908,
                -34.5737894
              ],
              [
                -58.6667748,
                -34.5731264
              ],
              [
                -58.6667109,
                -34.5730642
              ],
              [
                -58.6661576,
                -34.5725257
              ],
              [
                -58.6654756,
                -34.572018
              ],
              [
                -58.6644934,
                -34.5714303
              ],
              [
                -58.6635067,
                -34.57098
              ],
              [
                -58.6625161,
                -34.5703157
              ],
              [
                -58.6616347,
                -34.5697766
              ],
              [
                -58.6611665,
                -34.5695064
              ],
              [
                -58.6609606,
                -34.5693876
              ],
              [
                -58.660837,
                -34.5693123
              ],
              [
                -58.6602224,
                -34.5689378
              ],
              [
                -58.6588319,
                -34.5680169
              ],
              [
                -58.6575695,
                -34.5672102
              ],
              [
                -58.6568222,
                -34.566776
              ],
              [
                -58.6559592,
                -34.5663184
              ],
              [
                -58.655664,
                -34.5661629
              ],
              [
                -58.6555404,
                -34.5660978
              ],
              [
                -58.6553389,
                -34.5659916
              ],
              [
                -58.655286,
                -34.565969
              ]
            ]
          ]
        ]
      }
    },
    {
      "type": "Feature",
      "properties": {
        "fid": 16964,
        "area": 15398.06,
        "perimeter": 499.417,
        "nomprov": "BUENOS AIRES",
        "prov": "06",
        "nomdepto": "HURLINGHAM",
        "depto": "408",
        "frac": "15",
        "radio": "15",
        "tipo": "U",
        "link": "064081515",
        "assigned_zone_name": "Militar",
        "hurlingham_overlap_m2": 15394.18,
        "population_total": null,
        "households_total": null,
        "source_note": "PBA 2022 radio resource provides geometry and radio codes; no population/housing counts were present in the downloaded resource.",
        "source_name": "Datos Abiertos PBA / INDEC - Radios censales 2022",
        "source_url": "https://catalogo.datos.gba.gob.ar/dataset/radios-censales",
        "generated_at": "2026-06-13T02:11:01.209890+00:00",
        "data_confidence": "medium"
      },
      "geometry": {
        "type": "MultiPolygon",
        "coordinates": [
          [
            [
              [
                -58.6256393,
                -34.6265256
              ],
              [
                -58.6256718,
                -34.6266343
              ],
              [
                -58.6261968,
                -34.6265378
              ],
              [
                -58.6271476,
                -34.6263437
              ],
              [
                -58.6270535,
                -34.6259221
              ],
              [
                -58.6269364,
                -34.6253978
              ],
              [
                -58.6268742,
                -34.6254084
              ],
              [
                -58.6256105,
                -34.625624
              ],
              [
                -58.6254685,
                -34.6256404
              ],
              [
                -58.6254137,
                -34.6256578
              ],
              [
                -58.6255525,
                -34.6261917
              ],
              [
                -58.6256393,
                -34.6265256
              ]
            ]
          ]
        ]
      }
    },
    {
      "type": "Feature",
      "properties": {
        "fid": 17045,
        "area": 104991.037,
        "perimeter": 1296.766,
        "nomprov": "BUENOS AIRES",
        "prov": "06",
        "nomdepto": "HURLINGHAM",
        "depto": "408",
        "frac": "01",
        "radio": "10",
        "tipo": "U",
        "link": "064080110",
        "assigned_zone_name": "Villa Club",
        "hurlingham_overlap_m2": 104965.31,
        "population_total": null,
        "households_total": null,
        "source_note": "PBA 2022 radio resource provides geometry and radio codes; no population/housing counts were present in the downloaded resource.",
        "source_name": "Datos Abiertos PBA / INDEC - Radios censales 2022",
        "source_url": "https://catalogo.datos.gba.gob.ar/dataset/radios-censales",
        "generated_at": "2026-06-13T02:11:01.209890+00:00",
        "data_confidence": "medium"
      },
      "geometry": {
        "type": "MultiPolygon",
        "coordinates": [
          [
            [
              [
                -58.6352058,
                -34.5829897
              ],
              [
                -58.6355711,
                -34.5833093
              ],
              [
                -58.6359797,
                -34.5829804
              ],
              [
                -58.6362336,
                -34.5827849
              ],
              [
                -58.6370615,
                -34.5821362
              ],
              [
                -58.6380662,
                -34.5813452
              ],
              [
                -58.6382208,
                -34.5812207
              ],
              [
                -58.6374149,
                -34.5805177
              ],
              [
                -58.6370387,
                -34.580198
              ],
              [
                -58.6366413,
                -34.579842
              ],
              [
                -58.6359001,
                -34.5791848
              ],
              [
                -58.634708,
                -34.5801089
              ],
              [
                -58.6332179,
                -34.5812639
              ],
              [
                -58.6339914,
                -34.5819486
              ],
              [
                -58.6344855,
                -34.5823868
              ],
              [
                -58.6347544,
                -34.5826061
              ],
              [
                -58.6349801,
                -34.5827979
              ],
              [
                -58.6352058,
                -34.5829897
              ]
            ]
          ]
        ]
      }
    },
    {
      "type": "Feature",
      "properties": {
        "fid": 17046,
        "area": 85652.117,
        "perimeter": 1462.613,
        "nomprov": "BUENOS AIRES",
        "prov": "06",
        "nomdepto": "HURLINGHAM",
        "depto": "408",
        "frac": "17",
        "radio": "09",
        "tipo": "U",
        "link": "064081709",
        "assigned_zone_name": "Cosmopolita",
        "hurlingham_overlap_m2": 85631.39,
        "population_total": null,
        "households_total": null,
        "source_note": "PBA 2022 radio resource provides geometry and radio codes; no population/housing counts were present in the downloaded resource.",
        "source_name": "Datos Abiertos PBA / INDEC - Radios censales 2022",
        "source_url": "https://catalogo.datos.gba.gob.ar/dataset/radios-censales",
        "generated_at": "2026-06-13T02:11:01.209890+00:00",
        "data_confidence": "medium"
      },
      "geometry": {
        "type": "MultiPolygon",
        "coordinates": [
          [
            [
              [
                -58.6409527,
                -34.5841085
              ],
              [
                -58.6401133,
                -34.5847932
              ],
              [
                -58.6397487,
                -34.5850956
              ],
              [
                -58.6389317,
                -34.5857444
              ],
              [
                -58.6386121,
                -34.5859572
              ],
              [
                -58.638534,
                -34.5861863
              ],
              [
                -58.6381815,
                -34.5872112
              ],
              [
                -58.6380743,
                -34.5875286
              ],
              [
                -58.6379346,
                -34.588055
              ],
              [
                -58.6378903,
                -34.5882353
              ],
              [
                -58.6400065,
                -34.5871294
              ],
              [
                -58.6396382,
                -34.5871445
              ],
              [
                -58.6398369,
                -34.5870435
              ],
              [
                -58.6416614,
                -34.5861038
              ],
              [
                -58.6430134,
                -34.5853933
              ],
              [
                -58.6427557,
                -34.5851561
              ],
              [
                -58.6419929,
                -34.5844806
              ],
              [
                -58.6415846,
                -34.5841245
              ],
              [
                -58.6412534,
                -34.5843822
              ],
              [
                -58.6409527,
                -34.5841085
              ]
            ]
          ]
        ]
      }
    },
    {
      "type": "Feature",
      "properties": {
        "fid": 17497,
        "area": 38883.977,
        "perimeter": 824.569,
        "nomprov": "BUENOS AIRES",
        "prov": "06",
        "nomdepto": "HURLINGHAM",
        "depto": "408",
        "frac": "04",
        "radio": "06",
        "tipo": "U",
        "link": "064080406",
        "assigned_zone_name": "San Damián",
        "hurlingham_overlap_m2": 38875.34,
        "population_total": null,
        "households_total": null,
        "source_note": "PBA 2022 radio resource provides geometry and radio codes; no population/housing counts were present in the downloaded resource.",
        "source_name": "Datos Abiertos PBA / INDEC - Radios censales 2022",
        "source_url": "https://catalogo.datos.gba.gob.ar/dataset/radios-censales",
        "generated_at": "2026-06-13T02:11:01.209890+00:00",
        "data_confidence": "medium"
      },
      "geometry": {
        "type": "MultiPolygon",
        "coordinates": [
          [
            [
              [
                -58.6686798,
                -34.5840085
              ],
              [
                -58.6681054,
                -34.584489
              ],
              [
                -58.667498,
                -34.5849871
              ],
              [
                -58.6682831,
                -34.5856447
              ],
              [
                -58.6685811,
                -34.5854136
              ],
              [
                -58.6688931,
                -34.5856648
              ],
              [
                -58.6692052,
                -34.5859161
              ],
              [
                -58.6698127,
                -34.585409
              ],
              [
                -58.66989,
                -34.5853467
              ],
              [
                -58.6706517,
                -34.5847331
              ],
              [
                -58.67067,
                -34.5847182
              ],
              [
                -58.6703714,
                -34.5844802
              ],
              [
                -58.6700867,
                -34.5842007
              ],
              [
                -58.6700715,
                -34.584213
              ],
              [
                -58.6692759,
                -34.5835283
              ],
              [
                -58.6690883,
                -34.5836795
              ],
              [
                -58.6686798,
                -34.5840085
              ]
            ]
          ]
        ]
      }
    },
    {
      "type": "Feature",
      "properties": {
        "fid": 17804,
        "area": 115438.397,
        "perimeter": 1611.317,
        "nomprov": "BUENOS AIRES",
        "prov": "06",
        "nomdepto": "HURLINGHAM",
        "depto": "408",
        "frac": "06",
        "radio": "06",
        "tipo": "U",
        "link": "064080606",
        "assigned_zone_name": "Parque Jhonston",
        "hurlingham_overlap_m2": 115410.61,
        "population_total": null,
        "households_total": null,
        "source_note": "PBA 2022 radio resource provides geometry and radio codes; no population/housing counts were present in the downloaded resource.",
        "source_name": "Datos Abiertos PBA / INDEC - Radios censales 2022",
        "source_url": "https://catalogo.datos.gba.gob.ar/dataset/radios-censales",
        "generated_at": "2026-06-13T02:11:01.209890+00:00",
        "data_confidence": "medium"
      },
      "geometry": {
        "type": "MultiPolygon",
        "coordinates": [
          [
            [
              [
                -58.6441577,
                -34.5914361
              ],
              [
                -58.6440901,
                -34.5915705
              ],
              [
                -58.6433728,
                -34.5921124
              ],
              [
                -58.6429312,
                -34.592459
              ],
              [
                -58.6420037,
                -34.5931968
              ],
              [
                -58.6410764,
                -34.5939166
              ],
              [
                -58.6401488,
                -34.5946543
              ],
              [
                -58.6392213,
                -34.5953831
              ],
              [
                -58.63992,
                -34.5959858
              ],
              [
                -58.6406294,
                -34.5965976
              ],
              [
                -58.6415567,
                -34.5958778
              ],
              [
                -58.6418881,
                -34.5956111
              ],
              [
                -58.6424951,
                -34.5951492
              ],
              [
                -58.6434334,
                -34.5944205
              ],
              [
                -58.6443607,
                -34.5937007
              ],
              [
                -58.6453541,
                -34.5929366
              ],
              [
                -58.6452471,
                -34.5928092
              ],
              [
                -58.6447773,
                -34.5922091
              ],
              [
                -58.6447026,
                -34.5921091
              ],
              [
                -58.644553,
                -34.5919272
              ],
              [
                -58.6441577,
                -34.5914361
              ]
            ]
          ]
        ]
      }
    },
    {
      "type": "Feature",
      "properties": {
        "fid": 18168,
        "area": 173845.113,
        "perimeter": 1750.949,
        "nomprov": "BUENOS AIRES",
        "prov": "06",
        "nomdepto": "HURLINGHAM",
        "depto": "408",
        "frac": "06",
        "radio": "07",
        "tipo": "U",
        "link": "064080607",
        "assigned_zone_name": "Parque Jhonston",
        "hurlingham_overlap_m2": 173803.46,
        "population_total": null,
        "households_total": null,
        "source_note": "PBA 2022 radio resource provides geometry and radio codes; no population/housing counts were present in the downloaded resource.",
        "source_name": "Datos Abiertos PBA / INDEC - Radios censales 2022",
        "source_url": "https://catalogo.datos.gba.gob.ar/dataset/radios-censales",
        "generated_at": "2026-06-13T02:11:01.209890+00:00",
        "data_confidence": "medium"
      },
      "geometry": {
        "type": "MultiPolygon",
        "coordinates": [
          [
            [
              [
                -58.6453541,
                -34.5929366
              ],
              [
                -58.6443607,
                -34.5937007
              ],
              [
                -58.6434334,
                -34.5944205
              ],
              [
                -58.6424951,
                -34.5951492
              ],
              [
                -58.6418881,
                -34.5956111
              ],
              [
                -58.6415567,
                -34.5958778
              ],
              [
                -58.6406294,
                -34.5965976
              ],
              [
                -58.6413169,
                -34.5972182
              ],
              [
                -58.641462,
                -34.597346
              ],
              [
                -58.6417092,
                -34.5975606
              ],
              [
                -58.6420482,
                -34.5978302
              ],
              [
                -58.6421395,
                -34.5979079
              ],
              [
                -58.6427306,
                -34.5984282
              ],
              [
                -58.6429617,
                -34.5986246
              ],
              [
                -58.6437791,
                -34.5979667
              ],
              [
                -58.6438674,
                -34.5978955
              ],
              [
                -58.644795,
                -34.5971577
              ],
              [
                -58.6457445,
                -34.5964111
              ],
              [
                -58.6466718,
                -34.5956913
              ],
              [
                -58.6468818,
                -34.5955134
              ],
              [
                -58.6471909,
                -34.5952734
              ],
              [
                -58.6464753,
                -34.5943642
              ],
              [
                -58.6459199,
                -34.5936639
              ],
              [
                -58.6453541,
                -34.5929366
              ]
            ]
          ]
        ]
      }
    },
    {
      "type": "Feature",
      "properties": {
        "fid": 18622,
        "area": 60761.845,
        "perimeter": 1332.679,
        "nomprov": "BUENOS AIRES",
        "prov": "06",
        "nomdepto": "HURLINGHAM",
        "depto": "408",
        "frac": "15",
        "radio": "07",
        "tipo": "U",
        "link": "064081507",
        "assigned_zone_name": "Militar",
        "hurlingham_overlap_m2": 60746.6,
        "population_total": null,
        "households_total": null,
        "source_note": "PBA 2022 radio resource provides geometry and radio codes; no population/housing counts were present in the downloaded resource.",
        "source_name": "Datos Abiertos PBA / INDEC - Radios censales 2022",
        "source_url": "https://catalogo.datos.gba.gob.ar/dataset/radios-censales",
        "generated_at": "2026-06-13T02:11:01.209890+00:00",
        "data_confidence": "medium"
      },
      "geometry": {
        "type": "MultiPolygon",
        "coordinates": [
          [
            [
              [
                -58.6308051,
                -34.6280079
              ],
              [
                -58.6306475,
                -34.6269876
              ],
              [
                -58.6298491,
                -34.6271318
              ],
              [
                -58.6290943,
                -34.6272766
              ],
              [
                -58.6290628,
                -34.6270474
              ],
              [
                -58.6290942,
                -34.6269824
              ],
              [
                -58.6290949,
                -34.626982
              ],
              [
                -58.6286524,
                -34.6270277
              ],
              [
                -58.6283676,
                -34.6270526
              ],
              [
                -58.6282811,
                -34.6266835
              ],
              [
                -58.628244,
                -34.6265253
              ],
              [
                -58.6276743,
                -34.6266341
              ],
              [
                -58.6272958,
                -34.6267021
              ],
              [
                -58.6272481,
                -34.6264473
              ],
              [
                -58.6272209,
                -34.626406
              ],
              [
                -58.6271968,
                -34.6263648
              ],
              [
                -58.6271476,
                -34.6263437
              ],
              [
                -58.6261968,
                -34.6265378
              ],
              [
                -58.6256718,
                -34.6266343
              ],
              [
                -58.6258161,
                -34.627154
              ],
              [
                -58.6258556,
                -34.6272942
              ],
              [
                -58.625907,
                -34.6274841
              ],
              [
                -58.6259484,
                -34.6276477
              ],
              [
                -58.626081,
                -34.628171
              ],
              [
                -58.6273829,
                -34.6279063
              ],
              [
                -58.6274869,
                -34.6282139
              ],
              [
                -58.6280894,
                -34.6281072
              ],
              [
                -58.6287388,
                -34.6279923
              ],
              [
                -58.6288758,
                -34.6279682
              ],
              [
                -58.6292022,
                -34.627977
              ],
              [
                -58.6297552,
                -34.6279925
              ],
              [
                -58.6299984,
                -34.6279988
              ],
              [
                -58.6308051,
                -34.6280079
              ]
            ]
          ]
        ]
      }
    },
    {
      "type": "Feature",
      "properties": {
        "fid": 18851,
        "area": 154580.204,
        "perimeter": 1612.76,
        "nomprov": "BUENOS AIRES",
        "prov": "06",
        "nomdepto": "HURLINGHAM",
        "depto": "408",
        "frac": "15",
        "radio": "02",
        "tipo": "U",
        "link": "064081502",
        "assigned_zone_name": "El Palanco",
        "hurlingham_overlap_m2": 154541.3,
        "population_total": null,
        "households_total": null,
        "source_note": "PBA 2022 radio resource provides geometry and radio codes; no population/housing counts were present in the downloaded resource.",
        "source_name": "Datos Abiertos PBA / INDEC - Radios censales 2022",
        "source_url": "https://catalogo.datos.gba.gob.ar/dataset/radios-censales",
        "generated_at": "2026-06-13T02:11:01.209890+00:00",
        "data_confidence": "medium"
      },
      "geometry": {
        "type": "MultiPolygon",
        "coordinates": [
          [
            [
              [
                -58.6254059,
                -34.6248104
              ],
              [
                -58.6256105,
                -34.625624
              ],
              [
                -58.6268742,
                -34.6254084
              ],
              [
                -58.6269364,
                -34.6253978
              ],
              [
                -58.6272944,
                -34.6253365
              ],
              [
                -58.6273926,
                -34.6253199
              ],
              [
                -58.6290001,
                -34.6250492
              ],
              [
                -58.6288059,
                -34.6242628
              ],
              [
                -58.6286018,
                -34.6234133
              ],
              [
                -58.628387,
                -34.6225546
              ],
              [
                -58.628193,
                -34.6217502
              ],
              [
                -58.6280396,
                -34.6211356
              ],
              [
                -58.6280409,
                -34.6210545
              ],
              [
                -58.6262529,
                -34.6210524
              ],
              [
                -58.6258603,
                -34.621057
              ],
              [
                -58.6254459,
                -34.6210613
              ],
              [
                -58.6244754,
                -34.6210684
              ],
              [
                -58.6244633,
                -34.6211404
              ],
              [
                -58.6245452,
                -34.6214658
              ],
              [
                -58.624771,
                -34.6223156
              ],
              [
                -58.6249759,
                -34.6231111
              ],
              [
                -58.625099,
                -34.6235812
              ],
              [
                -58.6251909,
                -34.6239608
              ],
              [
                -58.6254059,
                -34.6248104
              ]
            ]
          ]
        ]
      }
    },
    {
      "type": "Feature",
      "properties": {
        "fid": 21063,
        "area": 2483557.124,
        "perimeter": 9931.741,
        "nomprov": "BUENOS AIRES",
        "prov": "06",
        "nomdepto": "TRES DE FEBRERO",
        "depto": "840",
        "frac": "34",
        "radio": "01",
        "tipo": "U",
        "link": "068403401",
        "assigned_zone_name": "Villa Club",
        "hurlingham_overlap_m2": 20170.5,
        "population_total": null,
        "households_total": null,
        "source_note": "PBA 2022 radio resource provides geometry and radio codes; no population/housing counts were present in the downloaded resource.",
        "source_name": "Datos Abiertos PBA / INDEC - Radios censales 2022",
        "source_url": "https://catalogo.datos.gba.gob.ar/dataset/radios-censales",
        "generated_at": "2026-06-13T02:11:01.209890+00:00",
        "data_confidence": "medium"
      },
      "geometry": {
        "type": "MultiPolygon",
        "coordinates": [
          [
            [
              [
                -58.6419191,
                -34.5628923
              ],
              [
                -58.6414063,
                -34.5629317
              ],
              [
                -58.6412865,
                -34.5629304
              ],
              [
                -58.6409051,
                -34.5629351
              ],
              [
                -58.6301472,
                -34.5628218
              ],
              [
                -58.6286487,
                -34.562804
              ],
              [
                -58.6284645,
                -34.562805
              ],
              [
                -58.628306,
                -34.5628073
              ],
              [
                -58.6266941,
                -34.5628178
              ],
              [
                -58.6266955,
                -34.5629507
              ],
              [
                -58.6266957,
                -34.5630147
              ],
              [
                -58.626709,
                -34.5634705
              ],
              [
                -58.6267488,
                -34.5636529
              ],
              [
                -58.6268069,
                -34.5638356
              ],
              [
                -58.6268962,
                -34.5639833
              ],
              [
                -58.6269432,
                -34.5640951
              ],
              [
                -58.6269774,
                -34.5642472
              ],
              [
                -58.6270948,
                -34.565555
              ],
              [
                -58.62711,
                -34.5657779
              ],
              [
                -58.6271074,
                -34.5663628
              ],
              [
                -58.6270998,
                -34.5665797
              ],
              [
                -58.6270691,
                -34.5667601
              ],
              [
                -58.6270544,
                -34.5670014
              ],
              [
                -58.6270504,
                -34.5683591
              ],
              [
                -58.627032,
                -34.5691073
              ],
              [
                -58.6269908,
                -34.5697541
              ],
              [
                -58.6269676,
                -34.5700522
              ],
              [
                -58.6268229,
                -34.5706674
              ],
              [
                -58.6266944,
                -34.5710503
              ],
              [
                -58.6265915,
                -34.5713576
              ],
              [
                -58.6265029,
                -34.5715437
              ],
              [
                -58.6263778,
                -34.5717142
              ],
              [
                -58.6260582,
                -34.5720064
              ],
              [
                -58.6257701,
                -34.5722409
              ],
              [
                -58.6255232,
                -34.5723822
              ],
              [
                -58.6252309,
                -34.5725003
              ],
              [
                -58.624392,
                -34.5727689
              ],
              [
                -58.6236107,
                -34.5730661
              ],
              [
                -58.6228874,
                -34.5733714
              ],
              [
                -58.6224992,
                -34.5735541
              ],
              [
                -58.6222369,
                -34.5737079
              ],
              [
                -58.6220479,
                -34.57386
              ],
              [
                -58.6219043,
                -34.5740231
              ],
              [
                -58.6216144,
                -34.5738325
              ],
              [
                -58.6213258,
                -34.5741537
              ],
              [
                -58.6212863,
                -34.5741991
              ],
              [
                -58.6211695,
                -34.5741653
              ],
              [
                -58.6211165,
                -34.5741619
              ],
              [
                -58.6210639,
                -34.5741696
              ],
              [
                -58.6210162,
                -34.5741876
              ],
              [
                -58.6209874,
                -34.5742146
              ],
              [
                -58.6209703,
                -34.5742408
              ],
              [
                -58.6209703,
                -34.5742418
              ],
              [
                -58.6209671,
                -34.5742842
              ],
              [
                -58.6209775,
                -34.5743205
              ],
              [
                -58.6209998,
                -34.5743503
              ],
              [
                -58.6210366,
                -34.5743829
              ],
              [
                -58.6211049,
                -34.5744097
              ],
              [
                -58.6211671,
                -34.5744269
              ],
              [
                -58.6212028,
                -34.5744358
              ],
              [
                -58.6208179,
                -34.5778525
              ],
              [
                -58.6195146,
                -34.5769274
              ],
              [
                -58.6188261,
                -34.5764287
              ],
              [
                -58.6186424,
                -34.5762956
              ],
              [
                -58.6183731,
                -34.5761033
              ],
              [
                -58.6176624,
                -34.5755905
              ],
              [
                -58.617447,
                -34.5754348
              ],
              [
                -58.617292,
                -34.5755863
              ],
              [
                -58.6166728,
                -34.5763323
              ],
              [
                -58.6160926,
                -34.5768734
              ],
              [
                -58.6155119,
                -34.5774413
              ],
              [
                -58.6151864,
                -34.577904
              ],
              [
                -58.6155558,
                -34.5781703
              ],
              [
                -58.6159729,
                -34.5784709
              ],
              [
                -58.6163832,
                -34.5787666
              ],
              [
                -58.6167673,
                -34.5790435
              ],
              [
                -58.6171567,
                -34.5793242
              ],
              [
                -58.6175435,
                -34.5796029
              ],
              [
                -58.6179266,
                -34.5798791
              ],
              [
                -58.6182618,
                -34.5801206
              ],
              [
                -58.6186657,
                -34.5804117
              ],
              [
                -58.6190835,
                -34.5807129
              ],
              [
                -58.6194775,
                -34.5809968
              ],
              [
                -58.6199943,
                -34.5813583
              ],
              [
                -58.6195716,
                -34.5819136
              ],
              [
                -58.6191287,
                -34.5826075
              ],
              [
                -58.6183891,
                -34.5837805
              ],
              [
                -58.618384,
                -34.5837886
              ],
              [
                -58.6165998,
                -34.5865738
              ],
              [
                -58.61645,
                -34.586934
              ],
              [
                -58.6163421,
                -34.5872995
              ],
              [
                -58.6162685,
                -34.587978
              ],
              [
                -58.6164993,
                -34.587972
              ],
              [
                -58.6167,
                -34.5878045
              ],
              [
                -58.6173763,
                -34.5872403
              ],
              [
                -58.6185125,
                -34.5862926
              ],
              [
                -58.6196247,
                -34.5853647
              ],
              [
                -58.6201621,
                -34.5849164
              ],
              [
                -58.6211872,
                -34.5840611
              ],
              [
                -58.6219805,
                -34.5833901
              ],
              [
                -58.6229277,
                -34.5825882
              ],
              [
                -58.625161,
                -34.5806974
              ],
              [
                -58.6259645,
                -34.5800171
              ],
              [
                -58.6265416,
                -34.5795285
              ],
              [
                -58.6279417,
                -34.5783429
              ],
              [
                -58.6284417,
                -34.5779273
              ],
              [
                -58.6289648,
                -34.5774945
              ],
              [
                -58.6304082,
                -34.5763003
              ],
              [
                -58.6315256,
                -34.5753305
              ],
              [
                -58.6326465,
                -34.5743732
              ],
              [
                -58.6341038,
                -34.573136
              ],
              [
                -58.6348872,
                -34.5724854
              ],
              [
                -58.6356255,
                -34.5718714
              ],
              [
                -58.6364252,
                -34.5712068
              ],
              [
                -58.6373236,
                -34.5704538
              ],
              [
                -58.6382873,
                -34.5696334
              ],
              [
                -58.6392559,
                -34.5688087
              ],
              [
                -58.6394824,
                -34.5686397
              ],
              [
                -58.6395998,
                -34.568552
              ],
              [
                -58.6400837,
                -34.5681907
              ],
              [
                -58.6414307,
                -34.5671852
              ],
              [
                -58.6415355,
                -34.5671069
              ],
              [
                -58.6419241,
                -34.5668168
              ],
              [
                -58.6423027,
                -34.5665341
              ],
              [
                -58.6427094,
                -34.5662015
              ],
              [
                -58.643663,
                -34.5654214
              ],
              [
                -58.6452168,
                -34.5641504
              ],
              [
                -58.6453506,
                -34.564041
              ],
              [
                -58.6453836,
                -34.5638902
              ],
              [
                -58.6453837,
                -34.56389
              ],
              [
                -58.6454688,
                -34.5637356
              ],
              [
                -58.6455694,
                -34.5635745
              ],
              [
                -58.6457064,
                -34.563495
              ],
              [
                -58.6458199,
                -34.5634713
              ],
              [
                -58.6458404,
                -34.5631348
              ],
              [
                -58.6458405,
                -34.5631348
              ],
              [
                -58.6460434,
                -34.5628842
              ],
              [
                -58.6459314,
                -34.5628364
              ],
              [
                -58.6456992,
                -34.5627077
              ],
              [
                -58.6455184,
                -34.5625828
              ],
              [
                -58.6449974,
                -34.562072
              ],
              [
                -58.6448232,
                -34.5621367
              ],
              [
                -58.6441496,
                -34.5623759
              ],
              [
                -58.6436338,
                -34.5625279
              ],
              [
                -58.6431761,
                -34.5626449
              ],
              [
                -58.6427551,
                -34.5627487
              ],
              [
                -58.6423627,
                -34.5628292
              ],
              [
                -58.6419191,
                -34.5628923
              ]
            ]
          ]
        ]
      }
    },
    {
      "type": "Feature",
      "properties": {
        "fid": 22316,
        "area": 88116.918,
        "perimeter": 1199.014,
        "nomprov": "BUENOS AIRES",
        "prov": "06",
        "nomdepto": "HURLINGHAM",
        "depto": "408",
        "frac": "15",
        "radio": "10",
        "tipo": "U",
        "link": "064081510",
        "assigned_zone_name": "Asunción",
        "hurlingham_overlap_m2": 88094.61,
        "population_total": null,
        "households_total": null,
        "source_note": "PBA 2022 radio resource provides geometry and radio codes; no population/housing counts were present in the downloaded resource.",
        "source_name": "Datos Abiertos PBA / INDEC - Radios censales 2022",
        "source_url": "https://catalogo.datos.gba.gob.ar/dataset/radios-censales",
        "generated_at": "2026-06-13T02:11:01.209890+00:00",
        "data_confidence": "medium"
      },
      "geometry": {
        "type": "MultiPolygon",
        "coordinates": [
          [
            [
              [
                -58.6263249,
                -34.6291294
              ],
              [
                -58.6261635,
                -34.6284604
              ],
              [
                -58.6254962,
                -34.6285881
              ],
              [
                -58.6252665,
                -34.6286306
              ],
              [
                -58.6243588,
                -34.6287916
              ],
              [
                -58.6234838,
                -34.628953
              ],
              [
                -58.6225869,
                -34.6291231
              ],
              [
                -58.622874,
                -34.630226
              ],
              [
                -58.6229153,
                -34.6303617
              ],
              [
                -58.6231933,
                -34.6313563
              ],
              [
                -58.623192,
                -34.6314374
              ],
              [
                -58.6240889,
                -34.6312672
              ],
              [
                -58.6249749,
                -34.631106
              ],
              [
                -58.6254889,
                -34.6310126
              ],
              [
                -58.6258717,
                -34.6309448
              ],
              [
                -58.6267796,
                -34.6307748
              ],
              [
                -58.6264608,
                -34.6296085
              ],
              [
                -58.6264092,
                -34.6294276
              ],
              [
                -58.6263249,
                -34.6291294
              ]
            ]
          ]
        ]
      }
    },
    {
      "type": "Feature",
      "properties": {
        "fid": 22317,
        "area": 313358.319,
        "perimeter": 2717.411,
        "nomprov": "BUENOS AIRES",
        "prov": "06",
        "nomdepto": "HURLINGHAM",
        "depto": "408",
        "frac": "16",
        "radio": "05",
        "tipo": "U",
        "link": "064081605",
        "assigned_zone_name": "Hurlingham Centro",
        "hurlingham_overlap_m2": 313279.8,
        "population_total": null,
        "households_total": null,
        "source_note": "PBA 2022 radio resource provides geometry and radio codes; no population/housing counts were present in the downloaded resource.",
        "source_name": "Datos Abiertos PBA / INDEC - Radios censales 2022",
        "source_url": "https://catalogo.datos.gba.gob.ar/dataset/radios-censales",
        "generated_at": "2026-06-13T02:11:01.209890+00:00",
        "data_confidence": "medium"
      },
      "geometry": {
        "type": "MultiPolygon",
        "coordinates": [
          [
            [
              [
                -58.6267057,
                -34.5902494
              ],
              [
                -58.6259768,
                -34.5908271
              ],
              [
                -58.6257229,
                -34.5910225
              ],
              [
                -58.6254171,
                -34.5912624
              ],
              [
                -58.6252812,
                -34.5913691
              ],
              [
                -58.6248615,
                -34.5917068
              ],
              [
                -58.623978,
                -34.5924089
              ],
              [
                -58.62368,
                -34.5926309
              ],
              [
                -58.6230835,
                -34.5931109
              ],
              [
                -58.6224982,
                -34.593573
              ],
              [
                -58.622595,
                -34.5936552
              ],
              [
                -58.6232936,
                -34.594249
              ],
              [
                -58.6233904,
                -34.5943312
              ],
              [
                -58.6242394,
                -34.5950619
              ],
              [
                -58.6249541,
                -34.5946823
              ],
              [
                -58.6250241,
                -34.5947372
              ],
              [
                -58.625193,
                -34.5948691
              ],
              [
                -58.6272947,
                -34.5937712
              ],
              [
                -58.6273983,
                -34.5938626
              ],
              [
                -58.6274843,
                -34.5939357
              ],
              [
                -58.6275511,
                -34.5938463
              ],
              [
                -58.6282987,
                -34.5934581
              ],
              [
                -58.6287713,
                -34.59322
              ],
              [
                -58.6291449,
                -34.593035
              ],
              [
                -58.6310684,
                -34.5920561
              ],
              [
                -58.6311666,
                -34.5920481
              ],
              [
                -58.6312539,
                -34.5920401
              ],
              [
                -58.632408,
                -34.5914491
              ],
              [
                -58.6338038,
                -34.5907437
              ],
              [
                -58.6338274,
                -34.5906358
              ],
              [
                -58.6336265,
                -34.5904632
              ],
              [
                -58.6335246,
                -34.5903756
              ],
              [
                -58.6334781,
                -34.5903299
              ],
              [
                -58.6332042,
                -34.590088
              ],
              [
                -58.631875,
                -34.5907221
              ],
              [
                -58.6315528,
                -34.59043
              ],
              [
                -58.6314453,
                -34.5903387
              ],
              [
                -58.6306933,
                -34.5896723
              ],
              [
                -58.6301348,
                -34.5891703
              ],
              [
                -58.6291459,
                -34.5883299
              ],
              [
                -58.6289141,
                -34.5885076
              ],
              [
                -58.628362,
                -34.588943
              ],
              [
                -58.6282848,
                -34.5889963
              ],
              [
                -58.628075,
                -34.5891652
              ],
              [
                -58.6276496,
                -34.5895002
              ],
              [
                -58.627556,
                -34.5895739
              ],
              [
                -58.6274668,
                -34.5896442
              ],
              [
                -58.627037,
                -34.5899827
              ],
              [
                -58.6267057,
                -34.5902494
              ]
            ]
          ]
        ]
      }
    },
    {
      "type": "Feature",
      "properties": {
        "fid": 22318,
        "area": 105967.938,
        "perimeter": 1731.253,
        "nomprov": "BUENOS AIRES",
        "prov": "06",
        "nomdepto": "HURLINGHAM",
        "depto": "408",
        "frac": "19",
        "radio": "01",
        "tipo": "U",
        "link": "064081901",
        "assigned_zone_name": "Mitre",
        "hurlingham_overlap_m2": 105936.2,
        "population_total": null,
        "households_total": null,
        "source_note": "PBA 2022 radio resource provides geometry and radio codes; no population/housing counts were present in the downloaded resource.",
        "source_name": "Datos Abiertos PBA / INDEC - Radios censales 2022",
        "source_url": "https://catalogo.datos.gba.gob.ar/dataset/radios-censales",
        "generated_at": "2026-06-13T02:11:01.209890+00:00",
        "data_confidence": "medium"
      },
      "geometry": {
        "type": "MultiPolygon",
        "coordinates": [
          [
            [
              [
                -58.6497322,
                -34.6126796
              ],
              [
                -58.6498077,
                -34.6127255
              ],
              [
                -58.6509516,
                -34.6134503
              ],
              [
                -58.650532,
                -34.6137791
              ],
              [
                -58.6511561,
                -34.6142908
              ],
              [
                -58.6512421,
                -34.6143638
              ],
              [
                -58.6513066,
                -34.6144186
              ],
              [
                -58.6518982,
                -34.6149209
              ],
              [
                -58.6525218,
                -34.6154596
              ],
              [
                -58.6525865,
                -34.6155054
              ],
              [
                -58.652651,
                -34.6155602
              ],
              [
                -58.6532531,
                -34.6160806
              ],
              [
                -58.6538983,
                -34.6166375
              ],
              [
                -58.6553628,
                -34.6154053
              ],
              [
                -58.654711,
                -34.6149159
              ],
              [
                -58.6539781,
                -34.6143941
              ],
              [
                -58.6532344,
                -34.6138631
              ],
              [
                -58.6530942,
                -34.6137714
              ],
              [
                -58.6525121,
                -34.6133593
              ],
              [
                -58.6518496,
                -34.6128698
              ],
              [
                -58.651758,
                -34.6128012
              ],
              [
                -58.6525643,
                -34.6121521
              ],
              [
                -58.6526085,
                -34.6121165
              ],
              [
                -58.651422,
                -34.6113283
              ],
              [
                -58.6505717,
                -34.6120039
              ],
              [
                -58.6497322,
                -34.6126796
              ]
            ]
          ]
        ]
      }
    },
    {
      "type": "Feature",
      "properties": {
        "fid": 22845,
        "area": 69606.553,
        "perimeter": 1109.982,
        "nomprov": "BUENOS AIRES",
        "prov": "06",
        "nomdepto": "HURLINGHAM",
        "depto": "408",
        "frac": "10",
        "radio": "04",
        "tipo": "U",
        "link": "064081004",
        "assigned_zone_name": "Parque Jhonston",
        "hurlingham_overlap_m2": 69589.73,
        "population_total": null,
        "households_total": null,
        "source_note": "PBA 2022 radio resource provides geometry and radio codes; no population/housing counts were present in the downloaded resource.",
        "source_name": "Datos Abiertos PBA / INDEC - Radios censales 2022",
        "source_url": "https://catalogo.datos.gba.gob.ar/dataset/radios-censales",
        "generated_at": "2026-06-13T02:11:01.209890+00:00",
        "data_confidence": "medium"
      },
      "geometry": {
        "type": "MultiPolygon",
        "coordinates": [
          [
            [
              [
                -58.6417284,
                -34.604082
              ],
              [
                -58.6417821,
                -34.6041277
              ],
              [
                -58.6425444,
                -34.6035052
              ],
              [
                -58.6432513,
                -34.6029362
              ],
              [
                -58.6431976,
                -34.6028906
              ],
              [
                -58.6426494,
                -34.6024158
              ],
              [
                -58.6424236,
                -34.602224
              ],
              [
                -58.6420689,
                -34.6019136
              ],
              [
                -58.6412952,
                -34.6012289
              ],
              [
                -58.6405212,
                -34.6005623
              ],
              [
                -58.6402561,
                -34.6007757
              ],
              [
                -58.6397701,
                -34.6011669
              ],
              [
                -58.639008,
                -34.6017803
              ],
              [
                -58.6397928,
                -34.6024471
              ],
              [
                -58.6405025,
                -34.6030499
              ],
              [
                -58.6408573,
                -34.6033513
              ],
              [
                -58.6411691,
                -34.6036161
              ],
              [
                -58.6417284,
                -34.604082
              ]
            ]
          ]
        ]
      }
    },
    {
      "type": "Feature",
      "properties": {
        "fid": 22810,
        "area": 91300.968,
        "perimeter": 1275.795,
        "nomprov": "BUENOS AIRES",
        "prov": "06",
        "nomdepto": "HURLINGHAM",
        "depto": "408",
        "frac": "17",
        "radio": "01",
        "tipo": "U",
        "link": "064081701",
        "assigned_zone_name": "Roca 2",
        "hurlingham_overlap_m2": 91279.49,
        "population_total": null,
        "households_total": null,
        "source_note": "PBA 2022 radio resource provides geometry and radio codes; no population/housing counts were present in the downloaded resource.",
        "source_name": "Datos Abiertos PBA / INDEC - Radios censales 2022",
        "source_url": "https://catalogo.datos.gba.gob.ar/dataset/radios-censales",
        "generated_at": "2026-06-13T02:11:01.209890+00:00",
        "data_confidence": "medium"
      },
      "geometry": {
        "type": "MultiPolygon",
        "coordinates": [
          [
            [
              [
                -58.6496486,
                -34.5819385
              ],
              [
                -58.6497872,
                -34.5820448
              ],
              [
                -58.6525582,
                -34.5805925
              ],
              [
                -58.6524623,
                -34.5804565
              ],
              [
                -58.6518892,
                -34.5797115
              ],
              [
                -58.6508205,
                -34.5788187
              ],
              [
                -58.6501586,
                -34.5782437
              ],
              [
                -58.6500726,
                -34.5781706
              ],
              [
                -58.6497745,
                -34.5784107
              ],
              [
                -58.6495079,
                -34.578605
              ],
              [
                -58.6485168,
                -34.5793612
              ],
              [
                -58.6484175,
                -34.5794322
              ],
              [
                -58.6484065,
                -34.5794411
              ],
              [
                -58.6478657,
                -34.5798588
              ],
              [
                -58.648607,
                -34.580516
              ],
              [
                -58.6493915,
                -34.5812007
              ],
              [
                -58.6500147,
                -34.5817484
              ],
              [
                -58.6496486,
                -34.5819385
              ]
            ]
          ]
        ]
      }
    },
    {
      "type": "Feature",
      "properties": {
        "fid": 23274,
        "area": 161332.801,
        "perimeter": 1686.781,
        "nomprov": "BUENOS AIRES",
        "prov": "06",
        "nomdepto": "HURLINGHAM",
        "depto": "408",
        "frac": "01",
        "radio": "08",
        "tipo": "U",
        "link": "064080108",
        "assigned_zone_name": "Villa Club",
        "hurlingham_overlap_m2": 161292.78,
        "population_total": null,
        "households_total": null,
        "source_note": "PBA 2022 radio resource provides geometry and radio codes; no population/housing counts were present in the downloaded resource.",
        "source_name": "Datos Abiertos PBA / INDEC - Radios censales 2022",
        "source_url": "https://catalogo.datos.gba.gob.ar/dataset/radios-censales",
        "generated_at": "2026-06-13T02:11:01.209890+00:00",
        "data_confidence": "medium"
      },
      "geometry": {
        "type": "MultiPolygon",
        "coordinates": [
          [
            [
              [
                -58.6284417,
                -34.5787857
              ],
              [
                -58.62914,
                -34.5793975
              ],
              [
                -58.6299028,
                -34.580064
              ],
              [
                -58.6304107,
                -34.5796641
              ],
              [
                -58.6309406,
                -34.5792464
              ],
              [
                -58.6317033,
                -34.579922
              ],
              [
                -58.6331933,
                -34.5787759
              ],
              [
                -58.6339105,
                -34.5782341
              ],
              [
                -58.6343964,
                -34.577843
              ],
              [
                -58.6340418,
                -34.5775326
              ],
              [
                -58.6336228,
                -34.5771673
              ],
              [
                -58.6328492,
                -34.5764917
              ],
              [
                -58.6321617,
                -34.5758891
              ],
              [
                -58.6315256,
                -34.5753305
              ],
              [
                -58.6304082,
                -34.5763003
              ],
              [
                -58.6289648,
                -34.5774945
              ],
              [
                -58.6284417,
                -34.5779273
              ],
              [
                -58.6279417,
                -34.5783429
              ],
              [
                -58.6282592,
                -34.5786214
              ],
              [
                -58.6284417,
                -34.5787857
              ]
            ]
          ]
        ]
      }
    },
    {
      "type": "Feature",
      "properties": {
        "fid": 23716,
        "area": 157069.222,
        "perimeter": 1657.803,
        "nomprov": "BUENOS AIRES",
        "prov": "06",
        "nomdepto": "HURLINGHAM",
        "depto": "408",
        "frac": "01",
        "radio": "07",
        "tipo": "U",
        "link": "064080107",
        "assigned_zone_name": "Villa Club",
        "hurlingham_overlap_m2": 157030.64,
        "population_total": null,
        "households_total": null,
        "source_note": "PBA 2022 radio resource provides geometry and radio codes; no population/housing counts were present in the downloaded resource.",
        "source_name": "Datos Abiertos PBA / INDEC - Radios censales 2022",
        "source_url": "https://catalogo.datos.gba.gob.ar/dataset/radios-censales",
        "generated_at": "2026-06-13T02:11:01.209890+00:00",
        "data_confidence": "medium"
      },
      "geometry": {
        "type": "MultiPolygon",
        "coordinates": [
          [
            [
              [
                -58.6328492,
                -34.5764917
              ],
              [
                -58.6336228,
                -34.5771673
              ],
              [
                -58.6347929,
                -34.576252
              ],
              [
                -58.6361613,
                -34.5752037
              ],
              [
                -58.6362939,
                -34.575088
              ],
              [
                -58.6366806,
                -34.5747679
              ],
              [
                -58.637089,
                -34.5744479
              ],
              [
                -58.6378946,
                -34.573826
              ],
              [
                -58.6372393,
                -34.5732508
              ],
              [
                -58.6371425,
                -34.5731686
              ],
              [
                -58.6364333,
                -34.5725568
              ],
              [
                -58.6356255,
                -34.5718714
              ],
              [
                -58.6348872,
                -34.5724854
              ],
              [
                -58.6341038,
                -34.573136
              ],
              [
                -58.6326465,
                -34.5743732
              ],
              [
                -58.6315256,
                -34.5753305
              ],
              [
                -58.6321617,
                -34.5758891
              ],
              [
                -58.6328492,
                -34.5764917
              ]
            ]
          ]
        ]
      }
    },
    {
      "type": "Feature",
      "properties": {
        "fid": 23751,
        "area": 110312.445,
        "perimeter": 1531.47,
        "nomprov": "BUENOS AIRES",
        "prov": "06",
        "nomdepto": "HURLINGHAM",
        "depto": "408",
        "frac": "15",
        "radio": "03",
        "tipo": "U",
        "link": "064081503",
        "assigned_zone_name": "El Palanco",
        "hurlingham_overlap_m2": 110284.34,
        "population_total": null,
        "households_total": null,
        "source_note": "PBA 2022 radio resource provides geometry and radio codes; no population/housing counts were present in the downloaded resource.",
        "source_name": "Datos Abiertos PBA / INDEC - Radios censales 2022",
        "source_url": "https://catalogo.datos.gba.gob.ar/dataset/radios-censales",
        "generated_at": "2026-06-13T02:11:01.209890+00:00",
        "data_confidence": "medium"
      },
      "geometry": {
        "type": "MultiPolygon",
        "coordinates": [
          [
            [
              [
                -58.6193075,
                -34.6254976
              ],
              [
                -58.6194389,
                -34.6258599
              ],
              [
                -58.6200959,
                -34.6256765
              ],
              [
                -58.6219725,
                -34.6253936
              ],
              [
                -58.6237002,
                -34.6250977
              ],
              [
                -58.6254059,
                -34.6248104
              ],
              [
                -58.6251909,
                -34.6239608
              ],
              [
                -58.625099,
                -34.6235812
              ],
              [
                -58.6249759,
                -34.6231111
              ],
              [
                -58.6232594,
                -34.6233982
              ],
              [
                -58.6215647,
                -34.6236765
              ],
              [
                -58.6190251,
                -34.6240635
              ],
              [
                -58.6188135,
                -34.6241034
              ],
              [
                -58.6189592,
                -34.624548
              ],
              [
                -58.6189845,
                -34.6246251
              ],
              [
                -58.6190278,
                -34.6247567
              ],
              [
                -58.6191163,
                -34.6249943
              ],
              [
                -58.6192275,
                -34.6252725
              ],
              [
                -58.6193075,
                -34.6254976
              ]
            ]
          ]
        ]
      }
    },
    {
      "type": "Feature",
      "properties": {
        "fid": 23812,
        "area": 109743.687,
        "perimeter": 1356.167,
        "nomprov": "BUENOS AIRES",
        "prov": "06",
        "nomdepto": "HURLINGHAM",
        "depto": "408",
        "frac": "18",
        "radio": "05",
        "tipo": "U",
        "link": "064081805",
        "assigned_zone_name": "El Destino",
        "hurlingham_overlap_m2": 109719.25,
        "population_total": null,
        "households_total": null,
        "source_note": "PBA 2022 radio resource provides geometry and radio codes; no population/housing counts were present in the downloaded resource.",
        "source_name": "Datos Abiertos PBA / INDEC - Radios censales 2022",
        "source_url": "https://catalogo.datos.gba.gob.ar/dataset/radios-censales",
        "generated_at": "2026-06-13T02:11:01.209890+00:00",
        "data_confidence": "medium"
      },
      "geometry": {
        "type": "MultiPolygon",
        "coordinates": [
          [
            [
              [
                -58.6659562,
                -34.5941731
              ],
              [
                -58.6668271,
                -34.5949217
              ],
              [
                -58.6671605,
                -34.5952048
              ],
              [
                -58.6679879,
                -34.5959439
              ],
              [
                -58.6681316,
                -34.5958238
              ],
              [
                -58.6685843,
                -34.5954547
              ],
              [
                -58.6691697,
                -34.5949743
              ],
              [
                -58.6701857,
                -34.5941472
              ],
              [
                -58.6711466,
                -34.5933554
              ],
              [
                -58.671125,
                -34.5933372
              ],
              [
                -58.6700397,
                -34.5923609
              ],
              [
                -58.6691909,
                -34.5915945
              ],
              [
                -58.6681642,
                -34.5924125
              ],
              [
                -58.667535,
                -34.5929104
              ],
              [
                -58.6671487,
                -34.5932127
              ],
              [
                -58.6671156,
                -34.5932393
              ],
              [
                -58.6665412,
                -34.5937108
              ],
              [
                -58.6659562,
                -34.5941731
              ]
            ]
          ]
        ]
      }
    },
    {
      "type": "Feature",
      "properties": {
        "fid": 23817,
        "area": 91379.139,
        "perimeter": 1399.957,
        "nomprov": "BUENOS AIRES",
        "prov": "06",
        "nomdepto": "HURLINGHAM",
        "depto": "408",
        "frac": "19",
        "radio": "04",
        "tipo": "U",
        "link": "064081904",
        "assigned_zone_name": "Mitre",
        "hurlingham_overlap_m2": 91357.28,
        "population_total": null,
        "households_total": null,
        "source_note": "PBA 2022 radio resource provides geometry and radio codes; no population/housing counts were present in the downloaded resource.",
        "source_name": "Datos Abiertos PBA / INDEC - Radios censales 2022",
        "source_url": "https://catalogo.datos.gba.gob.ar/dataset/radios-censales",
        "generated_at": "2026-06-13T02:11:01.209890+00:00",
        "data_confidence": "medium"
      },
      "geometry": {
        "type": "MultiPolygon",
        "coordinates": [
          [
            [
              [
                -58.6511063,
                -34.6166968
              ],
              [
                -58.650068,
                -34.6175236
              ],
              [
                -58.6494164,
                -34.6180392
              ],
              [
                -58.6488863,
                -34.6184569
              ],
              [
                -58.648198,
                -34.6178724
              ],
              [
                -58.6470379,
                -34.618815
              ],
              [
                -58.6477264,
                -34.6193905
              ],
              [
                -58.6478339,
                -34.6194818
              ],
              [
                -58.6483933,
                -34.6199477
              ],
              [
                -58.6491681,
                -34.6205782
              ],
              [
                -58.6497033,
                -34.6201306
              ],
              [
                -58.6502955,
                -34.6196353
              ],
              [
                -58.650851,
                -34.6191753
              ],
              [
                -58.6514448,
                -34.6186835
              ],
              [
                -58.6518787,
                -34.6183097
              ],
              [
                -58.6524285,
                -34.6178562
              ],
              [
                -58.6523265,
                -34.6177604
              ],
              [
                -58.6517622,
                -34.6172629
              ],
              [
                -58.6511063,
                -34.6166968
              ]
            ]
          ]
        ]
      }
    },
    {
      "type": "Feature",
      "properties": {
        "fid": 23869,
        "area": 138131.83,
        "perimeter": 1518.462,
        "nomprov": "BUENOS AIRES",
        "prov": "06",
        "nomdepto": "HURLINGHAM",
        "depto": "408",
        "frac": "12",
        "radio": "07",
        "tipo": "U",
        "link": "064081207",
        "assigned_zone_name": "Carola Lorenzini",
        "hurlingham_overlap_m2": 137932.31,
        "population_total": null,
        "households_total": null,
        "source_note": "PBA 2022 radio resource provides geometry and radio codes; no population/housing counts were present in the downloaded resource.",
        "source_name": "Datos Abiertos PBA / INDEC - Radios censales 2022",
        "source_url": "https://catalogo.datos.gba.gob.ar/dataset/radios-censales",
        "generated_at": "2026-06-13T02:11:01.209890+00:00",
        "data_confidence": "medium"
      },
      "geometry": {
        "type": "MultiPolygon",
        "coordinates": [
          [
            [
              [
                -58.6547397,
                -34.6280038
              ],
              [
                -58.655651,
                -34.6287246
              ],
              [
                -58.6565099,
                -34.6280303
              ],
              [
                -58.6566552,
                -34.6279127
              ],
              [
                -58.6573279,
                -34.6273631
              ],
              [
                -58.6580425,
                -34.6267791
              ],
              [
                -58.6590046,
                -34.6259927
              ],
              [
                -58.6580768,
                -34.6252644
              ],
              [
                -58.6573022,
                -34.6246159
              ],
              [
                -58.6573246,
                -34.6245801
              ],
              [
                -58.6573362,
                -34.6245352
              ],
              [
                -58.6573477,
                -34.6244993
              ],
              [
                -58.6573483,
                -34.6244632
              ],
              [
                -58.657349,
                -34.6244182
              ],
              [
                -58.6573496,
                -34.6243821
              ],
              [
                -58.6573393,
                -34.624346
              ],
              [
                -58.6573291,
                -34.6243008
              ],
              [
                -58.6573188,
                -34.6242646
              ],
              [
                -58.6572976,
                -34.6242283
              ],
              [
                -58.6572763,
                -34.624192
              ],
              [
                -58.657255,
                -34.6241648
              ],
              [
                -58.6571956,
                -34.624128
              ],
              [
                -58.65712,
                -34.6240821
              ],
              [
                -58.6570172,
                -34.6240314
              ],
              [
                -58.6568869,
                -34.6239985
              ],
              [
                -58.6567073,
                -34.623983
              ],
              [
                -58.6566143,
                -34.624
              ],
              [
                -58.656565,
                -34.6240174
              ],
              [
                -58.6565264,
                -34.6240396
              ],
              [
                -58.6564825,
                -34.6240571
              ],
              [
                -58.6564715,
                -34.624066
              ],
              [
                -58.6555655,
                -34.6248041
              ],
              [
                -58.6542727,
                -34.6258625
              ],
              [
                -58.653455,
                -34.6265295
              ],
              [
                -58.6532012,
                -34.6267159
              ],
              [
                -58.6539435,
                -34.627337
              ],
              [
                -58.6547397,
                -34.6280038
              ]
            ]
          ]
        ]
      }
    }
  ]
}
