{
  "type": "FeatureCollection",
  "name": "flood_zones_hurlingham",
  "metadata": {
    "generated_at": "2026-06-29T00:24:57.845820+00:00",
    "crs": "EPSG:4326",
    "scope": "Partido de Hurlingham, Buenos Aires, Argentina",
    "source_name": "Autoridad del Agua PBA - Peligrosidad Cuenca Reconquista",
    "source_url": "https://ada.gba.gov.ar/cartas-de-riesgo-hidrico/",
    "license": "Public official geospatial data; cite ADA PBA.",
    "metric_crs_used_for_calculation": "EPSG:32721",
    "data_confidence": "high"
  },
  "features": [
    {
      "type": "Feature",
      "properties": {
        "zone_name": "Asunción",
        "area_km2": 0.3938,
        "flood_risk_overlap_m2": 0.0,
        "flood_risk_overlap_pct": 0.0,
        "flood_risk_high_or_medium_m2": 0.0,
        "in_flood_risk_zone": false,
        "flood_risk_level": null,
        "flood_penalty_score": null,
        "flood_risk_max_score": null,
        "source_name": "Autoridad del Agua PBA - Peligrosidad Cuenca Reconquista",
        "source_url": "https://ada.gba.gov.ar/cartas-de-riesgo-hidrico/",
        "generated_at": "2026-06-29T00:24:57.845820+00:00",
        "data_confidence": "high"
      },
      "geometry": {
        "type": "Polygon",
        "coordinates": [
          [
            [
              -58.6257937,
              -34.6324185
            ],
            [
              -58.6269413,
              -34.6324307
            ],
            [
              -58.6269685,
              -34.6320298
            ],
            [
              -58.6269769,
              -34.6317636
            ],
            [
              -58.6269758,
              -34.6316722
            ],
            [
              -58.6269709,
              -34.6316141
            ],
            [
              -58.6269531,
              -34.6315428
            ],
            [
              -58.6267413,
              -34.6307616
            ],
            [
              -58.6264288,
              -34.6295858
            ],
            [
              -58.6263819,
              -34.6294027
            ],
            [
              -58.6263176,
              -34.6291521
            ],
            [
              -58.6261259,
              -34.6284659
            ],
            [
              -58.6261193,
              -34.6284386
            ],
            [
              -58.6260952,
              -34.6283314
            ],
            [
              -58.6260518,
              -34.6281586
            ],
            [
              -58.6260165,
              -34.6280289
            ],
            [
              -58.6260082,
              -34.6279985
            ],
            [
              -58.6259099,
              -34.627637
            ],
            [
              -58.6258699,
              -34.6274919
            ],
            [
              -58.6256445,
              -34.6266132
            ],
            [
              -58.6256252,
              -34.6265281
            ],
            [
              -58.6254069,
              -34.6256713
            ],
            [
              -58.6244845,
              -34.6258256
            ],
            [
              -58.623884,
              -34.6259209
            ],
            [
              -58.6235836,
              -34.625973
            ],
            [
              -58.6227101,
              -34.6261175
            ],
            [
              -58.6221811,
              -34.6262
            ],
            [
              -58.6218466,
              -34.626255
            ],
            [
              -58.6200165,
              -34.6265667
            ],
            [
              -58.6196956,
              -34.62662
            ],
            [
              -58.6199188,
              -34.6275351
            ],
            [
              -58.6202,
              -34.6284704
            ],
            [
              -58.6202028,
              -34.6285257
            ],
            [
              -58.6201696,
              -34.6286069
            ],
            [
              -58.6200511,
              -34.6287756
            ],
            [
              -58.6200064,
              -34.628823
            ],
            [
              -58.6199457,
              -34.628867
            ],
            [
              -58.6197406,
              -34.6289837
            ],
            [
              -58.6198996,
              -34.6295948
            ],
            [
              -58.6201994,
              -34.6307286
            ],
            [
              -58.6203543,
              -34.6312979
            ],
            [
              -58.6203667,
              -34.6313235
            ],
            [
              -58.6203896,
              -34.6313465
            ],
            [
              -58.6205666,
              -34.6318644
            ],
            [
              -58.6207032,
              -34.6318992
            ],
            [
              -58.6208391,
              -34.6319627
            ],
            [
              -58.6213836,
              -34.6322594
            ],
            [
              -58.6214523,
              -34.6322744
            ],
            [
              -58.6215195,
              -34.6322858
            ],
            [
              -58.621905,
              -34.6322925
            ],
            [
              -58.6222631,
              -34.6322984
            ],
            [
              -58.6228321,
              -34.6323136
            ],
            [
              -58.6231444,
              -34.6323224
            ],
            [
              -58.6236557,
              -34.6323439
            ],
            [
              -58.6240257,
              -34.6323649
            ],
            [
              -58.6243054,
              -34.6323779
            ],
            [
              -58.6248923,
              -34.6324005
            ],
            [
              -58.6253093,
              -34.6324006
            ],
            [
              -58.6256631,
              -34.632413
            ],
            [
              -58.6257937,
              -34.6324185
            ]
          ]
        ]
      }
    },
    {
      "type": "Feature",
      "properties": {
        "zone_name": "Atepam Italia",
        "area_km2": 0.1536,
        "flood_risk_overlap_m2": 0.0,
        "flood_risk_overlap_pct": 0.0,
        "flood_risk_high_or_medium_m2": 0.0,
        "in_flood_risk_zone": false,
        "flood_risk_level": null,
        "flood_penalty_score": null,
        "flood_risk_max_score": null,
        "source_name": "Autoridad del Agua PBA - Peligrosidad Cuenca Reconquista",
        "source_url": "https://ada.gba.gov.ar/cartas-de-riesgo-hidrico/",
        "generated_at": "2026-06-29T00:24:57.845820+00:00",
        "data_confidence": "high"
      },
      "geometry": {
        "type": "Polygon",
        "coordinates": [
          [
            [
              -58.6310774,
              -34.6279894
            ],
            [
              -58.6309722,
              -34.6279807
            ],
            [
              -58.6308954,
              -34.6279759
            ],
            [
              -58.6307786,
              -34.6279686
            ],
            [
              -58.6299962,
              -34.6279613
            ],
            [
              -58.6292127,
              -34.6279468
            ],
            [
              -58.6260165,
              -34.6280289
            ],
            [
              -58.6260518,
              -34.6281586
            ],
            [
              -58.6260952,
              -34.6283314
            ],
            [
              -58.6261193,
              -34.6284386
            ],
            [
              -58.6261259,
              -34.6284659
            ],
            [
              -58.6263176,
              -34.6291521
            ],
            [
              -58.6263819,
              -34.6294027
            ],
            [
              -58.6264288,
              -34.6295858
            ],
            [
              -58.6267413,
              -34.6307616
            ],
            [
              -58.6269531,
              -34.6315428
            ],
            [
              -58.6269709,
              -34.6316141
            ],
            [
              -58.6269758,
              -34.6316722
            ],
            [
              -58.6269769,
              -34.6317636
            ],
            [
              -58.6269685,
              -34.6320298
            ],
            [
              -58.6269413,
              -34.6324307
            ],
            [
              -58.6273786,
              -34.63242
            ],
            [
              -58.6274501,
              -34.6324121
            ],
            [
              -58.6275087,
              -34.6324013
            ],
            [
              -58.6275664,
              -34.6323891
            ],
            [
              -58.6276066,
              -34.632377
            ],
            [
              -58.6276614,
              -34.6323581
            ],
            [
              -58.6277005,
              -34.6323384
            ],
            [
              -58.6277461,
              -34.6323163
            ],
            [
              -58.6278091,
              -34.6322799
            ],
            [
              -58.6278568,
              -34.6322469
            ],
            [
              -58.6279237,
              -34.6321906
            ],
            [
              -58.627997,
              -34.6321228
            ],
            [
              -58.628055,
              -34.6320692
            ],
            [
              -58.628116,
              -34.6320077
            ],
            [
              -58.6286678,
              -34.6314516
            ],
            [
              -58.6287452,
              -34.6313794
            ],
            [
              -58.6288007,
              -34.6313376
            ],
            [
              -58.6288261,
              -34.6313277
            ],
            [
              -58.628874,
              -34.6313143
            ],
            [
              -58.6291297,
              -34.6312713
            ],
            [
              -58.6296463,
              -34.6311845
            ],
            [
              -58.6298013,
              -34.6311635
            ],
            [
              -58.6299391,
              -34.6311469
            ],
            [
              -58.6300482,
              -34.6311337
            ],
            [
              -58.630106,
              -34.630975
            ],
            [
              -58.6304198,
              -34.6301137
            ],
            [
              -58.6305124,
              -34.6298663
            ],
            [
              -58.6307613,
              -34.6291405
            ],
            [
              -58.6310494,
              -34.6283054
            ],
            [
              -58.6310732,
              -34.6282391
            ],
            [
              -58.6311304,
              -34.6280726
            ],
            [
              -58.6311536,
              -34.6280053
            ],
            [
              -58.6310774,
              -34.6279894
            ]
          ]
        ]
      }
    },
    {
      "type": "Feature",
      "properties": {
        "zone_name": "Belgrano",
        "area_km2": 0.297,
        "flood_risk_overlap_m2": 29563.08,
        "flood_risk_overlap_pct": 9.9475,
        "flood_risk_high_or_medium_m2": 2.26,
        "in_flood_risk_zone": true,
        "flood_risk_level": "muy_baja",
        "flood_penalty_score": 7.47,
        "flood_risk_max_score": 50,
        "source_name": "Autoridad del Agua PBA - Peligrosidad Cuenca Reconquista",
        "source_url": "https://ada.gba.gov.ar/cartas-de-riesgo-hidrico/",
        "generated_at": "2026-06-29T00:24:57.845820+00:00",
        "data_confidence": "high"
      },
      "geometry": {
        "type": "Polygon",
        "coordinates": [
          [
            [
              -58.6582466,
              -34.5823543
            ],
            [
              -58.6591,
              -34.5817654
            ],
            [
              -58.6591631,
              -34.5817238
            ],
            [
              -58.6600713,
              -34.5811245
            ],
            [
              -58.662756,
              -34.5793505
            ],
            [
              -58.6640195,
              -34.5784881
            ],
            [
              -58.6644777,
              -34.5781752
            ],
            [
              -58.6647748,
              -34.5779722
            ],
            [
              -58.6644767,
              -34.5777019
            ],
            [
              -58.6644406,
              -34.5776688
            ],
            [
              -58.6641351,
              -34.5773682
            ],
            [
              -58.6640898,
              -34.5773228
            ],
            [
              -58.66337,
              -34.576602
            ],
            [
              -58.6625078,
              -34.575716
            ],
            [
              -58.6624663,
              -34.5756939
            ],
            [
              -58.6624244,
              -34.5757026
            ],
            [
              -58.6616861,
              -34.5760904
            ],
            [
              -58.6615345,
              -34.5761649
            ],
            [
              -58.6614075,
              -34.5759911
            ],
            [
              -58.6588081,
              -34.5773584
            ],
            [
              -58.6577029,
              -34.5779135
            ],
            [
              -58.6574855,
              -34.5780227
            ],
            [
              -58.6567811,
              -34.5783778
            ],
            [
              -58.6554969,
              -34.5790484
            ],
            [
              -58.6555235,
              -34.5790746
            ],
            [
              -58.6556236,
              -34.5791556
            ],
            [
              -58.655725,
              -34.5792072
            ],
            [
              -58.6557858,
              -34.5792683
            ],
            [
              -58.6563353,
              -34.5799853
            ],
            [
              -58.657028,
              -34.5808877
            ],
            [
              -58.658001,
              -34.5821614
            ],
            [
              -58.6581112,
              -34.58226
            ],
            [
              -58.6582014,
              -34.5823228
            ],
            [
              -58.6582466,
              -34.5823543
            ]
          ]
        ]
      }
    },
    {
      "type": "Feature",
      "properties": {
        "zone_name": "Carola Lorenzini",
        "area_km2": 0.3936,
        "flood_risk_overlap_m2": 0.0,
        "flood_risk_overlap_pct": 0.0,
        "flood_risk_high_or_medium_m2": 0.0,
        "in_flood_risk_zone": false,
        "flood_risk_level": null,
        "flood_penalty_score": null,
        "flood_risk_max_score": null,
        "source_name": "Autoridad del Agua PBA - Peligrosidad Cuenca Reconquista",
        "source_url": "https://ada.gba.gov.ar/cartas-de-riesgo-hidrico/",
        "generated_at": "2026-06-29T00:24:57.845820+00:00",
        "data_confidence": "high"
      },
      "geometry": {
        "type": "Polygon",
        "coordinates": [
          [
            [
              -58.6558705,
              -34.6207361
            ],
            [
              -58.6551482,
              -34.6213149
            ],
            [
              -58.6542501,
              -34.6220557
            ],
            [
              -58.6534928,
              -34.6226844
            ],
            [
              -58.653273,
              -34.6228669
            ],
            [
              -58.6531548,
              -34.6229634
            ],
            [
              -58.6519886,
              -34.6239159
            ],
            [
              -58.6509278,
              -34.6247733
            ],
            [
              -58.6516191,
              -34.6253445
            ],
            [
              -58.6524787,
              -34.6260773
            ],
            [
              -58.6532413,
              -34.6267174
            ],
            [
              -58.6539795,
              -34.6273356
            ],
            [
              -58.654768,
              -34.6279884
            ],
            [
              -58.6556442,
              -34.6287247
            ],
            [
              -58.6564638,
              -34.6280631
            ],
            [
              -58.6566407,
              -34.627926
            ],
            [
              -58.6573198,
              -34.6273704
            ],
            [
              -58.6580563,
              -34.6267578
            ],
            [
              -58.6589928,
              -34.6259937
            ],
            [
              -58.6597957,
              -34.6253221
            ],
            [
              -58.6606371,
              -34.6246297
            ],
            [
              -58.6597661,
              -34.6238999
            ],
            [
              -58.6595521,
              -34.6237152
            ],
            [
              -58.6594433,
              -34.6236238
            ],
            [
              -58.6589687,
              -34.6233271
            ],
            [
              -58.6574278,
              -34.6220606
            ],
            [
              -58.6558705,
              -34.6207361
            ]
          ]
        ]
      }
    },
    {
      "type": "Feature",
      "properties": {
        "zone_name": "Cartero",
        "area_km2": 0.0794,
        "flood_risk_overlap_m2": 0.0,
        "flood_risk_overlap_pct": 0.0,
        "flood_risk_high_or_medium_m2": 0.0,
        "in_flood_risk_zone": false,
        "flood_risk_level": null,
        "flood_penalty_score": null,
        "flood_risk_max_score": null,
        "source_name": "Autoridad del Agua PBA - Peligrosidad Cuenca Reconquista",
        "source_url": "https://ada.gba.gov.ar/cartas-de-riesgo-hidrico/",
        "generated_at": "2026-06-29T00:24:57.845820+00:00",
        "data_confidence": "high"
      },
      "geometry": {
        "type": "Polygon",
        "coordinates": [
          [
            [
              -58.6502292,
              -34.5928266
            ],
            [
              -58.6499512,
              -34.5926023
            ],
            [
              -58.649704,
              -34.5923953
            ],
            [
              -58.6494569,
              -34.5921883
            ],
            [
              -58.6493313,
              -34.5920831
            ],
            [
              -58.6491569,
              -34.5919463
            ],
            [
              -58.6484829,
              -34.5913724
            ],
            [
              -58.6482508,
              -34.5915637
            ],
            [
              -58.6480267,
              -34.5917484
            ],
            [
              -58.6478659,
              -34.5918752
            ],
            [
              -58.647781,
              -34.5919504
            ],
            [
              -58.6475219,
              -34.5921628
            ],
            [
              -58.6472557,
              -34.5923809
            ],
            [
              -58.646619,
              -34.5929008
            ],
            [
              -58.6468904,
              -34.5931313
            ],
            [
              -58.6468195,
              -34.59318
            ],
            [
              -58.6466843,
              -34.5932955
            ],
            [
              -58.6465095,
              -34.593414
            ],
            [
              -58.6459379,
              -34.5936794
            ],
            [
              -58.6464874,
              -34.5943839
            ],
            [
              -58.6472003,
              -34.5952628
            ],
            [
              -58.6477406,
              -34.5948465
            ],
            [
              -58.6483438,
              -34.5943689
            ],
            [
              -58.6486352,
              -34.5941224
            ],
            [
              -58.6488733,
              -34.5939126
            ],
            [
              -58.6489949,
              -34.593814
            ],
            [
              -58.6491109,
              -34.5937103
            ],
            [
              -58.6493652,
              -34.5935106
            ],
            [
              -58.649587,
              -34.593335
            ],
            [
              -58.6502292,
              -34.5928266
            ]
          ]
        ]
      }
    },
    {
      "type": "Feature",
      "properties": {
        "zone_name": "Cosmopolita",
        "area_km2": 0.3223,
        "flood_risk_overlap_m2": 0.0,
        "flood_risk_overlap_pct": 0.0,
        "flood_risk_high_or_medium_m2": 0.0,
        "in_flood_risk_zone": false,
        "flood_risk_level": null,
        "flood_penalty_score": null,
        "flood_risk_max_score": null,
        "source_name": "Autoridad del Agua PBA - Peligrosidad Cuenca Reconquista",
        "source_url": "https://ada.gba.gov.ar/cartas-de-riesgo-hidrico/",
        "generated_at": "2026-06-29T00:24:57.845820+00:00",
        "data_confidence": "high"
      },
      "geometry": {
        "type": "Polygon",
        "coordinates": [
          [
            [
              -58.6392712,
              -34.5840642
            ],
            [
              -58.63864,
              -34.5859475
            ],
            [
              -58.6382204,
              -34.5872121
            ],
            [
              -58.6381215,
              -34.5875147
            ],
            [
              -58.6379406,
              -34.5881077
            ],
            [
              -58.6379246,
              -34.5881656
            ],
            [
              -58.6379082,
              -34.5882163
            ],
            [
              -58.6399747,
              -34.5871464
            ],
            [
              -58.6431861,
              -34.5854841
            ],
            [
              -58.6446229,
              -34.5847402
            ],
            [
              -58.646317,
              -34.5838633
            ],
            [
              -58.6462736,
              -34.5838209
            ],
            [
              -58.646165,
              -34.5837198
            ],
            [
              -58.6460715,
              -34.583636
            ],
            [
              -58.6454877,
              -34.5831357
            ],
            [
              -58.6454049,
              -34.5830648
            ],
            [
              -58.6446918,
              -34.5824152
            ],
            [
              -58.6439549,
              -34.5817803
            ],
            [
              -58.6432361,
              -34.5811398
            ],
            [
              -58.6424868,
              -34.5804637
            ],
            [
              -58.6417395,
              -34.5798077
            ],
            [
              -58.6409538,
              -34.5791447
            ],
            [
              -58.6409469,
              -34.5792143
            ],
            [
              -58.6408065,
              -34.5796454
            ],
            [
              -58.6407973,
              -34.5796737
            ],
            [
              -58.6405217,
              -34.5805194
            ],
            [
              -58.6404495,
              -34.5807356
            ],
            [
              -58.6403721,
              -34.5809768
            ],
            [
              -58.6403205,
              -34.5811269
            ],
            [
              -58.6402056,
              -34.5814675
            ],
            [
              -58.6400419,
              -34.5818263
            ],
            [
              -58.6399124,
              -34.5822126
            ],
            [
              -58.6398797,
              -34.582289
            ],
            [
              -58.6398286,
              -34.5824451
            ],
            [
              -58.6397775,
              -34.5826012
            ],
            [
              -58.6393119,
              -34.5839569
            ],
            [
              -58.6392712,
              -34.5840642
            ]
          ]
        ]
      }
    },
    {
      "type": "Feature",
      "properties": {
        "zone_name": "Curapaytí",
        "area_km2": 0.7093,
        "flood_risk_overlap_m2": 0.0,
        "flood_risk_overlap_pct": 0.0,
        "flood_risk_high_or_medium_m2": 0.0,
        "in_flood_risk_zone": false,
        "flood_risk_level": null,
        "flood_penalty_score": null,
        "flood_risk_max_score": null,
        "source_name": "Autoridad del Agua PBA - Peligrosidad Cuenca Reconquista",
        "source_url": "https://ada.gba.gov.ar/cartas-de-riesgo-hidrico/",
        "generated_at": "2026-06-29T00:24:57.845820+00:00",
        "data_confidence": "high"
      },
      "geometry": {
        "type": "Polygon",
        "coordinates": [
          [
            [
              -58.6502292,
              -34.5928266
            ],
            [
              -58.6508429,
              -34.5923364
            ],
            [
              -58.6514226,
              -34.5918545
            ],
            [
              -58.652096,
              -34.5913203
            ],
            [
              -58.6531208,
              -34.5904866
            ],
            [
              -58.6534931,
              -34.5901848
            ],
            [
              -58.6540213,
              -34.5897566
            ],
            [
              -58.6533055,
              -34.5891502
            ],
            [
              -58.6531698,
              -34.5890353
            ],
            [
              -58.6522658,
              -34.5882671
            ],
            [
              -58.6516091,
              -34.5877134
            ],
            [
              -58.6508795,
              -34.5870931
            ],
            [
              -58.6505638,
              -34.586828
            ],
            [
              -58.6504961,
              -34.5867813
            ],
            [
              -58.6503347,
              -34.5866701
            ],
            [
              -58.6503129,
              -34.5866551
            ],
            [
              -58.6502565,
              -34.5866163
            ],
            [
              -58.6495466,
              -34.5861301
            ],
            [
              -58.6494683,
              -34.5860788
            ],
            [
              -58.6486388,
              -34.5855347
            ],
            [
              -58.6477655,
              -34.5849678
            ],
            [
              -58.6469444,
              -34.5844144
            ],
            [
              -58.6464191,
              -34.5839651
            ],
            [
              -58.646317,
              -34.5838633
            ],
            [
              -58.6446229,
              -34.5847402
            ],
            [
              -58.6431861,
              -34.5854841
            ],
            [
              -58.6399747,
              -34.5871464
            ],
            [
              -58.6401337,
              -34.5872797
            ],
            [
              -58.6407644,
              -34.5878165
            ],
            [
              -58.6408755,
              -34.5879121
            ],
            [
              -58.6415919,
              -34.5885666
            ],
            [
              -58.6417653,
              -34.5884428
            ],
            [
              -58.6421828,
              -34.5889904
            ],
            [
              -58.642364,
              -34.589228
            ],
            [
              -58.6429671,
              -34.5899666
            ],
            [
              -58.6435619,
              -34.5907041
            ],
            [
              -58.6441142,
              -34.5914039
            ],
            [
              -58.6442107,
              -34.59153
            ],
            [
              -58.6446921,
              -34.5921164
            ],
            [
              -58.6447827,
              -34.5922376
            ],
            [
              -58.6452603,
              -34.5928327
            ],
            [
              -58.6453492,
              -34.5929463
            ],
            [
              -58.6457224,
              -34.5934101
            ],
            [
              -58.6459379,
              -34.5936794
            ],
            [
              -58.6465095,
              -34.593414
            ],
            [
              -58.6466843,
              -34.5932955
            ],
            [
              -58.6468195,
              -34.59318
            ],
            [
              -58.6468904,
              -34.5931313
            ],
            [
              -58.646619,
              -34.5929008
            ],
            [
              -58.6472557,
              -34.5923809
            ],
            [
              -58.6475219,
              -34.5921628
            ],
            [
              -58.647781,
              -34.5919504
            ],
            [
              -58.6478659,
              -34.5918752
            ],
            [
              -58.6480267,
              -34.5917484
            ],
            [
              -58.6482508,
              -34.5915637
            ],
            [
              -58.6484829,
              -34.5913724
            ],
            [
              -58.6491569,
              -34.5919463
            ],
            [
              -58.6493313,
              -34.5920831
            ],
            [
              -58.6494569,
              -34.5921883
            ],
            [
              -58.649704,
              -34.5923953
            ],
            [
              -58.6499512,
              -34.5926023
            ],
            [
              -58.6502292,
              -34.5928266
            ]
          ]
        ]
      }
    },
    {
      "type": "Feature",
      "properties": {
        "zone_name": "Dos de Abril",
        "area_km2": 0.4137,
        "flood_risk_overlap_m2": 0.0,
        "flood_risk_overlap_pct": 0.0,
        "flood_risk_high_or_medium_m2": 0.0,
        "in_flood_risk_zone": false,
        "flood_risk_level": null,
        "flood_penalty_score": null,
        "flood_risk_max_score": null,
        "source_name": "Autoridad del Agua PBA - Peligrosidad Cuenca Reconquista",
        "source_url": "https://ada.gba.gov.ar/cartas-de-riesgo-hidrico/",
        "generated_at": "2026-06-29T00:24:57.845820+00:00",
        "data_confidence": "high"
      },
      "geometry": {
        "type": "Polygon",
        "coordinates": [
          [
            [
              -58.6626393,
              -34.6177819
            ],
            [
              -58.6617443,
              -34.6170431
            ],
            [
              -58.6610375,
              -34.616471
            ],
            [
              -58.6599732,
              -34.6173509
            ],
            [
              -58.6588982,
              -34.6182216
            ],
            [
              -58.6582055,
              -34.618799
            ],
            [
              -58.6578436,
              -34.6191022
            ],
            [
              -58.6565817,
              -34.6201551
            ],
            [
              -58.6558705,
              -34.6207361
            ],
            [
              -58.6574278,
              -34.6220606
            ],
            [
              -58.6589687,
              -34.6233271
            ],
            [
              -58.6594433,
              -34.6236238
            ],
            [
              -58.6595521,
              -34.6237152
            ],
            [
              -58.6597661,
              -34.6238999
            ],
            [
              -58.6606371,
              -34.6246297
            ],
            [
              -58.6606945,
              -34.6245827
            ],
            [
              -58.6614972,
              -34.6239375
            ],
            [
              -58.6622024,
              -34.6233617
            ],
            [
              -58.6622715,
              -34.6233021
            ],
            [
              -58.6623132,
              -34.6232661
            ],
            [
              -58.6636799,
              -34.6221477
            ],
            [
              -58.6647206,
              -34.6212969
            ],
            [
              -58.6653918,
              -34.6207456
            ],
            [
              -58.6654377,
              -34.6207064
            ],
            [
              -58.665812,
              -34.6204025
            ],
            [
              -58.6641776,
              -34.6190507
            ],
            [
              -58.6634144,
              -34.6184218
            ],
            [
              -58.6626393,
              -34.6177819
            ]
          ]
        ]
      }
    },
    {
      "type": "Feature",
      "properties": {
        "zone_name": "El Destino",
        "area_km2": 0.5872,
        "flood_risk_overlap_m2": 9320.97,
        "flood_risk_overlap_pct": 1.5864,
        "flood_risk_high_or_medium_m2": 2299.06,
        "in_flood_risk_zone": true,
        "flood_risk_level": "baja",
        "flood_penalty_score": 21.25,
        "flood_risk_max_score": 75,
        "source_name": "Autoridad del Agua PBA - Peligrosidad Cuenca Reconquista",
        "source_url": "https://ada.gba.gov.ar/cartas-de-riesgo-hidrico/",
        "generated_at": "2026-06-29T00:24:57.845820+00:00",
        "data_confidence": "high"
      },
      "geometry": {
        "type": "Polygon",
        "coordinates": [
          [
            [
              -58.6683778,
              -34.5908323
            ],
            [
              -58.6669098,
              -34.5895344
            ],
            [
              -58.6647789,
              -34.5912451
            ],
            [
              -58.6636658,
              -34.5921405
            ],
            [
              -58.6629637,
              -34.5926861
            ],
            [
              -58.6623693,
              -34.5931499
            ],
            [
              -58.6623051,
              -34.5932038
            ],
            [
              -58.6617708,
              -34.5936522
            ],
            [
              -58.6616277,
              -34.5937682
            ],
            [
              -58.6611053,
              -34.5941948
            ],
            [
              -58.6601665,
              -34.5949613
            ],
            [
              -58.6589787,
              -34.5959178
            ],
            [
              -58.6604558,
              -34.5971581
            ],
            [
              -58.6613531,
              -34.5978929
            ],
            [
              -58.6622268,
              -34.5986195
            ],
            [
              -58.6622836,
              -34.5986692
            ],
            [
              -58.6624647,
              -34.5988427
            ],
            [
              -58.6625531,
              -34.5989164
            ],
            [
              -58.6626411,
              -34.5989908
            ],
            [
              -58.662876,
              -34.5991864
            ],
            [
              -58.6633614,
              -34.5995923
            ],
            [
              -58.6634634,
              -34.5996776
            ],
            [
              -58.6645012,
              -34.598833
            ],
            [
              -58.6650612,
              -34.5983618
            ],
            [
              -58.6656433,
              -34.5978891
            ],
            [
              -58.666228,
              -34.5974088
            ],
            [
              -58.6668182,
              -34.5969387
            ],
            [
              -58.667445,
              -34.5964062
            ],
            [
              -58.6680259,
              -34.5959464
            ],
            [
              -58.6686226,
              -34.5954722
            ],
            [
              -58.6692345,
              -34.5950009
            ],
            [
              -58.6702567,
              -34.594153
            ],
            [
              -58.6712229,
              -34.5933931
            ],
            [
              -58.6700642,
              -34.592337
            ],
            [
              -58.6692354,
              -34.591578
            ],
            [
              -58.6683778,
              -34.5908323
            ]
          ]
        ]
      }
    },
    {
      "type": "Feature",
      "properties": {
        "zone_name": "El Libertador",
        "area_km2": 0.6741,
        "flood_risk_overlap_m2": 0.0,
        "flood_risk_overlap_pct": 0.0,
        "flood_risk_high_or_medium_m2": 0.0,
        "in_flood_risk_zone": false,
        "flood_risk_level": null,
        "flood_penalty_score": null,
        "flood_risk_max_score": null,
        "source_name": "Autoridad del Agua PBA - Peligrosidad Cuenca Reconquista",
        "source_url": "https://ada.gba.gov.ar/cartas-de-riesgo-hidrico/",
        "generated_at": "2026-06-29T00:24:57.845820+00:00",
        "data_confidence": "high"
      },
      "geometry": {
        "type": "Polygon",
        "coordinates": [
          [
            [
              -58.6375021,
              -34.6316976
            ],
            [
              -58.6396111,
              -34.6315268
            ],
            [
              -58.6408056,
              -34.6314253
            ],
            [
              -58.6412187,
              -34.6313902
            ],
            [
              -58.6414208,
              -34.6313713
            ],
            [
              -58.6416589,
              -34.6313507
            ],
            [
              -58.6434247,
              -34.6312046
            ],
            [
              -58.6452357,
              -34.6310421
            ],
            [
              -58.6457976,
              -34.6309983
            ],
            [
              -58.6459153,
              -34.6309891
            ],
            [
              -58.6460547,
              -34.6309774
            ],
            [
              -58.6470949,
              -34.6309062
            ],
            [
              -58.6480302,
              -34.630881
            ],
            [
              -58.6486378,
              -34.6308819
            ],
            [
              -58.648725,
              -34.6308837
            ],
            [
              -58.6488598,
              -34.6308865
            ],
            [
              -58.6491132,
              -34.6308942
            ],
            [
              -58.6501506,
              -34.6309145
            ],
            [
              -58.6503645,
              -34.630912
            ],
            [
              -58.6507232,
              -34.6309249
            ],
            [
              -58.6511925,
              -34.630933
            ],
            [
              -58.6516626,
              -34.6309129
            ],
            [
              -58.6517825,
              -34.6308985
            ],
            [
              -58.6518956,
              -34.6308701
            ],
            [
              -58.6520644,
              -34.6307869
            ],
            [
              -58.6524516,
              -34.6305446
            ],
            [
              -58.6531741,
              -34.6301675
            ],
            [
              -58.6532524,
              -34.6301295
            ],
            [
              -58.653365,
              -34.6300774
            ],
            [
              -58.6534578,
              -34.6300409
            ],
            [
              -58.6535614,
              -34.630018
            ],
            [
              -58.6536769,
              -34.6300318
            ],
            [
              -58.6537413,
              -34.630038
            ],
            [
              -58.6540022,
              -34.6301007
            ],
            [
              -58.6544427,
              -34.6297213
            ],
            [
              -58.6549297,
              -34.6293097
            ],
            [
              -58.6550702,
              -34.6291993
            ],
            [
              -58.6556442,
              -34.6287247
            ],
            [
              -58.654768,
              -34.6279884
            ],
            [
              -58.6539795,
              -34.6273356
            ],
            [
              -58.6532413,
              -34.6267174
            ],
            [
              -58.6524787,
              -34.6260773
            ],
            [
              -58.6516191,
              -34.6253445
            ],
            [
              -58.6509278,
              -34.6247733
            ],
            [
              -58.6483379,
              -34.6269449
            ],
            [
              -58.6474417,
              -34.6270856
            ],
            [
              -58.6465851,
              -34.627222
            ],
            [
              -58.6447507,
              -34.6275502
            ],
            [
              -58.6440522,
              -34.6276711
            ],
            [
              -58.6439652,
              -34.6276816
            ],
            [
              -58.6438241,
              -34.6276784
            ],
            [
              -58.6437054,
              -34.6276853
            ],
            [
              -58.6435451,
              -34.6277025
            ],
            [
              -58.6428421,
              -34.6278187
            ],
            [
              -58.6424452,
              -34.6278995
            ],
            [
              -58.6419966,
              -34.6279804
            ],
            [
              -58.6411215,
              -34.6281552
            ],
            [
              -58.6402046,
              -34.6283091
            ],
            [
              -58.6392724,
              -34.628482
            ],
            [
              -58.6389427,
              -34.6285509
            ],
            [
              -58.6383635,
              -34.628648
            ],
            [
              -58.6378646,
              -34.6287398
            ],
            [
              -58.6374384,
              -34.6288028
            ],
            [
              -58.6372065,
              -34.6288479
            ],
            [
              -58.6373433,
              -34.6300512
            ],
            [
              -58.6373618,
              -34.6302442
            ],
            [
              -58.6374685,
              -34.6312771
            ],
            [
              -58.6375021,
              -34.6316976
            ]
          ]
        ]
      }
    },
    {
      "type": "Feature",
      "properties": {
        "zone_name": "El Palanco",
        "area_km2": 0.6597,
        "flood_risk_overlap_m2": 14183.17,
        "flood_risk_overlap_pct": 2.1486,
        "flood_risk_high_or_medium_m2": 12719.9,
        "in_flood_risk_zone": true,
        "flood_risk_level": "media_alta",
        "flood_penalty_score": 66.68,
        "flood_risk_max_score": 75,
        "source_name": "Autoridad del Agua PBA - Peligrosidad Cuenca Reconquista",
        "source_url": "https://ada.gba.gov.ar/cartas-de-riesgo-hidrico/",
        "generated_at": "2026-06-29T00:24:57.845820+00:00",
        "data_confidence": "high"
      },
      "geometry": {
        "type": "Polygon",
        "coordinates": [
          [
            [
              -58.6306867,
              -34.6247972
            ],
            [
              -58.6308186,
              -34.6247735
            ],
            [
              -58.6315714,
              -34.6246465
            ],
            [
              -58.6323251,
              -34.6245194
            ],
            [
              -58.6324143,
              -34.6245044
            ],
            [
              -58.6326981,
              -34.6236662
            ],
            [
              -58.6328495,
              -34.6232529
            ],
            [
              -58.6330354,
              -34.6227229
            ],
            [
              -58.6333848,
              -34.6217659
            ],
            [
              -58.6334097,
              -34.6216946
            ],
            [
              -58.6336482,
              -34.6210127
            ],
            [
              -58.6335652,
              -34.6210115
            ],
            [
              -58.631595,
              -34.6210255
            ],
            [
              -58.6297874,
              -34.621033
            ],
            [
              -58.6280053,
              -34.621041
            ],
            [
              -58.6262454,
              -34.6210495
            ],
            [
              -58.6244723,
              -34.6210515
            ],
            [
              -58.6227091,
              -34.6210633
            ],
            [
              -58.6209515,
              -34.6210688
            ],
            [
              -58.6197165,
              -34.6210631
            ],
            [
              -58.6193018,
              -34.6210666
            ],
            [
              -58.6186519,
              -34.6210624
            ],
            [
              -58.6180739,
              -34.6210625
            ],
            [
              -58.618198,
              -34.6217083
            ],
            [
              -58.618392,
              -34.6227181
            ],
            [
              -58.6186567,
              -34.6239131
            ],
            [
              -58.6189019,
              -34.6245578
            ],
            [
              -58.6193334,
              -34.6258517
            ],
            [
              -58.6194242,
              -34.6260298
            ],
            [
              -58.6194671,
              -34.6261623
            ],
            [
              -58.6195313,
              -34.6264147
            ],
            [
              -58.6196038,
              -34.6264493
            ],
            [
              -58.6196794,
              -34.626474
            ],
            [
              -58.6196604,
              -34.6265254
            ],
            [
              -58.6196956,
              -34.62662
            ],
            [
              -58.6200165,
              -34.6265667
            ],
            [
              -58.6218466,
              -34.626255
            ],
            [
              -58.6221811,
              -34.6262
            ],
            [
              -58.6227101,
              -34.6261175
            ],
            [
              -58.6235836,
              -34.625973
            ],
            [
              -58.623884,
              -34.6259209
            ],
            [
              -58.6244845,
              -34.6258256
            ],
            [
              -58.6254069,
              -34.6256713
            ],
            [
              -58.6255735,
              -34.6256398
            ],
            [
              -58.6259757,
              -34.6255775
            ],
            [
              -58.6269001,
              -34.6254256
            ],
            [
              -58.6272815,
              -34.6253596
            ],
            [
              -58.6273872,
              -34.6253431
            ],
            [
              -58.6289791,
              -34.6250764
            ],
            [
              -58.6304005,
              -34.6248429
            ],
            [
              -58.6306867,
              -34.6247972
            ]
          ]
        ]
      }
    },
    {
      "type": "Feature",
      "properties": {
        "zone_name": "El Porvenir",
        "area_km2": 0.5371,
        "flood_risk_overlap_m2": 0.0,
        "flood_risk_overlap_pct": 0.0,
        "flood_risk_high_or_medium_m2": 0.0,
        "in_flood_risk_zone": false,
        "flood_risk_level": null,
        "flood_penalty_score": null,
        "flood_risk_max_score": null,
        "source_name": "Autoridad del Agua PBA - Peligrosidad Cuenca Reconquista",
        "source_url": "https://ada.gba.gov.ar/cartas-de-riesgo-hidrico/",
        "generated_at": "2026-06-29T00:24:57.845820+00:00",
        "data_confidence": "high"
      },
      "geometry": {
        "type": "Polygon",
        "coordinates": [
          [
            [
              -58.6341046,
              -34.6285795
            ],
            [
              -58.6343069,
              -34.629297
            ],
            [
              -58.6343213,
              -34.6293717
            ],
            [
              -58.6344241,
              -34.630326
            ],
            [
              -58.6345625,
              -34.6313471
            ],
            [
              -58.6346086,
              -34.6316783
            ],
            [
              -58.6346433,
              -34.6319629
            ],
            [
              -58.6355619,
              -34.6318714
            ],
            [
              -58.6357267,
              -34.6318548
            ],
            [
              -58.6358899,
              -34.6318378
            ],
            [
              -58.6367071,
              -34.6317577
            ],
            [
              -58.637166,
              -34.6317237
            ],
            [
              -58.6372861,
              -34.6317142
            ],
            [
              -58.6375021,
              -34.6316976
            ],
            [
              -58.6374685,
              -34.6312771
            ],
            [
              -58.6373618,
              -34.6302442
            ],
            [
              -58.6373433,
              -34.6300512
            ],
            [
              -58.6372065,
              -34.6288479
            ],
            [
              -58.6374384,
              -34.6288028
            ],
            [
              -58.6378646,
              -34.6287398
            ],
            [
              -58.6383635,
              -34.628648
            ],
            [
              -58.6389427,
              -34.6285509
            ],
            [
              -58.6392724,
              -34.628482
            ],
            [
              -58.6402046,
              -34.6283091
            ],
            [
              -58.6411215,
              -34.6281552
            ],
            [
              -58.6419966,
              -34.6279804
            ],
            [
              -58.6424452,
              -34.6278995
            ],
            [
              -58.6428421,
              -34.6278187
            ],
            [
              -58.6435451,
              -34.6277025
            ],
            [
              -58.6437054,
              -34.6276853
            ],
            [
              -58.6438241,
              -34.6276784
            ],
            [
              -58.6438067,
              -34.6276237
            ],
            [
              -58.6437675,
              -34.6275675
            ],
            [
              -58.6432293,
              -34.6269238
            ],
            [
              -58.6425407,
              -34.6260686
            ],
            [
              -58.6426253,
              -34.6260253
            ],
            [
              -58.6430681,
              -34.6256408
            ],
            [
              -58.6425063,
              -34.6250481
            ],
            [
              -58.6419808,
              -34.6244729
            ],
            [
              -58.6412297,
              -34.6236779
            ],
            [
              -58.640956,
              -34.6233774
            ],
            [
              -58.640456,
              -34.6228356
            ],
            [
              -58.63988,
              -34.6223635
            ],
            [
              -58.6392008,
              -34.6229006
            ],
            [
              -58.6385146,
              -34.6234583
            ],
            [
              -58.6384749,
              -34.6234823
            ],
            [
              -58.6383941,
              -34.6235112
            ],
            [
              -58.6379687,
              -34.6235887
            ],
            [
              -58.6368428,
              -34.6237682
            ],
            [
              -58.6360696,
              -34.6238898
            ],
            [
              -58.6350513,
              -34.6240595
            ],
            [
              -58.6339957,
              -34.6242353
            ],
            [
              -58.6335432,
              -34.6243097
            ],
            [
              -58.6332326,
              -34.6243608
            ],
            [
              -58.633447,
              -34.6251357
            ],
            [
              -58.6336709,
              -34.6259282
            ],
            [
              -58.6339233,
              -34.6268179
            ],
            [
              -58.6341631,
              -34.6276885
            ],
            [
              -58.6344081,
              -34.6285191
            ],
            [
              -58.6341046,
              -34.6285795
            ]
          ]
        ]
      }
    },
    {
      "type": "Feature",
      "properties": {
        "zone_name": "El Progreso",
        "area_km2": 0.1572,
        "flood_risk_overlap_m2": 0.0,
        "flood_risk_overlap_pct": 0.0,
        "flood_risk_high_or_medium_m2": 0.0,
        "in_flood_risk_zone": false,
        "flood_risk_level": null,
        "flood_penalty_score": null,
        "flood_risk_max_score": null,
        "source_name": "Autoridad del Agua PBA - Peligrosidad Cuenca Reconquista",
        "source_url": "https://ada.gba.gov.ar/cartas-de-riesgo-hidrico/",
        "generated_at": "2026-06-29T00:24:57.845820+00:00",
        "data_confidence": "high"
      },
      "geometry": {
        "type": "Polygon",
        "coordinates": [
          [
            [
              -58.6458907,
              -34.6232932
            ],
            [
              -58.6452809,
              -34.6227777
            ],
            [
              -58.6450908,
              -34.622617
            ],
            [
              -58.6446986,
              -34.6222854
            ],
            [
              -58.6444784,
              -34.6220992
            ],
            [
              -58.6441125,
              -34.6217898
            ],
            [
              -58.6435407,
              -34.6213026
            ],
            [
              -58.6429666,
              -34.6208211
            ],
            [
              -58.6428842,
              -34.6207514
            ],
            [
              -58.6423955,
              -34.6203444
            ],
            [
              -58.6422132,
              -34.6204896
            ],
            [
              -58.6419487,
              -34.6207002
            ],
            [
              -58.6414221,
              -34.6211214
            ],
            [
              -58.641241,
              -34.6212612
            ],
            [
              -58.6405044,
              -34.6218291
            ],
            [
              -58.63988,
              -34.6223635
            ],
            [
              -58.640456,
              -34.6228356
            ],
            [
              -58.640956,
              -34.6233774
            ],
            [
              -58.6412297,
              -34.6236779
            ],
            [
              -58.6419808,
              -34.6244729
            ],
            [
              -58.6425063,
              -34.6250481
            ],
            [
              -58.6430681,
              -34.6256408
            ],
            [
              -58.6440299,
              -34.6248365
            ],
            [
              -58.6449266,
              -34.6240894
            ],
            [
              -58.6458907,
              -34.6232932
            ]
          ]
        ]
      }
    },
    {
      "type": "Feature",
      "properties": {
        "zone_name": "Federal",
        "area_km2": 0.1577,
        "flood_risk_overlap_m2": 0.0,
        "flood_risk_overlap_pct": 0.0,
        "flood_risk_high_or_medium_m2": 0.0,
        "in_flood_risk_zone": false,
        "flood_risk_level": null,
        "flood_penalty_score": null,
        "flood_risk_max_score": null,
        "source_name": "Autoridad del Agua PBA - Peligrosidad Cuenca Reconquista",
        "source_url": "https://ada.gba.gov.ar/cartas-de-riesgo-hidrico/",
        "generated_at": "2026-06-29T00:24:57.845820+00:00",
        "data_confidence": "high"
      },
      "geometry": {
        "type": "Polygon",
        "coordinates": [
          [
            [
              -58.6531548,
              -34.6229634
            ],
            [
              -58.653273,
              -34.6228669
            ],
            [
              -58.6534928,
              -34.6226844
            ],
            [
              -58.6542501,
              -34.6220557
            ],
            [
              -58.6551482,
              -34.6213149
            ],
            [
              -58.6558705,
              -34.6207361
            ],
            [
              -58.655316,
              -34.6202725
            ],
            [
              -58.6549599,
              -34.6199748
            ],
            [
              -58.6548969,
              -34.6199203
            ],
            [
              -58.6548422,
              -34.619873
            ],
            [
              -58.6547403,
              -34.6197849
            ],
            [
              -58.6541111,
              -34.6192409
            ],
            [
              -58.6537021,
              -34.6188986
            ],
            [
              -58.6524593,
              -34.6178487
            ],
            [
              -58.6519422,
              -34.6182739
            ],
            [
              -58.6514352,
              -34.6187008
            ],
            [
              -58.6508972,
              -34.6191662
            ],
            [
              -58.650279,
              -34.6196561
            ],
            [
              -58.6497018,
              -34.6201312
            ],
            [
              -58.6509639,
              -34.621142
            ],
            [
              -58.651373,
              -34.6214977
            ],
            [
              -58.6531548,
              -34.6229634
            ]
          ]
        ]
      }
    },
    {
      "type": "Feature",
      "properties": {
        "zone_name": "Hurlingham Centro (Barrio Ingles)",
        "area_km2": 1.2585,
        "flood_risk_overlap_m2": 0.0,
        "flood_risk_overlap_pct": 0.0,
        "flood_risk_high_or_medium_m2": 0.0,
        "in_flood_risk_zone": false,
        "flood_risk_level": null,
        "flood_penalty_score": null,
        "flood_risk_max_score": null,
        "source_name": "Autoridad del Agua PBA - Peligrosidad Cuenca Reconquista",
        "source_url": "https://ada.gba.gov.ar/cartas-de-riesgo-hidrico/",
        "generated_at": "2026-06-29T00:24:57.845820+00:00",
        "data_confidence": "high"
      },
      "geometry": {
        "type": "Polygon",
        "coordinates": [
          [
            [
              -58.6379082,
              -34.5882163
            ],
            [
              -58.6379246,
              -34.5881656
            ],
            [
              -58.6379406,
              -34.5881077
            ],
            [
              -58.6381215,
              -34.5875147
            ],
            [
              -58.6382204,
              -34.5872121
            ],
            [
              -58.637814,
              -34.5872271
            ],
            [
              -58.6369026,
              -34.5872775
            ],
            [
              -58.6358478,
              -34.5873178
            ],
            [
              -58.635612,
              -34.5873241
            ],
            [
              -58.6348459,
              -34.5873526
            ],
            [
              -58.6345887,
              -34.5873619
            ],
            [
              -58.6325298,
              -34.5874494
            ],
            [
              -58.6322486,
              -34.5874613
            ],
            [
              -58.6314699,
              -34.5874944
            ],
            [
              -58.6304019,
              -34.5875393
            ],
            [
              -58.6302432,
              -34.5875447
            ],
            [
              -58.6301582,
              -34.5876207
            ],
            [
              -58.6299964,
              -34.587742
            ],
            [
              -58.6292968,
              -34.5882839
            ],
            [
              -58.6291917,
              -34.5883691
            ],
            [
              -58.6289397,
              -34.5885676
            ],
            [
              -58.6281389,
              -34.5891984
            ],
            [
              -58.6280495,
              -34.5892675
            ],
            [
              -58.6277408,
              -34.5895062
            ],
            [
              -58.6276674,
              -34.589563
            ],
            [
              -58.6274992,
              -34.5896931
            ],
            [
              -58.6274598,
              -34.5897236
            ],
            [
              -58.6273638,
              -34.5897979
            ],
            [
              -58.6272381,
              -34.5898951
            ],
            [
              -58.6270641,
              -34.5900308
            ],
            [
              -58.6269871,
              -34.5900914
            ],
            [
              -58.6267248,
              -34.5902982
            ],
            [
              -58.6260125,
              -34.590854
            ],
            [
              -58.6254978,
              -34.5912619
            ],
            [
              -58.6250738,
              -34.5915945
            ],
            [
              -58.6249119,
              -34.5917215
            ],
            [
              -58.6240424,
              -34.5924041
            ],
            [
              -58.624227,
              -34.5925703
            ],
            [
              -58.6248911,
              -34.5931682
            ],
            [
              -58.6252211,
              -34.5934555
            ],
            [
              -58.6259681,
              -34.5940807
            ],
            [
              -58.6249451,
              -34.5946735
            ],
            [
              -58.6251253,
              -34.5948285
            ],
            [
              -58.6251591,
              -34.5948632
            ],
            [
              -58.6255982,
              -34.5952653
            ],
            [
              -58.6257066,
              -34.5953606
            ],
            [
              -58.6258492,
              -34.5954814
            ],
            [
              -58.6265632,
              -34.5960864
            ],
            [
              -58.6274335,
              -34.5968388
            ],
            [
              -58.6282825,
              -34.597585
            ],
            [
              -58.6284107,
              -34.5976973
            ],
            [
              -58.6291492,
              -34.5983482
            ],
            [
              -58.6294828,
              -34.5986407
            ],
            [
              -58.6299259,
              -34.5990291
            ],
            [
              -58.630069,
              -34.5991521
            ],
            [
              -58.630694,
              -34.5996893
            ],
            [
              -58.6307705,
              -34.5997571
            ],
            [
              -58.631443,
              -34.6003534
            ],
            [
              -58.6323692,
              -34.6011653
            ],
            [
              -58.6327799,
              -34.6014871
            ],
            [
              -58.6328564,
              -34.6015319
            ],
            [
              -58.6329473,
              -34.6015692
            ],
            [
              -58.6330588,
              -34.6015921
            ],
            [
              -58.6331672,
              -34.6016043
            ],
            [
              -58.6332852,
              -34.6015999
            ],
            [
              -58.6333676,
              -34.6015872
            ],
            [
              -58.6338377,
              -34.6014724
            ],
            [
              -58.6339453,
              -34.6014587
            ],
            [
              -58.6340513,
              -34.6014614
            ],
            [
              -58.6341701,
              -34.6014852
            ],
            [
              -58.6343305,
              -34.601533
            ],
            [
              -58.6344526,
              -34.6015781
            ],
            [
              -58.6346308,
              -34.6016421
            ],
            [
              -58.6347239,
              -34.6016708
            ],
            [
              -58.6348393,
              -34.6016938
            ],
            [
              -58.6349702,
              -34.6017096
            ],
            [
              -58.6355144,
              -34.6017471
            ],
            [
              -58.6355922,
              -34.6009527
            ],
            [
              -58.6356011,
              -34.6008422
            ],
            [
              -58.6356138,
              -34.6006944
            ],
            [
              -58.6356847,
              -34.5998802
            ],
            [
              -58.6357734,
              -34.5988513
            ],
            [
              -58.6358457,
              -34.5979637
            ],
            [
              -58.6358477,
              -34.597935
            ],
            [
              -58.635859,
              -34.5978225
            ],
            [
              -58.6359178,
              -34.5970511
            ],
            [
              -58.6359426,
              -34.596707
            ],
            [
              -58.6360163,
              -34.5958998
            ],
            [
              -58.636044,
              -34.595626
            ],
            [
              -58.6360513,
              -34.5955743
            ],
            [
              -58.636062,
              -34.5954389
            ],
            [
              -58.6361549,
              -34.5942819
            ],
            [
              -58.636162,
              -34.5942053
            ],
            [
              -58.6361689,
              -34.5941307
            ],
            [
              -58.6361714,
              -34.5940712
            ],
            [
              -58.6362578,
              -34.593037
            ],
            [
              -58.6362747,
              -34.5927662
            ],
            [
              -58.6363091,
              -34.5926192
            ],
            [
              -58.6363357,
              -34.592527
            ],
            [
              -58.6365934,
              -34.5918213
            ],
            [
              -58.6366599,
              -34.5916466
            ],
            [
              -58.6373662,
              -34.5897639
            ],
            [
              -58.6378529,
              -34.5884675
            ],
            [
              -58.6379082,
              -34.5882163
            ]
          ]
        ]
      }
    },
    {
      "type": "Feature",
      "properties": {
        "zone_name": "Jorge Newbery",
        "area_km2": 0.4669,
        "flood_risk_overlap_m2": 0.0,
        "flood_risk_overlap_pct": 0.0,
        "flood_risk_high_or_medium_m2": 0.0,
        "in_flood_risk_zone": false,
        "flood_risk_level": null,
        "flood_penalty_score": null,
        "flood_risk_max_score": null,
        "source_name": "Autoridad del Agua PBA - Peligrosidad Cuenca Reconquista",
        "source_url": "https://ada.gba.gov.ar/cartas-de-riesgo-hidrico/",
        "generated_at": "2026-06-29T00:24:57.845820+00:00",
        "data_confidence": "high"
      },
      "geometry": {
        "type": "Polygon",
        "coordinates": [
          [
            [
              -58.6174585,
              -34.5872389
            ],
            [
              -58.6179252,
              -34.5876545
            ],
            [
              -58.6179865,
              -34.5877254
            ],
            [
              -58.6185657,
              -34.5881113
            ],
            [
              -58.6185922,
              -34.5882019
            ],
            [
              -58.6186178,
              -34.5882345
            ],
            [
              -58.6193543,
              -34.5888846
            ],
            [
              -58.6204455,
              -34.5898149
            ],
            [
              -58.6215494,
              -34.5907763
            ],
            [
              -58.6225971,
              -34.591685
            ],
            [
              -58.6236496,
              -34.5926062
            ],
            [
              -58.6237166,
              -34.5926651
            ],
            [
              -58.6240424,
              -34.5924041
            ],
            [
              -58.6249119,
              -34.5917215
            ],
            [
              -58.6250738,
              -34.5915945
            ],
            [
              -58.6254978,
              -34.5912619
            ],
            [
              -58.6260125,
              -34.590854
            ],
            [
              -58.6267248,
              -34.5902982
            ],
            [
              -58.6269871,
              -34.5900914
            ],
            [
              -58.6270641,
              -34.5900308
            ],
            [
              -58.6272381,
              -34.5898951
            ],
            [
              -58.6273638,
              -34.5897979
            ],
            [
              -58.6274598,
              -34.5897236
            ],
            [
              -58.6274992,
              -34.5896931
            ],
            [
              -58.6276674,
              -34.589563
            ],
            [
              -58.6277408,
              -34.5895062
            ],
            [
              -58.6280495,
              -34.5892675
            ],
            [
              -58.6281389,
              -34.5891984
            ],
            [
              -58.6289397,
              -34.5885676
            ],
            [
              -58.6291917,
              -34.5883691
            ],
            [
              -58.6292968,
              -34.5882839
            ],
            [
              -58.6299964,
              -34.587742
            ],
            [
              -58.6301582,
              -34.5876207
            ],
            [
              -58.6302432,
              -34.5875447
            ],
            [
              -58.6301032,
              -34.5875455
            ],
            [
              -58.629248,
              -34.5875805
            ],
            [
              -58.6253716,
              -34.587696
            ],
            [
              -58.6253335,
              -34.5876569
            ],
            [
              -58.6252274,
              -34.5875482
            ],
            [
              -58.6251184,
              -34.5873824
            ],
            [
              -58.6250592,
              -34.5873256
            ],
            [
              -58.6241796,
              -34.586543
            ],
            [
              -58.6233075,
              -34.5857891
            ],
            [
              -58.6222023,
              -34.5848394
            ],
            [
              -58.6213632,
              -34.5841192
            ],
            [
              -58.6213169,
              -34.5840794
            ],
            [
              -58.6212649,
              -34.5840195
            ],
            [
              -58.6211871,
              -34.583956
            ],
            [
              -58.6210553,
              -34.5840629
            ],
            [
              -58.6203922,
              -34.5846576
            ],
            [
              -58.6203513,
              -34.5847325
            ],
            [
              -58.6201873,
              -34.5848836
            ],
            [
              -58.6196557,
              -34.5853613
            ],
            [
              -58.6185626,
              -34.5862974
            ],
            [
              -58.6183383,
              -34.5864887
            ],
            [
              -58.6181837,
              -34.5866205
            ],
            [
              -58.6174585,
              -34.5872389
            ]
          ]
        ]
      }
    },
    {
      "type": "Feature",
      "properties": {
        "zone_name": "Juan B. de Lasalle",
        "area_km2": 0.3488,
        "flood_risk_overlap_m2": 66895.4,
        "flood_risk_overlap_pct": 19.1674,
        "flood_risk_high_or_medium_m2": 6178.63,
        "in_flood_risk_zone": true,
        "flood_risk_level": "muy_baja",
        "flood_penalty_score": 12.77,
        "flood_risk_max_score": 75,
        "source_name": "Autoridad del Agua PBA - Peligrosidad Cuenca Reconquista",
        "source_url": "https://ada.gba.gov.ar/cartas-de-riesgo-hidrico/",
        "generated_at": "2026-06-29T00:24:57.845820+00:00",
        "data_confidence": "high"
      },
      "geometry": {
        "type": "Polygon",
        "coordinates": [
          [
            [
              -58.6525628,
              -34.5688903
            ],
            [
              -58.6522249,
              -34.5688352
            ],
            [
              -58.6520061,
              -34.5687995
            ],
            [
              -58.6509436,
              -34.5686376
            ],
            [
              -58.6478541,
              -34.5681766
            ],
            [
              -58.6476946,
              -34.5681522
            ],
            [
              -58.6476468,
              -34.5682352
            ],
            [
              -58.6474467,
              -34.5685767
            ],
            [
              -58.6473823,
              -34.5686916
            ],
            [
              -58.647276,
              -34.5688814
            ],
            [
              -58.6469182,
              -34.56952
            ],
            [
              -58.6467088,
              -34.5698938
            ],
            [
              -58.6459094,
              -34.5713208
            ],
            [
              -58.6449668,
              -34.5730032
            ],
            [
              -58.6447082,
              -34.5734648
            ],
            [
              -58.6446765,
              -34.5735163
            ],
            [
              -58.6441984,
              -34.5743471
            ],
            [
              -58.6440413,
              -34.5745766
            ],
            [
              -58.6437678,
              -34.5749884
            ],
            [
              -58.6435497,
              -34.5752846
            ],
            [
              -58.64264,
              -34.5766333
            ],
            [
              -58.6422426,
              -34.5772147
            ],
            [
              -58.6419,
              -34.577736
            ],
            [
              -58.6414998,
              -34.5783451
            ],
            [
              -58.6412946,
              -34.5786192
            ],
            [
              -58.6412291,
              -34.5787067
            ],
            [
              -58.641072,
              -34.5789166
            ],
            [
              -58.6409745,
              -34.5790234
            ],
            [
              -58.6409538,
              -34.5791447
            ],
            [
              -58.6412941,
              -34.5788653
            ],
            [
              -58.6413902,
              -34.5787865
            ],
            [
              -58.6414157,
              -34.5787665
            ],
            [
              -58.6415392,
              -34.5786696
            ],
            [
              -58.6417352,
              -34.578515
            ],
            [
              -58.6422725,
              -34.5781065
            ],
            [
              -58.6424332,
              -34.5779843
            ],
            [
              -58.6432542,
              -34.5773663
            ],
            [
              -58.6446651,
              -34.5762379
            ],
            [
              -58.6458074,
              -34.5753388
            ],
            [
              -58.6463059,
              -34.5749458
            ],
            [
              -58.6464539,
              -34.5748313
            ],
            [
              -58.6465821,
              -34.5747291
            ],
            [
              -58.6472796,
              -34.5741732
            ],
            [
              -58.6481163,
              -34.5735071
            ],
            [
              -58.6483522,
              -34.5733231
            ],
            [
              -58.648592,
              -34.5731331
            ],
            [
              -58.6489542,
              -34.5728562
            ],
            [
              -58.6490697,
              -34.5727628
            ],
            [
              -58.6498578,
              -34.5721252
            ],
            [
              -58.6503947,
              -34.57171
            ],
            [
              -58.650563,
              -34.5715789
            ],
            [
              -58.651029,
              -34.5712177
            ],
            [
              -58.6513615,
              -34.5709475
            ],
            [
              -58.6516892,
              -34.5706642
            ],
            [
              -58.6518953,
              -34.5704634
            ],
            [
              -58.6526306,
              -34.5695911
            ],
            [
              -58.6531482,
              -34.568977
            ],
            [
              -58.6525628,
              -34.5688903
            ]
          ]
        ]
      }
    },
    {
      "type": "Feature",
      "properties": {
        "zone_name": "La Juanita",
        "area_km2": 0.4522,
        "flood_risk_overlap_m2": 13999.38,
        "flood_risk_overlap_pct": 3.094,
        "flood_risk_high_or_medium_m2": 8242.91,
        "in_flood_risk_zone": true,
        "flood_risk_level": "media",
        "flood_penalty_score": 45.77,
        "flood_risk_max_score": 75,
        "source_name": "Autoridad del Agua PBA - Peligrosidad Cuenca Reconquista",
        "source_url": "https://ada.gba.gov.ar/cartas-de-riesgo-hidrico/",
        "generated_at": "2026-06-29T00:24:57.845820+00:00",
        "data_confidence": "high"
      },
      "geometry": {
        "type": "Polygon",
        "coordinates": [
          [
            [
              -58.6336482,
              -34.6210127
            ],
            [
              -58.6336818,
              -34.6209165
            ],
            [
              -58.6337292,
              -34.620768
            ],
            [
              -58.6336515,
              -34.6206701
            ],
            [
              -58.6332225,
              -34.6201747
            ],
            [
              -58.6326128,
              -34.6193888
            ],
            [
              -58.6325396,
              -34.6192976
            ],
            [
              -58.6320533,
              -34.6186704
            ],
            [
              -58.6314748,
              -34.6179197
            ],
            [
              -58.631391,
              -34.6179298
            ],
            [
              -58.6299869,
              -34.6179308
            ],
            [
              -58.6291108,
              -34.6179409
            ],
            [
              -58.6279819,
              -34.6179485
            ],
            [
              -58.6262208,
              -34.617957
            ],
            [
              -58.6244589,
              -34.6179675
            ],
            [
              -58.622676,
              -34.617979
            ],
            [
              -58.6209409,
              -34.617988
            ],
            [
              -58.6197874,
              -34.6179905
            ],
            [
              -58.6190075,
              -34.6179928
            ],
            [
              -58.6185099,
              -34.6188281
            ],
            [
              -58.6183102,
              -34.6191633
            ],
            [
              -58.618101,
              -34.6195896
            ],
            [
              -58.6179293,
              -34.6199981
            ],
            [
              -58.6179384,
              -34.6203575
            ],
            [
              -58.6180739,
              -34.6210625
            ],
            [
              -58.6186519,
              -34.6210624
            ],
            [
              -58.6193018,
              -34.6210666
            ],
            [
              -58.6197165,
              -34.6210631
            ],
            [
              -58.6209515,
              -34.6210688
            ],
            [
              -58.6227091,
              -34.6210633
            ],
            [
              -58.6244723,
              -34.6210515
            ],
            [
              -58.6262454,
              -34.6210495
            ],
            [
              -58.6280053,
              -34.621041
            ],
            [
              -58.6297874,
              -34.621033
            ],
            [
              -58.631595,
              -34.6210255
            ],
            [
              -58.6335652,
              -34.6210115
            ],
            [
              -58.6336482,
              -34.6210127
            ]
          ]
        ]
      }
    },
    {
      "type": "Feature",
      "properties": {
        "zone_name": "La Leonor",
        "area_km2": 0.6904,
        "flood_risk_overlap_m2": 37809.0,
        "flood_risk_overlap_pct": 5.4729,
        "flood_risk_high_or_medium_m2": 6583.0,
        "in_flood_risk_zone": true,
        "flood_risk_level": "muy_baja",
        "flood_penalty_score": 15.33,
        "flood_risk_max_score": 75,
        "source_name": "Autoridad del Agua PBA - Peligrosidad Cuenca Reconquista",
        "source_url": "https://ada.gba.gov.ar/cartas-de-riesgo-hidrico/",
        "generated_at": "2026-06-29T00:24:57.845820+00:00",
        "data_confidence": "high"
      },
      "geometry": {
        "type": "Polygon",
        "coordinates": [
          [
            [
              -58.6669098,
              -34.5895344
            ],
            [
              -58.6658447,
              -34.5886518
            ],
            [
              -58.6653172,
              -34.5882041
            ],
            [
              -58.6652692,
              -34.5881779
            ],
            [
              -58.665216,
              -34.5881618
            ],
            [
              -58.6651334,
              -34.5881292
            ],
            [
              -58.6650887,
              -34.5880974
            ],
            [
              -58.6647999,
              -34.5878556
            ],
            [
              -58.6644564,
              -34.5875533
            ],
            [
              -58.6643794,
              -34.5874856
            ],
            [
              -58.6640443,
              -34.5872175
            ],
            [
              -58.6636514,
              -34.5868779
            ],
            [
              -58.6629301,
              -34.5862608
            ],
            [
              -58.6622462,
              -34.5856806
            ],
            [
              -58.6621867,
              -34.5856243
            ],
            [
              -58.662049,
              -34.5855184
            ],
            [
              -58.6618117,
              -34.585326
            ],
            [
              -58.6606999,
              -34.5843705
            ],
            [
              -58.6598608,
              -34.5850546
            ],
            [
              -58.6590759,
              -34.5856959
            ],
            [
              -58.6583009,
              -34.5863164
            ],
            [
              -58.6575177,
              -34.5869488
            ],
            [
              -58.6571109,
              -34.5872775
            ],
            [
              -58.6567347,
              -34.5875898
            ],
            [
              -58.6559606,
              -34.5881996
            ],
            [
              -58.6553276,
              -34.5887075
            ],
            [
              -58.6547093,
              -34.5892069
            ],
            [
              -58.6540213,
              -34.5897566
            ],
            [
              -58.6551558,
              -34.5907175
            ],
            [
              -58.6562831,
              -34.5916717
            ],
            [
              -58.6574016,
              -34.5926074
            ],
            [
              -58.657589,
              -34.5927757
            ],
            [
              -58.6576399,
              -34.5928214
            ],
            [
              -58.6585204,
              -34.5935671
            ],
            [
              -58.6591579,
              -34.5940953
            ],
            [
              -58.6601665,
              -34.5949613
            ],
            [
              -58.6611053,
              -34.5941948
            ],
            [
              -58.6616277,
              -34.5937682
            ],
            [
              -58.6617708,
              -34.5936522
            ],
            [
              -58.6623051,
              -34.5932038
            ],
            [
              -58.6623693,
              -34.5931499
            ],
            [
              -58.6629637,
              -34.5926861
            ],
            [
              -58.6636658,
              -34.5921405
            ],
            [
              -58.6647789,
              -34.5912451
            ],
            [
              -58.6669098,
              -34.5895344
            ]
          ]
        ]
      }
    },
    {
      "type": "Feature",
      "properties": {
        "zone_name": "Los Patitos",
        "area_km2": 0.2937,
        "flood_risk_overlap_m2": 39470.88,
        "flood_risk_overlap_pct": 13.4299,
        "flood_risk_high_or_medium_m2": 2298.57,
        "in_flood_risk_zone": true,
        "flood_risk_level": "muy_baja",
        "flood_penalty_score": 8.23,
        "flood_risk_max_score": 75,
        "source_name": "Autoridad del Agua PBA - Peligrosidad Cuenca Reconquista",
        "source_url": "https://ada.gba.gov.ar/cartas-de-riesgo-hidrico/",
        "generated_at": "2026-06-29T00:24:57.845820+00:00",
        "data_confidence": "high"
      },
      "geometry": {
        "type": "Polygon",
        "coordinates": [
          [
            [
              -58.6554802,
              -34.5987577
            ],
            [
              -58.6569172,
              -34.5999914
            ],
            [
              -58.6577804,
              -34.6007451
            ],
            [
              -58.6586511,
              -34.6014968
            ],
            [
              -58.6592066,
              -34.6019764
            ],
            [
              -58.6597902,
              -34.6024623
            ],
            [
              -58.6599223,
              -34.6025726
            ],
            [
              -58.6599502,
              -34.6025956
            ],
            [
              -58.6603818,
              -34.6029513
            ],
            [
              -58.6611738,
              -34.6023092
            ],
            [
              -58.6619899,
              -34.6016427
            ],
            [
              -58.6629434,
              -34.600857
            ],
            [
              -58.6638786,
              -34.6000872
            ],
            [
              -58.6639025,
              -34.6000562
            ],
            [
              -58.6638778,
              -34.6000148
            ],
            [
              -58.6634634,
              -34.5996776
            ],
            [
              -58.6633614,
              -34.5995923
            ],
            [
              -58.662876,
              -34.5991864
            ],
            [
              -58.6626411,
              -34.5989908
            ],
            [
              -58.6625531,
              -34.5989164
            ],
            [
              -58.6624647,
              -34.5988427
            ],
            [
              -58.6622836,
              -34.5986692
            ],
            [
              -58.6622268,
              -34.5986195
            ],
            [
              -58.6613531,
              -34.5978929
            ],
            [
              -58.6604558,
              -34.5971581
            ],
            [
              -58.6589787,
              -34.5959178
            ],
            [
              -58.6580453,
              -34.5966683
            ],
            [
              -58.6570878,
              -34.5974565
            ],
            [
              -58.6566152,
              -34.597838
            ],
            [
              -58.6564923,
              -34.5979378
            ],
            [
              -58.6561312,
              -34.5982245
            ],
            [
              -58.6556854,
              -34.5985816
            ],
            [
              -58.6554802,
              -34.5987577
            ]
          ]
        ]
      }
    },
    {
      "type": "Feature",
      "properties": {
        "zone_name": "Los Troncos",
        "area_km2": 0.0813,
        "flood_risk_overlap_m2": 0.0,
        "flood_risk_overlap_pct": 0.0,
        "flood_risk_high_or_medium_m2": 0.0,
        "in_flood_risk_zone": false,
        "flood_risk_level": null,
        "flood_penalty_score": null,
        "flood_risk_max_score": null,
        "source_name": "Autoridad del Agua PBA - Peligrosidad Cuenca Reconquista",
        "source_url": "https://ada.gba.gov.ar/cartas-de-riesgo-hidrico/",
        "generated_at": "2026-06-29T00:24:57.845820+00:00",
        "data_confidence": "high"
      },
      "geometry": {
        "type": "Polygon",
        "coordinates": [
          [
            [
              -58.6540381,
              -34.5972125
            ],
            [
              -58.6519366,
              -34.5988945
            ],
            [
              -58.6517397,
              -34.6013543
            ],
            [
              -58.6519961,
              -34.6015722
            ],
            [
              -58.6517028,
              -34.6018145
            ],
            [
              -58.6517,
              -34.60185
            ],
            [
              -58.6554802,
              -34.5987577
            ],
            [
              -58.6540381,
              -34.5972125
            ]
          ]
        ]
      }
    },
    {
      "type": "Feature",
      "properties": {
        "zone_name": "Los Pinos",
        "area_km2": 0.0885,
        "flood_risk_overlap_m2": 0.0,
        "flood_risk_overlap_pct": 0.0,
        "flood_risk_high_or_medium_m2": 0.0,
        "in_flood_risk_zone": false,
        "flood_risk_level": null,
        "flood_penalty_score": null,
        "flood_risk_max_score": null,
        "source_name": "Autoridad del Agua PBA - Peligrosidad Cuenca Reconquista",
        "source_url": "https://ada.gba.gov.ar/cartas-de-riesgo-hidrico/",
        "generated_at": "2026-06-29T00:24:57.845820+00:00",
        "data_confidence": "high"
      },
      "geometry": {
        "type": "Polygon",
        "coordinates": [
          [
            [
              -58.645788,
              -34.6088656
            ],
            [
              -58.6466085,
              -34.6082042
            ],
            [
              -58.6470979,
              -34.6078037
            ],
            [
              -58.6473397,
              -34.6075969
            ],
            [
              -58.6480431,
              -34.6070442
            ],
            [
              -58.6486774,
              -34.6065472
            ],
            [
              -58.649157,
              -34.6061675
            ],
            [
              -58.6496234,
              -34.6058023
            ],
            [
              -58.6495376,
              -34.6057285
            ],
            [
              -58.6489242,
              -34.605215
            ],
            [
              -58.6483024,
              -34.604674
            ],
            [
              -58.6482544,
              -34.6046168
            ],
            [
              -58.6473092,
              -34.6053686
            ],
            [
              -58.6466709,
              -34.6058892
            ],
            [
              -58.6462317,
              -34.6062421
            ],
            [
              -58.6459614,
              -34.606462
            ],
            [
              -58.6451408,
              -34.6071266
            ],
            [
              -58.6443874,
              -34.6077189
            ],
            [
              -58.6450825,
              -34.6082994
            ],
            [
              -58.645788,
              -34.6088656
            ]
          ]
        ]
      }
    },
    {
      "type": "Feature",
      "properties": {
        "zone_name": "Luna",
        "area_km2": 0.7198,
        "flood_risk_overlap_m2": 0.0,
        "flood_risk_overlap_pct": 0.0,
        "flood_risk_high_or_medium_m2": 0.0,
        "in_flood_risk_zone": false,
        "flood_risk_level": null,
        "flood_penalty_score": null,
        "flood_risk_max_score": null,
        "source_name": "Autoridad del Agua PBA - Peligrosidad Cuenca Reconquista",
        "source_url": "https://ada.gba.gov.ar/cartas-de-riesgo-hidrico/",
        "generated_at": "2026-06-29T00:24:57.845820+00:00",
        "data_confidence": "high"
      },
      "geometry": {
        "type": "Polygon",
        "coordinates": [
          [
            [
              -58.6412917,
              -34.6024689
            ],
            [
              -58.641205,
              -34.6025332
            ],
            [
              -58.6404919,
              -34.6030623
            ],
            [
              -58.6396983,
              -34.6037209
            ],
            [
              -58.6387806,
              -34.6044524
            ],
            [
              -58.6394775,
              -34.605037
            ],
            [
              -58.6400118,
              -34.6054915
            ],
            [
              -58.6400728,
              -34.6055558
            ],
            [
              -58.6405427,
              -34.606123
            ],
            [
              -58.6409973,
              -34.6066794
            ],
            [
              -58.6414704,
              -34.6072493
            ],
            [
              -58.6419384,
              -34.6078032
            ],
            [
              -58.6424157,
              -34.6083787
            ],
            [
              -58.6428846,
              -34.6089209
            ],
            [
              -58.6435736,
              -34.6083668
            ],
            [
              -58.6443874,
              -34.6077189
            ],
            [
              -58.6451408,
              -34.6071266
            ],
            [
              -58.6459614,
              -34.606462
            ],
            [
              -58.6462317,
              -34.6062421
            ],
            [
              -58.6466709,
              -34.6058892
            ],
            [
              -58.6473092,
              -34.6053686
            ],
            [
              -58.6482544,
              -34.6046168
            ],
            [
              -58.6488282,
              -34.6041461
            ],
            [
              -58.6491123,
              -34.603918
            ],
            [
              -58.6494968,
              -34.6036051
            ],
            [
              -58.6500227,
              -34.6031772
            ],
            [
              -58.650962,
              -34.6024266
            ],
            [
              -58.6519961,
              -34.6015722
            ],
            [
              -58.6515879,
              -34.6012253
            ],
            [
              -58.6514548,
              -34.6011055
            ],
            [
              -58.6512208,
              -34.600907
            ],
            [
              -58.6508831,
              -34.6006115
            ],
            [
              -58.6508348,
              -34.6005715
            ],
            [
              -58.6504187,
              -34.6002271
            ],
            [
              -58.6508105,
              -34.599877
            ],
            [
              -58.6508534,
              -34.5998224
            ],
            [
              -58.6507964,
              -34.5997532
            ],
            [
              -58.6503335,
              -34.5991732
            ],
            [
              -58.6499176,
              -34.5986504
            ],
            [
              -58.6498731,
              -34.5985951
            ],
            [
              -58.6494816,
              -34.598129
            ],
            [
              -58.6493948,
              -34.5980189
            ],
            [
              -58.6490148,
              -34.5975206
            ],
            [
              -58.6489326,
              -34.5974221
            ],
            [
              -58.6484609,
              -34.5968487
            ],
            [
              -58.6472847,
              -34.5977833
            ],
            [
              -58.6463805,
              -34.5985171
            ],
            [
              -58.6454488,
              -34.5992518
            ],
            [
              -58.6445247,
              -34.6000019
            ],
            [
              -58.6436569,
              -34.6006928
            ],
            [
              -58.6427328,
              -34.6014433
            ],
            [
              -58.6420948,
              -34.6019501
            ],
            [
              -58.6413726,
              -34.6025348
            ],
            [
              -58.6412917,
              -34.6024689
            ]
          ]
        ]
      }
    },
    {
      "type": "Feature",
      "properties": {
        "zone_name": "Militar",
        "area_km2": 0.1772,
        "flood_risk_overlap_m2": 0.0,
        "flood_risk_overlap_pct": 0.0,
        "flood_risk_high_or_medium_m2": 0.0,
        "in_flood_risk_zone": false,
        "flood_risk_level": null,
        "flood_penalty_score": null,
        "flood_risk_max_score": null,
        "source_name": "Autoridad del Agua PBA - Peligrosidad Cuenca Reconquista",
        "source_url": "https://ada.gba.gov.ar/cartas-de-riesgo-hidrico/",
        "generated_at": "2026-06-29T00:24:57.845820+00:00",
        "data_confidence": "high"
      },
      "geometry": {
        "type": "Polygon",
        "coordinates": [
          [
            [
              -58.6323251,
              -34.6245194
            ],
            [
              -58.6315714,
              -34.6246465
            ],
            [
              -58.6308186,
              -34.6247735
            ],
            [
              -58.6306867,
              -34.6247972
            ],
            [
              -58.6304005,
              -34.6248429
            ],
            [
              -58.6289791,
              -34.6250764
            ],
            [
              -58.6273872,
              -34.6253431
            ],
            [
              -58.6272815,
              -34.6253596
            ],
            [
              -58.6269001,
              -34.6254256
            ],
            [
              -58.6259757,
              -34.6255775
            ],
            [
              -58.6255735,
              -34.6256398
            ],
            [
              -58.6254069,
              -34.6256713
            ],
            [
              -58.6256252,
              -34.6265281
            ],
            [
              -58.6256445,
              -34.6266132
            ],
            [
              -58.6258699,
              -34.6274919
            ],
            [
              -58.6259099,
              -34.627637
            ],
            [
              -58.6260082,
              -34.6279985
            ],
            [
              -58.6260165,
              -34.6280289
            ],
            [
              -58.6292127,
              -34.6279468
            ],
            [
              -58.6299962,
              -34.6279613
            ],
            [
              -58.6307786,
              -34.6279686
            ],
            [
              -58.6308954,
              -34.6279759
            ],
            [
              -58.6309722,
              -34.6279807
            ],
            [
              -58.6310774,
              -34.6279894
            ],
            [
              -58.6311536,
              -34.6280053
            ],
            [
              -58.6311683,
              -34.6279627
            ],
            [
              -58.6311781,
              -34.6279343
            ],
            [
              -58.6314455,
              -34.6272561
            ],
            [
              -58.631759,
              -34.626348
            ],
            [
              -58.6317909,
              -34.6262592
            ],
            [
              -58.6318697,
              -34.6260249
            ],
            [
              -58.6318914,
              -34.6259525
            ],
            [
              -58.6320371,
              -34.6255419
            ],
            [
              -58.6321034,
              -34.6253688
            ],
            [
              -58.6321527,
              -34.6252373
            ],
            [
              -58.6321991,
              -34.6251066
            ],
            [
              -58.6323654,
              -34.6246477
            ],
            [
              -58.6324143,
              -34.6245044
            ],
            [
              -58.6323251,
              -34.6245194
            ]
          ]
        ]
      }
    },
    {
      "type": "Feature",
      "properties": {
        "zone_name": "Mitre",
        "area_km2": 1.5379,
        "flood_risk_overlap_m2": 0.0,
        "flood_risk_overlap_pct": 0.0,
        "flood_risk_high_or_medium_m2": 0.0,
        "in_flood_risk_zone": false,
        "flood_risk_level": null,
        "flood_penalty_score": null,
        "flood_risk_max_score": null,
        "source_name": "Autoridad del Agua PBA - Peligrosidad Cuenca Reconquista",
        "source_url": "https://ada.gba.gov.ar/cartas-de-riesgo-hidrico/",
        "generated_at": "2026-06-29T00:24:57.845820+00:00",
        "data_confidence": "high"
      },
      "geometry": {
        "type": "Polygon",
        "coordinates": [
          [
            [
              -58.637036,
              -34.6135878
            ],
            [
              -58.6377011,
              -34.6141247
            ],
            [
              -58.6383632,
              -34.6146639
            ],
            [
              -58.6384285,
              -34.6147275
            ],
            [
              -58.6391003,
              -34.6156183
            ],
            [
              -58.6398675,
              -34.6166331
            ],
            [
              -58.6405328,
              -34.6174847
            ],
            [
              -58.6411347,
              -34.6182706
            ],
            [
              -58.6415829,
              -34.6188524
            ],
            [
              -58.6417689,
              -34.6190831
            ],
            [
              -58.6421393,
              -34.619549
            ],
            [
              -58.6426326,
              -34.6201477
            ],
            [
              -58.6425455,
              -34.6202211
            ],
            [
              -58.6423955,
              -34.6203444
            ],
            [
              -58.6428842,
              -34.6207514
            ],
            [
              -58.6429666,
              -34.6208211
            ],
            [
              -58.6435407,
              -34.6213026
            ],
            [
              -58.6441125,
              -34.6217898
            ],
            [
              -58.6444784,
              -34.6220992
            ],
            [
              -58.6446986,
              -34.6222854
            ],
            [
              -58.6450908,
              -34.622617
            ],
            [
              -58.6452809,
              -34.6227777
            ],
            [
              -58.6458907,
              -34.6232932
            ],
            [
              -58.6466212,
              -34.6226881
            ],
            [
              -58.6473758,
              -34.6220886
            ],
            [
              -58.647958,
              -34.6216001
            ],
            [
              -58.6485167,
              -34.621122
            ],
            [
              -58.6491482,
              -34.6205981
            ],
            [
              -58.6497018,
              -34.6201312
            ],
            [
              -58.650279,
              -34.6196561
            ],
            [
              -58.6508972,
              -34.6191662
            ],
            [
              -58.6514352,
              -34.6187008
            ],
            [
              -58.6519422,
              -34.6182739
            ],
            [
              -58.6524593,
              -34.6178487
            ],
            [
              -58.6539328,
              -34.6166406
            ],
            [
              -58.6553398,
              -34.6154705
            ],
            [
              -58.65536,
              -34.6154272
            ],
            [
              -58.6553529,
              -34.6153838
            ],
            [
              -58.6552957,
              -34.6153231
            ],
            [
              -58.654722,
              -34.6149178
            ],
            [
              -58.654023,
              -34.6144142
            ],
            [
              -58.6532547,
              -34.6138757
            ],
            [
              -58.6525411,
              -34.6133556
            ],
            [
              -58.6517877,
              -34.6127899
            ],
            [
              -58.6525378,
              -34.6121986
            ],
            [
              -58.6525714,
              -34.6121546
            ],
            [
              -58.6525824,
              -34.6121054
            ],
            [
              -58.652568,
              -34.6120596
            ],
            [
              -58.6525401,
              -34.6120266
            ],
            [
              -58.6514296,
              -34.611311
            ],
            [
              -58.651123,
              -34.611106
            ],
            [
              -58.6502515,
              -34.6105359
            ],
            [
              -58.6493092,
              -34.6099358
            ],
            [
              -58.6490121,
              -34.6097534
            ],
            [
              -58.6486291,
              -34.6094866
            ],
            [
              -58.6488473,
              -34.6093004
            ],
            [
              -58.648246,
              -34.6088095
            ],
            [
              -58.6476836,
              -34.6083049
            ],
            [
              -58.6470979,
              -34.6078037
            ],
            [
              -58.6466085,
              -34.6082042
            ],
            [
              -58.645788,
              -34.6088656
            ],
            [
              -58.6450825,
              -34.6082994
            ],
            [
              -58.6443874,
              -34.6077189
            ],
            [
              -58.6435736,
              -34.6083668
            ],
            [
              -58.6428846,
              -34.6089209
            ],
            [
              -58.6417775,
              -34.6098323
            ],
            [
              -58.6410558,
              -34.6104052
            ],
            [
              -58.6403829,
              -34.6109331
            ],
            [
              -58.6396469,
              -34.6115274
            ],
            [
              -58.6389181,
              -34.6120991
            ],
            [
              -58.6381971,
              -34.6126794
            ],
            [
              -58.6371641,
              -34.6134891
            ],
            [
              -58.637036,
              -34.6135878
            ]
          ]
        ]
      }
    },
    {
      "type": "Feature",
      "properties": {
        "zone_name": "Nueve de Julio",
        "area_km2": 0.4924,
        "flood_risk_overlap_m2": 21668.78,
        "flood_risk_overlap_pct": 4.3978,
        "flood_risk_high_or_medium_m2": 19453.34,
        "in_flood_risk_zone": true,
        "flood_risk_level": "media_alta",
        "flood_penalty_score": 67.28,
        "flood_risk_max_score": 75,
        "source_name": "Autoridad del Agua PBA - Peligrosidad Cuenca Reconquista",
        "source_url": "https://ada.gba.gov.ar/cartas-de-riesgo-hidrico/",
        "generated_at": "2026-06-29T00:24:57.845820+00:00",
        "data_confidence": "high"
      },
      "geometry": {
        "type": "Polygon",
        "coordinates": [
          [
            [
              -58.6205222,
              -34.6051423
            ],
            [
              -58.6209541,
              -34.6048282
            ],
            [
              -58.6215162,
              -34.6043775
            ],
            [
              -58.6219523,
              -34.6040301
            ],
            [
              -58.6225783,
              -34.6035314
            ],
            [
              -58.6233186,
              -34.60294
            ],
            [
              -58.6240624,
              -34.6023467
            ],
            [
              -58.6248184,
              -34.601756
            ],
            [
              -58.625582,
              -34.6011539
            ],
            [
              -58.6264611,
              -34.6004405
            ],
            [
              -58.6273419,
              -34.5997612
            ],
            [
              -58.6282446,
              -34.5990469
            ],
            [
              -58.6291492,
              -34.5983482
            ],
            [
              -58.6284107,
              -34.5976973
            ],
            [
              -58.6282825,
              -34.597585
            ],
            [
              -58.6274335,
              -34.5968388
            ],
            [
              -58.6265632,
              -34.5960864
            ],
            [
              -58.6258492,
              -34.5954814
            ],
            [
              -58.6257066,
              -34.5953606
            ],
            [
              -58.6255982,
              -34.5952653
            ],
            [
              -58.6251591,
              -34.5948632
            ],
            [
              -58.6251253,
              -34.5948285
            ],
            [
              -58.6249451,
              -34.5946735
            ],
            [
              -58.6242467,
              -34.595055
            ],
            [
              -58.6228696,
              -34.5957717
            ],
            [
              -58.6214821,
              -34.5964866
            ],
            [
              -58.620717,
              -34.5969059
            ],
            [
              -58.619134,
              -34.5976883
            ],
            [
              -58.6194042,
              -34.5983711
            ],
            [
              -58.6204933,
              -34.6004273
            ],
            [
              -58.6209454,
              -34.6012808
            ],
            [
              -58.6211107,
              -34.6015182
            ],
            [
              -58.621294,
              -34.6018617
            ],
            [
              -58.621348,
              -34.6019891
            ],
            [
              -58.6213865,
              -34.6021666
            ],
            [
              -58.6213909,
              -34.6023525
            ],
            [
              -58.6213298,
              -34.6027265
            ],
            [
              -58.6208231,
              -34.6043938
            ],
            [
              -58.6207437,
              -34.6045131
            ],
            [
              -58.6206405,
              -34.604624
            ],
            [
              -58.6204388,
              -34.6047715
            ],
            [
              -58.6204846,
              -34.6049821
            ],
            [
              -58.6205222,
              -34.6051423
            ]
          ]
        ]
      }
    },
    {
      "type": "Feature",
      "properties": {
        "zone_name": "Nuevo Parque Quirno",
        "area_km2": 0.1848,
        "flood_risk_overlap_m2": 25788.8,
        "flood_risk_overlap_pct": 13.9429,
        "flood_risk_high_or_medium_m2": 21382.95,
        "in_flood_risk_zone": true,
        "flood_risk_level": "media_alta",
        "flood_penalty_score": 62.4,
        "flood_risk_max_score": 75,
        "source_name": "Autoridad del Agua PBA - Peligrosidad Cuenca Reconquista",
        "source_url": "https://ada.gba.gov.ar/cartas-de-riesgo-hidrico/",
        "generated_at": "2026-06-29T00:24:57.845820+00:00",
        "data_confidence": "high"
      },
      "geometry": {
        "type": "Polygon",
        "coordinates": [
          [
            [
              -58.6204388,
              -34.6047715
            ],
            [
              -58.6201944,
              -34.6049477
            ],
            [
              -58.6198286,
              -34.6054919
            ],
            [
              -58.619772,
              -34.6056627
            ],
            [
              -58.6198023,
              -34.606478
            ],
            [
              -58.6199849,
              -34.6073203
            ],
            [
              -58.620096,
              -34.6080708
            ],
            [
              -58.620203,
              -34.6088556
            ],
            [
              -58.6203621,
              -34.6092409
            ],
            [
              -58.6205635,
              -34.6094786
            ],
            [
              -58.6213242,
              -34.6102252
            ],
            [
              -58.6216651,
              -34.6104937
            ],
            [
              -58.6218204,
              -34.6108365
            ],
            [
              -58.6217179,
              -34.6113751
            ],
            [
              -58.6213553,
              -34.611999
            ],
            [
              -58.6210018,
              -34.6124855
            ],
            [
              -58.6214721,
              -34.6124064
            ],
            [
              -58.6215072,
              -34.6123926
            ],
            [
              -58.6218396,
              -34.6123367
            ],
            [
              -58.6224154,
              -34.6122405
            ],
            [
              -58.6230039,
              -34.6121275
            ],
            [
              -58.6236274,
              -34.6120135
            ],
            [
              -58.6236882,
              -34.6120023
            ],
            [
              -58.6244052,
              -34.6118778
            ],
            [
              -58.6261592,
              -34.6115602
            ],
            [
              -58.6263238,
              -34.6115203
            ],
            [
              -58.6263877,
              -34.6114942
            ],
            [
              -58.6259324,
              -34.6109285
            ],
            [
              -58.6258242,
              -34.6108159
            ],
            [
              -58.6248825,
              -34.6099455
            ],
            [
              -58.6247568,
              -34.6098452
            ],
            [
              -58.6246962,
              -34.6098212
            ],
            [
              -58.6246161,
              -34.6097971
            ],
            [
              -58.624329,
              -34.6097273
            ],
            [
              -58.6241393,
              -34.6096637
            ],
            [
              -58.6240563,
              -34.6096231
            ],
            [
              -58.6239819,
              -34.6095735
            ],
            [
              -58.6229986,
              -34.6087156
            ],
            [
              -58.6221101,
              -34.607894
            ],
            [
              -58.6220305,
              -34.6078204
            ],
            [
              -58.6219934,
              -34.6077838
            ],
            [
              -58.6216911,
              -34.6074851
            ],
            [
              -58.6214778,
              -34.6072475
            ],
            [
              -58.621257,
              -34.6069719
            ],
            [
              -58.6210871,
              -34.6067461
            ],
            [
              -58.6209811,
              -34.6065639
            ],
            [
              -58.6209222,
              -34.606455
            ],
            [
              -58.6208712,
              -34.6063462
            ],
            [
              -58.6207894,
              -34.6060773
            ],
            [
              -58.6207328,
              -34.6058859
            ],
            [
              -58.6206685,
              -34.6056518
            ],
            [
              -58.6205352,
              -34.6051976
            ],
            [
              -58.6205222,
              -34.6051423
            ],
            [
              -58.6204846,
              -34.6049821
            ],
            [
              -58.6204388,
              -34.6047715
            ]
          ]
        ]
      }
    },
    {
      "type": "Feature",
      "properties": {
        "zone_name": "Parque Jhonston",
        "area_km2": 1.3584,
        "flood_risk_overlap_m2": 0.0,
        "flood_risk_overlap_pct": 0.0,
        "flood_risk_high_or_medium_m2": 0.0,
        "in_flood_risk_zone": false,
        "flood_risk_level": null,
        "flood_penalty_score": null,
        "flood_risk_max_score": null,
        "source_name": "Autoridad del Agua PBA - Peligrosidad Cuenca Reconquista",
        "source_url": "https://ada.gba.gov.ar/cartas-de-riesgo-hidrico/",
        "generated_at": "2026-06-29T00:24:57.845820+00:00",
        "data_confidence": "high"
      },
      "geometry": {
        "type": "Polygon",
        "coordinates": [
          [
            [
              -58.6353524,
              -34.6035358
            ],
            [
              -58.6353283,
              -34.6038346
            ],
            [
              -58.6352744,
              -34.6044555
            ],
            [
              -58.6352391,
              -34.604867
            ],
            [
              -58.6353547,
              -34.6047665
            ],
            [
              -58.6360865,
              -34.6041719
            ],
            [
              -58.636738,
              -34.6036421
            ],
            [
              -58.6373071,
              -34.6031924
            ],
            [
              -58.6380872,
              -34.6038676
            ],
            [
              -58.6387806,
              -34.6044524
            ],
            [
              -58.6396983,
              -34.6037209
            ],
            [
              -58.6404919,
              -34.6030623
            ],
            [
              -58.641205,
              -34.6025332
            ],
            [
              -58.6412917,
              -34.6024689
            ],
            [
              -58.6413726,
              -34.6025348
            ],
            [
              -58.6420948,
              -34.6019501
            ],
            [
              -58.6427328,
              -34.6014433
            ],
            [
              -58.6436569,
              -34.6006928
            ],
            [
              -58.6445247,
              -34.6000019
            ],
            [
              -58.6454488,
              -34.5992518
            ],
            [
              -58.6463805,
              -34.5985171
            ],
            [
              -58.6472847,
              -34.5977833
            ],
            [
              -58.6484609,
              -34.5968487
            ],
            [
              -58.6478421,
              -34.5960723
            ],
            [
              -58.6472003,
              -34.5952628
            ],
            [
              -58.6464874,
              -34.5943839
            ],
            [
              -58.6459379,
              -34.5936794
            ],
            [
              -58.6457224,
              -34.5934101
            ],
            [
              -58.6453492,
              -34.5929463
            ],
            [
              -58.6452603,
              -34.5928327
            ],
            [
              -58.6447827,
              -34.5922376
            ],
            [
              -58.6446921,
              -34.5921164
            ],
            [
              -58.6442107,
              -34.59153
            ],
            [
              -58.6441142,
              -34.5914039
            ],
            [
              -58.6435619,
              -34.5907041
            ],
            [
              -58.6429671,
              -34.5899666
            ],
            [
              -58.642364,
              -34.589228
            ],
            [
              -58.6421828,
              -34.5889904
            ],
            [
              -58.6417653,
              -34.5884428
            ],
            [
              -58.6415919,
              -34.5885666
            ],
            [
              -58.6408755,
              -34.5879121
            ],
            [
              -58.6407644,
              -34.5878165
            ],
            [
              -58.6401337,
              -34.5872797
            ],
            [
              -58.6399747,
              -34.5871464
            ],
            [
              -58.6379082,
              -34.5882163
            ],
            [
              -58.6378529,
              -34.5884675
            ],
            [
              -58.6373662,
              -34.5897639
            ],
            [
              -58.6366599,
              -34.5916466
            ],
            [
              -58.6365934,
              -34.5918213
            ],
            [
              -58.6363357,
              -34.592527
            ],
            [
              -58.6363091,
              -34.5926192
            ],
            [
              -58.6362747,
              -34.5927662
            ],
            [
              -58.6362578,
              -34.593037
            ],
            [
              -58.6361714,
              -34.5940712
            ],
            [
              -58.6361689,
              -34.5941307
            ],
            [
              -58.636162,
              -34.5942053
            ],
            [
              -58.6361549,
              -34.5942819
            ],
            [
              -58.636062,
              -34.5954389
            ],
            [
              -58.6360513,
              -34.5955743
            ],
            [
              -58.636044,
              -34.595626
            ],
            [
              -58.6360163,
              -34.5958998
            ],
            [
              -58.6359426,
              -34.596707
            ],
            [
              -58.6359178,
              -34.5970511
            ],
            [
              -58.635859,
              -34.5978225
            ],
            [
              -58.6358477,
              -34.597935
            ],
            [
              -58.6358457,
              -34.5979637
            ],
            [
              -58.6357734,
              -34.5988513
            ],
            [
              -58.6356847,
              -34.5998802
            ],
            [
              -58.6356138,
              -34.6006944
            ],
            [
              -58.6356011,
              -34.6008422
            ],
            [
              -58.6355922,
              -34.6009527
            ],
            [
              -58.6355144,
              -34.6017471
            ],
            [
              -58.6354411,
              -34.6024707
            ],
            [
              -58.6354269,
              -34.6026398
            ],
            [
              -58.6354121,
              -34.6028062
            ],
            [
              -58.6353705,
              -34.6033149
            ],
            [
              -58.6353524,
              -34.6035358
            ]
          ]
        ]
      }
    },
    {
      "type": "Feature",
      "properties": {
        "zone_name": "Parque Quirno",
        "area_km2": 1.1008,
        "flood_risk_overlap_m2": 0.0,
        "flood_risk_overlap_pct": 0.0,
        "flood_risk_high_or_medium_m2": 0.0,
        "in_flood_risk_zone": false,
        "flood_risk_level": null,
        "flood_penalty_score": null,
        "flood_risk_max_score": null,
        "source_name": "Autoridad del Agua PBA - Peligrosidad Cuenca Reconquista",
        "source_url": "https://ada.gba.gov.ar/cartas-de-riesgo-hidrico/",
        "generated_at": "2026-06-29T00:24:57.845820+00:00",
        "data_confidence": "high"
      },
      "geometry": {
        "type": "Polygon",
        "coordinates": [
          [
            [
              -58.6209541,
              -34.6048282
            ],
            [
              -58.6205222,
              -34.6051423
            ],
            [
              -58.6205352,
              -34.6051976
            ],
            [
              -58.6206685,
              -34.6056518
            ],
            [
              -58.6207328,
              -34.6058859
            ],
            [
              -58.6207894,
              -34.6060773
            ],
            [
              -58.6208712,
              -34.6063462
            ],
            [
              -58.6209222,
              -34.606455
            ],
            [
              -58.6209811,
              -34.6065639
            ],
            [
              -58.6210871,
              -34.6067461
            ],
            [
              -58.621257,
              -34.6069719
            ],
            [
              -58.6214778,
              -34.6072475
            ],
            [
              -58.6216911,
              -34.6074851
            ],
            [
              -58.6219934,
              -34.6077838
            ],
            [
              -58.6220305,
              -34.6078204
            ],
            [
              -58.6221101,
              -34.607894
            ],
            [
              -58.6229986,
              -34.6087156
            ],
            [
              -58.6239819,
              -34.6095735
            ],
            [
              -58.6240563,
              -34.6096231
            ],
            [
              -58.6241393,
              -34.6096637
            ],
            [
              -58.624329,
              -34.6097273
            ],
            [
              -58.6246161,
              -34.6097971
            ],
            [
              -58.6246962,
              -34.6098212
            ],
            [
              -58.6247568,
              -34.6098452
            ],
            [
              -58.6248825,
              -34.6099455
            ],
            [
              -58.6258242,
              -34.6108159
            ],
            [
              -58.6259324,
              -34.6109285
            ],
            [
              -58.6263877,
              -34.6114942
            ],
            [
              -58.6266041,
              -34.6117614
            ],
            [
              -58.6269789,
              -34.6114727
            ],
            [
              -58.6279515,
              -34.6107068
            ],
            [
              -58.6286689,
              -34.6101187
            ],
            [
              -58.629251,
              -34.6096596
            ],
            [
              -58.6301926,
              -34.6089055
            ],
            [
              -58.6312053,
              -34.6080912
            ],
            [
              -58.6319768,
              -34.6074641
            ],
            [
              -58.6324277,
              -34.6070942
            ],
            [
              -58.632973,
              -34.6066575
            ],
            [
              -58.6329986,
              -34.6066372
            ],
            [
              -58.6331106,
              -34.6065455
            ],
            [
              -58.6332791,
              -34.6064156
            ],
            [
              -58.6339599,
              -34.6058793
            ],
            [
              -58.6344323,
              -34.6054896
            ],
            [
              -58.6349594,
              -34.6050789
            ],
            [
              -58.6352391,
              -34.604867
            ],
            [
              -58.6352744,
              -34.6044555
            ],
            [
              -58.6353283,
              -34.6038346
            ],
            [
              -58.6353524,
              -34.6035358
            ],
            [
              -58.6353705,
              -34.6033149
            ],
            [
              -58.6354121,
              -34.6028062
            ],
            [
              -58.6354269,
              -34.6026398
            ],
            [
              -58.6354411,
              -34.6024707
            ],
            [
              -58.6355144,
              -34.6017471
            ],
            [
              -58.6349702,
              -34.6017096
            ],
            [
              -58.6348393,
              -34.6016938
            ],
            [
              -58.6347239,
              -34.6016708
            ],
            [
              -58.6346308,
              -34.6016421
            ],
            [
              -58.6344526,
              -34.6015781
            ],
            [
              -58.6343305,
              -34.601533
            ],
            [
              -58.6341701,
              -34.6014852
            ],
            [
              -58.6340513,
              -34.6014614
            ],
            [
              -58.6339453,
              -34.6014587
            ],
            [
              -58.6338377,
              -34.6014724
            ],
            [
              -58.6333676,
              -34.6015872
            ],
            [
              -58.6332852,
              -34.6015999
            ],
            [
              -58.6331672,
              -34.6016043
            ],
            [
              -58.6330588,
              -34.6015921
            ],
            [
              -58.6329473,
              -34.6015692
            ],
            [
              -58.6328564,
              -34.6015319
            ],
            [
              -58.6327799,
              -34.6014871
            ],
            [
              -58.6323692,
              -34.6011653
            ],
            [
              -58.631443,
              -34.6003534
            ],
            [
              -58.6307705,
              -34.5997571
            ],
            [
              -58.630694,
              -34.5996893
            ],
            [
              -58.630069,
              -34.5991521
            ],
            [
              -58.6299259,
              -34.5990291
            ],
            [
              -58.6294828,
              -34.5986407
            ],
            [
              -58.6291492,
              -34.5983482
            ],
            [
              -58.6282446,
              -34.5990469
            ],
            [
              -58.6273419,
              -34.5997612
            ],
            [
              -58.6264611,
              -34.6004405
            ],
            [
              -58.625582,
              -34.6011539
            ],
            [
              -58.6248184,
              -34.601756
            ],
            [
              -58.6240624,
              -34.6023467
            ],
            [
              -58.6233186,
              -34.60294
            ],
            [
              -58.6225783,
              -34.6035314
            ],
            [
              -58.6219523,
              -34.6040301
            ],
            [
              -58.6215162,
              -34.6043775
            ],
            [
              -58.6209541,
              -34.6048282
            ]
          ]
        ]
      }
    },
    {
      "type": "Feature",
      "properties": {
        "zone_name": "Prensa",
        "area_km2": 0.2243,
        "flood_risk_overlap_m2": 0.0,
        "flood_risk_overlap_pct": 0.0,
        "flood_risk_high_or_medium_m2": 0.0,
        "in_flood_risk_zone": false,
        "flood_risk_level": null,
        "flood_penalty_score": null,
        "flood_risk_max_score": null,
        "source_name": "Autoridad del Agua PBA - Peligrosidad Cuenca Reconquista",
        "source_url": "https://ada.gba.gov.ar/cartas-de-riesgo-hidrico/",
        "generated_at": "2026-06-29T00:24:57.845820+00:00",
        "data_confidence": "high"
      },
      "geometry": {
        "type": "Polygon",
        "coordinates": [
          [
            [
              -58.6341046,
              -34.6285795
            ],
            [
              -58.6344081,
              -34.6285191
            ],
            [
              -58.6341631,
              -34.6276885
            ],
            [
              -58.6339233,
              -34.6268179
            ],
            [
              -58.6336709,
              -34.6259282
            ],
            [
              -58.633447,
              -34.6251357
            ],
            [
              -58.6332326,
              -34.6243608
            ],
            [
              -58.6324773,
              -34.6244933
            ],
            [
              -58.6324143,
              -34.6245044
            ],
            [
              -58.6323654,
              -34.6246477
            ],
            [
              -58.6321991,
              -34.6251066
            ],
            [
              -58.6321527,
              -34.6252373
            ],
            [
              -58.6321034,
              -34.6253688
            ],
            [
              -58.6320371,
              -34.6255419
            ],
            [
              -58.6318914,
              -34.6259525
            ],
            [
              -58.6318697,
              -34.6260249
            ],
            [
              -58.6317909,
              -34.6262592
            ],
            [
              -58.631759,
              -34.626348
            ],
            [
              -58.6314455,
              -34.6272561
            ],
            [
              -58.6311781,
              -34.6279343
            ],
            [
              -58.6311683,
              -34.6279627
            ],
            [
              -58.6311536,
              -34.6280053
            ],
            [
              -58.6311304,
              -34.6280726
            ],
            [
              -58.6310732,
              -34.6282391
            ],
            [
              -58.6310494,
              -34.6283054
            ],
            [
              -58.6307613,
              -34.6291405
            ],
            [
              -58.6305124,
              -34.6298663
            ],
            [
              -58.6304198,
              -34.6301137
            ],
            [
              -58.630106,
              -34.630975
            ],
            [
              -58.6300482,
              -34.6311337
            ],
            [
              -58.630148,
              -34.6312117
            ],
            [
              -58.6305836,
              -34.6314353
            ],
            [
              -58.6309456,
              -34.6316235
            ],
            [
              -58.6314608,
              -34.6318392
            ],
            [
              -58.6320644,
              -34.6320814
            ],
            [
              -58.632173,
              -34.6321094
            ],
            [
              -58.6322949,
              -34.6321193
            ],
            [
              -58.6327181,
              -34.6321123
            ],
            [
              -58.6329791,
              -34.6320967
            ],
            [
              -58.6335764,
              -34.6320517
            ],
            [
              -58.6346433,
              -34.6319629
            ],
            [
              -58.6346086,
              -34.6316783
            ],
            [
              -58.6345625,
              -34.6313471
            ],
            [
              -58.6344241,
              -34.630326
            ],
            [
              -58.6343213,
              -34.6293717
            ],
            [
              -58.6343069,
              -34.629297
            ],
            [
              -58.6341046,
              -34.6285795
            ]
          ]
        ]
      }
    },
    {
      "type": "Feature",
      "properties": {
        "zone_name": "Primero de Mayo",
        "area_km2": 0.3157,
        "flood_risk_overlap_m2": 0.0,
        "flood_risk_overlap_pct": 0.0,
        "flood_risk_high_or_medium_m2": 0.0,
        "in_flood_risk_zone": false,
        "flood_risk_level": null,
        "flood_penalty_score": null,
        "flood_risk_max_score": null,
        "source_name": "Autoridad del Agua PBA - Peligrosidad Cuenca Reconquista",
        "source_url": "https://ada.gba.gov.ar/cartas-de-riesgo-hidrico/",
        "generated_at": "2026-06-29T00:24:57.845820+00:00",
        "data_confidence": "high"
      },
      "geometry": {
        "type": "Polygon",
        "coordinates": [
          [
            [
              -58.658523,
              -34.5825646
            ],
            [
              -58.6583083,
              -34.5824012
            ],
            [
              -58.6582466,
              -34.5823543
            ],
            [
              -58.6575088,
              -34.5828627
            ],
            [
              -58.6559373,
              -34.5839464
            ],
            [
              -58.6554007,
              -34.5843164
            ],
            [
              -58.6546265,
              -34.5848079
            ],
            [
              -58.6539759,
              -34.5852209
            ],
            [
              -58.6535458,
              -34.5854549
            ],
            [
              -58.6530146,
              -34.5857438
            ],
            [
              -58.6521477,
              -34.5860901
            ],
            [
              -58.6512121,
              -34.5863798
            ],
            [
              -58.6502565,
              -34.5866163
            ],
            [
              -58.6503129,
              -34.5866551
            ],
            [
              -58.6503347,
              -34.5866701
            ],
            [
              -58.6504961,
              -34.5867813
            ],
            [
              -58.6505638,
              -34.586828
            ],
            [
              -58.6508795,
              -34.5870931
            ],
            [
              -58.6516091,
              -34.5877134
            ],
            [
              -58.6522658,
              -34.5882671
            ],
            [
              -58.6531698,
              -34.5890353
            ],
            [
              -58.6533055,
              -34.5891502
            ],
            [
              -58.6540213,
              -34.5897566
            ],
            [
              -58.6547093,
              -34.5892069
            ],
            [
              -58.6553276,
              -34.5887075
            ],
            [
              -58.6559606,
              -34.5881996
            ],
            [
              -58.6567347,
              -34.5875898
            ],
            [
              -58.6571109,
              -34.5872775
            ],
            [
              -58.6575177,
              -34.5869488
            ],
            [
              -58.6583009,
              -34.5863164
            ],
            [
              -58.6590759,
              -34.5856959
            ],
            [
              -58.6598608,
              -34.5850546
            ],
            [
              -58.6606999,
              -34.5843705
            ],
            [
              -58.6599586,
              -34.5837506
            ],
            [
              -58.6593853,
              -34.5832658
            ],
            [
              -58.6592366,
              -34.5831372
            ],
            [
              -58.658523,
              -34.5825646
            ]
          ]
        ]
      }
    },
    {
      "type": "Feature",
      "properties": {
        "zone_name": "Rimoldi",
        "area_km2": 0.1004,
        "flood_risk_overlap_m2": 0.0,
        "flood_risk_overlap_pct": 0.0,
        "flood_risk_high_or_medium_m2": 0.0,
        "in_flood_risk_zone": false,
        "flood_risk_level": null,
        "flood_penalty_score": null,
        "flood_risk_max_score": null,
        "source_name": "Autoridad del Agua PBA - Peligrosidad Cuenca Reconquista",
        "source_url": "https://ada.gba.gov.ar/cartas-de-riesgo-hidrico/",
        "generated_at": "2026-06-29T00:24:57.845820+00:00",
        "data_confidence": "high"
      },
      "geometry": {
        "type": "Polygon",
        "coordinates": [
          [
            [
              -58.6518662,
              -34.6077339
            ],
            [
              -58.6513368,
              -34.6072795
            ],
            [
              -58.6507762,
              -34.6067933
            ],
            [
              -58.650186,
              -34.6062933
            ],
            [
              -58.6496234,
              -34.6058023
            ],
            [
              -58.649157,
              -34.6061675
            ],
            [
              -58.6486774,
              -34.6065472
            ],
            [
              -58.6480431,
              -34.6070442
            ],
            [
              -58.6473397,
              -34.6075969
            ],
            [
              -58.6470979,
              -34.6078037
            ],
            [
              -58.6476836,
              -34.6083049
            ],
            [
              -58.648246,
              -34.6088095
            ],
            [
              -58.6488473,
              -34.6093004
            ],
            [
              -58.6486291,
              -34.6094866
            ],
            [
              -58.6490121,
              -34.6097534
            ],
            [
              -58.6493092,
              -34.6099358
            ],
            [
              -58.6499017,
              -34.6094186
            ],
            [
              -58.6503731,
              -34.6090375
            ],
            [
              -58.6510066,
              -34.6085279
            ],
            [
              -58.6514768,
              -34.6081509
            ],
            [
              -58.6519241,
              -34.607786
            ],
            [
              -58.6518662,
              -34.6077339
            ]
          ]
        ]
      }
    },
    {
      "type": "Feature",
      "properties": {
        "zone_name": "Roca 1",
        "area_km2": 0.5515,
        "flood_risk_overlap_m2": 87720.68,
        "flood_risk_overlap_pct": 15.8972,
        "flood_risk_high_or_medium_m2": 573.65,
        "in_flood_risk_zone": true,
        "flood_risk_level": "muy_baja",
        "flood_penalty_score": 10.91,
        "flood_risk_max_score": 50,
        "source_name": "Autoridad del Agua PBA - Peligrosidad Cuenca Reconquista",
        "source_url": "https://ada.gba.gov.ar/cartas-de-riesgo-hidrico/",
        "generated_at": "2026-06-29T00:24:57.845820+00:00",
        "data_confidence": "high"
      },
      "geometry": {
        "type": "Polygon",
        "coordinates": [
          [
            [
              -58.6569493,
              -34.5728081
            ],
            [
              -58.6561893,
              -34.5721284
            ],
            [
              -58.655341,
              -34.5714013
            ],
            [
              -58.6548786,
              -34.5709946
            ],
            [
              -58.6545936,
              -34.570744
            ],
            [
              -58.6538113,
              -34.5713691
            ],
            [
              -58.6530876,
              -34.5707476
            ],
            [
              -58.6526549,
              -34.5710959
            ],
            [
              -58.6521856,
              -34.5714754
            ],
            [
              -58.652033,
              -34.5713387
            ],
            [
              -58.6518858,
              -34.571207
            ],
            [
              -58.6517954,
              -34.5711291
            ],
            [
              -58.6517609,
              -34.5711167
            ],
            [
              -58.6517146,
              -34.5711274
            ],
            [
              -58.6515309,
              -34.5712599
            ],
            [
              -58.6509518,
              -34.5717143
            ],
            [
              -58.6508266,
              -34.5718125
            ],
            [
              -58.6507317,
              -34.5717294
            ],
            [
              -58.650563,
              -34.5715789
            ],
            [
              -58.6503947,
              -34.57171
            ],
            [
              -58.6498578,
              -34.5721252
            ],
            [
              -58.6490697,
              -34.5727628
            ],
            [
              -58.6489542,
              -34.5728562
            ],
            [
              -58.6496418,
              -34.5734723
            ],
            [
              -58.650355,
              -34.5741052
            ],
            [
              -58.6511806,
              -34.574851
            ],
            [
              -58.6520195,
              -34.575594
            ],
            [
              -58.6519789,
              -34.5756243
            ],
            [
              -58.6515866,
              -34.5759523
            ],
            [
              -58.6522221,
              -34.5764953
            ],
            [
              -58.6526219,
              -34.5761698
            ],
            [
              -58.6526672,
              -34.5761331
            ],
            [
              -58.653432,
              -34.5768024
            ],
            [
              -58.6541763,
              -34.5774709
            ],
            [
              -58.6546365,
              -34.5779098
            ],
            [
              -58.6546821,
              -34.5779533
            ],
            [
              -58.6548301,
              -34.5780958
            ],
            [
              -58.6548837,
              -34.5781593
            ],
            [
              -58.6553739,
              -34.5788274
            ],
            [
              -58.6554052,
              -34.5788905
            ],
            [
              -58.65542,
              -34.5789796
            ],
            [
              -58.6554662,
              -34.5790196
            ],
            [
              -58.6554969,
              -34.5790484
            ],
            [
              -58.6567811,
              -34.5783778
            ],
            [
              -58.6574855,
              -34.5780227
            ],
            [
              -58.6577029,
              -34.5779135
            ],
            [
              -58.6588081,
              -34.5773584
            ],
            [
              -58.6614075,
              -34.5759911
            ],
            [
              -58.6613105,
              -34.5758675
            ],
            [
              -58.6607378,
              -34.5751069
            ],
            [
              -58.6601553,
              -34.574353
            ],
            [
              -58.6595808,
              -34.5736028
            ],
            [
              -58.6595594,
              -34.5735828
            ],
            [
              -58.6594968,
              -34.5735244
            ],
            [
              -58.6584808,
              -34.5726386
            ],
            [
              -58.6578676,
              -34.5721028
            ],
            [
              -58.6569493,
              -34.5728081
            ]
          ]
        ]
      }
    },
    {
      "type": "Feature",
      "properties": {
        "zone_name": "Roca 2",
        "area_km2": 0.8198,
        "flood_risk_overlap_m2": 22264.93,
        "flood_risk_overlap_pct": 2.7141,
        "flood_risk_high_or_medium_m2": 0.0,
        "in_flood_risk_zone": true,
        "flood_risk_level": "muy_baja",
        "flood_penalty_score": 5.0,
        "flood_risk_max_score": 5,
        "source_name": "Autoridad del Agua PBA - Peligrosidad Cuenca Reconquista",
        "source_url": "https://ada.gba.gov.ar/cartas-de-riesgo-hidrico/",
        "generated_at": "2026-06-29T00:24:57.845820+00:00",
        "data_confidence": "high"
      },
      "geometry": {
        "type": "Polygon",
        "coordinates": [
          [
            [
              -58.646317,
              -34.5838633
            ],
            [
              -58.6507734,
              -34.5815362
            ],
            [
              -58.653125,
              -34.5803176
            ],
            [
              -58.6554969,
              -34.5790484
            ],
            [
              -58.6554662,
              -34.5790196
            ],
            [
              -58.65542,
              -34.5789796
            ],
            [
              -58.6554052,
              -34.5788905
            ],
            [
              -58.6553739,
              -34.5788274
            ],
            [
              -58.6548837,
              -34.5781593
            ],
            [
              -58.6548301,
              -34.5780958
            ],
            [
              -58.6546821,
              -34.5779533
            ],
            [
              -58.6546365,
              -34.5779098
            ],
            [
              -58.6541763,
              -34.5774709
            ],
            [
              -58.653432,
              -34.5768024
            ],
            [
              -58.6526672,
              -34.5761331
            ],
            [
              -58.6526219,
              -34.5761698
            ],
            [
              -58.6522221,
              -34.5764953
            ],
            [
              -58.6515866,
              -34.5759523
            ],
            [
              -58.6519789,
              -34.5756243
            ],
            [
              -58.6520195,
              -34.575594
            ],
            [
              -58.6511806,
              -34.574851
            ],
            [
              -58.650355,
              -34.5741052
            ],
            [
              -58.6496418,
              -34.5734723
            ],
            [
              -58.6489542,
              -34.5728562
            ],
            [
              -58.648592,
              -34.5731331
            ],
            [
              -58.6483522,
              -34.5733231
            ],
            [
              -58.6481163,
              -34.5735071
            ],
            [
              -58.6472796,
              -34.5741732
            ],
            [
              -58.6465821,
              -34.5747291
            ],
            [
              -58.6464539,
              -34.5748313
            ],
            [
              -58.6463059,
              -34.5749458
            ],
            [
              -58.6458074,
              -34.5753388
            ],
            [
              -58.6446651,
              -34.5762379
            ],
            [
              -58.6432542,
              -34.5773663
            ],
            [
              -58.6424332,
              -34.5779843
            ],
            [
              -58.6422725,
              -34.5781065
            ],
            [
              -58.6417352,
              -34.578515
            ],
            [
              -58.6415392,
              -34.5786696
            ],
            [
              -58.6414157,
              -34.5787665
            ],
            [
              -58.6413902,
              -34.5787865
            ],
            [
              -58.6412941,
              -34.5788653
            ],
            [
              -58.6409538,
              -34.5791447
            ],
            [
              -58.6417395,
              -34.5798077
            ],
            [
              -58.6424868,
              -34.5804637
            ],
            [
              -58.6432361,
              -34.5811398
            ],
            [
              -58.6439549,
              -34.5817803
            ],
            [
              -58.6446918,
              -34.5824152
            ],
            [
              -58.6454049,
              -34.5830648
            ],
            [
              -58.6454877,
              -34.5831357
            ],
            [
              -58.6460715,
              -34.583636
            ],
            [
              -58.646165,
              -34.5837198
            ],
            [
              -58.6462736,
              -34.5838209
            ],
            [
              -58.646317,
              -34.5838633
            ]
          ]
        ]
      }
    },
    {
      "type": "Feature",
      "properties": {
        "zone_name": "San Alberto",
        "area_km2": 0.1904,
        "flood_risk_overlap_m2": 9517.9,
        "flood_risk_overlap_pct": 4.9966,
        "flood_risk_high_or_medium_m2": 1627.13,
        "in_flood_risk_zone": true,
        "flood_risk_level": "muy_baja",
        "flood_penalty_score": 16.02,
        "flood_risk_max_score": 75,
        "source_name": "Autoridad del Agua PBA - Peligrosidad Cuenca Reconquista",
        "source_url": "https://ada.gba.gov.ar/cartas-de-riesgo-hidrico/",
        "generated_at": "2026-06-29T00:24:57.845820+00:00",
        "data_confidence": "high"
      },
      "geometry": {
        "type": "Polygon",
        "coordinates": [
          [
            [
              -58.6592066,
              -34.6019764
            ],
            [
              -58.6586511,
              -34.6014968
            ],
            [
              -58.6577804,
              -34.6007451
            ],
            [
              -58.6569172,
              -34.5999914
            ],
            [
              -58.6554802,
              -34.5987577
            ],
            [
              -58.6530093,
              -34.600779
            ],
            [
              -58.6545335,
              -34.601913
            ],
            [
              -58.6554534,
              -34.6025866
            ],
            [
              -58.6564086,
              -34.6032644
            ],
            [
              -58.6570535,
              -34.6037229
            ],
            [
              -58.657666,
              -34.6041568
            ],
            [
              -58.6582855,
              -34.6045875
            ],
            [
              -58.658291,
              -34.6045895
            ],
            [
              -58.6584181,
              -34.6046795
            ],
            [
              -58.6603818,
              -34.6029513
            ],
            [
              -58.6599502,
              -34.6025956
            ],
            [
              -58.6599223,
              -34.6025726
            ],
            [
              -58.6597902,
              -34.6024623
            ],
            [
              -58.6592066,
              -34.6019764
            ]
          ]
        ]
      }
    },
    {
      "type": "Feature",
      "properties": {
        "zone_name": "San Damián",
        "area_km2": 0.9102,
        "flood_risk_overlap_m2": 47371.14,
        "flood_risk_overlap_pct": 5.2014,
        "flood_risk_high_or_medium_m2": 10163.06,
        "in_flood_risk_zone": true,
        "flood_risk_level": "muy_baja",
        "flood_penalty_score": 18.76,
        "flood_risk_max_score": 75,
        "source_name": "Autoridad del Agua PBA - Peligrosidad Cuenca Reconquista",
        "source_url": "https://ada.gba.gov.ar/cartas-de-riesgo-hidrico/",
        "generated_at": "2026-06-29T00:24:57.845820+00:00",
        "data_confidence": "high"
      },
      "geometry": {
        "type": "Polygon",
        "coordinates": [
          [
            [
              -58.6669098,
              -34.5895344
            ],
            [
              -58.6683778,
              -34.5908323
            ],
            [
              -58.6684722,
              -34.5907372
            ],
            [
              -58.6709845,
              -34.5887383
            ],
            [
              -58.672786,
              -34.5873044
            ],
            [
              -58.6739688,
              -34.5863465
            ],
            [
              -58.6728739,
              -34.5851906
            ],
            [
              -58.6726155,
              -34.5849148
            ],
            [
              -58.6717005,
              -34.5839038
            ],
            [
              -58.6714276,
              -34.5836158
            ],
            [
              -58.6711444,
              -34.58334
            ],
            [
              -58.6710452,
              -34.5832498
            ],
            [
              -58.6709428,
              -34.5831714
            ],
            [
              -58.6708921,
              -34.5832167
            ],
            [
              -58.670581,
              -34.5834861
            ],
            [
              -58.669728,
              -34.5831946
            ],
            [
              -58.6682045,
              -34.5826547
            ],
            [
              -58.6679363,
              -34.5825432
            ],
            [
              -58.6674656,
              -34.5823025
            ],
            [
              -58.6669761,
              -34.5818752
            ],
            [
              -58.6668997,
              -34.5818177
            ],
            [
              -58.6666784,
              -34.5816598
            ],
            [
              -58.667125,
              -34.5812767
            ],
            [
              -58.666846,
              -34.5810393
            ],
            [
              -58.6672068,
              -34.5807147
            ],
            [
              -58.6673174,
              -34.5805253
            ],
            [
              -58.6673997,
              -34.5804233
            ],
            [
              -58.6647005,
              -34.5783415
            ],
            [
              -58.6644777,
              -34.5781752
            ],
            [
              -58.6640195,
              -34.5784881
            ],
            [
              -58.662756,
              -34.5793505
            ],
            [
              -58.6600713,
              -34.5811245
            ],
            [
              -58.6591631,
              -34.5817238
            ],
            [
              -58.6591,
              -34.5817654
            ],
            [
              -58.6582466,
              -34.5823543
            ],
            [
              -58.6583083,
              -34.5824012
            ],
            [
              -58.658523,
              -34.5825646
            ],
            [
              -58.6592366,
              -34.5831372
            ],
            [
              -58.6593853,
              -34.5832658
            ],
            [
              -58.6599586,
              -34.5837506
            ],
            [
              -58.6606999,
              -34.5843705
            ],
            [
              -58.6618117,
              -34.585326
            ],
            [
              -58.662049,
              -34.5855184
            ],
            [
              -58.6621867,
              -34.5856243
            ],
            [
              -58.6622462,
              -34.5856806
            ],
            [
              -58.6629301,
              -34.5862608
            ],
            [
              -58.6636514,
              -34.5868779
            ],
            [
              -58.6640443,
              -34.5872175
            ],
            [
              -58.6643794,
              -34.5874856
            ],
            [
              -58.6644564,
              -34.5875533
            ],
            [
              -58.6647999,
              -34.5878556
            ],
            [
              -58.6650887,
              -34.5880974
            ],
            [
              -58.6651334,
              -34.5881292
            ],
            [
              -58.665216,
              -34.5881618
            ],
            [
              -58.6652692,
              -34.5881779
            ],
            [
              -58.6653172,
              -34.5882041
            ],
            [
              -58.6658447,
              -34.5886518
            ],
            [
              -58.6669098,
              -34.5895344
            ]
          ]
        ]
      }
    },
    {
      "type": "Feature",
      "properties": {
        "zone_name": "Santa Clara",
        "area_km2": 0.4501,
        "flood_risk_overlap_m2": 0.0,
        "flood_risk_overlap_pct": 0.0,
        "flood_risk_high_or_medium_m2": 0.0,
        "in_flood_risk_zone": false,
        "flood_risk_level": null,
        "flood_penalty_score": null,
        "flood_risk_max_score": null,
        "source_name": "Autoridad del Agua PBA - Peligrosidad Cuenca Reconquista",
        "source_url": "https://ada.gba.gov.ar/cartas-de-riesgo-hidrico/",
        "generated_at": "2026-06-29T00:24:57.845820+00:00",
        "data_confidence": "high"
      },
      "geometry": {
        "type": "Polygon",
        "coordinates": [
          [
            [
              -58.658001,
              -34.5821614
            ],
            [
              -58.657028,
              -34.5808877
            ],
            [
              -58.6563353,
              -34.5799853
            ],
            [
              -58.6557858,
              -34.5792683
            ],
            [
              -58.655725,
              -34.5792072
            ],
            [
              -58.6556236,
              -34.5791556
            ],
            [
              -58.6555235,
              -34.5790746
            ],
            [
              -58.6554969,
              -34.5790484
            ],
            [
              -58.653125,
              -34.5803176
            ],
            [
              -58.6507734,
              -34.5815362
            ],
            [
              -58.646317,
              -34.5838633
            ],
            [
              -58.6464191,
              -34.5839651
            ],
            [
              -58.6469444,
              -34.5844144
            ],
            [
              -58.6477655,
              -34.5849678
            ],
            [
              -58.6486388,
              -34.5855347
            ],
            [
              -58.6494683,
              -34.5860788
            ],
            [
              -58.6495466,
              -34.5861301
            ],
            [
              -58.6502565,
              -34.5866163
            ],
            [
              -58.6512121,
              -34.5863798
            ],
            [
              -58.6521477,
              -34.5860901
            ],
            [
              -58.6530146,
              -34.5857438
            ],
            [
              -58.6535458,
              -34.5854549
            ],
            [
              -58.6539759,
              -34.5852209
            ],
            [
              -58.6546265,
              -34.5848079
            ],
            [
              -58.6554007,
              -34.5843164
            ],
            [
              -58.6559373,
              -34.5839464
            ],
            [
              -58.6575088,
              -34.5828627
            ],
            [
              -58.6582466,
              -34.5823543
            ],
            [
              -58.6582014,
              -34.5823228
            ],
            [
              -58.6581112,
              -34.58226
            ],
            [
              -58.658001,
              -34.5821614
            ]
          ]
        ]
      }
    },
    {
      "type": "Feature",
      "properties": {
        "zone_name": "Santa Leonor",
        "area_km2": 0.4076,
        "flood_risk_overlap_m2": 0.0,
        "flood_risk_overlap_pct": 0.0,
        "flood_risk_high_or_medium_m2": 0.0,
        "in_flood_risk_zone": false,
        "flood_risk_level": null,
        "flood_penalty_score": null,
        "flood_risk_max_score": null,
        "source_name": "Autoridad del Agua PBA - Peligrosidad Cuenca Reconquista",
        "source_url": "https://ada.gba.gov.ar/cartas-de-riesgo-hidrico/",
        "generated_at": "2026-06-29T00:24:57.845820+00:00",
        "data_confidence": "high"
      },
      "geometry": {
        "type": "Polygon",
        "coordinates": [
          [
            [
              -58.6540381,
              -34.5972125
            ],
            [
              -58.6548671,
              -34.5978832
            ],
            [
              -58.6556854,
              -34.5985816
            ],
            [
              -58.6561312,
              -34.5982245
            ],
            [
              -58.6564923,
              -34.5979378
            ],
            [
              -58.6566152,
              -34.597838
            ],
            [
              -58.6570878,
              -34.5974565
            ],
            [
              -58.6580453,
              -34.5966683
            ],
            [
              -58.6589787,
              -34.5959178
            ],
            [
              -58.6601665,
              -34.5949613
            ],
            [
              -58.6591579,
              -34.5940953
            ],
            [
              -58.6585204,
              -34.5935671
            ],
            [
              -58.6576399,
              -34.5928214
            ],
            [
              -58.657589,
              -34.5927757
            ],
            [
              -58.6574016,
              -34.5926074
            ],
            [
              -58.6562831,
              -34.5916717
            ],
            [
              -58.6555986,
              -34.5922093
            ],
            [
              -58.6553823,
              -34.5923825
            ],
            [
              -58.6549695,
              -34.5927228
            ],
            [
              -58.6543411,
              -34.5932192
            ],
            [
              -58.6537193,
              -34.5937236
            ],
            [
              -58.6531058,
              -34.5942317
            ],
            [
              -58.6524819,
              -34.5947357
            ],
            [
              -58.6518483,
              -34.5952429
            ],
            [
              -58.6512318,
              -34.5957431
            ],
            [
              -58.6509433,
              -34.5959749
            ],
            [
              -58.6506352,
              -34.5962272
            ],
            [
              -58.6505731,
              -34.5962779
            ],
            [
              -58.6502955,
              -34.5964915
            ],
            [
              -58.6497023,
              -34.5969731
            ],
            [
              -58.6490148,
              -34.5975206
            ],
            [
              -58.6493948,
              -34.5980189
            ],
            [
              -58.6494816,
              -34.598129
            ],
            [
              -58.6498731,
              -34.5985951
            ],
            [
              -58.6499176,
              -34.5986504
            ],
            [
              -58.6503335,
              -34.5991732
            ],
            [
              -58.6507964,
              -34.5997532
            ],
            [
              -58.6508534,
              -34.5998224
            ],
            [
              -58.6508889,
              -34.5997477
            ],
            [
              -58.6509166,
              -34.5997117
            ],
            [
              -58.6519366,
              -34.5988945
            ],
            [
              -58.6540381,
              -34.5972125
            ]
          ]
        ]
      }
    },
    {
      "type": "Feature",
      "properties": {
        "zone_name": "Scholnik",
        "area_km2": 0.5449,
        "flood_risk_overlap_m2": 19741.81,
        "flood_risk_overlap_pct": 3.6205,
        "flood_risk_high_or_medium_m2": 14836.89,
        "in_flood_risk_zone": true,
        "flood_risk_level": "media",
        "flood_penalty_score": 56.97,
        "flood_risk_max_score": 75,
        "source_name": "Autoridad del Agua PBA - Peligrosidad Cuenca Reconquista",
        "source_url": "https://ada.gba.gov.ar/cartas-de-riesgo-hidrico/",
        "generated_at": "2026-06-29T00:24:57.845820+00:00",
        "data_confidence": "high"
      },
      "geometry": {
        "type": "Polygon",
        "coordinates": [
          [
            [
              -58.6210018,
              -34.6124855
            ],
            [
              -58.6201958,
              -34.613768
            ],
            [
              -58.6201343,
              -34.6142601
            ],
            [
              -58.6201934,
              -34.6145498
            ],
            [
              -58.620211,
              -34.614636
            ],
            [
              -58.6203309,
              -34.6148828
            ],
            [
              -58.6204283,
              -34.6151614
            ],
            [
              -58.6203902,
              -34.6156179
            ],
            [
              -58.6193066,
              -34.6174906
            ],
            [
              -58.6190075,
              -34.6179928
            ],
            [
              -58.6197874,
              -34.6179905
            ],
            [
              -58.6209409,
              -34.617988
            ],
            [
              -58.622676,
              -34.617979
            ],
            [
              -58.6244589,
              -34.6179675
            ],
            [
              -58.6262208,
              -34.617957
            ],
            [
              -58.6279819,
              -34.6179485
            ],
            [
              -58.6291108,
              -34.6179409
            ],
            [
              -58.6299869,
              -34.6179308
            ],
            [
              -58.631391,
              -34.6179298
            ],
            [
              -58.6314748,
              -34.6179197
            ],
            [
              -58.6308424,
              -34.6171219
            ],
            [
              -58.6302681,
              -34.6163894
            ],
            [
              -58.6295488,
              -34.6154535
            ],
            [
              -58.6292672,
              -34.6151116
            ],
            [
              -58.6287798,
              -34.6145241
            ],
            [
              -58.6286671,
              -34.6143816
            ],
            [
              -58.6280987,
              -34.6136514
            ],
            [
              -58.6273044,
              -34.6126424
            ],
            [
              -58.6270575,
              -34.6123466
            ],
            [
              -58.6266041,
              -34.6117614
            ],
            [
              -58.6263877,
              -34.6114942
            ],
            [
              -58.6263238,
              -34.6115203
            ],
            [
              -58.6261592,
              -34.6115602
            ],
            [
              -58.6244052,
              -34.6118778
            ],
            [
              -58.6236882,
              -34.6120023
            ],
            [
              -58.6236274,
              -34.6120135
            ],
            [
              -58.6230039,
              -34.6121275
            ],
            [
              -58.6224154,
              -34.6122405
            ],
            [
              -58.6218396,
              -34.6123367
            ],
            [
              -58.6215072,
              -34.6123926
            ],
            [
              -58.6214721,
              -34.6124064
            ],
            [
              -58.6210018,
              -34.6124855
            ]
          ]
        ]
      }
    },
    {
      "type": "Feature",
      "properties": {
        "zone_name": "Villa Alemania",
        "area_km2": 0.5048,
        "flood_risk_overlap_m2": 26459.83,
        "flood_risk_overlap_pct": 5.2379,
        "flood_risk_high_or_medium_m2": 24347.56,
        "in_flood_risk_zone": true,
        "flood_risk_level": "media_alta",
        "flood_penalty_score": 68.58,
        "flood_risk_max_score": 75,
        "source_name": "Autoridad del Agua PBA - Peligrosidad Cuenca Reconquista",
        "source_url": "https://ada.gba.gov.ar/cartas-de-riesgo-hidrico/",
        "generated_at": "2026-06-29T00:24:57.845820+00:00",
        "data_confidence": "high"
      },
      "geometry": {
        "type": "Polygon",
        "coordinates": [
          [
            [
              -58.6164103,
              -34.5880037
            ],
            [
              -58.6164122,
              -34.5887518
            ],
            [
              -58.6164629,
              -34.5903613
            ],
            [
              -58.6165938,
              -34.5913269
            ],
            [
              -58.6168666,
              -34.592489
            ],
            [
              -58.6173695,
              -34.594266
            ],
            [
              -58.6174867,
              -34.5949376
            ],
            [
              -58.6177246,
              -34.5957407
            ],
            [
              -58.6180393,
              -34.5961922
            ],
            [
              -58.6183308,
              -34.5964752
            ],
            [
              -58.6188461,
              -34.5969605
            ],
            [
              -58.619134,
              -34.5976883
            ],
            [
              -58.620717,
              -34.5969059
            ],
            [
              -58.6214821,
              -34.5964866
            ],
            [
              -58.6228696,
              -34.5957717
            ],
            [
              -58.6242467,
              -34.595055
            ],
            [
              -58.6249451,
              -34.5946735
            ],
            [
              -58.6259681,
              -34.5940807
            ],
            [
              -58.6252211,
              -34.5934555
            ],
            [
              -58.6248911,
              -34.5931682
            ],
            [
              -58.624227,
              -34.5925703
            ],
            [
              -58.6240424,
              -34.5924041
            ],
            [
              -58.6237166,
              -34.5926651
            ],
            [
              -58.6236496,
              -34.5926062
            ],
            [
              -58.6225971,
              -34.591685
            ],
            [
              -58.6215494,
              -34.5907763
            ],
            [
              -58.6204455,
              -34.5898149
            ],
            [
              -58.6193543,
              -34.5888846
            ],
            [
              -58.6186178,
              -34.5882345
            ],
            [
              -58.6185922,
              -34.5882019
            ],
            [
              -58.6185657,
              -34.5881113
            ],
            [
              -58.6179865,
              -34.5877254
            ],
            [
              -58.6179252,
              -34.5876545
            ],
            [
              -58.6174585,
              -34.5872389
            ],
            [
              -58.6169092,
              -34.5876946
            ],
            [
              -58.6168812,
              -34.5877329
            ],
            [
              -58.6168726,
              -34.5877872
            ],
            [
              -58.6164103,
              -34.5880037
            ]
          ]
        ]
      }
    },
    {
      "type": "Feature",
      "properties": {
        "zone_name": "Villa Club",
        "area_km2": 2.6183,
        "flood_risk_overlap_m2": 268704.87,
        "flood_risk_overlap_pct": 10.2559,
        "flood_risk_high_or_medium_m2": 19359.0,
        "in_flood_risk_zone": true,
        "flood_risk_level": "muy_baja",
        "flood_penalty_score": 17.47,
        "flood_risk_max_score": 75,
        "source_name": "Autoridad del Agua PBA - Peligrosidad Cuenca Reconquista",
        "source_url": "https://ada.gba.gov.ar/cartas-de-riesgo-hidrico/",
        "generated_at": "2026-06-29T00:24:57.845820+00:00",
        "data_confidence": "high"
      },
      "geometry": {
        "type": "Polygon",
        "coordinates": [
          [
            [
              -58.6475704,
              -34.5681331
            ],
            [
              -58.6461957,
              -34.5679316
            ],
            [
              -58.6434958,
              -34.567533
            ],
            [
              -58.6412145,
              -34.5671836
            ],
            [
              -58.6411332,
              -34.5671712
            ],
            [
              -58.6391331,
              -34.5688216
            ],
            [
              -58.6390748,
              -34.568871
            ],
            [
              -58.6355869,
              -34.5718066
            ],
            [
              -58.6348056,
              -34.5724628
            ],
            [
              -58.6342742,
              -34.5729168
            ],
            [
              -58.6326161,
              -34.5743185
            ],
            [
              -58.6289048,
              -34.5774639
            ],
            [
              -58.6241632,
              -34.5814657
            ],
            [
              -58.6213092,
              -34.5838598
            ],
            [
              -58.6211871,
              -34.583956
            ],
            [
              -58.6212649,
              -34.5840195
            ],
            [
              -58.6213169,
              -34.5840794
            ],
            [
              -58.6213632,
              -34.5841192
            ],
            [
              -58.6222023,
              -34.5848394
            ],
            [
              -58.6233075,
              -34.5857891
            ],
            [
              -58.6241796,
              -34.586543
            ],
            [
              -58.6250592,
              -34.5873256
            ],
            [
              -58.6251184,
              -34.5873824
            ],
            [
              -58.6252274,
              -34.5875482
            ],
            [
              -58.6253335,
              -34.5876569
            ],
            [
              -58.6253716,
              -34.587696
            ],
            [
              -58.629248,
              -34.5875805
            ],
            [
              -58.6301032,
              -34.5875455
            ],
            [
              -58.6302432,
              -34.5875447
            ],
            [
              -58.6304019,
              -34.5875393
            ],
            [
              -58.6314699,
              -34.5874944
            ],
            [
              -58.6322486,
              -34.5874613
            ],
            [
              -58.6325298,
              -34.5874494
            ],
            [
              -58.6345887,
              -34.5873619
            ],
            [
              -58.6348459,
              -34.5873526
            ],
            [
              -58.635612,
              -34.5873241
            ],
            [
              -58.6358478,
              -34.5873178
            ],
            [
              -58.6369026,
              -34.5872775
            ],
            [
              -58.637814,
              -34.5872271
            ],
            [
              -58.6382204,
              -34.5872121
            ],
            [
              -58.63864,
              -34.5859475
            ],
            [
              -58.6392712,
              -34.5840642
            ],
            [
              -58.6393119,
              -34.5839569
            ],
            [
              -58.6397775,
              -34.5826012
            ],
            [
              -58.6398286,
              -34.5824451
            ],
            [
              -58.6398797,
              -34.582289
            ],
            [
              -58.6399124,
              -34.5822126
            ],
            [
              -58.6400419,
              -34.5818263
            ],
            [
              -58.6402056,
              -34.5814675
            ],
            [
              -58.6403205,
              -34.5811269
            ],
            [
              -58.6403721,
              -34.5809768
            ],
            [
              -58.6404495,
              -34.5807356
            ],
            [
              -58.6405217,
              -34.5805194
            ],
            [
              -58.6407973,
              -34.5796737
            ],
            [
              -58.6408065,
              -34.5796454
            ],
            [
              -58.6409469,
              -34.5792143
            ],
            [
              -58.6409538,
              -34.5791447
            ],
            [
              -58.6409745,
              -34.5790234
            ],
            [
              -58.641072,
              -34.5789166
            ],
            [
              -58.6412291,
              -34.5787067
            ],
            [
              -58.6412946,
              -34.5786192
            ],
            [
              -58.6414998,
              -34.5783451
            ],
            [
              -58.6419,
              -34.577736
            ],
            [
              -58.6422426,
              -34.5772147
            ],
            [
              -58.64264,
              -34.5766333
            ],
            [
              -58.6435497,
              -34.5752846
            ],
            [
              -58.6437678,
              -34.5749884
            ],
            [
              -58.6440413,
              -34.5745766
            ],
            [
              -58.6441984,
              -34.5743471
            ],
            [
              -58.6446765,
              -34.5735163
            ],
            [
              -58.6447082,
              -34.5734648
            ],
            [
              -58.6449668,
              -34.5730032
            ],
            [
              -58.6459094,
              -34.5713208
            ],
            [
              -58.6467088,
              -34.5698938
            ],
            [
              -58.6469182,
              -34.56952
            ],
            [
              -58.647276,
              -34.5688814
            ],
            [
              -58.6473823,
              -34.5686916
            ],
            [
              -58.6474467,
              -34.5685767
            ],
            [
              -58.6476468,
              -34.5682352
            ],
            [
              -58.6476946,
              -34.5681522
            ],
            [
              -58.6475704,
              -34.5681331
            ]
          ]
        ]
      }
    },
    {
      "type": "Feature",
      "properties": {
        "zone_name": "Villa Tesei Centro",
        "area_km2": 1.856,
        "flood_risk_overlap_m2": 0.0,
        "flood_risk_overlap_pct": 0.0,
        "flood_risk_high_or_medium_m2": 0.0,
        "in_flood_risk_zone": false,
        "flood_risk_level": null,
        "flood_penalty_score": null,
        "flood_risk_max_score": null,
        "source_name": "Autoridad del Agua PBA - Peligrosidad Cuenca Reconquista",
        "source_url": "https://ada.gba.gov.ar/cartas-de-riesgo-hidrico/",
        "generated_at": "2026-06-29T00:24:57.845820+00:00",
        "data_confidence": "high"
      },
      "geometry": {
        "type": "Polygon",
        "coordinates": [
          [
            [
              -58.6426326,
              -34.6201477
            ],
            [
              -58.6421393,
              -34.619549
            ],
            [
              -58.6417689,
              -34.6190831
            ],
            [
              -58.6415829,
              -34.6188524
            ],
            [
              -58.6411347,
              -34.6182706
            ],
            [
              -58.6405328,
              -34.6174847
            ],
            [
              -58.6398675,
              -34.6166331
            ],
            [
              -58.6391003,
              -34.6156183
            ],
            [
              -58.6384285,
              -34.6147275
            ],
            [
              -58.6383632,
              -34.6146639
            ],
            [
              -58.6377011,
              -34.6141247
            ],
            [
              -58.637036,
              -34.6135878
            ],
            [
              -58.6371641,
              -34.6134891
            ],
            [
              -58.6381971,
              -34.6126794
            ],
            [
              -58.6389181,
              -34.6120991
            ],
            [
              -58.6396469,
              -34.6115274
            ],
            [
              -58.6403829,
              -34.6109331
            ],
            [
              -58.6410558,
              -34.6104052
            ],
            [
              -58.6417775,
              -34.6098323
            ],
            [
              -58.6428846,
              -34.6089209
            ],
            [
              -58.6424157,
              -34.6083787
            ],
            [
              -58.6419384,
              -34.6078032
            ],
            [
              -58.6414704,
              -34.6072493
            ],
            [
              -58.6409973,
              -34.6066794
            ],
            [
              -58.6405427,
              -34.606123
            ],
            [
              -58.6400728,
              -34.6055558
            ],
            [
              -58.6400118,
              -34.6054915
            ],
            [
              -58.6394775,
              -34.605037
            ],
            [
              -58.6387806,
              -34.6044524
            ],
            [
              -58.6380872,
              -34.6038676
            ],
            [
              -58.6373071,
              -34.6031924
            ],
            [
              -58.636738,
              -34.6036421
            ],
            [
              -58.6360865,
              -34.6041719
            ],
            [
              -58.6353547,
              -34.6047665
            ],
            [
              -58.6352391,
              -34.604867
            ],
            [
              -58.6349594,
              -34.6050789
            ],
            [
              -58.6344323,
              -34.6054896
            ],
            [
              -58.6339599,
              -34.6058793
            ],
            [
              -58.6332791,
              -34.6064156
            ],
            [
              -58.6331106,
              -34.6065455
            ],
            [
              -58.6329986,
              -34.6066372
            ],
            [
              -58.632973,
              -34.6066575
            ],
            [
              -58.6324277,
              -34.6070942
            ],
            [
              -58.6319768,
              -34.6074641
            ],
            [
              -58.6312053,
              -34.6080912
            ],
            [
              -58.6301926,
              -34.6089055
            ],
            [
              -58.629251,
              -34.6096596
            ],
            [
              -58.6286689,
              -34.6101187
            ],
            [
              -58.6279515,
              -34.6107068
            ],
            [
              -58.6269789,
              -34.6114727
            ],
            [
              -58.6266041,
              -34.6117614
            ],
            [
              -58.6270575,
              -34.6123466
            ],
            [
              -58.6273044,
              -34.6126424
            ],
            [
              -58.6280987,
              -34.6136514
            ],
            [
              -58.6286671,
              -34.6143816
            ],
            [
              -58.6287798,
              -34.6145241
            ],
            [
              -58.6292672,
              -34.6151116
            ],
            [
              -58.6295488,
              -34.6154535
            ],
            [
              -58.6302681,
              -34.6163894
            ],
            [
              -58.6308424,
              -34.6171219
            ],
            [
              -58.6314748,
              -34.6179197
            ],
            [
              -58.6320533,
              -34.6186704
            ],
            [
              -58.6325396,
              -34.6192976
            ],
            [
              -58.6326128,
              -34.6193888
            ],
            [
              -58.6332225,
              -34.6201747
            ],
            [
              -58.6336515,
              -34.6206701
            ],
            [
              -58.6337292,
              -34.620768
            ],
            [
              -58.6336818,
              -34.6209165
            ],
            [
              -58.6336482,
              -34.6210127
            ],
            [
              -58.6334097,
              -34.6216946
            ],
            [
              -58.6333848,
              -34.6217659
            ],
            [
              -58.6330354,
              -34.6227229
            ],
            [
              -58.6328495,
              -34.6232529
            ],
            [
              -58.6326981,
              -34.6236662
            ],
            [
              -58.6324143,
              -34.6245044
            ],
            [
              -58.6324773,
              -34.6244933
            ],
            [
              -58.6332326,
              -34.6243608
            ],
            [
              -58.6335432,
              -34.6243097
            ],
            [
              -58.6339957,
              -34.6242353
            ],
            [
              -58.6350513,
              -34.6240595
            ],
            [
              -58.6360696,
              -34.6238898
            ],
            [
              -58.6368428,
              -34.6237682
            ],
            [
              -58.6379687,
              -34.6235887
            ],
            [
              -58.6383941,
              -34.6235112
            ],
            [
              -58.6384749,
              -34.6234823
            ],
            [
              -58.6385146,
              -34.6234583
            ],
            [
              -58.6392008,
              -34.6229006
            ],
            [
              -58.63988,
              -34.6223635
            ],
            [
              -58.6405044,
              -34.6218291
            ],
            [
              -58.641241,
              -34.6212612
            ],
            [
              -58.6414221,
              -34.6211214
            ],
            [
              -58.6419487,
              -34.6207002
            ],
            [
              -58.6422132,
              -34.6204896
            ],
            [
              -58.6423955,
              -34.6203444
            ],
            [
              -58.6425455,
              -34.6202211
            ],
            [
              -58.6426326,
              -34.6201477
            ]
          ]
        ]
      }
    },
    {
      "type": "Feature",
      "properties": {
        "zone_name": "Virgen Esperanza",
        "area_km2": 0.2668,
        "flood_risk_overlap_m2": 0.0,
        "flood_risk_overlap_pct": 0.0,
        "flood_risk_high_or_medium_m2": 0.0,
        "in_flood_risk_zone": false,
        "flood_risk_level": null,
        "flood_penalty_score": null,
        "flood_risk_max_score": null,
        "source_name": "Autoridad del Agua PBA - Peligrosidad Cuenca Reconquista",
        "source_url": "https://ada.gba.gov.ar/cartas-de-riesgo-hidrico/",
        "generated_at": "2026-06-29T00:24:57.845820+00:00",
        "data_confidence": "high"
      },
      "geometry": {
        "type": "Polygon",
        "coordinates": [
          [
            [
              -58.6472003,
              -34.5952628
            ],
            [
              -58.6478421,
              -34.5960723
            ],
            [
              -58.6484609,
              -34.5968487
            ],
            [
              -58.6489326,
              -34.5974221
            ],
            [
              -58.6490148,
              -34.5975206
            ],
            [
              -58.6497023,
              -34.5969731
            ],
            [
              -58.6502955,
              -34.5964915
            ],
            [
              -58.6505731,
              -34.5962779
            ],
            [
              -58.6506352,
              -34.5962272
            ],
            [
              -58.6509433,
              -34.5959749
            ],
            [
              -58.6512318,
              -34.5957431
            ],
            [
              -58.6518483,
              -34.5952429
            ],
            [
              -58.6524819,
              -34.5947357
            ],
            [
              -58.6531058,
              -34.5942317
            ],
            [
              -58.6537193,
              -34.5937236
            ],
            [
              -58.6543411,
              -34.5932192
            ],
            [
              -58.6549695,
              -34.5927228
            ],
            [
              -58.6553823,
              -34.5923825
            ],
            [
              -58.6555986,
              -34.5922093
            ],
            [
              -58.6562831,
              -34.5916717
            ],
            [
              -58.6551558,
              -34.5907175
            ],
            [
              -58.6540213,
              -34.5897566
            ],
            [
              -58.6534931,
              -34.5901848
            ],
            [
              -58.6531208,
              -34.5904866
            ],
            [
              -58.652096,
              -34.5913203
            ],
            [
              -58.6514226,
              -34.5918545
            ],
            [
              -58.6508429,
              -34.5923364
            ],
            [
              -58.6502292,
              -34.5928266
            ],
            [
              -58.649587,
              -34.593335
            ],
            [
              -58.6493652,
              -34.5935106
            ],
            [
              -58.6491109,
              -34.5937103
            ],
            [
              -58.6489949,
              -34.593814
            ],
            [
              -58.6488733,
              -34.5939126
            ],
            [
              -58.6486352,
              -34.5941224
            ],
            [
              -58.6483438,
              -34.5943689
            ],
            [
              -58.6477406,
              -34.5948465
            ],
            [
              -58.6472003,
              -34.5952628
            ]
          ]
        ]
      }
    }
  ]
}
