{
  "type": "FeatureCollection",
  "name": "education_points_hurlingham",
  "metadata": {
    "generated_at": "2026-06-13T02:11:01.209890+00:00",
    "crs": "EPSG:4326",
    "scope": "Partido de Hurlingham, Buenos Aires, Argentina",
    "source_name": "Datos Abiertos PBA - Establecimientos educativos",
    "source_url": "https://catalogo.datos.gba.gob.ar/dataset/establecimientos-educativos",
    "raw_path": "data\\raw\\education\\establecimientos-educativos-08062026.zip",
    "license": "Creative Commons Attribution 4.0",
    "temporal_coverage": "2026-06-10 resource / Final 2025 records",
    "data_confidence": "high",
    "filter_method": "municipality property and geometric intersection with Hurlingham zones"
  },
  "features": [
    {
      "type": "Feature",
      "properties": {
        "municipio_id": 6408,
        "municipio_nombre": "Hurlingham",
        "establecimiento_id": 8242,
        "establecimiento_nombre": "CENTRO DE ADULTOS Nº704/01",
        "region_educativa": "Región 7",
        "clave": "0135DC0704",
        "cueanexo": 60002102,
        "modalidad": "Educación de Jóvenes y Adultos",
        "nivel": "Nivel Primario",
        "direccion": "DIAGONAL DE MAYO Y MUSTONI - S/N",
        "telefono": "11-4665-4144",
        "rpv": null,
        "email": "adu135701@yahoo.com",
        "sector": "Estatal",
        "dependencia": "Oficial",
        "tipo_organizacion": "CENTRO DE EDUCACIÓN PRIMARIA DE ADULTOS",
        "area": "CONURBANO",
        "ambito": "Urbano",
        "desfavorabilidad": 1,
        "subvencion": "Oficial",
        "sede_axo_ext": "EXTENSION",
        "categoria": "S/Datos",
        "depend_func": "Dirección de Educación de Jóvenes, Adultos y Adultos Mayores",
        "cui": "613500032",
        "periodo": "Final 2025",
        "matricula": 30,
        "varones": 14,
        "mujeres": 16,
        "secciones": 2,
        "turnos": "VESPERTINO",
        "cue": 600021,
        "anexo": 2,
        "nro_escuela": 704,
        "assigned_zone_name": "Roca 1",
        "source_name": "Datos Abiertos PBA - Establecimientos educativos",
        "source_url": "https://catalogo.datos.gba.gob.ar/dataset/establecimientos-educativos",
        "license": "Creative Commons Attribution 4.0",
        "generated_at": "2026-06-13T02:11:01.209890+00:00",
        "data_confidence": "high"
      },
      "geometry": {
        "type": "Point",
        "coordinates": [
          -58.6524414,
          -34.5754076
        ]
      }
    },
    {
      "type": "Feature",
      "properties": {
        "municipio_id": 6408,
        "municipio_nombre": "Hurlingham",
        "establecimiento_id": 8244,
        "establecimiento_nombre": "CENTRO DE EDUCACIÓN DE ADULTOS Nº 705/03 \"AVIADOR PABLO TEODORO FELS\"",
        "region_educativa": "Región 7",
        "clave": "0135DC0705",
        "cueanexo": 60011901,
        "modalidad": "Educación de Jóvenes y Adultos",
        "nivel": "Nivel Primario",
        "direccion": "ONTIVEROS - 4151",
        "telefono": "11-5757-7064",
        "rpv": "78551",
        "email": "cea705hurlingham@abc.gob.ar",
        "sector": "Estatal",
        "dependencia": "Oficial",
        "tipo_organizacion": "CENTRO DE EDUCACIÓN PRIMARIA DE ADULTOS",
        "area": "CONURBANO",
        "ambito": "Urbano",
        "desfavorabilidad": 0,
        "subvencion": "Oficial",
        "sede_axo_ext": "EXTENSION",
        "categoria": "S/Datos",
        "depend_func": "Dirección de Educación de Jóvenes, Adultos y Adultos Mayores",
        "cui": "613500148",
        "periodo": "Final 2025",
        "matricula": 15,
        "varones": 5,
        "mujeres": 10,
        "secciones": 1,
        "turnos": "VESPERTINO",
        "cue": 600119,
        "anexo": 1,
        "nro_escuela": 705,
        "assigned_zone_name": "El Porvenir",
        "source_name": "Datos Abiertos PBA - Establecimientos educativos",
        "source_url": "https://catalogo.datos.gba.gob.ar/dataset/establecimientos-educativos",
        "license": "Creative Commons Attribution 4.0",
        "generated_at": "2026-06-13T02:11:01.209890+00:00",
        "data_confidence": "high"
      },
      "geometry": {
        "type": "Point",
        "coordinates": [
          -58.6401824,
          -34.624065
        ]
      }
    },
    {
      "type": "Feature",
      "properties": {
        "municipio_id": 6408,
        "municipio_nombre": "Hurlingham",
        "establecimiento_id": 8249,
        "establecimiento_nombre": "CENTRO DE ADULTOS Nº706/02",
        "region_educativa": "Región 7",
        "clave": "0135DC0706",
        "cueanexo": 60320901,
        "modalidad": "Educación de Jóvenes y Adultos",
        "nivel": "Nivel Primario",
        "direccion": "GRAL. RODRIGUEZ - 2022",
        "telefono": "11-4459-2949",
        "rpv": "79078",
        "email": "0135de0702@gmail.com",
        "sector": "Estatal",
        "dependencia": "Oficial",
        "tipo_organizacion": "CENTRO DE EDUCACIÓN PRIMARIA DE ADULTOS",
        "area": "CONURBANO",
        "ambito": "Urbano",
        "desfavorabilidad": 0,
        "subvencion": "Oficial",
        "sede_axo_ext": "EXTENSION",
        "categoria": "S/Datos",
        "depend_func": "Dirección de Educación de Jóvenes, Adultos y Adultos Mayores",
        "cui": "613500050",
        "periodo": "Final 2025",
        "matricula": 45,
        "varones": 8,
        "mujeres": 37,
        "secciones": 3,
        "turnos": "TARDE,VESPERTINO",
        "cue": 603209,
        "anexo": 1,
        "nro_escuela": 706,
        "assigned_zone_name": "Parque Quirno",
        "source_name": "Datos Abiertos PBA - Establecimientos educativos",
        "source_url": "https://catalogo.datos.gba.gob.ar/dataset/establecimientos-educativos",
        "license": "Creative Commons Attribution 4.0",
        "generated_at": "2026-06-13T02:11:01.209890+00:00",
        "data_confidence": "high"
      },
      "geometry": {
        "type": "Point",
        "coordinates": [
          -58.6303054,
          -34.6054036
        ]
      }
    },
    {
      "type": "Feature",
      "properties": {
        "municipio_id": 6408,
        "municipio_nombre": "Hurlingham",
        "establecimiento_id": 8250,
        "establecimiento_nombre": "CENTRO DE ADULTOS Nº707/01",
        "region_educativa": "Región 7",
        "clave": "0135DC0707",
        "cueanexo": 60002101,
        "modalidad": "Educación de Jóvenes y Adultos",
        "nivel": "Nivel Primario",
        "direccion": "BUSTAMANTE Y GURRUCHAGA - S/N",
        "telefono": "11-4665-3260",
        "rpv": "79023",
        "email": "adu135701@yahoo.com",
        "sector": "Estatal",
        "dependencia": "Oficial",
        "tipo_organizacion": "CENTRO DE EDUCACIÓN PRIMARIA DE ADULTOS",
        "area": "CONURBANO",
        "ambito": "Urbano",
        "desfavorabilidad": 0,
        "subvencion": "Oficial",
        "sede_axo_ext": "EXTENSION",
        "categoria": "S/Datos",
        "depend_func": "Dirección de Educación de Jóvenes, Adultos y Adultos Mayores",
        "cui": "613500066",
        "periodo": "Final 2025",
        "matricula": 30,
        "varones": 15,
        "mujeres": 15,
        "secciones": 2,
        "turnos": "TARDE,VESPERTINO",
        "cue": 600021,
        "anexo": 1,
        "nro_escuela": 707,
        "assigned_zone_name": "Cartero",
        "source_name": "Datos Abiertos PBA - Establecimientos educativos",
        "source_url": "https://catalogo.datos.gba.gob.ar/dataset/establecimientos-educativos",
        "license": "Creative Commons Attribution 4.0",
        "generated_at": "2026-06-13T02:11:01.209890+00:00",
        "data_confidence": "high"
      },
      "geometry": {
        "type": "Point",
        "coordinates": [
          -58.648686,
          -34.5928854
        ]
      }
    },
    {
      "type": "Feature",
      "properties": {
        "municipio_id": 6408,
        "municipio_nombre": "Hurlingham",
        "establecimiento_id": 8255,
        "establecimiento_nombre": "CENTRO DE ADULTOS Nº708/01",
        "region_educativa": "Región 7",
        "clave": "0135DC0708",
        "cueanexo": 60002103,
        "modalidad": "Educación de Jóvenes y Adultos",
        "nivel": "Nivel Primario",
        "direccion": "LIOZANGA Y JACHAL - S/N",
        "telefono": "11-4452-3180",
        "rpv": "79076",
        "email": "adu135701@yahoo.com",
        "sector": "Estatal",
        "dependencia": "Oficial",
        "tipo_organizacion": "CENTRO DE EDUCACIÓN PRIMARIA DE ADULTOS",
        "area": "CONURBANO",
        "ambito": "Urbano",
        "desfavorabilidad": 1,
        "subvencion": "Oficial",
        "sede_axo_ext": "EXTENSION",
        "categoria": "S/Datos",
        "depend_func": "Dirección de Educación de Jóvenes, Adultos y Adultos Mayores",
        "cui": "613500078",
        "periodo": "Final 2025",
        "matricula": 45,
        "varones": 15,
        "mujeres": 30,
        "secciones": 3,
        "turnos": "MAÑANA,VESPERTINO",
        "cue": 600021,
        "anexo": 3,
        "nro_escuela": 708,
        "assigned_zone_name": "San Damián",
        "source_name": "Datos Abiertos PBA - Establecimientos educativos",
        "source_url": "https://catalogo.datos.gba.gob.ar/dataset/establecimientos-educativos",
        "license": "Creative Commons Attribution 4.0",
        "generated_at": "2026-06-13T02:11:01.209890+00:00",
        "data_confidence": "high"
      },
      "geometry": {
        "type": "Point",
        "coordinates": [
          -58.6676721,
          -34.58394
        ]
      }
    },
    {
      "type": "Feature",
      "properties": {
        "municipio_id": 6408,
        "municipio_nombre": "Hurlingham",
        "establecimiento_id": 8256,
        "establecimiento_nombre": "CENTRO DE ADULTOS Nº709/01",
        "region_educativa": "Región 7",
        "clave": "0135DC0709",
        "cueanexo": 60002104,
        "modalidad": "Educación de Jóvenes y Adultos",
        "nivel": "Nivel Primario",
        "direccion": "LAVALLE - 1478",
        "telefono": "11-4665-4013",
        "rpv": "79073",
        "email": "adu135701@yahoo.com",
        "sector": "Estatal",
        "dependencia": "Oficial",
        "tipo_organizacion": "CENTRO DE EDUCACIÓN PRIMARIA DE ADULTOS",
        "area": "CONURBANO",
        "ambito": "Urbano",
        "desfavorabilidad": 1,
        "subvencion": "Oficial",
        "sede_axo_ext": "EXTENSION",
        "categoria": "S/Datos",
        "depend_func": "Dirección de Educación de Jóvenes, Adultos y Adultos Mayores",
        "cui": "613500084",
        "periodo": "Final 2025",
        "matricula": 30,
        "varones": 17,
        "mujeres": 13,
        "secciones": 2,
        "turnos": "MAÑANA",
        "cue": 600021,
        "anexo": 4,
        "nro_escuela": 709,
        "assigned_zone_name": "Roca 1",
        "source_name": "Datos Abiertos PBA - Establecimientos educativos",
        "source_url": "https://catalogo.datos.gba.gob.ar/dataset/establecimientos-educativos",
        "license": "Creative Commons Attribution 4.0",
        "generated_at": "2026-06-13T02:11:01.209890+00:00",
        "data_confidence": "high"
      },
      "geometry": {
        "type": "Point",
        "coordinates": [
          -58.6557797,
          -34.5749183
        ]
      }
    },
    {
      "type": "Feature",
      "properties": {
        "municipio_id": 6408,
        "municipio_nombre": "Hurlingham",
        "establecimiento_id": 8258,
        "establecimiento_nombre": "CENTRO DE ADULTOS Nº710",
        "region_educativa": "Región 7",
        "clave": "0135DC0710",
        "cueanexo": 60321000,
        "modalidad": "Educación de Jóvenes y Adultos",
        "nivel": "Nivel Primario",
        "direccion": "GLUCK - 3680",
        "telefono": "11-5591-3544",
        "rpv": "78552",
        "email": "debiananataliam@hotmail.com",
        "sector": "Estatal",
        "dependencia": "Oficial",
        "tipo_organizacion": "CENTRO DE EDUCACIÓN PRIMARIA DE ADULTOS",
        "area": "CONURBANO",
        "ambito": "Urbano",
        "desfavorabilidad": 0,
        "subvencion": "Oficial",
        "sede_axo_ext": "SEDE",
        "categoria": "S/Datos",
        "depend_func": "Dirección de Educación de Jóvenes, Adultos y Adultos Mayores",
        "cui": "613500097",
        "periodo": "Final 2025",
        "matricula": 45,
        "varones": 14,
        "mujeres": 31,
        "secciones": 3,
        "turnos": "MAÑANA,TARDE",
        "cue": 603210,
        "anexo": 0,
        "nro_escuela": 710,
        "assigned_zone_name": "Mitre",
        "source_name": "Datos Abiertos PBA - Establecimientos educativos",
        "source_url": "https://catalogo.datos.gba.gob.ar/dataset/establecimientos-educativos",
        "license": "Creative Commons Attribution 4.0",
        "generated_at": "2026-06-13T02:11:01.209890+00:00",
        "data_confidence": "high"
      },
      "geometry": {
        "type": "Point",
        "coordinates": [
          -58.6439284,
          -34.6153512
        ]
      }
    },
    {
      "type": "Feature",
      "properties": {
        "municipio_id": 6408,
        "municipio_nombre": "Hurlingham",
        "establecimiento_id": 8263,
        "establecimiento_nombre": "ESCUELA DE ADULTOS Nº701 \"JORGE NEWBERY\"",
        "region_educativa": "Región 7",
        "clave": "0135DE0701",
        "cueanexo": 60002100,
        "modalidad": "Educación de Jóvenes y Adultos",
        "nivel": "Nivel Primario",
        "direccion": "LEVALLE - 1991",
        "telefono": "11-4665-3260",
        "rpv": "79026",
        "email": "silacosta2010@hotmail.com",
        "sector": "Estatal",
        "dependencia": "Oficial",
        "tipo_organizacion": "ESCUELA DE EDUCACIÓN PRIMARIA DE ADULTOS",
        "area": "CONURBANO",
        "ambito": "Urbano",
        "desfavorabilidad": 1,
        "subvencion": "Oficial",
        "sede_axo_ext": "SEDE",
        "categoria": "Primera",
        "depend_func": "Dirección de Educación de Jóvenes, Adultos y Adultos Mayores",
        "cui": "613500107",
        "periodo": "Final 2025",
        "matricula": 60,
        "varones": 35,
        "mujeres": 25,
        "secciones": 4,
        "turnos": "TARDE,VESPERTINO",
        "cue": 600021,
        "anexo": 0,
        "nro_escuela": 701,
        "assigned_zone_name": "Belgrano",
        "source_name": "Datos Abiertos PBA - Establecimientos educativos",
        "source_url": "https://catalogo.datos.gba.gob.ar/dataset/establecimientos-educativos",
        "license": "Creative Commons Attribution 4.0",
        "generated_at": "2026-06-13T02:11:01.209890+00:00",
        "data_confidence": "high"
      },
      "geometry": {
        "type": "Point",
        "coordinates": [
          -58.6594827,
          -34.5790202
        ]
      }
    },
    {
      "type": "Feature",
      "properties": {
        "municipio_id": 6408,
        "municipio_nombre": "Hurlingham",
        "establecimiento_id": 8266,
        "establecimiento_nombre": "ESCUELA DE ADULTOS Nº702",
        "region_educativa": "Región 7",
        "clave": "0135DE0702",
        "cueanexo": 60320900,
        "modalidad": "Educación de Jóvenes y Adultos",
        "nivel": "Nivel Primario",
        "direccion": "AV. PEDRO DIAZ - 425",
        "telefono": "11-4459-2949",
        "rpv": null,
        "email": "escuela702hurlingham@yahoo.com.ar",
        "sector": "Estatal",
        "dependencia": "Oficial",
        "tipo_organizacion": "ESCUELA DE EDUCACIÓN PRIMARIA DE ADULTOS",
        "area": "CONURBANO",
        "ambito": "Urbano",
        "desfavorabilidad": 0,
        "subvencion": "Oficial",
        "sede_axo_ext": "SEDE",
        "categoria": "Segunda",
        "depend_func": "Dirección de Educación de Jóvenes, Adultos y Adultos Mayores",
        "cui": "613500111",
        "periodo": "Final 2025",
        "matricula": 120,
        "varones": 35,
        "mujeres": 85,
        "secciones": 8,
        "turnos": "TARDE,VESPERTINO",
        "cue": 603209,
        "anexo": 0,
        "nro_escuela": 702,
        "assigned_zone_name": "Villa Tesei Centro",
        "source_name": "Datos Abiertos PBA - Establecimientos educativos",
        "source_url": "https://catalogo.datos.gba.gob.ar/dataset/establecimientos-educativos",
        "license": "Creative Commons Attribution 4.0",
        "generated_at": "2026-06-13T02:11:01.209890+00:00",
        "data_confidence": "high"
      },
      "geometry": {
        "type": "Point",
        "coordinates": [
          -58.6374829,
          -34.6131455
        ]
      }
    },
    {
      "type": "Feature",
      "properties": {
        "municipio_id": 6408,
        "municipio_nombre": "Hurlingham",
        "establecimiento_id": 8270,
        "establecimiento_nombre": "ESCUELA DE EDUCACIÓN PRIMARIA DE ADULTOS Nº 703 \"DR. RENÉ FAVALORO\"",
        "region_educativa": "Región 7",
        "clave": "0135DE0703",
        "cueanexo": 60011900,
        "modalidad": "Educación de Jóvenes y Adultos",
        "nivel": "Nivel Primario",
        "direccion": "BRADLEY - 301",
        "telefono": "11-4450-0431",
        "rpv": "93028",
        "email": "0135de703@gmail.com",
        "sector": "Estatal",
        "dependencia": "Oficial",
        "tipo_organizacion": "ESCUELA DE EDUCACIÓN PRIMARIA DE ADULTOS",
        "area": "CONURBANO",
        "ambito": "Urbano",
        "desfavorabilidad": 0,
        "subvencion": "Oficial",
        "sede_axo_ext": "SEDE",
        "categoria": "Segunda",
        "depend_func": "Dirección de Educación de Jóvenes, Adultos y Adultos Mayores",
        "cui": "613500124",
        "periodo": "Final 2025",
        "matricula": 110,
        "varones": 50,
        "mujeres": 60,
        "secciones": 6,
        "turnos": "MAÑANA,TARDE,VESPERTINO",
        "cue": 600119,
        "anexo": 0,
        "nro_escuela": 703,
        "assigned_zone_name": "Militar",
        "source_name": "Datos Abiertos PBA - Establecimientos educativos",
        "source_url": "https://catalogo.datos.gba.gob.ar/dataset/establecimientos-educativos",
        "license": "Creative Commons Attribution 4.0",
        "generated_at": "2026-06-13T02:11:01.209890+00:00",
        "data_confidence": "high"
      },
      "geometry": {
        "type": "Point",
        "coordinates": [
          -58.628673,
          -34.625187
        ]
      }
    },
    {
      "type": "Feature",
      "properties": {
        "municipio_id": 6408,
        "municipio_nombre": "Hurlingham",
        "establecimiento_id": 8279,
        "establecimiento_nombre": "ESCUELA ESPECIAL Nº501",
        "region_educativa": "Región 7",
        "clave": "0135EE0501",
        "cueanexo": 60012200,
        "modalidad": "Educación Especial",
        "nivel": "Nivel Primario",
        "direccion": "NECOCHEA - 485",
        "telefono": "11-4665-9519",
        "rpv": "79027",
        "email": "especial501hurlingham@abc.gob.arc.gob.ar",
        "sector": "Estatal",
        "dependencia": "Oficial",
        "tipo_organizacion": "ESCUELA DE EDUCACIÓN ESPECIAL",
        "area": "CONURBANO",
        "ambito": "Urbano",
        "desfavorabilidad": 0,
        "subvencion": "Oficial",
        "sede_axo_ext": "SEDE",
        "categoria": "Primera",
        "depend_func": "Dirección de Educación Especial",
        "cui": "613500195",
        "periodo": "Final 2025",
        "matricula": 197,
        "varones": 128,
        "mujeres": 69,
        "secciones": 0,
        "turnos": "MAÑANA,TARDE",
        "cue": 600122,
        "anexo": 0,
        "nro_escuela": 501,
        "assigned_zone_name": "Jorge Newbery",
        "source_name": "Datos Abiertos PBA - Establecimientos educativos",
        "source_url": "https://catalogo.datos.gba.gob.ar/dataset/establecimientos-educativos",
        "license": "Creative Commons Attribution 4.0",
        "generated_at": "2026-06-13T02:11:01.209890+00:00",
        "data_confidence": "high"
      },
      "geometry": {
        "type": "Point",
        "coordinates": [
          -58.6199916,
          -34.5873227
        ]
      }
    },
    {
      "type": "Feature",
      "properties": {
        "municipio_id": 6408,
        "municipio_nombre": "Hurlingham",
        "establecimiento_id": 8279,
        "establecimiento_nombre": "ESCUELA ESPECIAL Nº501",
        "region_educativa": "Región 7",
        "clave": "0135EE0501",
        "cueanexo": 60012200,
        "modalidad": "Educación Especial",
        "nivel": "Formación Integral",
        "direccion": "NECOCHEA - 485",
        "telefono": "11-4665-9519",
        "rpv": "79027",
        "email": "especial501hurlingham@abc.gob.arc.gob.ar",
        "sector": "Estatal",
        "dependencia": "Oficial",
        "tipo_organizacion": "ESCUELA DE EDUCACIÓN ESPECIAL",
        "area": "CONURBANO",
        "ambito": "Urbano",
        "desfavorabilidad": 0,
        "subvencion": "Oficial",
        "sede_axo_ext": "SEDE",
        "categoria": "Primera",
        "depend_func": "Dirección de Educación Especial",
        "cui": "613500195",
        "periodo": "Final 2025",
        "matricula": 120,
        "varones": 84,
        "mujeres": 36,
        "secciones": 0,
        "turnos": "MAÑANA,TARDE",
        "cue": 600122,
        "anexo": 0,
        "nro_escuela": 501,
        "assigned_zone_name": "Jorge Newbery",
        "source_name": "Datos Abiertos PBA - Establecimientos educativos",
        "source_url": "https://catalogo.datos.gba.gob.ar/dataset/establecimientos-educativos",
        "license": "Creative Commons Attribution 4.0",
        "generated_at": "2026-06-13T02:11:01.209890+00:00",
        "data_confidence": "high"
      },
      "geometry": {
        "type": "Point",
        "coordinates": [
          -58.6199916,
          -34.5873227
        ]
      }
    },
    {
      "type": "Feature",
      "properties": {
        "municipio_id": 6408,
        "municipio_nombre": "Hurlingham",
        "establecimiento_id": 8279,
        "establecimiento_nombre": "ESCUELA ESPECIAL Nº501",
        "region_educativa": "Región 7",
        "clave": "0135EE0501",
        "cueanexo": 60012200,
        "modalidad": "Educación Especial",
        "nivel": "Nivel Inicial",
        "direccion": "NECOCHEA - 485",
        "telefono": "11-4665-9519",
        "rpv": "79027",
        "email": "especial501hurlingham@abc.gob.arc.gob.ar",
        "sector": "Estatal",
        "dependencia": "Oficial",
        "tipo_organizacion": "ESCUELA DE EDUCACIÓN ESPECIAL",
        "area": "CONURBANO",
        "ambito": "Urbano",
        "desfavorabilidad": 0,
        "subvencion": "Oficial",
        "sede_axo_ext": "SEDE",
        "categoria": "Primera",
        "depend_func": "Dirección de Educación Especial",
        "cui": "613500195",
        "periodo": "Final 2025",
        "matricula": 11,
        "varones": 6,
        "mujeres": 5,
        "secciones": 0,
        "turnos": "MAÑANA,TARDE",
        "cue": 600122,
        "anexo": 0,
        "nro_escuela": 501,
        "assigned_zone_name": "Jorge Newbery",
        "source_name": "Datos Abiertos PBA - Establecimientos educativos",
        "source_url": "https://catalogo.datos.gba.gob.ar/dataset/establecimientos-educativos",
        "license": "Creative Commons Attribution 4.0",
        "generated_at": "2026-06-13T02:11:01.209890+00:00",
        "data_confidence": "high"
      },
      "geometry": {
        "type": "Point",
        "coordinates": [
          -58.6199916,
          -34.5873227
        ]
      }
    },
    {
      "type": "Feature",
      "properties": {
        "municipio_id": 6408,
        "municipio_nombre": "Hurlingham",
        "establecimiento_id": 8279,
        "establecimiento_nombre": "ESCUELA ESPECIAL Nº501",
        "region_educativa": "Región 7",
        "clave": "0135EE0501",
        "cueanexo": 60012200,
        "modalidad": "Educación Especial",
        "nivel": "Formación Profesional",
        "direccion": "NECOCHEA - 485",
        "telefono": "11-4665-9519",
        "rpv": "79027",
        "email": "especial501hurlingham@abc.gob.arc.gob.ar",
        "sector": "Estatal",
        "dependencia": "Oficial",
        "tipo_organizacion": "ESCUELA DE EDUCACIÓN ESPECIAL",
        "area": "CONURBANO",
        "ambito": "Urbano",
        "desfavorabilidad": 0,
        "subvencion": "Oficial",
        "sede_axo_ext": "SEDE",
        "categoria": "Primera",
        "depend_func": "Dirección de Educación Especial",
        "cui": "613500195",
        "periodo": "Final 2025",
        "matricula": 5,
        "varones": 5,
        "mujeres": 0,
        "secciones": 0,
        "turnos": "MAÑANA,TARDE",
        "cue": 600122,
        "anexo": 0,
        "nro_escuela": 501,
        "assigned_zone_name": "Jorge Newbery",
        "source_name": "Datos Abiertos PBA - Establecimientos educativos",
        "source_url": "https://catalogo.datos.gba.gob.ar/dataset/establecimientos-educativos",
        "license": "Creative Commons Attribution 4.0",
        "generated_at": "2026-06-13T02:11:01.209890+00:00",
        "data_confidence": "high"
      },
      "geometry": {
        "type": "Point",
        "coordinates": [
          -58.6199916,
          -34.5873227
        ]
      }
    },
    {
      "type": "Feature",
      "properties": {
        "municipio_id": 6408,
        "municipio_nombre": "Hurlingham",
        "establecimiento_id": 8279,
        "establecimiento_nombre": "ESCUELA ESPECIAL Nº501",
        "region_educativa": "Región 7",
        "clave": "0135EE0501",
        "cueanexo": 60012200,
        "modalidad": "Educación Especial",
        "nivel": "Residencia Laboral,Pasantías, Artística",
        "direccion": "NECOCHEA - 485",
        "telefono": "11-4665-9519",
        "rpv": "79027",
        "email": "especial501hurlingham@abc.gob.arc.gob.ar",
        "sector": "Estatal",
        "dependencia": "Oficial",
        "tipo_organizacion": "ESCUELA DE EDUCACIÓN ESPECIAL",
        "area": "CONURBANO",
        "ambito": "Urbano",
        "desfavorabilidad": 0,
        "subvencion": "Oficial",
        "sede_axo_ext": "SEDE",
        "categoria": "Primera",
        "depend_func": "Dirección de Educación Especial",
        "cui": "613500195",
        "periodo": "Final 2025",
        "matricula": 4,
        "varones": 4,
        "mujeres": 0,
        "secciones": 0,
        "turnos": "MAÑANA,TARDE",
        "cue": 600122,
        "anexo": 0,
        "nro_escuela": 501,
        "assigned_zone_name": "Jorge Newbery",
        "source_name": "Datos Abiertos PBA - Establecimientos educativos",
        "source_url": "https://catalogo.datos.gba.gob.ar/dataset/establecimientos-educativos",
        "license": "Creative Commons Attribution 4.0",
        "generated_at": "2026-06-13T02:11:01.209890+00:00",
        "data_confidence": "high"
      },
      "geometry": {
        "type": "Point",
        "coordinates": [
          -58.6199916,
          -34.5873227
        ]
      }
    },
    {
      "type": "Feature",
      "properties": {
        "municipio_id": 6408,
        "municipio_nombre": "Hurlingham",
        "establecimiento_id": 8293,
        "establecimiento_nombre": "JARDÍN DE INFANTES Nº901 \"AMUYEN\"",
        "region_educativa": "Región 7",
        "clave": "0135JI0901",
        "cueanexo": 60571100,
        "modalidad": "Educación Común",
        "nivel": "Nivel Inicial",
        "direccion": "PIZZAGALLI (ESQ. GAMBARO) - 1817",
        "telefono": "11-4459-5232",
        "rpv": "93057",
        "email": "jaedin901hurlingham@abc.gob.ar",
        "sector": "Estatal",
        "dependencia": "Oficial",
        "tipo_organizacion": "JARDÍN DE INFANTES",
        "area": "CONURBANO",
        "ambito": "Urbano",
        "desfavorabilidad": 0,
        "subvencion": "Oficial",
        "sede_axo_ext": "SEDE",
        "categoria": "Primera",
        "depend_func": "Dirección Provincial de Educación Inicial",
        "cui": "613500241",
        "periodo": "Final 2025",
        "matricula": 150,
        "varones": 82,
        "mujeres": 68,
        "secciones": 12,
        "turnos": "MAÑANA,TARDE",
        "cue": 605711,
        "anexo": 0,
        "nro_escuela": 901,
        "assigned_zone_name": "Scholnik",
        "source_name": "Datos Abiertos PBA - Establecimientos educativos",
        "source_url": "https://catalogo.datos.gba.gob.ar/dataset/establecimientos-educativos",
        "license": "Creative Commons Attribution 4.0",
        "generated_at": "2026-06-13T02:11:01.209890+00:00",
        "data_confidence": "high"
      },
      "geometry": {
        "type": "Point",
        "coordinates": [
          -58.6260923,
          -34.6158054
        ]
      }
    },
    {
      "type": "Feature",
      "properties": {
        "municipio_id": 6408,
        "municipio_nombre": "Hurlingham",
        "establecimiento_id": 8297,
        "establecimiento_nombre": "JARDÍN DE INFANTES Nº902 \"CEFERINO NAMUNCURA\"",
        "region_educativa": "Región 7",
        "clave": "0135JI0902",
        "cueanexo": 60002300,
        "modalidad": "Educación Común",
        "nivel": "Nivel Inicial",
        "direccion": "GARIBALDI - 2991",
        "telefono": "11-4662-5759",
        "rpv": "79071",
        "email": "jardin902hurlingham@abc.gob.ar",
        "sector": "Estatal",
        "dependencia": "Oficial",
        "tipo_organizacion": "JARDÍN DE INFANTES",
        "area": "CONURBANO",
        "ambito": "Urbano",
        "desfavorabilidad": 1,
        "subvencion": "Oficial",
        "sede_axo_ext": "SEDE",
        "categoria": "Primera",
        "depend_func": "Dirección Provincial de Educación Inicial",
        "cui": "613501147",
        "periodo": "Final 2025",
        "matricula": 160,
        "varones": 74,
        "mujeres": 86,
        "secciones": 10,
        "turnos": "MAÑANA,TARDE",
        "cue": 600023,
        "anexo": 0,
        "nro_escuela": 902,
        "assigned_zone_name": "Roca 1",
        "source_name": "Datos Abiertos PBA - Establecimientos educativos",
        "source_url": "https://catalogo.datos.gba.gob.ar/dataset/establecimientos-educativos",
        "license": "Creative Commons Attribution 4.0",
        "generated_at": "2026-06-13T02:11:01.209890+00:00",
        "data_confidence": "high"
      },
      "geometry": {
        "type": "Point",
        "coordinates": [
          -58.6528898,
          -34.5757745
        ]
      }
    },
    {
      "type": "Feature",
      "properties": {
        "municipio_id": 6408,
        "municipio_nombre": "Hurlingham",
        "establecimiento_id": 8302,
        "establecimiento_nombre": "JARDÍN DE INFANTES Nº903 \"TOMAS MARICIC\"",
        "region_educativa": "Región 7",
        "clave": "0135JI0903",
        "cueanexo": 60627400,
        "modalidad": "Educación Común",
        "nivel": "Nivel Inicial",
        "direccion": "ARRIBEÑOS(E/MINOGUYE Y MTRO PIOVANO - 2832",
        "telefono": "11-4662-7844",
        "rpv": "78981",
        "email": "0135ji0903@gmail.com",
        "sector": "Estatal",
        "dependencia": "Oficial",
        "tipo_organizacion": "JARDÍN DE INFANTES",
        "area": "CONURBANO",
        "ambito": "Urbano",
        "desfavorabilidad": 0,
        "subvencion": "Oficial",
        "sede_axo_ext": "SEDE",
        "categoria": "Primera",
        "depend_func": "Dirección Provincial de Educación Inicial",
        "cui": "613501181",
        "periodo": "Final 2025",
        "matricula": 99,
        "varones": 42,
        "mujeres": 57,
        "secciones": 8,
        "turnos": "MAÑANA,TARDE",
        "cue": 606274,
        "anexo": 0,
        "nro_escuela": 903,
        "assigned_zone_name": "La Leonor",
        "source_name": "Datos Abiertos PBA - Establecimientos educativos",
        "source_url": "https://catalogo.datos.gba.gob.ar/dataset/establecimientos-educativos",
        "license": "Creative Commons Attribution 4.0",
        "generated_at": "2026-06-13T02:11:01.209890+00:00",
        "data_confidence": "high"
      },
      "geometry": {
        "type": "Point",
        "coordinates": [
          -58.6576106,
          -34.5888474
        ]
      }
    },
    {
      "type": "Feature",
      "properties": {
        "municipio_id": 6408,
        "municipio_nombre": "Hurlingham",
        "establecimiento_id": 8309,
        "establecimiento_nombre": "JARDÍN DE INFANTES Nº904 \"NICOLAS LEVAGGI\"",
        "region_educativa": "Región 7",
        "clave": "0135JI0904",
        "cueanexo": 60055000,
        "modalidad": "Educación Común",
        "nivel": "Nivel Inicial",
        "direccion": "MINOGUYE (E/ GRANADA Y CUZCO - 3514",
        "telefono": "11-4452-5038",
        "rpv": "78960",
        "email": "0135ji0904@gmail.com",
        "sector": "Estatal",
        "dependencia": "Oficial",
        "tipo_organizacion": "JARDÍN DE INFANTES",
        "area": "CONURBANO",
        "ambito": "Urbano",
        "desfavorabilidad": 1,
        "subvencion": "Oficial",
        "sede_axo_ext": "SEDE",
        "categoria": "Primera",
        "depend_func": "Dirección Provincial de Educación Inicial",
        "cui": "613500260",
        "periodo": "Final 2025",
        "matricula": 159,
        "varones": 80,
        "mujeres": 79,
        "secciones": 12,
        "turnos": "MAÑANA,TARDE",
        "cue": 600550,
        "anexo": 0,
        "nro_escuela": 904,
        "assigned_zone_name": "El Destino",
        "source_name": "Datos Abiertos PBA - Establecimientos educativos",
        "source_url": "https://catalogo.datos.gba.gob.ar/dataset/establecimientos-educativos",
        "license": "Creative Commons Attribution 4.0",
        "generated_at": "2026-06-13T02:11:01.209890+00:00",
        "data_confidence": "high"
      },
      "geometry": {
        "type": "Point",
        "coordinates": [
          -58.6662833,
          -34.5956081
        ]
      }
    },
    {
      "type": "Feature",
      "properties": {
        "municipio_id": 6408,
        "municipio_nombre": "Hurlingham",
        "establecimiento_id": 8312,
        "establecimiento_nombre": "JARDÍN DE INFANTES Nº905 \"GENERAL JOSÉ DE SAN MARTÍN\"",
        "region_educativa": "Región 7",
        "clave": "0135JI0905",
        "cueanexo": 61301200,
        "modalidad": "Educación Común",
        "nivel": "Nivel Inicial",
        "direccion": "CONCEJAL RECAGNO (E/PAVON Y THEVENIN) - 357",
        "telefono": "11-4662-3196",
        "rpv": "78980",
        "email": "0135ji0905@gmail.com",
        "sector": "Estatal",
        "dependencia": "Oficial",
        "tipo_organizacion": "JARDÍN DE INFANTES",
        "area": "CONURBANO",
        "ambito": "Urbano",
        "desfavorabilidad": 0,
        "subvencion": "Oficial",
        "sede_axo_ext": "SEDE",
        "categoria": "Primera",
        "depend_func": "Dirección Provincial de Educación Inicial",
        "cui": "613500273",
        "periodo": "Final 2025",
        "matricula": 119,
        "varones": 55,
        "mujeres": 64,
        "secciones": 8,
        "turnos": "MAÑANA,TARDE",
        "cue": 613012,
        "anexo": 0,
        "nro_escuela": 905,
        "assigned_zone_name": "Villa Club",
        "source_name": "Datos Abiertos PBA - Establecimientos educativos",
        "source_url": "https://catalogo.datos.gba.gob.ar/dataset/establecimientos-educativos",
        "license": "Creative Commons Attribution 4.0",
        "generated_at": "2026-06-13T02:11:01.209890+00:00",
        "data_confidence": "high"
      },
      "geometry": {
        "type": "Point",
        "coordinates": [
          -58.6383973,
          -34.5740692
        ]
      }
    },
    {
      "type": "Feature",
      "properties": {
        "municipio_id": 6408,
        "municipio_nombre": "Hurlingham",
        "establecimiento_id": 8313,
        "establecimiento_nombre": "JARDÍN DE INFANTES Nº906 \"AMANCAY\"",
        "region_educativa": "Región 7",
        "clave": "0135JI0906",
        "cueanexo": 60571400,
        "modalidad": "Educación Común",
        "nivel": "Nivel Inicial",
        "direccion": "HUSARES - 265",
        "telefono": "11-4450-3672",
        "rpv": "93048",
        "email": "135ji0906@gmail.com",
        "sector": "Estatal",
        "dependencia": "Oficial",
        "tipo_organizacion": "JARDÍN DE INFANTES",
        "area": "CONURBANO",
        "ambito": "Urbano",
        "desfavorabilidad": 0,
        "subvencion": "Oficial",
        "sede_axo_ext": "SEDE",
        "categoria": "Primera",
        "depend_func": "Dirección Provincial de Educación Inicial",
        "cui": "613500287",
        "periodo": "Final 2025",
        "matricula": 91,
        "varones": 46,
        "mujeres": 45,
        "secciones": 6,
        "turnos": "MAÑANA,TARDE",
        "cue": 605714,
        "anexo": 0,
        "nro_escuela": 906,
        "assigned_zone_name": "Asunción",
        "source_name": "Datos Abiertos PBA - Establecimientos educativos",
        "source_url": "https://catalogo.datos.gba.gob.ar/dataset/establecimientos-educativos",
        "license": "Creative Commons Attribution 4.0",
        "generated_at": "2026-06-13T02:11:01.209890+00:00",
        "data_confidence": "high"
      },
      "geometry": {
        "type": "Point",
        "coordinates": [
          -58.6228447,
          -34.6306677
        ]
      }
    },
    {
      "type": "Feature",
      "properties": {
        "municipio_id": 6408,
        "municipio_nombre": "Hurlingham",
        "establecimiento_id": 8314,
        "establecimiento_nombre": "JARDÍN DE INFANTES Nº907 \"MAESTRAS ARGENTINAS\"",
        "region_educativa": "Región 7",
        "clave": "0135JI0907",
        "cueanexo": 60001400,
        "modalidad": "Educación Común",
        "nivel": "Nivel Inicial",
        "direccion": "DIEGO DE CARVAJAL - 892",
        "telefono": "11-4452-4999",
        "rpv": "79123",
        "email": "0135ji0907@gmail.com",
        "sector": "Estatal",
        "dependencia": "Oficial",
        "tipo_organizacion": "JARDÍN DE INFANTES",
        "area": "CONURBANO",
        "ambito": "Urbano",
        "desfavorabilidad": 0,
        "subvencion": "Oficial",
        "sede_axo_ext": "SEDE",
        "categoria": "Primera",
        "depend_func": "Dirección Provincial de Educación Inicial",
        "cui": "613500294",
        "periodo": "Final 2025",
        "matricula": 155,
        "varones": 84,
        "mujeres": 71,
        "secciones": 12,
        "turnos": "MAÑANA,TARDE",
        "cue": 600014,
        "anexo": 0,
        "nro_escuela": 907,
        "assigned_zone_name": "Hurlingham Centro",
        "source_name": "Datos Abiertos PBA - Establecimientos educativos",
        "source_url": "https://catalogo.datos.gba.gob.ar/dataset/establecimientos-educativos",
        "license": "Creative Commons Attribution 4.0",
        "generated_at": "2026-06-13T02:11:01.209890+00:00",
        "data_confidence": "high"
      },
      "geometry": {
        "type": "Point",
        "coordinates": [
          -58.634523,
          -34.5999381
        ]
      }
    },
    {
      "type": "Feature",
      "properties": {
        "municipio_id": 6408,
        "municipio_nombre": "Hurlingham",
        "establecimiento_id": 8317,
        "establecimiento_nombre": "JARDÍN DE INFANTES Nº908",
        "region_educativa": "Región 7",
        "clave": "0135JI0908",
        "cueanexo": 61170600,
        "modalidad": "Educación Común",
        "nivel": "Nivel Inicial",
        "direccion": "KIERNAN Y LAS TUNAS - S/N",
        "telefono": "11-4450-8902",
        "rpv": null,
        "email": "0135ji0908@gmail.com",
        "sector": "Estatal",
        "dependencia": "Oficial",
        "tipo_organizacion": "JARDÍN DE INFANTES",
        "area": "CONURBANO",
        "ambito": "Urbano",
        "desfavorabilidad": 0,
        "subvencion": "Oficial",
        "sede_axo_ext": "SEDE",
        "categoria": "Primera",
        "depend_func": "Dirección Provincial de Educación Inicial",
        "cui": "613500304",
        "periodo": "Final 2025",
        "matricula": 110,
        "varones": 61,
        "mujeres": 49,
        "secciones": 8,
        "turnos": "MAÑANA,TARDE",
        "cue": 611706,
        "anexo": 0,
        "nro_escuela": 908,
        "assigned_zone_name": "El Libertador",
        "source_name": "Datos Abiertos PBA - Establecimientos educativos",
        "source_url": "https://catalogo.datos.gba.gob.ar/dataset/establecimientos-educativos",
        "license": "Creative Commons Attribution 4.0",
        "generated_at": "2026-06-13T02:11:01.209890+00:00",
        "data_confidence": "high"
      },
      "geometry": {
        "type": "Point",
        "coordinates": [
          -58.6500147,
          -34.6265387
        ]
      }
    },
    {
      "type": "Feature",
      "properties": {
        "municipio_id": 6408,
        "municipio_nombre": "Hurlingham",
        "establecimiento_id": 8318,
        "establecimiento_nombre": "JARDÍN DE INFANTES Nº909 \"MANUEL BELGRANO\"",
        "region_educativa": "Región 7",
        "clave": "0135JI0909",
        "cueanexo": 60011100,
        "modalidad": "Educación Común",
        "nivel": "Nivel Inicial",
        "direccion": "OJEDA (E/JACHAL Y LUNA) - S/N",
        "telefono": "11-4665-2954",
        "rpv": "79021",
        "email": "0135ji0909@gmail.com",
        "sector": "Estatal",
        "dependencia": "Oficial",
        "tipo_organizacion": "JARDÍN DE INFANTES",
        "area": "CONURBANO",
        "ambito": "Urbano",
        "desfavorabilidad": 1,
        "subvencion": "Oficial",
        "sede_axo_ext": "SEDE",
        "categoria": "Primera",
        "depend_func": "Dirección Provincial de Educación Inicial",
        "cui": "613500315",
        "periodo": "Final 2025",
        "matricula": 124,
        "varones": 69,
        "mujeres": 55,
        "secciones": 8,
        "turnos": "MAÑANA,TARDE",
        "cue": 600111,
        "anexo": 0,
        "nro_escuela": 909,
        "assigned_zone_name": "San Damián",
        "source_name": "Datos Abiertos PBA - Establecimientos educativos",
        "source_url": "https://catalogo.datos.gba.gob.ar/dataset/establecimientos-educativos",
        "license": "Creative Commons Attribution 4.0",
        "generated_at": "2026-06-13T02:11:01.209890+00:00",
        "data_confidence": "high"
      },
      "geometry": {
        "type": "Point",
        "coordinates": [
          -58.6681612,
          -34.5836679
        ]
      }
    },
    {
      "type": "Feature",
      "properties": {
        "municipio_id": 6408,
        "municipio_nombre": "Hurlingham",
        "establecimiento_id": 8322,
        "establecimiento_nombre": "JARDÍN DE INFANTES Nº910 \"AIDA PASQUINI DE DIAZ\"",
        "region_educativa": "Región 7",
        "clave": "0135JI0910",
        "cueanexo": 60554400,
        "modalidad": "Educación Común",
        "nivel": "Nivel Inicial",
        "direccion": "DIEGO DE CARBAJAL (ESQ. GRAL.RODRIGUEZ - 340",
        "telefono": "11-4459-1707",
        "rpv": "78913",
        "email": "jardin910hurlingham@abc.gob.ar",
        "sector": "Estatal",
        "dependencia": "Oficial",
        "tipo_organizacion": "JARDÍN DE INFANTES",
        "area": "CONURBANO",
        "ambito": "Urbano",
        "desfavorabilidad": 0,
        "subvencion": "Oficial",
        "sede_axo_ext": "SEDE",
        "categoria": "Primera",
        "depend_func": "Dirección Provincial de Educación Inicial",
        "cui": "613500327",
        "periodo": "Final 2025",
        "matricula": 81,
        "varones": 35,
        "mujeres": 46,
        "secciones": 6,
        "turnos": "MAÑANA,TARDE",
        "cue": 605544,
        "anexo": 0,
        "nro_escuela": 910,
        "assigned_zone_name": "Parque Quirno",
        "source_name": "Datos Abiertos PBA - Establecimientos educativos",
        "source_url": "https://catalogo.datos.gba.gob.ar/dataset/establecimientos-educativos",
        "license": "Creative Commons Attribution 4.0",
        "generated_at": "2026-06-13T02:11:01.209890+00:00",
        "data_confidence": "high"
      },
      "geometry": {
        "type": "Point",
        "coordinates": [
          -58.6298637,
          -34.6055754
        ]
      }
    },
    {
      "type": "Feature",
      "properties": {
        "municipio_id": 6408,
        "municipio_nombre": "Hurlingham",
        "establecimiento_id": 8330,
        "establecimiento_nombre": "JARDÍN DE INFANTES Nº911 \"HEBE SAN MARTÍN DE DUPRAT\"",
        "region_educativa": "Región 7",
        "clave": "0135JI0911",
        "cueanexo": 60001800,
        "modalidad": "Educación Común",
        "nivel": "Nivel Inicial",
        "direccion": "BONORINO (E/ BELL VILLE Y THOMAS LEBRETON) - 501",
        "telefono": "11-4450-7898",
        "rpv": "93050",
        "email": "0135ji0911@gmail.com",
        "sector": "Estatal",
        "dependencia": "Oficial",
        "tipo_organizacion": "JARDÍN DE INFANTES",
        "area": "CONURBANO",
        "ambito": "Urbano",
        "desfavorabilidad": 0,
        "subvencion": "Oficial",
        "sede_axo_ext": "SEDE",
        "categoria": "Primera",
        "depend_func": "Dirección Provincial de Educación Inicial",
        "cui": "613500336",
        "periodo": "Final 2025",
        "matricula": 77,
        "varones": 44,
        "mujeres": 33,
        "secciones": 6,
        "turnos": "MAÑANA,TARDE",
        "cue": 600018,
        "anexo": 0,
        "nro_escuela": 911,
        "assigned_zone_name": "El Porvenir",
        "source_name": "Datos Abiertos PBA - Establecimientos educativos",
        "source_url": "https://catalogo.datos.gba.gob.ar/dataset/establecimientos-educativos",
        "license": "Creative Commons Attribution 4.0",
        "generated_at": "2026-06-13T02:11:01.209890+00:00",
        "data_confidence": "high"
      },
      "geometry": {
        "type": "Point",
        "coordinates": [
          -58.6374338,
          -34.6269563
        ]
      }
    },
    {
      "type": "Feature",
      "properties": {
        "municipio_id": 6408,
        "municipio_nombre": "Hurlingham",
        "establecimiento_id": 8331,
        "establecimiento_nombre": "JARDÍN DE INFANTES Nº912 \"JUANA MANSO\"",
        "region_educativa": "Región 7",
        "clave": "0135JI0912",
        "cueanexo": 60521900,
        "modalidad": "Educación Común",
        "nivel": "Nivel Inicial",
        "direccion": "BRADLEY E/ GASSET Y PIZZAGALLI - 351/95",
        "telefono": "11-4450-4149",
        "rpv": "93051",
        "email": "jardin912hurlingham@abc.gob.ar",
        "sector": "Estatal",
        "dependencia": "Oficial",
        "tipo_organizacion": "JARDÍN DE INFANTES",
        "area": "CONURBANO",
        "ambito": "Urbano",
        "desfavorabilidad": 0,
        "subvencion": "Oficial",
        "sede_axo_ext": "SEDE",
        "categoria": "Primera",
        "depend_func": "Dirección Provincial de Educación Inicial",
        "cui": "613500343",
        "periodo": "Final 2025",
        "matricula": 84,
        "varones": 34,
        "mujeres": 50,
        "secciones": 8,
        "turnos": "MAÑANA,TARDE",
        "cue": 605219,
        "anexo": 0,
        "nro_escuela": 912,
        "assigned_zone_name": "Militar",
        "source_name": "Datos Abiertos PBA - Establecimientos educativos",
        "source_url": "https://catalogo.datos.gba.gob.ar/dataset/establecimientos-educativos",
        "license": "Creative Commons Attribution 4.0",
        "generated_at": "2026-06-13T02:11:01.209890+00:00",
        "data_confidence": "high"
      },
      "geometry": {
        "type": "Point",
        "coordinates": [
          -58.628266,
          -34.6253276
        ]
      }
    },
    {
      "type": "Feature",
      "properties": {
        "municipio_id": 6408,
        "municipio_nombre": "Hurlingham",
        "establecimiento_id": 8333,
        "establecimiento_nombre": "JARDÍN DE INFANTES Nº913 \"MARIA EVA DUARTE\"",
        "region_educativa": "Región 7",
        "clave": "0135JI0913",
        "cueanexo": 60554500,
        "modalidad": "Educación Común",
        "nivel": "Nivel Inicial",
        "direccion": "MAR DEL PLATA Y ALCANTARA - 996",
        "telefono": "11-4459-7312",
        "rpv": "78555",
        "email": "0135ji0913@gmail.com",
        "sector": "Estatal",
        "dependencia": "Oficial",
        "tipo_organizacion": "JARDÍN DE INFANTES",
        "area": "CONURBANO",
        "ambito": "Urbano",
        "desfavorabilidad": 0,
        "subvencion": "Oficial",
        "sede_axo_ext": "SEDE",
        "categoria": "Primera",
        "depend_func": "Dirección Provincial de Educación Inicial",
        "cui": "613500358",
        "periodo": "Final 2025",
        "matricula": 126,
        "varones": 63,
        "mujeres": 63,
        "secciones": 8,
        "turnos": "MAÑANA,TARDE",
        "cue": 605545,
        "anexo": 0,
        "nro_escuela": 913,
        "assigned_zone_name": "Mitre",
        "source_name": "Datos Abiertos PBA - Establecimientos educativos",
        "source_url": "https://catalogo.datos.gba.gob.ar/dataset/establecimientos-educativos",
        "license": "Creative Commons Attribution 4.0",
        "generated_at": "2026-06-13T02:11:01.209890+00:00",
        "data_confidence": "high"
      },
      "geometry": {
        "type": "Point",
        "coordinates": [
          -58.6526128,
          -34.615701
        ]
      }
    },
    {
      "type": "Feature",
      "properties": {
        "municipio_id": 6408,
        "municipio_nombre": "Hurlingham",
        "establecimiento_id": 8334,
        "establecimiento_nombre": "JARDÍN DE INFANTES Nº914 \"ROSARIO VERA PEÑALOZA\"",
        "region_educativa": "Región 7",
        "clave": "0135JI0914",
        "cueanexo": 60571300,
        "modalidad": "Educación Común",
        "nivel": "Nivel Inicial",
        "direccion": "MARTÍN ALZAGA E/HUSARES Y CAÑADA DE RUIZ - 700",
        "telefono": "11-4450-4815",
        "rpv": "93052",
        "email": "jardin914hurlingham@abc.gob.ar",
        "sector": "Estatal",
        "dependencia": "Oficial",
        "tipo_organizacion": "JARDÍN DE INFANTES",
        "area": "CONURBANO",
        "ambito": "Urbano",
        "desfavorabilidad": 1,
        "subvencion": "Oficial",
        "sede_axo_ext": "SEDE",
        "categoria": "Primera",
        "depend_func": "Dirección Provincial de Educación Inicial",
        "cui": "613500362",
        "periodo": "Final 2025",
        "matricula": 100,
        "varones": 48,
        "mujeres": 52,
        "secciones": 9,
        "turnos": "MAÑANA,TARDE",
        "cue": 605713,
        "anexo": 0,
        "nro_escuela": 914,
        "assigned_zone_name": "El Palanco",
        "source_name": "Datos Abiertos PBA - Establecimientos educativos",
        "source_url": "https://catalogo.datos.gba.gob.ar/dataset/establecimientos-educativos",
        "license": "Creative Commons Attribution 4.0",
        "generated_at": "2026-06-13T02:11:01.209890+00:00",
        "data_confidence": "high"
      },
      "geometry": {
        "type": "Point",
        "coordinates": [
          -58.6196032,
          -34.622429
        ]
      }
    },
    {
      "type": "Feature",
      "properties": {
        "municipio_id": 6408,
        "municipio_nombre": "Hurlingham",
        "establecimiento_id": 8337,
        "establecimiento_nombre": "JARDÍN DE INFANTES Nº915 \"MERCEDITAS\"",
        "region_educativa": "Región 7",
        "clave": "0135JI0915",
        "cueanexo": 60554900,
        "modalidad": "Educación Común",
        "nivel": "Nivel Inicial",
        "direccion": "MARQUEZ DE AVILES - 1302",
        "telefono": "11-4662-9189",
        "rpv": "79018",
        "email": "0135ji0915@gmail.com",
        "sector": "Estatal",
        "dependencia": "Oficial",
        "tipo_organizacion": "JARDÍN DE INFANTES",
        "area": "CONURBANO",
        "ambito": "Urbano",
        "desfavorabilidad": 0,
        "subvencion": "Oficial",
        "sede_axo_ext": "SEDE",
        "categoria": "Primera",
        "depend_func": "Dirección Provincial de Educación Inicial",
        "cui": "613500370",
        "periodo": "Final 2025",
        "matricula": 125,
        "varones": 83,
        "mujeres": 42,
        "secciones": 8,
        "turnos": "MAÑANA,TARDE",
        "cue": 605549,
        "anexo": 0,
        "nro_escuela": 915,
        "assigned_zone_name": "Cosmopolita",
        "source_name": "Datos Abiertos PBA - Establecimientos educativos",
        "source_url": "https://catalogo.datos.gba.gob.ar/dataset/establecimientos-educativos",
        "license": "Creative Commons Attribution 4.0",
        "generated_at": "2026-06-13T02:11:01.209890+00:00",
        "data_confidence": "high"
      },
      "geometry": {
        "type": "Point",
        "coordinates": [
          -58.6439692,
          -34.5820572
        ]
      }
    },
    {
      "type": "Feature",
      "properties": {
        "municipio_id": 6408,
        "municipio_nombre": "Hurlingham",
        "establecimiento_id": 8338,
        "establecimiento_nombre": "JARDÍN DE INFANTES Nº916 \"MARIANO MORENO\"",
        "region_educativa": "Región 7",
        "clave": "0135JI0916",
        "cueanexo": 60472600,
        "modalidad": "Educación Común",
        "nivel": "Nivel Inicial",
        "direccion": "GENOVA (E/ LIZT Y WAGNER) - 3071",
        "telefono": "11-4452-0060",
        "rpv": "79015",
        "email": "135ji0916@gmail.com",
        "sector": "Estatal",
        "dependencia": "Oficial",
        "tipo_organizacion": "JARDÍN DE INFANTES",
        "area": "CONURBANO",
        "ambito": "Urbano",
        "desfavorabilidad": 0,
        "subvencion": "Oficial",
        "sede_axo_ext": "SEDE",
        "categoria": "Primera",
        "depend_func": "Dirección Provincial de Educación Inicial",
        "cui": "613500389",
        "periodo": "Final 2025",
        "matricula": 80,
        "varones": 44,
        "mujeres": 36,
        "secciones": 6,
        "turnos": "MAÑANA,TARDE",
        "cue": 604726,
        "anexo": 0,
        "nro_escuela": 916,
        "assigned_zone_name": "Parque Jhonston",
        "source_name": "Datos Abiertos PBA - Establecimientos educativos",
        "source_url": "https://catalogo.datos.gba.gob.ar/dataset/establecimientos-educativos",
        "license": "Creative Commons Attribution 4.0",
        "generated_at": "2026-06-13T02:11:01.209890+00:00",
        "data_confidence": "high"
      },
      "geometry": {
        "type": "Point",
        "coordinates": [
          -58.6414651,
          -34.6016055
        ]
      }
    },
    {
      "type": "Feature",
      "properties": {
        "municipio_id": 6408,
        "municipio_nombre": "Hurlingham",
        "establecimiento_id": 8342,
        "establecimiento_nombre": "ESCUELA DE EDUCACIÓN SECUNDARIA Nº1 \"ESTEBAN ECHEVERRIA\"",
        "region_educativa": "Región 7",
        "clave": "0135MS0001",
        "cueanexo": 61116700,
        "modalidad": "Educación Común",
        "nivel": "Nivel Secundario",
        "direccion": "NECOCHEA (ESQ. F.C.G.S.N. SAN MARTÍN) - 1110",
        "telefono": "11-4665-1527",
        "rpv": null,
        "email": "secundaria1hurlingham@abc.gob.ar",
        "sector": "Estatal",
        "dependencia": "Oficial",
        "tipo_organizacion": "ESCUELA DE EDUCACIÓN SECUNDARIA",
        "area": "CONURBANO",
        "ambito": "Urbano",
        "desfavorabilidad": 0,
        "subvencion": "Oficial",
        "sede_axo_ext": "SEDE",
        "categoria": "Segunda",
        "depend_func": "Dirección Provincial de Educación Secundaria",
        "cui": "613500176",
        "periodo": "Final 2025",
        "matricula": 517,
        "varones": 242,
        "mujeres": 275,
        "secciones": 26,
        "turnos": "MAÑANA",
        "cue": 611167,
        "anexo": 0,
        "nro_escuela": 1,
        "assigned_zone_name": "Hurlingham Centro",
        "source_name": "Datos Abiertos PBA - Establecimientos educativos",
        "source_url": "https://catalogo.datos.gba.gob.ar/dataset/establecimientos-educativos",
        "license": "Creative Commons Attribution 4.0",
        "generated_at": "2026-06-13T02:11:01.209890+00:00",
        "data_confidence": "high"
      },
      "geometry": {
        "type": "Point",
        "coordinates": [
          -58.6268722,
          -34.5936466
        ]
      }
    },
    {
      "type": "Feature",
      "properties": {
        "municipio_id": 6408,
        "municipio_nombre": "Hurlingham",
        "establecimiento_id": 8345,
        "establecimiento_nombre": "ESCUELA DE EDUCACIÓN SECUNDARIA Nº4 \"MANUEL DORREGO\"",
        "region_educativa": "Región 7",
        "clave": "0135MS0004",
        "cueanexo": 60626700,
        "modalidad": "Educación Común",
        "nivel": "Nivel Secundario",
        "direccion": "NECOCHEA - 1110",
        "telefono": "11-4665-1527",
        "rpv": null,
        "email": "0135ms0004@gmail.com",
        "sector": "Estatal",
        "dependencia": "Oficial",
        "tipo_organizacion": "ESCUELA DE EDUCACIÓN SECUNDARIA",
        "area": "CONURBANO",
        "ambito": "Urbano",
        "desfavorabilidad": 0,
        "subvencion": "Oficial",
        "sede_axo_ext": "SEDE",
        "categoria": "Segunda",
        "depend_func": "Dirección Provincial de Educación Secundaria",
        "cui": "613500176",
        "periodo": "Final 2025",
        "matricula": 301,
        "varones": 167,
        "mujeres": 134,
        "secciones": 25,
        "turnos": "TARDE,VESPERTINO",
        "cue": 606267,
        "anexo": 0,
        "nro_escuela": 4,
        "assigned_zone_name": "Hurlingham Centro",
        "source_name": "Datos Abiertos PBA - Establecimientos educativos",
        "source_url": "https://catalogo.datos.gba.gob.ar/dataset/establecimientos-educativos",
        "license": "Creative Commons Attribution 4.0",
        "generated_at": "2026-06-13T02:11:01.209890+00:00",
        "data_confidence": "high"
      },
      "geometry": {
        "type": "Point",
        "coordinates": [
          -58.6268061,
          -34.5935835
        ]
      }
    },
    {
      "type": "Feature",
      "properties": {
        "municipio_id": 6408,
        "municipio_nombre": "Hurlingham",
        "establecimiento_id": 8348,
        "establecimiento_nombre": "ESCUELA DE EDUCACIÓN SECUNDARIA Nº2 \"GENERAL JUAN LAVALLE\"",
        "region_educativa": "Región 7",
        "clave": "0135MS0002",
        "cueanexo": 60554600,
        "modalidad": "Educación Común",
        "nivel": "Nivel Secundario",
        "direccion": "VALENCIA - 827",
        "telefono": "11-4459-7310",
        "rpv": null,
        "email": "0135ms0002@gmail.com",
        "sector": "Estatal",
        "dependencia": "Oficial",
        "tipo_organizacion": "ESCUELA DE EDUCACIÓN SECUNDARIA",
        "area": "CONURBANO",
        "ambito": "Urbano",
        "desfavorabilidad": 0,
        "subvencion": "Oficial",
        "sede_axo_ext": "SEDE",
        "categoria": "Primera",
        "depend_func": "Dirección Provincial de Educación Secundaria",
        "cui": "613500153",
        "periodo": "Final 2025",
        "matricula": 766,
        "varones": 395,
        "mujeres": 371,
        "secciones": 39,
        "turnos": "MAÑANA,TARDE,VESPERTINO",
        "cue": 605546,
        "anexo": 0,
        "nro_escuela": 2,
        "assigned_zone_name": "Mitre",
        "source_name": "Datos Abiertos PBA - Establecimientos educativos",
        "source_url": "https://catalogo.datos.gba.gob.ar/dataset/establecimientos-educativos",
        "license": "Creative Commons Attribution 4.0",
        "generated_at": "2026-06-13T02:11:01.209890+00:00",
        "data_confidence": "high"
      },
      "geometry": {
        "type": "Point",
        "coordinates": [
          -58.6434302,
          -34.6105373
        ]
      }
    },
    {
      "type": "Feature",
      "properties": {
        "municipio_id": 6408,
        "municipio_nombre": "Hurlingham",
        "establecimiento_id": 8351,
        "establecimiento_nombre": "ESCUELA DE EDUCACIÓN SECUNDARIA Nº3 \"GENERAL DON JOSÉ DE SAN MARTÍN\"",
        "region_educativa": "Región 7",
        "clave": "0135MS0003",
        "cueanexo": 60626200,
        "modalidad": "Educación Común",
        "nivel": "Nivel Secundario",
        "direccion": "GÜEMES - 1563",
        "telefono": "11-4665-0637",
        "rpv": "79020",
        "email": "secundaria3hurlingham@abc.gob.ar",
        "sector": "Estatal",
        "dependencia": "Oficial",
        "tipo_organizacion": "ESCUELA DE EDUCACIÓN SECUNDARIA",
        "area": "CONURBANO",
        "ambito": "Urbano",
        "desfavorabilidad": 0,
        "subvencion": "Oficial",
        "sede_axo_ext": "SEDE",
        "categoria": "Segunda",
        "depend_func": "Dirección Provincial de Educación Secundaria",
        "cui": "613500169",
        "periodo": "Final 2025",
        "matricula": 319,
        "varones": 168,
        "mujeres": 151,
        "secciones": 18,
        "turnos": "TARDE,VESPERTINO",
        "cue": 606262,
        "anexo": 0,
        "nro_escuela": 3,
        "assigned_zone_name": "Villa Club",
        "source_name": "Datos Abiertos PBA - Establecimientos educativos",
        "source_url": "https://catalogo.datos.gba.gob.ar/dataset/establecimientos-educativos",
        "license": "Creative Commons Attribution 4.0",
        "generated_at": "2026-06-13T02:11:01.209890+00:00",
        "data_confidence": "high"
      },
      "geometry": {
        "type": "Point",
        "coordinates": [
          -58.6351051,
          -34.5861552
        ]
      }
    },
    {
      "type": "Feature",
      "properties": {
        "municipio_id": 6408,
        "municipio_nombre": "Hurlingham",
        "establecimiento_id": 8360,
        "establecimiento_nombre": "EXTENSION I DE ESCUELA DE EDUCACIÓN SECUNDARIA Nº5 \"ALMAFUERTE\"",
        "region_educativa": "Región 7",
        "clave": "0135MS2050",
        "cueanexo": 61848501,
        "modalidad": "Educación Común",
        "nivel": "Nivel Secundario",
        "direccion": "SARGENTO GOMEZ - 1563",
        "telefono": "11-4662-3793",
        "rpv": "79020",
        "email": "0135ms0005@gmail.com",
        "sector": "Estatal",
        "dependencia": "Oficial",
        "tipo_organizacion": "ESCUELA DE EDUCACIÓN SECUNDARIA",
        "area": "CONURBANO",
        "ambito": "Urbano",
        "desfavorabilidad": 0,
        "subvencion": "Oficial",
        "sede_axo_ext": "EXTENSION",
        "categoria": "Segunda",
        "depend_func": "Dirección Provincial de Educación Secundaria",
        "cui": "613500447",
        "periodo": "Final 2025",
        "matricula": 139,
        "varones": 62,
        "mujeres": 77,
        "secciones": 6,
        "turnos": "MAÑANA",
        "cue": 618485,
        "anexo": 1,
        "nro_escuela": 2050,
        "assigned_zone_name": "Villa Club",
        "source_name": "Datos Abiertos PBA - Establecimientos educativos",
        "source_url": "https://catalogo.datos.gba.gob.ar/dataset/establecimientos-educativos",
        "license": "Creative Commons Attribution 4.0",
        "generated_at": "2026-06-13T02:11:01.209890+00:00",
        "data_confidence": "high"
      },
      "geometry": {
        "type": "Point",
        "coordinates": [
          -58.6349279,
          -34.5862377
        ]
      }
    },
    {
      "type": "Feature",
      "properties": {
        "municipio_id": 6408,
        "municipio_nombre": "Hurlingham",
        "establecimiento_id": 8361,
        "establecimiento_nombre": "ESCUELA DE EDUCACIÓN SECUNDARIA Nº6 \"LEOPOLDO MARECHAL\"",
        "region_educativa": "Región 7",
        "clave": "0135MS0006",
        "cueanexo": 61118200,
        "modalidad": "Educación Común",
        "nivel": "Nivel Secundario",
        "direccion": "TORELLO ESQ RISSO - 3052",
        "telefono": "11-2384-2401",
        "rpv": null,
        "email": "secundaria6hurlingham@abc.gob.ar",
        "sector": "Estatal",
        "dependencia": "Oficial",
        "tipo_organizacion": "ESCUELA DE EDUCACIÓN SECUNDARIA",
        "area": "CONURBANO",
        "ambito": "Urbano",
        "desfavorabilidad": 0,
        "subvencion": "Oficial",
        "sede_axo_ext": "SEDE",
        "categoria": "Primera",
        "depend_func": "Dirección Provincial de Educación Secundaria",
        "cui": "613500182",
        "periodo": "Final 2025",
        "matricula": 622,
        "varones": 331,
        "mujeres": 291,
        "secciones": 27,
        "turnos": "MAÑANA,TARDE,VESPERTINO",
        "cue": 611182,
        "anexo": 0,
        "nro_escuela": 6,
        "assigned_zone_name": "Santa Leonor",
        "source_name": "Datos Abiertos PBA - Establecimientos educativos",
        "source_url": "https://catalogo.datos.gba.gob.ar/dataset/establecimientos-educativos",
        "license": "Creative Commons Attribution 4.0",
        "generated_at": "2026-06-13T02:11:01.209890+00:00",
        "data_confidence": "high"
      },
      "geometry": {
        "type": "Point",
        "coordinates": [
          -58.6554383,
          -34.5963165
        ]
      }
    },
    {
      "type": "Feature",
      "properties": {
        "municipio_id": 6408,
        "municipio_nombre": "Hurlingham",
        "establecimiento_id": 8367,
        "establecimiento_nombre": "CENTRO EDUCATIVO NIVEL SECUNDARIO Nº451 \"MANUEL BELGRANO\"",
        "region_educativa": "Región 7",
        "clave": "0135DM0451",
        "cueanexo": 60567200,
        "modalidad": "Educación de Jóvenes y Adultos",
        "nivel": "Plan Fines (Trayectos y Deudores)",
        "direccion": "ONTIVEROS - 4151",
        "telefono": "11-4459-7363",
        "rpv": null,
        "email": "cens451hurlingham@abc.gob.ar",
        "sector": "Estatal",
        "dependencia": "Oficial",
        "tipo_organizacion": "CENTRO EDUCATIVO DE NIVEL SECUNDARIO (C.E.N.S.)",
        "area": "CONURBANO",
        "ambito": "Urbano",
        "desfavorabilidad": 0,
        "subvencion": "Oficial",
        "sede_axo_ext": "SEDE",
        "categoria": "Segunda",
        "depend_func": "Dirección de Educación de Jóvenes, Adultos y Adultos Mayores",
        "cui": "613500148",
        "periodo": "Final 2025",
        "matricula": 482,
        "varones": 184,
        "mujeres": 298,
        "secciones": 25,
        "turnos": "NOCHE,TARDE",
        "cue": 605672,
        "anexo": 0,
        "nro_escuela": 451,
        "assigned_zone_name": "El Porvenir",
        "source_name": "Datos Abiertos PBA - Establecimientos educativos",
        "source_url": "https://catalogo.datos.gba.gob.ar/dataset/establecimientos-educativos",
        "license": "Creative Commons Attribution 4.0",
        "generated_at": "2026-06-13T02:11:01.209890+00:00",
        "data_confidence": "high"
      },
      "geometry": {
        "type": "Point",
        "coordinates": [
          -58.6401611,
          -34.6239914
        ]
      }
    },
    {
      "type": "Feature",
      "properties": {
        "municipio_id": 6408,
        "municipio_nombre": "Hurlingham",
        "establecimiento_id": 8367,
        "establecimiento_nombre": "CENTRO EDUCATIVO NIVEL SECUNDARIO Nº451 \"MANUEL BELGRANO\"",
        "region_educativa": "Región 7",
        "clave": "0135DM0451",
        "cueanexo": 60567200,
        "modalidad": "Educación de Jóvenes y Adultos",
        "nivel": "Nivel Secundario",
        "direccion": "ONTIVEROS - 4151",
        "telefono": "11-4459-7363",
        "rpv": null,
        "email": "cens451hurlingham@abc.gob.ar",
        "sector": "Estatal",
        "dependencia": "Oficial",
        "tipo_organizacion": "CENTRO EDUCATIVO DE NIVEL SECUNDARIO (C.E.N.S.)",
        "area": "CONURBANO",
        "ambito": "Urbano",
        "desfavorabilidad": 0,
        "subvencion": "Oficial",
        "sede_axo_ext": "SEDE",
        "categoria": "Segunda",
        "depend_func": "Dirección de Educación de Jóvenes, Adultos y Adultos Mayores",
        "cui": "613500148",
        "periodo": "Final 2025",
        "matricula": 158,
        "varones": 89,
        "mujeres": 69,
        "secciones": 9,
        "turnos": "NOCHE,TARDE",
        "cue": 605672,
        "anexo": 0,
        "nro_escuela": 451,
        "assigned_zone_name": "El Porvenir",
        "source_name": "Datos Abiertos PBA - Establecimientos educativos",
        "source_url": "https://catalogo.datos.gba.gob.ar/dataset/establecimientos-educativos",
        "license": "Creative Commons Attribution 4.0",
        "generated_at": "2026-06-13T02:11:01.209890+00:00",
        "data_confidence": "high"
      },
      "geometry": {
        "type": "Point",
        "coordinates": [
          -58.6401611,
          -34.6239914
        ]
      }
    },
    {
      "type": "Feature",
      "properties": {
        "municipio_id": 6408,
        "municipio_nombre": "Hurlingham",
        "establecimiento_id": 8374,
        "establecimiento_nombre": "ESCUELA DE EDUCACIÓN SECUNDARIA TÉCNICA Nº2 \"REPÚBLICA DE PERÚ\"",
        "region_educativa": "Región 7",
        "clave": "0135MT0002",
        "cueanexo": 60927800,
        "modalidad": "Educación Técnico Profesional",
        "nivel": "Nivel Secundario",
        "direccion": "OCAMPO - 1075",
        "telefono": "11-2199-4611",
        "rpv": null,
        "email": "eest2hurlingham@abc.gob.ar",
        "sector": "Estatal",
        "dependencia": "Oficial",
        "tipo_organizacion": "ESCUELA DE EDUCACIÓN SECUNDARIA TÉCNICA",
        "area": "CONURBANO",
        "ambito": "Urbano",
        "desfavorabilidad": 0,
        "subvencion": "Oficial",
        "sede_axo_ext": "SEDE",
        "categoria": "Primera",
        "depend_func": "Dirección Provincial de Educación Técnico Profesional",
        "cui": "613500583",
        "periodo": "Final 2025",
        "matricula": 1089,
        "varones": 686,
        "mujeres": 403,
        "secciones": 48,
        "turnos": "MAÑANA,TARDE,VESPERTINO",
        "cue": 609278,
        "anexo": 0,
        "nro_escuela": 2,
        "assigned_zone_name": "Villa Alemania",
        "source_name": "Datos Abiertos PBA - Establecimientos educativos",
        "source_url": "https://catalogo.datos.gba.gob.ar/dataset/establecimientos-educativos",
        "license": "Creative Commons Attribution 4.0",
        "generated_at": "2026-06-13T02:11:01.209890+00:00",
        "data_confidence": "high"
      },
      "geometry": {
        "type": "Point",
        "coordinates": [
          -58.6248523,
          -34.5943905
        ]
      }
    },
    {
      "type": "Feature",
      "properties": {
        "municipio_id": 6408,
        "municipio_nombre": "Hurlingham",
        "establecimiento_id": 8377,
        "establecimiento_nombre": "ESCUELA DE EDUCACIÓN SECUNDARIA TÉCNICA Nº1 \"ORGANIZACIÓN DE LOS ESTADOS AMERICANOS\"",
        "region_educativa": "Región 7",
        "clave": "0135MT0001",
        "cueanexo": 60521800,
        "modalidad": "Educación Técnico Profesional",
        "nivel": "Nivel Secundario",
        "direccion": "BRADLEY (ESQ. PIZZAGELLI) - 395",
        "telefono": "11-4450-0025",
        "rpv": "93021",
        "email": "mt135001@abc.gov.ar",
        "sector": "Estatal",
        "dependencia": "Oficial",
        "tipo_organizacion": "ESCUELA DE EDUCACIÓN SECUNDARIA TÉCNICA",
        "area": "CONURBANO",
        "ambito": "Urbano",
        "desfavorabilidad": 0,
        "subvencion": "Oficial",
        "sede_axo_ext": "SEDE",
        "categoria": "Segunda",
        "depend_func": "Dirección Provincial de Educación Técnico Profesional",
        "cui": "613500577",
        "periodo": "Final 2025",
        "matricula": 430,
        "varones": 299,
        "mujeres": 131,
        "secciones": 27,
        "turnos": "MAÑANA,TARDE,VESPERTINO",
        "cue": 605218,
        "anexo": 0,
        "nro_escuela": 1,
        "assigned_zone_name": "Militar",
        "source_name": "Datos Abiertos PBA - Establecimientos educativos",
        "source_url": "https://catalogo.datos.gba.gob.ar/dataset/establecimientos-educativos",
        "license": "Creative Commons Attribution 4.0",
        "generated_at": "2026-06-13T02:11:01.209890+00:00",
        "data_confidence": "high"
      },
      "geometry": {
        "type": "Point",
        "coordinates": [
          -58.6274237,
          -34.625408
        ]
      }
    },
    {
      "type": "Feature",
      "properties": {
        "municipio_id": 6408,
        "municipio_nombre": "Hurlingham",
        "establecimiento_id": 8393,
        "establecimiento_nombre": "ESCUELA DE EDUCACIÓN PRIMARIA Nº1 \"RICARDO GUTIERREZ\"",
        "region_educativa": "Región 7",
        "clave": "0135PP0001",
        "cueanexo": 60571900,
        "modalidad": "Educación Común",
        "nivel": "Nivel Primario",
        "direccion": "J. B. KIERNAN - 1525",
        "telefono": "11-4450-3146",
        "rpv": "93046",
        "email": "primaria1hurlingham@abc.gob.ar",
        "sector": "Estatal",
        "dependencia": "Oficial",
        "tipo_organizacion": "ESCUELA DE EDUCACIÓN PRIMARIA",
        "area": "CONURBANO",
        "ambito": "Urbano",
        "desfavorabilidad": 0,
        "subvencion": "Oficial",
        "sede_axo_ext": "SEDE",
        "categoria": "Segunda",
        "depend_func": "Dirección Provincial de Educación Primaria",
        "cui": "613500452",
        "periodo": "Final 2025",
        "matricula": 249,
        "varones": 122,
        "mujeres": 127,
        "secciones": 12,
        "turnos": "\"DOBLE ESCOLARIDAD\"",
        "cue": 605719,
        "anexo": 0,
        "nro_escuela": 1,
        "assigned_zone_name": "El Libertador",
        "source_name": "Datos Abiertos PBA - Establecimientos educativos",
        "source_url": "https://catalogo.datos.gba.gob.ar/dataset/establecimientos-educativos",
        "license": "Creative Commons Attribution 4.0",
        "generated_at": "2026-06-13T02:11:01.209890+00:00",
        "data_confidence": "high"
      },
      "geometry": {
        "type": "Point",
        "coordinates": [
          -58.650762,
          -34.6264504
        ]
      }
    },
    {
      "type": "Feature",
      "properties": {
        "municipio_id": 6408,
        "municipio_nombre": "Hurlingham",
        "establecimiento_id": 8394,
        "establecimiento_nombre": "ESCUELA DE EDUCACIÓN PRIMARIA Nº2 \"PABLO A. PIZZURNO\"",
        "region_educativa": "Región 7",
        "clave": "0135PP0002",
        "cueanexo": 61114000,
        "modalidad": "Educación Común",
        "nivel": "Nivel Primario",
        "direccion": "SARGENTO GOMEZ (E/ GÜEMES Y D. DIAZ) - 1563",
        "telefono": "11-4665-0444",
        "rpv": "79019",
        "email": "0135pp0002@gmail.com",
        "sector": "Estatal",
        "dependencia": "Oficial",
        "tipo_organizacion": "ESCUELA DE EDUCACIÓN PRIMARIA",
        "area": "CONURBANO",
        "ambito": "Urbano",
        "desfavorabilidad": 0,
        "subvencion": "Oficial",
        "sede_axo_ext": "SEDE",
        "categoria": "Primera",
        "depend_func": "Dirección Provincial de Educación Primaria",
        "cui": "613500447",
        "periodo": "Final 2025",
        "matricula": 339,
        "varones": 172,
        "mujeres": 167,
        "secciones": 18,
        "turnos": "MAÑANA,TARDE",
        "cue": 611140,
        "anexo": 0,
        "nro_escuela": 2,
        "assigned_zone_name": "Villa Club",
        "source_name": "Datos Abiertos PBA - Establecimientos educativos",
        "source_url": "https://catalogo.datos.gba.gob.ar/dataset/establecimientos-educativos",
        "license": "Creative Commons Attribution 4.0",
        "generated_at": "2026-06-13T02:11:01.209890+00:00",
        "data_confidence": "high"
      },
      "geometry": {
        "type": "Point",
        "coordinates": [
          -58.6349773,
          -34.5862313
        ]
      }
    },
    {
      "type": "Feature",
      "properties": {
        "municipio_id": 6408,
        "municipio_nombre": "Hurlingham",
        "establecimiento_id": 8404,
        "establecimiento_nombre": "ESCUELA DE EDUCACIÓN PRIMARIA Nº3 \"MARIANO MORENO\"",
        "region_educativa": "Región 7",
        "clave": "0135PP0003",
        "cueanexo": 61118100,
        "modalidad": "Educación Común",
        "nivel": "Nivel Primario",
        "direccion": "P.DIAZ - 425",
        "telefono": "11-4459-2949",
        "rpv": "93026",
        "email": "0135pp0003@gmail.com",
        "sector": "Estatal",
        "dependencia": "Oficial",
        "tipo_organizacion": "ESCUELA DE EDUCACIÓN PRIMARIA",
        "area": "CONURBANO",
        "ambito": "Urbano",
        "desfavorabilidad": 0,
        "subvencion": "Oficial",
        "sede_axo_ext": "SEDE",
        "categoria": "Primera",
        "depend_func": "Dirección Provincial de Educación Primaria",
        "cui": "613500111",
        "periodo": "Final 2025",
        "matricula": 464,
        "varones": 241,
        "mujeres": 223,
        "secciones": 24,
        "turnos": "MAÑANA,TARDE",
        "cue": 611181,
        "anexo": 0,
        "nro_escuela": 3,
        "assigned_zone_name": "Villa Tesei Centro",
        "source_name": "Datos Abiertos PBA - Establecimientos educativos",
        "source_url": "https://catalogo.datos.gba.gob.ar/dataset/establecimientos-educativos",
        "license": "Creative Commons Attribution 4.0",
        "generated_at": "2026-06-13T02:11:01.209890+00:00",
        "data_confidence": "high"
      },
      "geometry": {
        "type": "Point",
        "coordinates": [
          -58.6374328,
          -34.6131891
        ]
      }
    },
    {
      "type": "Feature",
      "properties": {
        "municipio_id": 6408,
        "municipio_nombre": "Hurlingham",
        "establecimiento_id": 8411,
        "establecimiento_nombre": "ESCUELA DE EDUCACIÓN PRIMARIA Nº6 \"YAPEYU\"",
        "region_educativa": "Región 7",
        "clave": "0135PP0006",
        "cueanexo": 61118500,
        "modalidad": "Educación Común",
        "nivel": "Nivel Primario",
        "direccion": "DIAGONAL DE MAYO (INT. MUSTONI) - 2990",
        "telefono": "11-4665-3257",
        "rpv": "?",
        "email": "0135pp0006@gmail.com",
        "sector": "Estatal",
        "dependencia": "Oficial",
        "tipo_organizacion": "ESCUELA DE EDUCACIÓN PRIMARIA",
        "area": "CONURBANO",
        "ambito": "Urbano",
        "desfavorabilidad": 1,
        "subvencion": "Oficial",
        "sede_axo_ext": "SEDE",
        "categoria": "Segunda",
        "depend_func": "Dirección Provincial de Educación Primaria",
        "cui": "613500032",
        "periodo": "Final 2025",
        "matricula": 257,
        "varones": 131,
        "mujeres": 126,
        "secciones": 12,
        "turnos": "\"DOBLE ESCOLARIDAD\"",
        "cue": 611185,
        "anexo": 0,
        "nro_escuela": 6,
        "assigned_zone_name": "Roca 1",
        "source_name": "Datos Abiertos PBA - Establecimientos educativos",
        "source_url": "https://catalogo.datos.gba.gob.ar/dataset/establecimientos-educativos",
        "license": "Creative Commons Attribution 4.0",
        "generated_at": "2026-06-13T02:11:01.209890+00:00",
        "data_confidence": "high"
      },
      "geometry": {
        "type": "Point",
        "coordinates": [
          -58.6524806,
          -34.5753918
        ]
      }
    },
    {
      "type": "Feature",
      "properties": {
        "municipio_id": 6408,
        "municipio_nombre": "Hurlingham",
        "establecimiento_id": 8414,
        "establecimiento_nombre": "ESCUELA DE EDUCACIÓN PRIMARIA Nº13 \"DR. TOMAS LE BRETON\"",
        "region_educativa": "Región 7",
        "clave": "0135PP0013",
        "cueanexo": 60001700,
        "modalidad": "Educación Común",
        "nivel": "Nivel Primario",
        "direccion": "TOMÁS LE BRETON - 4385",
        "telefono": "11-4450-5347",
        "rpv": "78549",
        "email": "primaria13hurlingham@abc.gob.ar",
        "sector": "Estatal",
        "dependencia": "Oficial",
        "tipo_organizacion": "ESCUELA DE EDUCACIÓN PRIMARIA",
        "area": "CONURBANO",
        "ambito": "Urbano",
        "desfavorabilidad": 0,
        "subvencion": "Oficial",
        "sede_axo_ext": "SEDE",
        "categoria": "Primera",
        "depend_func": "Dirección Provincial de Educación Primaria",
        "cui": "613500549",
        "periodo": "Final 2025",
        "matricula": 222,
        "varones": 129,
        "mujeres": 93,
        "secciones": 12,
        "turnos": "MAÑANA,TARDE",
        "cue": 600017,
        "anexo": 0,
        "nro_escuela": 13,
        "assigned_zone_name": "El Porvenir",
        "source_name": "Datos Abiertos PBA - Establecimientos educativos",
        "source_url": "https://catalogo.datos.gba.gob.ar/dataset/establecimientos-educativos",
        "license": "Creative Commons Attribution 4.0",
        "generated_at": "2026-06-13T02:11:01.209890+00:00",
        "data_confidence": "high"
      },
      "geometry": {
        "type": "Point",
        "coordinates": [
          -58.6370782,
          -34.6269806
        ]
      }
    },
    {
      "type": "Feature",
      "properties": {
        "municipio_id": 6408,
        "municipio_nombre": "Hurlingham",
        "establecimiento_id": 8417,
        "establecimiento_nombre": "ESCUELA DE EDUCACIÓN PRIMARIA Nº5 \"GRANADEROS DE SAN MARTIN\"",
        "region_educativa": "Región 7",
        "clave": "0135PP0005",
        "cueanexo": 60012300,
        "modalidad": "Educación Común",
        "nivel": "Nivel Primario",
        "direccion": "POTOSI (ESQ. ALBARIÑOS) - 2452",
        "telefono": "11-4662-2389",
        "rpv": "78979",
        "email": "135pp0005@gmail.com",
        "sector": "Estatal",
        "dependencia": "Oficial",
        "tipo_organizacion": "ESCUELA DE EDUCACIÓN PRIMARIA",
        "area": "CONURBANO",
        "ambito": "Urbano",
        "desfavorabilidad": 0,
        "subvencion": "Oficial",
        "sede_axo_ext": "SEDE",
        "categoria": "Primera",
        "depend_func": "Dirección Provincial de Educación Primaria",
        "cui": "613500508",
        "periodo": "Final 2025",
        "matricula": 249,
        "varones": 141,
        "mujeres": 108,
        "secciones": 12,
        "turnos": "MAÑANA,TARDE",
        "cue": 600123,
        "anexo": 0,
        "nro_escuela": 5,
        "assigned_zone_name": "Curapaytí",
        "source_name": "Datos Abiertos PBA - Establecimientos educativos",
        "source_url": "https://catalogo.datos.gba.gob.ar/dataset/establecimientos-educativos",
        "license": "Creative Commons Attribution 4.0",
        "generated_at": "2026-06-13T02:11:01.209890+00:00",
        "data_confidence": "high"
      },
      "geometry": {
        "type": "Point",
        "coordinates": [
          -58.6482406,
          -34.5859922
        ]
      }
    },
    {
      "type": "Feature",
      "properties": {
        "municipio_id": 6408,
        "municipio_nombre": "Hurlingham",
        "establecimiento_id": 8418,
        "establecimiento_nombre": "ESCUELA DE EDUCACIÓN PRIMARIA Nº11 \"JONAS SALK\"",
        "region_educativa": "Región 7",
        "clave": "0135PP0011",
        "cueanexo": 60469600,
        "modalidad": "Educación Común",
        "nivel": "Nivel Primario",
        "direccion": "NECOCHEA - 855",
        "telefono": "11-4665-2374",
        "rpv": "78984",
        "email": "primaria11hurlingham@abc.gob.ar",
        "sector": "Estatal",
        "dependencia": "Oficial",
        "tipo_organizacion": "ESCUELA DE EDUCACIÓN PRIMARIA",
        "area": "CONURBANO",
        "ambito": "Urbano",
        "desfavorabilidad": 0,
        "subvencion": "Oficial",
        "sede_axo_ext": "SEDE",
        "categoria": "Primera",
        "depend_func": "Dirección Provincial de Educación Primaria",
        "cui": "613500622",
        "periodo": "Final 2025",
        "matricula": 242,
        "varones": 109,
        "mujeres": 133,
        "secciones": 12,
        "turnos": "MAÑANA,TARDE",
        "cue": 604696,
        "anexo": 0,
        "nro_escuela": 11,
        "assigned_zone_name": "Jorge Newbery",
        "source_name": "Datos Abiertos PBA - Establecimientos educativos",
        "source_url": "https://catalogo.datos.gba.gob.ar/dataset/establecimientos-educativos",
        "license": "Creative Commons Attribution 4.0",
        "generated_at": "2026-06-13T02:11:01.209890+00:00",
        "data_confidence": "high"
      },
      "geometry": {
        "type": "Point",
        "coordinates": [
          -58.6244665,
          -34.591243
        ]
      }
    },
    {
      "type": "Feature",
      "properties": {
        "municipio_id": 6408,
        "municipio_nombre": "Hurlingham",
        "establecimiento_id": 8422,
        "establecimiento_nombre": "ESCUELA DE EDUCACIÓN PRIMARIA Nº7 \"CONSTANCIO C.VIGIL\"",
        "region_educativa": "Región 7",
        "clave": "0135PP0007",
        "cueanexo": 60554800,
        "modalidad": "Educación Común",
        "nivel": "Nivel Primario",
        "direccion": "ALZAGA (E/ HUSARES Y NIZA) - 809",
        "telefono": "11-4459-4888",
        "rpv": "93055",
        "email": "0135pp0007@gmail.com",
        "sector": "Estatal",
        "dependencia": "Oficial",
        "tipo_organizacion": "ESCUELA DE EDUCACIÓN PRIMARIA",
        "area": "CONURBANO",
        "ambito": "Urbano",
        "desfavorabilidad": 1,
        "subvencion": "Oficial",
        "sede_axo_ext": "SEDE",
        "categoria": "Segunda",
        "depend_func": "Dirección Provincial de Educación Primaria",
        "cui": "613500605",
        "periodo": "Final 2025",
        "matricula": 133,
        "varones": 65,
        "mujeres": 68,
        "secciones": 6,
        "turnos": "\"DOBLE ESCOLARIDAD\"",
        "cue": 605548,
        "anexo": 0,
        "nro_escuela": 7,
        "assigned_zone_name": "El Palanco",
        "source_name": "Datos Abiertos PBA - Establecimientos educativos",
        "source_url": "https://catalogo.datos.gba.gob.ar/dataset/establecimientos-educativos",
        "license": "Creative Commons Attribution 4.0",
        "generated_at": "2026-06-13T02:11:01.209890+00:00",
        "data_confidence": "high"
      },
      "geometry": {
        "type": "Point",
        "coordinates": [
          -58.6197328,
          -34.6223672
        ]
      }
    },
    {
      "type": "Feature",
      "properties": {
        "municipio_id": 6408,
        "municipio_nombre": "Hurlingham",
        "establecimiento_id": 8425,
        "establecimiento_nombre": "ESCUELA DE EDUCACIÓN PRIMARIA Nº4 \"GABRIELA MISTRAL\"",
        "region_educativa": "Región 7",
        "clave": "0135PP0004",
        "cueanexo": 61170700,
        "modalidad": "Educación Común",
        "nivel": "Nivel Primario",
        "direccion": "BRADLEY - 301",
        "telefono": "11-4450-9695",
        "rpv": "93045",
        "email": "0135pp0004@gmail.com",
        "sector": "Estatal",
        "dependencia": "Oficial",
        "tipo_organizacion": "ESCUELA DE EDUCACIÓN PRIMARIA",
        "area": "CONURBANO",
        "ambito": "Urbano",
        "desfavorabilidad": 0,
        "subvencion": "Oficial",
        "sede_axo_ext": "SEDE",
        "categoria": "Primera",
        "depend_func": "Dirección Provincial de Educación Primaria",
        "cui": "613500124",
        "periodo": "Final 2025",
        "matricula": 333,
        "varones": 167,
        "mujeres": 166,
        "secciones": 16,
        "turnos": "MAÑANA,TARDE",
        "cue": 611707,
        "anexo": 0,
        "nro_escuela": 4,
        "assigned_zone_name": "Militar",
        "source_name": "Datos Abiertos PBA - Establecimientos educativos",
        "source_url": "https://catalogo.datos.gba.gob.ar/dataset/establecimientos-educativos",
        "license": "Creative Commons Attribution 4.0",
        "generated_at": "2026-06-13T02:11:01.209890+00:00",
        "data_confidence": "high"
      },
      "geometry": {
        "type": "Point",
        "coordinates": [
          -58.6286505,
          -34.6251906
        ]
      }
    },
    {
      "type": "Feature",
      "properties": {
        "municipio_id": 6408,
        "municipio_nombre": "Hurlingham",
        "establecimiento_id": 8426,
        "establecimiento_nombre": "ESCUELA DE EDUCACIÓN PRIMARIA Nº9 \"25 DE MAYO\"",
        "region_educativa": "Región 7",
        "clave": "0135PP0009",
        "cueanexo": 61118000,
        "modalidad": "Educación Común",
        "nivel": "Nivel Primario",
        "direccion": "ACASSUSO (E/FINOCHIETTO Y BOLIVAR) - 1900",
        "telefono": "11-4452-4066",
        "rpv": null,
        "email": "0135pp0009@gmail.com",
        "sector": "Estatal",
        "dependencia": "Oficial",
        "tipo_organizacion": "ESCUELA DE EDUCACIÓN PRIMARIA",
        "area": "CONURBANO",
        "ambito": "Urbano",
        "desfavorabilidad": 0,
        "subvencion": "Oficial",
        "sede_axo_ext": "SEDE",
        "categoria": "Primera",
        "depend_func": "Dirección Provincial de Educación Primaria",
        "cui": "613501134",
        "periodo": "Final 2025",
        "matricula": 560,
        "varones": 302,
        "mujeres": 258,
        "secciones": 24,
        "turnos": "MAÑANA,TARDE",
        "cue": 611180,
        "anexo": 0,
        "nro_escuela": 9,
        "assigned_zone_name": "Parque Jhonston",
        "source_name": "Datos Abiertos PBA - Establecimientos educativos",
        "source_url": "https://catalogo.datos.gba.gob.ar/dataset/establecimientos-educativos",
        "license": "Creative Commons Attribution 4.0",
        "generated_at": "2026-06-13T02:11:01.209890+00:00",
        "data_confidence": "high"
      },
      "geometry": {
        "type": "Point",
        "coordinates": [
          -58.6438713,
          -34.5931012
        ]
      }
    },
    {
      "type": "Feature",
      "properties": {
        "municipio_id": 6408,
        "municipio_nombre": "Hurlingham",
        "establecimiento_id": 8427,
        "establecimiento_nombre": "ESCUELA DE EDUCACIÓN PRIMARIA Nº8 \"FRAY LUIS BELTRAN\"",
        "region_educativa": "Región 7",
        "clave": "0135PP0008",
        "cueanexo": 60929700,
        "modalidad": "Educación Común",
        "nivel": "Nivel Primario",
        "direccion": "PLUMERILLO (E/ KENNEDY Y RECAGNO) - 2249",
        "telefono": "11-4662-7014",
        "rpv": "79072",
        "email": "0135pp0008@gmail.com",
        "sector": "Estatal",
        "dependencia": "Oficial",
        "tipo_organizacion": "ESCUELA DE EDUCACIÓN PRIMARIA",
        "area": "CONURBANO",
        "ambito": "Urbano",
        "desfavorabilidad": 0,
        "subvencion": "Oficial",
        "sede_axo_ext": "SEDE",
        "categoria": "Primera",
        "depend_func": "Dirección Provincial de Educación Primaria",
        "cui": "613500531",
        "periodo": "Final 2025",
        "matricula": 376,
        "varones": 180,
        "mujeres": 196,
        "secciones": 18,
        "turnos": "MAÑANA,TARDE",
        "cue": 609297,
        "anexo": 0,
        "nro_escuela": 8,
        "assigned_zone_name": "Villa Club",
        "source_name": "Datos Abiertos PBA - Establecimientos educativos",
        "source_url": "https://catalogo.datos.gba.gob.ar/dataset/establecimientos-educativos",
        "license": "Creative Commons Attribution 4.0",
        "generated_at": "2026-06-13T02:11:01.209890+00:00",
        "data_confidence": "high"
      },
      "geometry": {
        "type": "Point",
        "coordinates": [
          -58.6397313,
          -34.5760558
        ]
      }
    },
    {
      "type": "Feature",
      "properties": {
        "municipio_id": 6408,
        "municipio_nombre": "Hurlingham",
        "establecimiento_id": 8428,
        "establecimiento_nombre": "ESCUELA DE EDUCACIÓN PRIMARIA Nº10 \"SIR ALEXANDER FLEMING\"",
        "region_educativa": "Región 7",
        "clave": "0135PP0010",
        "cueanexo": 60001300,
        "modalidad": "Educación Común",
        "nivel": "Nivel Primario",
        "direccion": "RODRIGUEZ (E/CARBAJAL Y MASSENET) - 2022",
        "telefono": "11-4459-6351",
        "rpv": "93058",
        "email": "0135pp0010@gmail.com",
        "sector": "Estatal",
        "dependencia": "Oficial",
        "tipo_organizacion": "ESCUELA DE EDUCACIÓN PRIMARIA",
        "area": "CONURBANO",
        "ambito": "Urbano",
        "desfavorabilidad": 0,
        "subvencion": "Oficial",
        "sede_axo_ext": "SEDE",
        "categoria": "Primera",
        "depend_func": "Dirección Provincial de Educación Primaria",
        "cui": "613500050",
        "periodo": "Final 2025",
        "matricula": 225,
        "varones": 125,
        "mujeres": 100,
        "secciones": 12,
        "turnos": "MAÑANA,TARDE",
        "cue": 600013,
        "anexo": 0,
        "nro_escuela": 10,
        "assigned_zone_name": "Parque Quirno",
        "source_name": "Datos Abiertos PBA - Establecimientos educativos",
        "source_url": "https://catalogo.datos.gba.gob.ar/dataset/establecimientos-educativos",
        "license": "Creative Commons Attribution 4.0",
        "generated_at": "2026-06-13T02:11:01.209890+00:00",
        "data_confidence": "high"
      },
      "geometry": {
        "type": "Point",
        "coordinates": [
          -58.6302046,
          -34.6053531
        ]
      }
    },
    {
      "type": "Feature",
      "properties": {
        "municipio_id": 6408,
        "municipio_nombre": "Hurlingham",
        "establecimiento_id": 8434,
        "establecimiento_nombre": "ESCUELA DE EDUCACIÓN PRIMARIA Nº12 \"LEONARDO ROSALES\"",
        "region_educativa": "Región 7",
        "clave": "0135PP0012",
        "cueanexo": 60522000,
        "modalidad": "Educación Común",
        "nivel": "Nivel Primario",
        "direccion": "BALBOA E/ ARENAL Y ZWEIG - 151",
        "telefono": "11-4450-3616",
        "rpv": "93047",
        "email": "0135pp0012@gmail.com",
        "sector": "Estatal",
        "dependencia": "Oficial",
        "tipo_organizacion": "ESCUELA DE EDUCACIÓN PRIMARIA",
        "area": "CONURBANO",
        "ambito": "Urbano",
        "desfavorabilidad": 0,
        "subvencion": "Oficial",
        "sede_axo_ext": "SEDE",
        "categoria": "Primera",
        "depend_func": "Dirección Provincial de Educación Primaria",
        "cui": "613500468",
        "periodo": "Final 2025",
        "matricula": 197,
        "varones": 103,
        "mujeres": 94,
        "secciones": 12,
        "turnos": "MAÑANA,TARDE",
        "cue": 605220,
        "anexo": 0,
        "nro_escuela": 12,
        "assigned_zone_name": "Villa Tesei Centro",
        "source_name": "Datos Abiertos PBA - Establecimientos educativos",
        "source_url": "https://catalogo.datos.gba.gob.ar/dataset/establecimientos-educativos",
        "license": "Creative Commons Attribution 4.0",
        "generated_at": "2026-06-13T02:11:01.209890+00:00",
        "data_confidence": "high"
      },
      "geometry": {
        "type": "Point",
        "coordinates": [
          -58.6291545,
          -34.6126982
        ]
      }
    },
    {
      "type": "Feature",
      "properties": {
        "municipio_id": 6408,
        "municipio_nombre": "Hurlingham",
        "establecimiento_id": 8436,
        "establecimiento_nombre": "ESCUELA DE EDUCACIÓN PRIMARIA Nº14 \"POSTA DE YATASTO\"",
        "region_educativa": "Región 7",
        "clave": "0135PP0014",
        "cueanexo": 60567400,
        "modalidad": "Educación Común",
        "nivel": "Nivel Primario",
        "direccion": "ANDONAEGUI - 2552",
        "telefono": "11-4665-2376",
        "rpv": "78985",
        "email": "0135pp0014@gmail.com",
        "sector": "Estatal",
        "dependencia": "Oficial",
        "tipo_organizacion": "ESCUELA DE EDUCACIÓN PRIMARIA",
        "area": "CONURBANO",
        "ambito": "Urbano",
        "desfavorabilidad": 0,
        "subvencion": "Oficial",
        "sede_axo_ext": "SEDE",
        "categoria": "Primera",
        "depend_func": "Dirección Provincial de Educación Primaria",
        "cui": "613500633",
        "periodo": "Final 2025",
        "matricula": 186,
        "varones": 88,
        "mujeres": 98,
        "secciones": 12,
        "turnos": "MAÑANA,TARDE",
        "cue": 605674,
        "anexo": 0,
        "nro_escuela": 14,
        "assigned_zone_name": "Santa Leonor",
        "source_name": "Datos Abiertos PBA - Establecimientos educativos",
        "source_url": "https://catalogo.datos.gba.gob.ar/dataset/establecimientos-educativos",
        "license": "Creative Commons Attribution 4.0",
        "generated_at": "2026-06-13T02:11:01.209890+00:00",
        "data_confidence": "high"
      },
      "geometry": {
        "type": "Point",
        "coordinates": [
          -58.6587679,
          -34.5946795
        ]
      }
    },
    {
      "type": "Feature",
      "properties": {
        "municipio_id": 6408,
        "municipio_nombre": "Hurlingham",
        "establecimiento_id": 8444,
        "establecimiento_nombre": "ESCUELA DE EDUCACIÓN PRIMARIA Nº16 \"ALMAFUERTE\"\"",
        "region_educativa": "Región 7",
        "clave": "0135PP0016",
        "cueanexo": 60554700,
        "modalidad": "Educación Común",
        "nivel": "Nivel Primario",
        "direccion": "PALERMO (E/ CUZCO Y AMBERES) - 3765",
        "telefono": "11-4450-4883",
        "rpv": "70417",
        "email": "0135pp0016@gmail.com",
        "sector": "Estatal",
        "dependencia": "Oficial",
        "tipo_organizacion": "ESCUELA DE EDUCACIÓN PRIMARIA",
        "area": "CONURBANO",
        "ambito": "Urbano",
        "desfavorabilidad": 0,
        "subvencion": "Oficial",
        "sede_axo_ext": "SEDE",
        "categoria": "Primera",
        "depend_func": "Dirección Provincial de Educación Primaria",
        "cui": "613500651",
        "periodo": "Final 2025",
        "matricula": 351,
        "varones": 183,
        "mujeres": 168,
        "secciones": 18,
        "turnos": "\"DOBLE ESCOLARIDAD\"",
        "cue": 605547,
        "anexo": 0,
        "nro_escuela": 16,
        "assigned_zone_name": "Mitre",
        "source_name": "Datos Abiertos PBA - Establecimientos educativos",
        "source_url": "https://catalogo.datos.gba.gob.ar/dataset/establecimientos-educativos",
        "license": "Creative Commons Attribution 4.0",
        "generated_at": "2026-06-13T02:11:01.209890+00:00",
        "data_confidence": "high"
      },
      "geometry": {
        "type": "Point",
        "coordinates": [
          -58.6494417,
          -34.6123313
        ]
      }
    },
    {
      "type": "Feature",
      "properties": {
        "municipio_id": 6408,
        "municipio_nombre": "Hurlingham",
        "establecimiento_id": 8446,
        "establecimiento_nombre": "ESCUELA DE EDUCACIÓN PRIMARIA Nº15 \"SARGENTO CABRAL\"",
        "region_educativa": "Región 7",
        "clave": "0135PP0015",
        "cueanexo": 61117900,
        "modalidad": "Educación Común",
        "nivel": "Nivel Primario",
        "direccion": "MALASPINA (E/VERDI Y SCHUBERT) - 1041",
        "telefono": "11-4662-0568",
        "rpv": "79016",
        "email": "0135pp0015@gmail.com",
        "sector": "Estatal",
        "dependencia": "Oficial",
        "tipo_organizacion": "ESCUELA DE EDUCACIÓN PRIMARIA",
        "area": "CONURBANO",
        "ambito": "Urbano",
        "desfavorabilidad": 0,
        "subvencion": "Oficial",
        "sede_axo_ext": "SEDE",
        "categoria": "Segunda",
        "depend_func": "Dirección Provincial de Educación Primaria",
        "cui": "613500646",
        "periodo": "Final 2025",
        "matricula": 240,
        "varones": 118,
        "mujeres": 122,
        "secciones": 12,
        "turnos": "\"DOBLE ESCOLARIDAD\"",
        "cue": 611179,
        "anexo": 0,
        "nro_escuela": 15,
        "assigned_zone_name": "Luna",
        "source_name": "Datos Abiertos PBA - Establecimientos educativos",
        "source_url": "https://catalogo.datos.gba.gob.ar/dataset/establecimientos-educativos",
        "license": "Creative Commons Attribution 4.0",
        "generated_at": "2026-06-13T02:11:01.209890+00:00",
        "data_confidence": "high"
      },
      "geometry": {
        "type": "Point",
        "coordinates": [
          -58.6413596,
          -34.6043873
        ]
      }
    },
    {
      "type": "Feature",
      "properties": {
        "municipio_id": 6408,
        "municipio_nombre": "Hurlingham",
        "establecimiento_id": 8447,
        "establecimiento_nombre": "ESCUELA DE EDUCACIÓN PRIMARIA Nº22 \"MARTÍN FIERRO\"",
        "region_educativa": "Región 7",
        "clave": "0135PP0022",
        "cueanexo": 60001500,
        "modalidad": "Educación Común",
        "nivel": "Nivel Primario",
        "direccion": "OCAMPO (E/ ROMA Y BELGICA) - 1965",
        "telefono": "11-4665-3168",
        "rpv": "79022",
        "email": "0135pp0022@gmail.com.ar",
        "sector": "Estatal",
        "dependencia": "Oficial",
        "tipo_organizacion": "ESCUELA DE EDUCACIÓN PRIMARIA",
        "area": "CONURBANO",
        "ambito": "Urbano",
        "desfavorabilidad": 0,
        "subvencion": "Oficial",
        "sede_axo_ext": "SEDE",
        "categoria": "Primera",
        "depend_func": "Dirección Provincial de Educación Primaria",
        "cui": "613500667",
        "periodo": "Final 2025",
        "matricula": 459,
        "varones": 244,
        "mujeres": 215,
        "secciones": 24,
        "turnos": "MAÑANA,TARDE",
        "cue": 600015,
        "anexo": 0,
        "nro_escuela": 22,
        "assigned_zone_name": "Hurlingham Centro",
        "source_name": "Datos Abiertos PBA - Establecimientos educativos",
        "source_url": "https://catalogo.datos.gba.gob.ar/dataset/establecimientos-educativos",
        "license": "Creative Commons Attribution 4.0",
        "generated_at": "2026-06-13T02:11:01.209890+00:00",
        "data_confidence": "high"
      },
      "geometry": {
        "type": "Point",
        "coordinates": [
          -58.6320723,
          -34.6007231
        ]
      }
    },
    {
      "type": "Feature",
      "properties": {
        "municipio_id": 6408,
        "municipio_nombre": "Hurlingham",
        "establecimiento_id": 8448,
        "establecimiento_nombre": "ESCUELA DE EDUCACIÓN PRIMARIA Nº23 \"DR. JOSÉ INGENIEROS\"",
        "region_educativa": "Región 7",
        "clave": "0135PP0023",
        "cueanexo": 60015100,
        "modalidad": "Educación Común",
        "nivel": "Nivel Primario",
        "direccion": "HUSARES E/ ZALAZAR Y IBAUBAURO - 269",
        "telefono": "11-4450-3433",
        "rpv": "93049",
        "email": "0135pp0023@gmail.com",
        "sector": "Estatal",
        "dependencia": "Oficial",
        "tipo_organizacion": "ESCUELA DE EDUCACIÓN PRIMARIA",
        "area": "CONURBANO",
        "ambito": "Urbano",
        "desfavorabilidad": 0,
        "subvencion": "Oficial",
        "sede_axo_ext": "SEDE",
        "categoria": "Primera",
        "depend_func": "Dirección Provincial de Educación Primaria",
        "cui": "613500679",
        "periodo": "Final 2025",
        "matricula": 339,
        "varones": 193,
        "mujeres": 146,
        "secciones": 18,
        "turnos": "MAÑANA,TARDE",
        "cue": 600151,
        "anexo": 0,
        "nro_escuela": 23,
        "assigned_zone_name": "Asunción",
        "source_name": "Datos Abiertos PBA - Establecimientos educativos",
        "source_url": "https://catalogo.datos.gba.gob.ar/dataset/establecimientos-educativos",
        "license": "Creative Commons Attribution 4.0",
        "generated_at": "2026-06-13T02:11:01.209890+00:00",
        "data_confidence": "high"
      },
      "geometry": {
        "type": "Point",
        "coordinates": [
          -58.6227558,
          -34.6304889
        ]
      }
    },
    {
      "type": "Feature",
      "properties": {
        "municipio_id": 6408,
        "municipio_nombre": "Hurlingham",
        "establecimiento_id": 8451,
        "establecimiento_nombre": "ESCUELA DE EDUCACIÓN PRIMARIA Nº18 \"WILLIAM CASE MORRIS\"",
        "region_educativa": "Región 7",
        "clave": "0135PP0018",
        "cueanexo": 60002200,
        "modalidad": "Educación Común",
        "nivel": "Nivel Primario",
        "direccion": "LEVALLE (E/HUICI Y AMENABAR) - S/N",
        "telefono": "11-4665-3260",
        "rpv": null,
        "email": "0135pp0018@gmail.com",
        "sector": "Estatal",
        "dependencia": "Oficial",
        "tipo_organizacion": "ESCUELA DE EDUCACIÓN PRIMARIA",
        "area": "CONURBANO",
        "ambito": "Urbano",
        "desfavorabilidad": 1,
        "subvencion": "Oficial",
        "sede_axo_ext": "SEDE",
        "categoria": "Primera",
        "depend_func": "Dirección Provincial de Educación Primaria",
        "cui": "613500107",
        "periodo": "Final 2025",
        "matricula": 274,
        "varones": 139,
        "mujeres": 135,
        "secciones": 12,
        "turnos": "MAÑANA,TARDE",
        "cue": 600022,
        "anexo": 0,
        "nro_escuela": 18,
        "assigned_zone_name": "Belgrano",
        "source_name": "Datos Abiertos PBA - Establecimientos educativos",
        "source_url": "https://catalogo.datos.gba.gob.ar/dataset/establecimientos-educativos",
        "license": "Creative Commons Attribution 4.0",
        "generated_at": "2026-06-13T02:11:01.209890+00:00",
        "data_confidence": "high"
      },
      "geometry": {
        "type": "Point",
        "coordinates": [
          -58.6595231,
          -34.5790566
        ]
      }
    },
    {
      "type": "Feature",
      "properties": {
        "municipio_id": 6408,
        "municipio_nombre": "Hurlingham",
        "establecimiento_id": 8452,
        "establecimiento_nombre": "ESCUELA DE EDUCACIÓN PRIMARIA Nº17 \"PAULA ALBARRACIN DE SARMIENTO\"",
        "region_educativa": "Región 7",
        "clave": "0135PP0017",
        "cueanexo": 60723800,
        "modalidad": "Educación Común",
        "nivel": "Nivel Primario",
        "direccion": "ASAMBLEA AÑO XIII - 110",
        "telefono": "11-4665-3254",
        "rpv": "79074",
        "email": "primaria17hurlingham@abc.gob.ar",
        "sector": "Estatal",
        "dependencia": "Oficial",
        "tipo_organizacion": "ESCUELA DE EDUCACIÓN PRIMARIA",
        "area": "CONURBANO",
        "ambito": "Urbano",
        "desfavorabilidad": 0,
        "subvencion": "Oficial",
        "sede_axo_ext": "SEDE",
        "categoria": "Primera",
        "depend_func": "Dirección Provincial de Educación Primaria",
        "cui": "613500512",
        "periodo": "Final 2025",
        "matricula": 175,
        "varones": 99,
        "mujeres": 76,
        "secciones": 12,
        "turnos": "MAÑANA,TARDE",
        "cue": 607238,
        "anexo": 0,
        "nro_escuela": 17,
        "assigned_zone_name": "Villa Club",
        "source_name": "Datos Abiertos PBA - Establecimientos educativos",
        "source_url": "https://catalogo.datos.gba.gob.ar/dataset/establecimientos-educativos",
        "license": "Creative Commons Attribution 4.0",
        "generated_at": "2026-06-13T02:11:01.209890+00:00",
        "data_confidence": "high"
      },
      "geometry": {
        "type": "Point",
        "coordinates": [
          -58.6290054,
          -34.5785629
        ]
      }
    },
    {
      "type": "Feature",
      "properties": {
        "municipio_id": 6408,
        "municipio_nombre": "Hurlingham",
        "establecimiento_id": 8454,
        "establecimiento_nombre": "ESCUELA DE EDUCACIÓN PRIMARIA Nº19 \"WOLF SCHCOLNIK\"",
        "region_educativa": "Región 7",
        "clave": "0135PP0019",
        "cueanexo": 60015000,
        "modalidad": "Educación Común",
        "nivel": "Nivel Primario",
        "direccion": "SCHCOLNIK (ESQ. PISAGALLI) - 419",
        "telefono": "11-4459-4911",
        "rpv": "93056",
        "email": "0135pp0019@gmail.com",
        "sector": "Estatal",
        "dependencia": "Oficial",
        "tipo_organizacion": "ESCUELA DE EDUCACIÓN PRIMARIA",
        "area": "CONURBANO",
        "ambito": "Urbano",
        "desfavorabilidad": 0,
        "subvencion": "Oficial",
        "sede_axo_ext": "SEDE",
        "categoria": "Primera",
        "depend_func": "Dirección Provincial de Educación Primaria",
        "cui": "613500499",
        "periodo": "Final 2025",
        "matricula": 183,
        "varones": 95,
        "mujeres": 88,
        "secciones": 13,
        "turnos": "MAÑANA,TARDE",
        "cue": 600150,
        "anexo": 0,
        "nro_escuela": 19,
        "assigned_zone_name": "Scholnik",
        "source_name": "Datos Abiertos PBA - Establecimientos educativos",
        "source_url": "https://catalogo.datos.gba.gob.ar/dataset/establecimientos-educativos",
        "license": "Creative Commons Attribution 4.0",
        "generated_at": "2026-06-13T02:11:01.209890+00:00",
        "data_confidence": "high"
      },
      "geometry": {
        "type": "Point",
        "coordinates": [
          -58.6258601,
          -34.6152591
        ]
      }
    },
    {
      "type": "Feature",
      "properties": {
        "municipio_id": 6408,
        "municipio_nombre": "Hurlingham",
        "establecimiento_id": 8457,
        "establecimiento_nombre": "ESCUELA DE EDUCACIÓN PRIMARIA Nº27 \"JUAN MANUEL DE ROSAS\"",
        "region_educativa": "Región 7",
        "clave": "0135PP0027",
        "cueanexo": 60627500,
        "modalidad": "Educación Común",
        "nivel": "Nivel Primario",
        "direccion": "VERNET - 3406",
        "telefono": "11-4665-2380",
        "rpv": "78986",
        "email": "primaria27hurlingham@abc.gob.ar",
        "sector": "Estatal",
        "dependencia": "Oficial",
        "tipo_organizacion": "ESCUELA DE EDUCACIÓN PRIMARIA",
        "area": "CONURBANO",
        "ambito": "Urbano",
        "desfavorabilidad": 1,
        "subvencion": "Oficial",
        "sede_axo_ext": "SEDE",
        "categoria": "Primera",
        "depend_func": "Dirección Provincial de Educación Primaria",
        "cui": "613500565",
        "periodo": "Final 2025",
        "matricula": 524,
        "varones": 256,
        "mujeres": 268,
        "secciones": 24,
        "turnos": "MAÑANA,TARDE",
        "cue": 606275,
        "anexo": 0,
        "nro_escuela": 27,
        "assigned_zone_name": "El Destino",
        "source_name": "Datos Abiertos PBA - Establecimientos educativos",
        "source_url": "https://catalogo.datos.gba.gob.ar/dataset/establecimientos-educativos",
        "license": "Creative Commons Attribution 4.0",
        "generated_at": "2026-06-13T02:11:01.209890+00:00",
        "data_confidence": "high"
      },
      "geometry": {
        "type": "Point",
        "coordinates": [
          -58.6682041,
          -34.5925503
        ]
      }
    },
    {
      "type": "Feature",
      "properties": {
        "municipio_id": 6408,
        "municipio_nombre": "Hurlingham",
        "establecimiento_id": 8459,
        "establecimiento_nombre": "ESCUELA DE EDUCACIÓN PRIMARIA Nº21 \"ROSARIO VERA PEÑALOZA\"",
        "region_educativa": "Región 7",
        "clave": "0135PP0021",
        "cueanexo": 60001600,
        "modalidad": "Educación Común",
        "nivel": "Nivel Primario",
        "direccion": "ONTIVEROS - 4151",
        "telefono": "11-4459-7363",
        "rpv": "78558",
        "email": "0135pp0021@gmail.com",
        "sector": "Estatal",
        "dependencia": "Oficial",
        "tipo_organizacion": "ESCUELA DE EDUCACIÓN PRIMARIA",
        "area": "CONURBANO",
        "ambito": "Urbano",
        "desfavorabilidad": 0,
        "subvencion": "Oficial",
        "sede_axo_ext": "SEDE",
        "categoria": "Primera",
        "depend_func": "Dirección Provincial de Educación Primaria",
        "cui": "613500148",
        "periodo": "Final 2025",
        "matricula": 234,
        "varones": 117,
        "mujeres": 117,
        "secciones": 12,
        "turnos": "MAÑANA,TARDE",
        "cue": 600016,
        "anexo": 0,
        "nro_escuela": 21,
        "assigned_zone_name": "El Porvenir",
        "source_name": "Datos Abiertos PBA - Establecimientos educativos",
        "source_url": "https://catalogo.datos.gba.gob.ar/dataset/establecimientos-educativos",
        "license": "Creative Commons Attribution 4.0",
        "generated_at": "2026-06-13T02:11:01.209890+00:00",
        "data_confidence": "high"
      },
      "geometry": {
        "type": "Point",
        "coordinates": [
          -58.6402442,
          -34.6243204
        ]
      }
    },
    {
      "type": "Feature",
      "properties": {
        "municipio_id": 6408,
        "municipio_nombre": "Hurlingham",
        "establecimiento_id": 8464,
        "establecimiento_nombre": "ESCUELA DE EDUCACIÓN PRIMARIA Nº20 \"REGIMIENTO DE PATRICIOS\"",
        "region_educativa": "Región 7",
        "clave": "0135PP0020",
        "cueanexo": 60567300,
        "modalidad": "Educación Común",
        "nivel": "Nivel Primario",
        "direccion": "ARRIBEÑOS - 2848",
        "telefono": "11-4665-3235",
        "rpv": "79024",
        "email": "0135pp0020@gmail.com",
        "sector": "Estatal",
        "dependencia": "Oficial",
        "tipo_organizacion": "ESCUELA DE EDUCACIÓN PRIMARIA",
        "area": "CONURBANO",
        "ambito": "Urbano",
        "desfavorabilidad": 0,
        "subvencion": "Oficial",
        "sede_axo_ext": "SEDE",
        "categoria": "Primera",
        "depend_func": "Dirección Provincial de Educación Primaria",
        "cui": "613501199",
        "periodo": "Final 2025",
        "matricula": 326,
        "varones": 166,
        "mujeres": 160,
        "secciones": 17,
        "turnos": "MAÑANA,TARDE",
        "cue": 605673,
        "anexo": 0,
        "nro_escuela": 20,
        "assigned_zone_name": "La Leonor",
        "source_name": "Datos Abiertos PBA - Establecimientos educativos",
        "source_url": "https://catalogo.datos.gba.gob.ar/dataset/establecimientos-educativos",
        "license": "Creative Commons Attribution 4.0",
        "generated_at": "2026-06-13T02:11:01.209890+00:00",
        "data_confidence": "high"
      },
      "geometry": {
        "type": "Point",
        "coordinates": [
          -58.6580424,
          -34.5888914
        ]
      }
    },
    {
      "type": "Feature",
      "properties": {
        "municipio_id": 6408,
        "municipio_nombre": "Hurlingham",
        "establecimiento_id": 8465,
        "establecimiento_nombre": "ESCUELA DE EDUCACIÓN PRIMARIA Nº24 \"LA ESPERANZA\"",
        "region_educativa": "Región 7",
        "clave": "0135PP0024",
        "cueanexo": 60469800,
        "modalidad": "Educación Común",
        "nivel": "Nivel Primario",
        "direccion": "MUSTONI - 2384",
        "telefono": "11-4452-2713",
        "rpv": "69515",
        "email": "0135pp0024@gmail.com",
        "sector": "Estatal",
        "dependencia": "Oficial",
        "tipo_organizacion": "ESCUELA DE EDUCACIÓN PRIMARIA",
        "area": "CONURBANO",
        "ambito": "Urbano",
        "desfavorabilidad": 0,
        "subvencion": "Oficial",
        "sede_axo_ext": "SEDE",
        "categoria": "Primera",
        "depend_func": "Dirección Provincial de Educación Primaria",
        "cui": "613500554",
        "periodo": "Final 2025",
        "matricula": 224,
        "varones": 110,
        "mujeres": 114,
        "secciones": 12,
        "turnos": "\"DOBLE ESCOLARIDAD\"",
        "cue": 604698,
        "anexo": 0,
        "nro_escuela": 24,
        "assigned_zone_name": "Roca 2",
        "source_name": "Datos Abiertos PBA - Establecimientos educativos",
        "source_url": "https://catalogo.datos.gba.gob.ar/dataset/establecimientos-educativos",
        "license": "Creative Commons Attribution 4.0",
        "generated_at": "2026-06-13T02:11:01.209890+00:00",
        "data_confidence": "high"
      },
      "geometry": {
        "type": "Point",
        "coordinates": [
          -58.6468189,
          -34.5796394
        ]
      }
    },
    {
      "type": "Feature",
      "properties": {
        "municipio_id": 6408,
        "municipio_nombre": "Hurlingham",
        "establecimiento_id": 8467,
        "establecimiento_nombre": "ESCUELA DE EDUCACIÓN PRIMARIA Nº25 \"SUBTE. AVIADOR PABLO TEODORO FELS\"",
        "region_educativa": "Región 7",
        "clave": "0135PP0025",
        "cueanexo": 60002000,
        "modalidad": "Educación Común",
        "nivel": "Nivel Primario",
        "direccion": "MAR DEL PLATA E/ ALCANTARA Y LEBHENSON - 897",
        "telefono": "11-4450-0207",
        "rpv": "93044",
        "email": "0135pp0025@gmai.com",
        "sector": "Estatal",
        "dependencia": "Oficial",
        "tipo_organizacion": "ESCUELA DE EDUCACIÓN PRIMARIA",
        "area": "CONURBANO",
        "ambito": "Urbano",
        "desfavorabilidad": 0,
        "subvencion": "Oficial",
        "sede_axo_ext": "SEDE",
        "categoria": "Primera",
        "depend_func": "Dirección Provincial de Educación Primaria",
        "cui": "613500680",
        "periodo": "Final 2025",
        "matricula": 197,
        "varones": 108,
        "mujeres": 89,
        "secciones": 12,
        "turnos": "\"DOBLE ESCOLARIDAD\"",
        "cue": 600020,
        "anexo": 0,
        "nro_escuela": 25,
        "assigned_zone_name": "Mitre",
        "source_name": "Datos Abiertos PBA - Establecimientos educativos",
        "source_url": "https://catalogo.datos.gba.gob.ar/dataset/establecimientos-educativos",
        "license": "Creative Commons Attribution 4.0",
        "generated_at": "2026-06-13T02:11:01.209890+00:00",
        "data_confidence": "high"
      },
      "geometry": {
        "type": "Point",
        "coordinates": [
          -58.6516346,
          -34.616083
        ]
      }
    },
    {
      "type": "Feature",
      "properties": {
        "municipio_id": 6408,
        "municipio_nombre": "Hurlingham",
        "establecimiento_id": 8469,
        "establecimiento_nombre": "ESCUELA DE EDUCACIÓN PRIMARIA Nº26 \"RICARDO ROJAS\"",
        "region_educativa": "Región 7",
        "clave": "0135PP0026",
        "cueanexo": 61117600,
        "modalidad": "Educación Común",
        "nivel": "Nivel Primario",
        "direccion": "DANTE (E/ VIGO Y TORELLO) - 2330",
        "telefono": "-",
        "rpv": "79080",
        "email": "primaria26hurlingham@abc.gob.ar",
        "sector": "Estatal",
        "dependencia": "Oficial",
        "tipo_organizacion": "ESCUELA DE EDUCACIÓN PRIMARIA",
        "area": "CONURBANO",
        "ambito": "Urbano",
        "desfavorabilidad": 0,
        "subvencion": "Oficial",
        "sede_axo_ext": "SEDE",
        "categoria": "Primera",
        "depend_func": "Dirección Provincial de Educación Primaria",
        "cui": "613500698",
        "periodo": "Final 2025",
        "matricula": 262,
        "varones": 129,
        "mujeres": 133,
        "secciones": 12,
        "turnos": "\"DOBLE ESCOLARIDAD\"",
        "cue": 611176,
        "anexo": 0,
        "nro_escuela": 26,
        "assigned_zone_name": "Curapaytí",
        "source_name": "Datos Abiertos PBA - Establecimientos educativos",
        "source_url": "https://catalogo.datos.gba.gob.ar/dataset/establecimientos-educativos",
        "license": "Creative Commons Attribution 4.0",
        "generated_at": "2026-06-13T02:11:01.209890+00:00",
        "data_confidence": "high"
      },
      "geometry": {
        "type": "Point",
        "coordinates": [
          -58.649618,
          -34.5906627
        ]
      }
    },
    {
      "type": "Feature",
      "properties": {
        "municipio_id": 6408,
        "municipio_nombre": "Hurlingham",
        "establecimiento_id": 8470,
        "establecimiento_nombre": "ESCUELA DE EDUCACIÓN PRIMARIA Nº30 \"VICTOR MERCANTE\"",
        "region_educativa": "Región 7",
        "clave": "0135PP0030",
        "cueanexo": 61118400,
        "modalidad": "Educación Común",
        "nivel": "Nivel Primario",
        "direccion": "ANDONAEGUI (ESQ. TORELLO) - 2295",
        "telefono": "11-4452-7716",
        "rpv": "78961",
        "email": "0135pp0030@gmail.com",
        "sector": "Estatal",
        "dependencia": "Oficial",
        "tipo_organizacion": "ESCUELA DE EDUCACIÓN PRIMARIA",
        "area": "CONURBANO",
        "ambito": "Urbano",
        "desfavorabilidad": 0,
        "subvencion": "Oficial",
        "sede_axo_ext": "SEDE",
        "categoria": "Primera",
        "depend_func": "Dirección Provincial de Educación Primaria",
        "cui": "613501168",
        "periodo": "Final 2025",
        "matricula": 308,
        "varones": 160,
        "mujeres": 148,
        "secciones": 14,
        "turnos": "MAÑANA,TARDE",
        "cue": 611184,
        "anexo": 0,
        "nro_escuela": 30,
        "assigned_zone_name": "Santa Leonor",
        "source_name": "Datos Abiertos PBA - Establecimientos educativos",
        "source_url": "https://catalogo.datos.gba.gob.ar/dataset/establecimientos-educativos",
        "license": "Creative Commons Attribution 4.0",
        "generated_at": "2026-06-13T02:11:01.209890+00:00",
        "data_confidence": "high"
      },
      "geometry": {
        "type": "Point",
        "coordinates": [
          -58.6560951,
          -34.5967598
        ]
      }
    },
    {
      "type": "Feature",
      "properties": {
        "municipio_id": 6408,
        "municipio_nombre": "Hurlingham",
        "establecimiento_id": 8477,
        "establecimiento_nombre": "ESCUELA DE EDUCACIÓN PRIMARIA Nº28 \"CARTERO BRUNO RAMIREZ\"",
        "region_educativa": "Región 7",
        "clave": "0135PP0028",
        "cueanexo": 60472500,
        "modalidad": "Educación Común",
        "nivel": "Nivel Primario",
        "direccion": "GURRUCHAGA - 2540",
        "telefono": "11-4665-4166",
        "rpv": "79079",
        "email": "0135pp0028@gmail.com",
        "sector": "Estatal",
        "dependencia": "Oficial",
        "tipo_organizacion": "ESCUELA DE EDUCACIÓN PRIMARIA",
        "area": "CONURBANO",
        "ambito": "Urbano",
        "desfavorabilidad": 0,
        "subvencion": "Oficial",
        "sede_axo_ext": "SEDE",
        "categoria": "Primera",
        "depend_func": "Dirección Provincial de Educación Primaria",
        "cui": "613500066",
        "periodo": "Final 2025",
        "matricula": 264,
        "varones": 127,
        "mujeres": 137,
        "secciones": 12,
        "turnos": "MAÑANA,TARDE",
        "cue": 604725,
        "anexo": 0,
        "nro_escuela": 28,
        "assigned_zone_name": "Cartero",
        "source_name": "Datos Abiertos PBA - Establecimientos educativos",
        "source_url": "https://catalogo.datos.gba.gob.ar/dataset/establecimientos-educativos",
        "license": "Creative Commons Attribution 4.0",
        "generated_at": "2026-06-13T02:11:01.209890+00:00",
        "data_confidence": "high"
      },
      "geometry": {
        "type": "Point",
        "coordinates": [
          -58.648538,
          -34.5927954
        ]
      }
    },
    {
      "type": "Feature",
      "properties": {
        "municipio_id": 6408,
        "municipio_nombre": "Hurlingham",
        "establecimiento_id": 8482,
        "establecimiento_nombre": "ESCUELA DE EDUCACIÓN PRIMARIA Nº29 \"JORGE DANIEL THEVENIN\"",
        "region_educativa": "Región 7",
        "clave": "0135PP0029",
        "cueanexo": 60567100,
        "modalidad": "Educación Común",
        "nivel": "Nivel Primario",
        "direccion": "ADRIAN DEL ROSARIO  LUNA - 3675",
        "telefono": "11-4452-3180",
        "rpv": "69044",
        "email": "0135pp0029@gmail.com",
        "sector": "Estatal",
        "dependencia": "Oficial",
        "tipo_organizacion": "ESCUELA DE EDUCACIÓN PRIMARIA",
        "area": "CONURBANO",
        "ambito": "Urbano",
        "desfavorabilidad": 1,
        "subvencion": "Oficial",
        "sede_axo_ext": "SEDE",
        "categoria": "Primera",
        "depend_func": "Dirección Provincial de Educación Primaria",
        "cui": "613500078",
        "periodo": "Final 2025",
        "matricula": 423,
        "varones": 196,
        "mujeres": 227,
        "secciones": 20,
        "turnos": "MAÑANA,TARDE",
        "cue": 605671,
        "anexo": 0,
        "nro_escuela": 29,
        "assigned_zone_name": "San Damián",
        "source_name": "Datos Abiertos PBA - Establecimientos educativos",
        "source_url": "https://catalogo.datos.gba.gob.ar/dataset/establecimientos-educativos",
        "license": "Creative Commons Attribution 4.0",
        "generated_at": "2026-06-13T02:11:01.209890+00:00",
        "data_confidence": "high"
      },
      "geometry": {
        "type": "Point",
        "coordinates": [
          -58.6684975,
          -34.5840489
        ]
      }
    },
    {
      "type": "Feature",
      "properties": {
        "municipio_id": 6408,
        "municipio_nombre": "Hurlingham",
        "establecimiento_id": 8487,
        "establecimiento_nombre": "CENTRO EDUCATIVO COMPLEMENTARIO N°1 \"JOSEFINA ANCESCHI\"",
        "region_educativa": "Región 7",
        "clave": "0135SC0001",
        "cueanexo": 61650500,
        "modalidad": "Psicología Comunitaria y Pedagogía Social",
        "nivel": "Psicología Comunitaria y Pedagogía Social (C.E.C)",
        "direccion": "WOLF SCHOLNIK E/ PIZAGALLI Y JUFRE - 410",
        "telefono": "11-4459-7307",
        "rpv": null,
        "email": "psicoadrianacossini@gmail.com",
        "sector": "Estatal",
        "dependencia": "Oficial",
        "tipo_organizacion": "CENTRO DE EDUCACIÓN COMPLEMENTARIA",
        "area": "CONURBANO",
        "ambito": "Urbano",
        "desfavorabilidad": 0,
        "subvencion": "Oficial",
        "sede_axo_ext": "SEDE",
        "categoria": "Primera",
        "depend_func": "Dirección de Psicología Comunitaria y Pedagogía Social",
        "cui": "613500701",
        "periodo": "Final 2025",
        "matricula": 136,
        "varones": 59,
        "mujeres": 77,
        "secciones": 8,
        "turnos": "MAÑANA,TARDE",
        "cue": 616505,
        "anexo": 0,
        "nro_escuela": 1,
        "assigned_zone_name": "Scholnik",
        "source_name": "Datos Abiertos PBA - Establecimientos educativos",
        "source_url": "https://catalogo.datos.gba.gob.ar/dataset/establecimientos-educativos",
        "license": "Creative Commons Attribution 4.0",
        "generated_at": "2026-06-13T02:11:01.209890+00:00",
        "data_confidence": "high"
      },
      "geometry": {
        "type": "Point",
        "coordinates": [
          -58.6260852,
          -34.6150633
        ]
      }
    },
    {
      "type": "Feature",
      "properties": {
        "municipio_id": 6408,
        "municipio_nombre": "Hurlingham",
        "establecimiento_id": 10284,
        "establecimiento_nombre": "JARDÍN MUNICIPAL Nº 1 \"MOÑOS Y CORBATAS\"",
        "region_educativa": "Región 7",
        "clave": "3135JI2228",
        "cueanexo": 60084000,
        "modalidad": "Educación Común",
        "nivel": "Nivel Inicial",
        "direccion": "GARIBALDI - 2939",
        "telefono": "11-3976-8923",
        "rpv": null,
        "email": "jardinmunicipal1.hurlingham@gmail.com",
        "sector": "Estatal",
        "dependencia": "Municipal",
        "tipo_organizacion": "JARDÍN DE INFANTES",
        "area": "CONURBANO",
        "ambito": "Urbano",
        "desfavorabilidad": 0,
        "subvencion": "Subvención Total 100%",
        "sede_axo_ext": "SEDE",
        "categoria": "Primera",
        "depend_func": "Dirección de Educación de Gestión Privada",
        "cui": "613500729",
        "periodo": "Final 2025",
        "matricula": 183,
        "varones": 87,
        "mujeres": 96,
        "secciones": 9,
        "turnos": "\"DOBLE ESCOLARIDAD\"",
        "cue": 600840,
        "anexo": 0,
        "nro_escuela": 2228,
        "assigned_zone_name": "Roca 1",
        "source_name": "Datos Abiertos PBA - Establecimientos educativos",
        "source_url": "https://catalogo.datos.gba.gob.ar/dataset/establecimientos-educativos",
        "license": "Creative Commons Attribution 4.0",
        "generated_at": "2026-06-13T02:11:01.209890+00:00",
        "data_confidence": "high"
      },
      "geometry": {
        "type": "Point",
        "coordinates": [
          -58.6523111,
          -34.576207
        ]
      }
    },
    {
      "type": "Feature",
      "properties": {
        "municipio_id": 6408,
        "municipio_nombre": "Hurlingham",
        "establecimiento_id": 10285,
        "establecimiento_nombre": "JARDÍN MUNICIPAL Nº 10 SENDERO DE LUNA",
        "region_educativa": "Región 7",
        "clave": "3135JI2747",
        "cueanexo": 60726300,
        "modalidad": "Educación Común",
        "nivel": "Nivel Inicial",
        "direccion": "ADRIAN DEL ROSARIO LUNA - 1355",
        "telefono": "11-7511-2203",
        "rpv": null,
        "email": "jardinmunicipal2senderodeluna@gmail.com.ar",
        "sector": "Estatal",
        "dependencia": "Municipal",
        "tipo_organizacion": "JARDÍN DE INFANTES",
        "area": "CONURBANO",
        "ambito": "Urbano",
        "desfavorabilidad": 0,
        "subvencion": "Subvención Total 100%",
        "sede_axo_ext": "SEDE",
        "categoria": "Segunda",
        "depend_func": "Dirección de Educación de Gestión Privada",
        "cui": "613500738",
        "periodo": "Final 2025",
        "matricula": 113,
        "varones": 56,
        "mujeres": 57,
        "secciones": 7,
        "turnos": "MAÑANA,TARDE",
        "cue": 607263,
        "anexo": 0,
        "nro_escuela": 2747,
        "assigned_zone_name": "Luna",
        "source_name": "Datos Abiertos PBA - Establecimientos educativos",
        "source_url": "https://catalogo.datos.gba.gob.ar/dataset/establecimientos-educativos",
        "license": "Creative Commons Attribution 4.0",
        "generated_at": "2026-06-13T02:11:01.209890+00:00",
        "data_confidence": "high"
      },
      "geometry": {
        "type": "Point",
        "coordinates": [
          -58.6447269,
          -34.6026087
        ]
      }
    },
    {
      "type": "Feature",
      "properties": {
        "municipio_id": 6408,
        "municipio_nombre": "Hurlingham",
        "establecimiento_id": 13777,
        "establecimiento_nombre": "ESCUELA ESPECIAL PLATERITO",
        "region_educativa": "Región 7",
        "clave": "4135EE1844",
        "cueanexo": 60319600,
        "modalidad": "Educación Especial",
        "nivel": "Nivel Inicial",
        "direccion": "MENDELSHON E/ VERGARA Y MASSENET - 2349",
        "telefono": "11-4665-0333",
        "rpv": null,
        "email": "plareritocfl@hotmail.com",
        "sector": "Privado",
        "dependencia": "Privada",
        "tipo_organizacion": "ESCUELA DE EDUCACIÓN ESPECIAL",
        "area": "CONURBANO",
        "ambito": "Urbano",
        "desfavorabilidad": 0,
        "subvencion": "Subvención Total 100%",
        "sede_axo_ext": "SEDE",
        "categoria": "Segunda",
        "depend_func": "Dirección de Educación de Gestión Privada",
        "cui": "613500985",
        "periodo": "Final 2025",
        "matricula": 3,
        "varones": 2,
        "mujeres": 1,
        "secciones": 0,
        "turnos": "\"DOBLE ESCOLARIDAD\",MAÑANA,TARDE",
        "cue": 603196,
        "anexo": 0,
        "nro_escuela": 1844,
        "assigned_zone_name": "Parque Quirno",
        "source_name": "Datos Abiertos PBA - Establecimientos educativos",
        "source_url": "https://catalogo.datos.gba.gob.ar/dataset/establecimientos-educativos",
        "license": "Creative Commons Attribution 4.0",
        "generated_at": "2026-06-13T02:11:01.209890+00:00",
        "data_confidence": "high"
      },
      "geometry": {
        "type": "Point",
        "coordinates": [
          -58.6344504,
          -34.6036634
        ]
      }
    },
    {
      "type": "Feature",
      "properties": {
        "municipio_id": 6408,
        "municipio_nombre": "Hurlingham",
        "establecimiento_id": 13777,
        "establecimiento_nombre": "ESCUELA ESPECIAL PLATERITO",
        "region_educativa": "Región 7",
        "clave": "4135EE1844",
        "cueanexo": 60319600,
        "modalidad": "Educación Especial",
        "nivel": "Formación Integral",
        "direccion": "MENDELSHON E/ VERGARA Y MASSENET - 2349",
        "telefono": "11-4665-0333",
        "rpv": null,
        "email": "plareritocfl@hotmail.com",
        "sector": "Privado",
        "dependencia": "Privada",
        "tipo_organizacion": "ESCUELA DE EDUCACIÓN ESPECIAL",
        "area": "CONURBANO",
        "ambito": "Urbano",
        "desfavorabilidad": 0,
        "subvencion": "Subvención Total 100%",
        "sede_axo_ext": "SEDE",
        "categoria": "Segunda",
        "depend_func": "Dirección de Educación de Gestión Privada",
        "cui": "613500985",
        "periodo": "Final 2025",
        "matricula": 48,
        "varones": 38,
        "mujeres": 10,
        "secciones": 0,
        "turnos": "\"DOBLE ESCOLARIDAD\",MAÑANA,TARDE",
        "cue": 603196,
        "anexo": 0,
        "nro_escuela": 1844,
        "assigned_zone_name": "Parque Quirno",
        "source_name": "Datos Abiertos PBA - Establecimientos educativos",
        "source_url": "https://catalogo.datos.gba.gob.ar/dataset/establecimientos-educativos",
        "license": "Creative Commons Attribution 4.0",
        "generated_at": "2026-06-13T02:11:01.209890+00:00",
        "data_confidence": "high"
      },
      "geometry": {
        "type": "Point",
        "coordinates": [
          -58.6344504,
          -34.6036634
        ]
      }
    },
    {
      "type": "Feature",
      "properties": {
        "municipio_id": 6408,
        "municipio_nombre": "Hurlingham",
        "establecimiento_id": 13777,
        "establecimiento_nombre": "ESCUELA ESPECIAL PLATERITO",
        "region_educativa": "Región 7",
        "clave": "4135EE1844",
        "cueanexo": 60319600,
        "modalidad": "Educación Especial",
        "nivel": "Nivel Primario",
        "direccion": "MENDELSHON E/ VERGARA Y MASSENET - 2349",
        "telefono": "11-4665-0333",
        "rpv": null,
        "email": "plareritocfl@hotmail.com",
        "sector": "Privado",
        "dependencia": "Privada",
        "tipo_organizacion": "ESCUELA DE EDUCACIÓN ESPECIAL",
        "area": "CONURBANO",
        "ambito": "Urbano",
        "desfavorabilidad": 0,
        "subvencion": "Subvención Total 100%",
        "sede_axo_ext": "SEDE",
        "categoria": "Segunda",
        "depend_func": "Dirección de Educación de Gestión Privada",
        "cui": "613500985",
        "periodo": "Final 2025",
        "matricula": 87,
        "varones": 59,
        "mujeres": 28,
        "secciones": 0,
        "turnos": "\"DOBLE ESCOLARIDAD\",MAÑANA,TARDE",
        "cue": 603196,
        "anexo": 0,
        "nro_escuela": 1844,
        "assigned_zone_name": "Parque Quirno",
        "source_name": "Datos Abiertos PBA - Establecimientos educativos",
        "source_url": "https://catalogo.datos.gba.gob.ar/dataset/establecimientos-educativos",
        "license": "Creative Commons Attribution 4.0",
        "generated_at": "2026-06-13T02:11:01.209890+00:00",
        "data_confidence": "high"
      },
      "geometry": {
        "type": "Point",
        "coordinates": [
          -58.6344504,
          -34.6036634
        ]
      }
    },
    {
      "type": "Feature",
      "properties": {
        "municipio_id": 6408,
        "municipio_nombre": "Hurlingham",
        "establecimiento_id": 13781,
        "establecimiento_nombre": "ESCUELA ESPECIAL CAMINO AL SOL",
        "region_educativa": "Región 7",
        "clave": "4135EE2993",
        "cueanexo": 60321300,
        "modalidad": "Educación Especial",
        "nivel": "Nivel Primario",
        "direccion": "LA PATRIA - 3575",
        "telefono": "11-4459-1442",
        "rpv": null,
        "email": "caminoalsol@live.com.ar",
        "sector": "Privado",
        "dependencia": "Privada",
        "tipo_organizacion": "ESCUELA DE EDUCACIÓN ESPECIAL",
        "area": "CONURBANO",
        "ambito": "Urbano",
        "desfavorabilidad": 0,
        "subvencion": "Subvención parcial 60%",
        "sede_axo_ext": "SEDE",
        "categoria": "S/Datos",
        "depend_func": "Dirección de Educación de Gestión Privada",
        "cui": "613501020",
        "periodo": "Final 2025",
        "matricula": 31,
        "varones": 20,
        "mujeres": 11,
        "secciones": 0,
        "turnos": "\"DOBLE ESCOLARIDAD\",MAÑANA",
        "cue": 603213,
        "anexo": 0,
        "nro_escuela": 2993,
        "assigned_zone_name": "Villa Tesei Centro",
        "source_name": "Datos Abiertos PBA - Establecimientos educativos",
        "source_url": "https://catalogo.datos.gba.gob.ar/dataset/establecimientos-educativos",
        "license": "Creative Commons Attribution 4.0",
        "generated_at": "2026-06-13T02:11:01.209890+00:00",
        "data_confidence": "high"
      },
      "geometry": {
        "type": "Point",
        "coordinates": [
          -58.6391128,
          -34.6167229
        ]
      }
    },
    {
      "type": "Feature",
      "properties": {
        "municipio_id": 6408,
        "municipio_nombre": "Hurlingham",
        "establecimiento_id": 13781,
        "establecimiento_nombre": "ESCUELA ESPECIAL CAMINO AL SOL",
        "region_educativa": "Región 7",
        "clave": "4135EE2993",
        "cueanexo": 60321300,
        "modalidad": "Educación Especial",
        "nivel": "Formación Integral",
        "direccion": "LA PATRIA - 3575",
        "telefono": "11-4459-1442",
        "rpv": null,
        "email": "caminoalsol@live.com.ar",
        "sector": "Privado",
        "dependencia": "Privada",
        "tipo_organizacion": "ESCUELA DE EDUCACIÓN ESPECIAL",
        "area": "CONURBANO",
        "ambito": "Urbano",
        "desfavorabilidad": 0,
        "subvencion": "Subvención parcial 60%",
        "sede_axo_ext": "SEDE",
        "categoria": "S/Datos",
        "depend_func": "Dirección de Educación de Gestión Privada",
        "cui": "613501020",
        "periodo": "Final 2025",
        "matricula": 39,
        "varones": 24,
        "mujeres": 15,
        "secciones": 0,
        "turnos": "\"DOBLE ESCOLARIDAD\",MAÑANA",
        "cue": 603213,
        "anexo": 0,
        "nro_escuela": 2993,
        "assigned_zone_name": "Villa Tesei Centro",
        "source_name": "Datos Abiertos PBA - Establecimientos educativos",
        "source_url": "https://catalogo.datos.gba.gob.ar/dataset/establecimientos-educativos",
        "license": "Creative Commons Attribution 4.0",
        "generated_at": "2026-06-13T02:11:01.209890+00:00",
        "data_confidence": "high"
      },
      "geometry": {
        "type": "Point",
        "coordinates": [
          -58.6391128,
          -34.6167229
        ]
      }
    },
    {
      "type": "Feature",
      "properties": {
        "municipio_id": 6408,
        "municipio_nombre": "Hurlingham",
        "establecimiento_id": 13786,
        "establecimiento_nombre": "INSTITUTO SAGRADO CORAZON DE JESUS",
        "region_educativa": "Región 7",
        "clave": "4135IS2370",
        "cueanexo": 60927700,
        "modalidad": "Educación Común",
        "nivel": "Nivel Superior",
        "direccion": "RICHIERI - 1534",
        "telefono": "11-4665-0826",
        "rpv": null,
        "email": "rickyibanez@hotmail.com",
        "sector": "Privado",
        "dependencia": "Privada",
        "tipo_organizacion": "INSTITUTO SUPERIOR DE FORMACIÓN DOCENTE Y TÉCNICA",
        "area": "CONURBANO",
        "ambito": "Urbano",
        "desfavorabilidad": 0,
        "subvencion": "Subvención parcial 70%",
        "sede_axo_ext": "SEDE",
        "categoria": "Primera",
        "depend_func": "Dirección de Educación de Gestión Privada",
        "cui": "613500857",
        "periodo": "Final 2025",
        "matricula": 35,
        "varones": 6,
        "mujeres": 29,
        "secciones": 6,
        "turnos": "VESPERTINO",
        "cue": 609277,
        "anexo": 0,
        "nro_escuela": 2370,
        "assigned_zone_name": "Hurlingham Centro",
        "source_name": "Datos Abiertos PBA - Establecimientos educativos",
        "source_url": "https://catalogo.datos.gba.gob.ar/dataset/establecimientos-educativos",
        "license": "Creative Commons Attribution 4.0",
        "generated_at": "2026-06-13T02:11:01.209890+00:00",
        "data_confidence": "high"
      },
      "geometry": {
        "type": "Point",
        "coordinates": [
          -58.6355505,
          -34.5885115
        ]
      }
    },
    {
      "type": "Feature",
      "properties": {
        "municipio_id": 6408,
        "municipio_nombre": "Hurlingham",
        "establecimiento_id": 13789,
        "establecimiento_nombre": "INSTITUTO SUPERIOR SAN JOSÉ DE CALASANZ",
        "region_educativa": "Región 7",
        "clave": "4135IS4780",
        "cueanexo": 60011800,
        "modalidad": "Educación Común",
        "nivel": "Nivel Superior",
        "direccion": "JUANA AZURDUY - 201",
        "telefono": "11-4459-1360",
        "rpv": null,
        "email": "secretaria.terciario@isjdecalasanz.edu.ar",
        "sector": "Privado",
        "dependencia": "Privada",
        "tipo_organizacion": "INSTITUTO SUPERIOR DE FORMACIÓN DOCENTE Y TÉCNICA",
        "area": "CONURBANO",
        "ambito": "Urbano",
        "desfavorabilidad": 0,
        "subvencion": "Sin Subvención",
        "sede_axo_ext": "SEDE",
        "categoria": "S/Datos",
        "depend_func": "Dirección de Educación de Gestión Privada",
        "cui": "613501008",
        "periodo": "Final 2025",
        "matricula": 35,
        "varones": 2,
        "mujeres": 33,
        "secciones": 4,
        "turnos": "NOCHE",
        "cue": 600118,
        "anexo": 0,
        "nro_escuela": 4780,
        "assigned_zone_name": "Villa Tesei Centro",
        "source_name": "Datos Abiertos PBA - Establecimientos educativos",
        "source_url": "https://catalogo.datos.gba.gob.ar/dataset/establecimientos-educativos",
        "license": "Creative Commons Attribution 4.0",
        "generated_at": "2026-06-13T02:11:01.209890+00:00",
        "data_confidence": "high"
      },
      "geometry": {
        "type": "Point",
        "coordinates": [
          -58.6363532,
          -34.6161552
        ]
      }
    },
    {
      "type": "Feature",
      "properties": {
        "municipio_id": 6408,
        "municipio_nombre": "Hurlingham",
        "establecimiento_id": 13798,
        "establecimiento_nombre": "INSTITUTO SUPERIOR DE ESTUDIOS PARAMEDICOS",
        "region_educativa": "Región 7",
        "clave": "4135IS4796",
        "cueanexo": 60011700,
        "modalidad": "Educación Común",
        "nivel": "Nivel Superior",
        "direccion": "REMEDIOS DE ESCALADA - 855",
        "telefono": "11-4452-7422",
        "rpv": null,
        "email": "estudiosparamedicos@hotmail.com",
        "sector": "Privado",
        "dependencia": "Privada",
        "tipo_organizacion": "INSTITUTO SUPERIOR DE FORMACIÓN DOCENTE Y TÉCNICA",
        "area": "CONURBANO",
        "ambito": "Urbano",
        "desfavorabilidad": 0,
        "subvencion": "Subvención parcial 50%",
        "sede_axo_ext": "SEDE",
        "categoria": "Tercera",
        "depend_func": "Dirección de Educación de Gestión Privada",
        "cui": "613500937",
        "periodo": "Final 2025",
        "matricula": 212,
        "varones": 24,
        "mujeres": 188,
        "secciones": 11,
        "turnos": "TARDE,VESPERTINO",
        "cue": 600117,
        "anexo": 0,
        "nro_escuela": 4796,
        "assigned_zone_name": "Hurlingham Centro",
        "source_name": "Datos Abiertos PBA - Establecimientos educativos",
        "source_url": "https://catalogo.datos.gba.gob.ar/dataset/establecimientos-educativos",
        "license": "Creative Commons Attribution 4.0",
        "generated_at": "2026-06-13T02:11:01.209890+00:00",
        "data_confidence": "high"
      },
      "geometry": {
        "type": "Point",
        "coordinates": [
          -58.6269144,
          -34.5942885
        ]
      }
    },
    {
      "type": "Feature",
      "properties": {
        "municipio_id": 6408,
        "municipio_nombre": "Hurlingham",
        "establecimiento_id": 13806,
        "establecimiento_nombre": "INSTITUTO CULTURAL ROCA",
        "region_educativa": "Región 7",
        "clave": "4135JI5932",
        "cueanexo": 61690500,
        "modalidad": "Educación Común",
        "nivel": "Nivel Inicial",
        "direccion": "NECOCHEA - 1059",
        "telefono": "11-5263-8300",
        "rpv": null,
        "email": "florrencia.manfe@gmail.com",
        "sector": "Privado",
        "dependencia": "Privada",
        "tipo_organizacion": "JARDÍN DE INFANTES",
        "area": "CONURBANO",
        "ambito": "Urbano",
        "desfavorabilidad": 0,
        "subvencion": "Sin Subvención",
        "sede_axo_ext": "SEDE",
        "categoria": "S/Datos",
        "depend_func": "Dirección de Educación de Gestión Privada",
        "cui": "613500944",
        "periodo": "Final 2025",
        "matricula": 200,
        "varones": 108,
        "mujeres": 92,
        "secciones": 12,
        "turnos": "MAÑANA",
        "cue": 616905,
        "anexo": 0,
        "nro_escuela": 5932,
        "assigned_zone_name": "Hurlingham Centro",
        "source_name": "Datos Abiertos PBA - Establecimientos educativos",
        "source_url": "https://catalogo.datos.gba.gob.ar/dataset/establecimientos-educativos",
        "license": "Creative Commons Attribution 4.0",
        "generated_at": "2026-06-13T02:11:01.209890+00:00",
        "data_confidence": "high"
      },
      "geometry": {
        "type": "Point",
        "coordinates": [
          -58.6264082,
          -34.5928195
        ]
      }
    },
    {
      "type": "Feature",
      "properties": {
        "municipio_id": 6408,
        "municipio_nombre": "Hurlingham",
        "establecimiento_id": 13812,
        "establecimiento_nombre": "COLEGIO SAN PABLO",
        "region_educativa": "Región 7",
        "clave": "4135JI7978",
        "cueanexo": 62268000,
        "modalidad": "Educación Común",
        "nivel": "Nivel Inicial",
        "direccion": "EL CARDENAL - 950",
        "telefono": "11-4665-3309",
        "rpv": null,
        "email": "stpauls@stpauls.edu.ar",
        "sector": "Privado",
        "dependencia": "Privada",
        "tipo_organizacion": "JARDÍN DE INFANTES",
        "area": "CONURBANO",
        "ambito": "Urbano",
        "desfavorabilidad": 0,
        "subvencion": "Sin Subvención",
        "sede_axo_ext": "SEDE",
        "categoria": "S/Datos",
        "depend_func": "Dirección de Educación de Gestión Privada",
        "cui": "613500916",
        "periodo": "Final 2025",
        "matricula": 132,
        "varones": 70,
        "mujeres": 62,
        "secciones": 11,
        "turnos": "\"DOBLE ESCOLARIDAD\",MAÑANA,TARDE",
        "cue": 622680,
        "anexo": 0,
        "nro_escuela": 7978,
        "assigned_zone_name": "Hurlingham Centro",
        "source_name": "Datos Abiertos PBA - Establecimientos educativos",
        "source_url": "https://catalogo.datos.gba.gob.ar/dataset/establecimientos-educativos",
        "license": "Creative Commons Attribution 4.0",
        "generated_at": "2026-06-13T02:11:01.209890+00:00",
        "data_confidence": "high"
      },
      "geometry": {
        "type": "Point",
        "coordinates": [
          -58.6295591,
          -34.5948304
        ]
      }
    },
    {
      "type": "Feature",
      "properties": {
        "municipio_id": 6408,
        "municipio_nombre": "Hurlingham",
        "establecimiento_id": 13851,
        "establecimiento_nombre": "JARDÍN DE INFANTES SANTA MARTA",
        "region_educativa": "Región 7",
        "clave": "4135JI1637",
        "cueanexo": 60469400,
        "modalidad": "Educación Común",
        "nivel": "Nivel Inicial",
        "direccion": "AV. VERGARA Y SALAZAR - 123",
        "telefono": "11-7723-7937",
        "rpv": null,
        "email": "parroquialsantamarta@gmail.com",
        "sector": "Privado",
        "dependencia": "Privada",
        "tipo_organizacion": "JARDÍN DE INFANTES",
        "area": "CONURBANO",
        "ambito": "Urbano",
        "desfavorabilidad": 0,
        "subvencion": "Subvención Total 100%",
        "sede_axo_ext": "SEDE",
        "categoria": "Primera",
        "depend_func": "Dirección de Educación de Gestión Privada",
        "cui": "613501065",
        "periodo": "Final 2025",
        "matricula": 149,
        "varones": 62,
        "mujeres": 87,
        "secciones": 8,
        "turnos": "MAÑANA,TARDE",
        "cue": 604694,
        "anexo": 0,
        "nro_escuela": 1637,
        "assigned_zone_name": "Atepam Italia",
        "source_name": "Datos Abiertos PBA - Establecimientos educativos",
        "source_url": "https://catalogo.datos.gba.gob.ar/dataset/establecimientos-educativos",
        "license": "Creative Commons Attribution 4.0",
        "generated_at": "2026-06-13T02:11:01.209890+00:00",
        "data_confidence": "high"
      },
      "geometry": {
        "type": "Point",
        "coordinates": [
          -58.6299413,
          -34.6303005
        ]
      }
    },
    {
      "type": "Feature",
      "properties": {
        "municipio_id": 6408,
        "municipio_nombre": "Hurlingham",
        "establecimiento_id": 13853,
        "establecimiento_nombre": "JARDÍN DE INFANTES MARIANO MORENO",
        "region_educativa": "Región 7",
        "clave": "4135JI1813",
        "cueanexo": 61113900,
        "modalidad": "Educación Común",
        "nivel": "Nivel Inicial",
        "direccion": "CENTENERA E/ MENDOZA Y A. ROCA - 817",
        "telefono": "11-4665-4296",
        "rpv": null,
        "email": "rlimmoreno@yahoo.com.ar",
        "sector": "Privado",
        "dependencia": "Privada",
        "tipo_organizacion": "JARDÍN DE INFANTES",
        "area": "CONURBANO",
        "ambito": "Urbano",
        "desfavorabilidad": 0,
        "subvencion": "Sin Subvención",
        "sede_axo_ext": "SEDE",
        "categoria": "Primera",
        "depend_func": "Dirección de Educación de Gestión Privada",
        "cui": "613500963",
        "periodo": "Final 2025",
        "matricula": 46,
        "varones": 23,
        "mujeres": 23,
        "secciones": 3,
        "turnos": "MAÑANA",
        "cue": 611139,
        "anexo": 0,
        "nro_escuela": 1813,
        "assigned_zone_name": "Villa Alemania",
        "source_name": "Datos Abiertos PBA - Establecimientos educativos",
        "source_url": "https://catalogo.datos.gba.gob.ar/dataset/establecimientos-educativos",
        "license": "Creative Commons Attribution 4.0",
        "generated_at": "2026-06-13T02:11:01.209890+00:00",
        "data_confidence": "high"
      },
      "geometry": {
        "type": "Point",
        "coordinates": [
          -58.6218211,
          -34.59278
        ]
      }
    },
    {
      "type": "Feature",
      "properties": {
        "municipio_id": 6408,
        "municipio_nombre": "Hurlingham",
        "establecimiento_id": 13863,
        "establecimiento_nombre": "JARDÍN DE INFANTES LA RANA JUANA",
        "region_educativa": "Región 7",
        "clave": "4135JI2143",
        "cueanexo": 60470600,
        "modalidad": "Educación Común",
        "nivel": "Nivel Inicial",
        "direccion": "SARGENTO GOMEZ E/GÜEMES Y CABOUR - 1554",
        "telefono": "11-4452/4301/0730",
        "rpv": null,
        "email": "administracion@jardinlaranajuana.edu.ar",
        "sector": "Privado",
        "dependencia": "Privada",
        "tipo_organizacion": "JARDÍN DE INFANTES",
        "area": "CONURBANO",
        "ambito": "Urbano",
        "desfavorabilidad": 0,
        "subvencion": "Subvención parcial 60%",
        "sede_axo_ext": "SEDE",
        "categoria": "Segunda",
        "depend_func": "Dirección de Educación de Gestión Privada",
        "cui": "613500842",
        "periodo": "Final 2025",
        "matricula": 37,
        "varones": 16,
        "mujeres": 21,
        "secciones": 6,
        "turnos": "MAÑANA,TARDE",
        "cue": 604706,
        "anexo": 0,
        "nro_escuela": 2143,
        "assigned_zone_name": "Villa Club",
        "source_name": "Datos Abiertos PBA - Establecimientos educativos",
        "source_url": "https://catalogo.datos.gba.gob.ar/dataset/establecimientos-educativos",
        "license": "Creative Commons Attribution 4.0",
        "generated_at": "2026-06-13T02:11:01.209890+00:00",
        "data_confidence": "high"
      },
      "geometry": {
        "type": "Point",
        "coordinates": [
          -58.6346664,
          -34.5864219
        ]
      }
    },
    {
      "type": "Feature",
      "properties": {
        "municipio_id": 6408,
        "municipio_nombre": "Hurlingham",
        "establecimiento_id": 13870,
        "establecimiento_nombre": "JARDÍN DE INFANTES ESTRELLA DE BELÉN",
        "region_educativa": "Región 7",
        "clave": "4135JI2338",
        "cueanexo": 60012000,
        "modalidad": "Educación Común",
        "nivel": "Nivel Inicial",
        "direccion": "NILDA FIGUEIRA - 1243",
        "telefono": "11-4665-0826",
        "rpv": null,
        "email": "estrelladebelen@educ.ar",
        "sector": "Privado",
        "dependencia": "Privada",
        "tipo_organizacion": "JARDÍN DE INFANTES",
        "area": "CONURBANO",
        "ambito": "Urbano",
        "desfavorabilidad": 0,
        "subvencion": "Subvención parcial 60%",
        "sede_axo_ext": "SEDE",
        "categoria": "Primera",
        "depend_func": "Dirección de Educación de Gestión Privada",
        "cui": "613500857",
        "periodo": "Final 2025",
        "matricula": 233,
        "varones": 124,
        "mujeres": 109,
        "secciones": 12,
        "turnos": "MAÑANA,TARDE",
        "cue": 600120,
        "anexo": 0,
        "nro_escuela": 2338,
        "assigned_zone_name": "Hurlingham Centro",
        "source_name": "Datos Abiertos PBA - Establecimientos educativos",
        "source_url": "https://catalogo.datos.gba.gob.ar/dataset/establecimientos-educativos",
        "license": "Creative Commons Attribution 4.0",
        "generated_at": "2026-06-13T02:11:01.209890+00:00",
        "data_confidence": "high"
      },
      "geometry": {
        "type": "Point",
        "coordinates": [
          -58.6362465,
          -34.5887233
        ]
      }
    },
    {
      "type": "Feature",
      "properties": {
        "municipio_id": 6408,
        "municipio_nombre": "Hurlingham",
        "establecimiento_id": 13871,
        "establecimiento_nombre": "JARDÍN DE INFANTES INSTITUTO LINCOLN",
        "region_educativa": "Región 7",
        "clave": "4135JI2342",
        "cueanexo": 60471600,
        "modalidad": "Educación Común",
        "nivel": "Nivel Inicial",
        "direccion": "MARQUÉS D AVILÉS - 1071",
        "telefono": "11-4665-6736",
        "rpv": null,
        "email": "lincolninicial@hotmail.com",
        "sector": "Privado",
        "dependencia": "Privada",
        "tipo_organizacion": "JARDÍN DE INFANTES",
        "area": "CONURBANO",
        "ambito": "Urbano",
        "desfavorabilidad": 0,
        "subvencion": "Subvención parcial 80%",
        "sede_axo_ext": "SEDE",
        "categoria": "Segunda",
        "depend_func": "Dirección de Educación de Gestión Privada",
        "cui": "613500803",
        "periodo": "Final 2025",
        "matricula": 111,
        "varones": 46,
        "mujeres": 65,
        "secciones": 6,
        "turnos": "MAÑANA,TARDE",
        "cue": 604716,
        "anexo": 0,
        "nro_escuela": 2342,
        "assigned_zone_name": "Roca 2",
        "source_name": "Datos Abiertos PBA - Establecimientos educativos",
        "source_url": "https://catalogo.datos.gba.gob.ar/dataset/establecimientos-educativos",
        "license": "Creative Commons Attribution 4.0",
        "generated_at": "2026-06-13T02:11:01.209890+00:00",
        "data_confidence": "high"
      },
      "geometry": {
        "type": "Point",
        "coordinates": [
          -58.6423074,
          -34.5801831
        ]
      }
    },
    {
      "type": "Feature",
      "properties": {
        "municipio_id": 6408,
        "municipio_nombre": "Hurlingham",
        "establecimiento_id": 13878,
        "establecimiento_nombre": "JARDÍN DE INFANTES EL OSO YOGUI",
        "region_educativa": "Región 7",
        "clave": "4135JI2658",
        "cueanexo": 61117800,
        "modalidad": "Educación Común",
        "nivel": "Nivel Inicial",
        "direccion": "ARGERICH - 1756",
        "telefono": "11-2197-5536",
        "rpv": null,
        "email": "jardinelosoyogui@hotmail.com",
        "sector": "Privado",
        "dependencia": "Privada",
        "tipo_organizacion": "JARDÍN DE INFANTES",
        "area": "CONURBANO",
        "ambito": "Urbano",
        "desfavorabilidad": 0,
        "subvencion": "Sin Subvención",
        "sede_axo_ext": "SEDE",
        "categoria": "Segunda",
        "depend_func": "Dirección de Educación de Gestión Privada",
        "cui": "613500890",
        "periodo": "Final 2025",
        "matricula": 115,
        "varones": 56,
        "mujeres": 59,
        "secciones": 7,
        "turnos": "MAÑANA,TARDE",
        "cue": 611178,
        "anexo": 0,
        "nro_escuela": 2658,
        "assigned_zone_name": "Curapaytí",
        "source_name": "Datos Abiertos PBA - Establecimientos educativos",
        "source_url": "https://catalogo.datos.gba.gob.ar/dataset/establecimientos-educativos",
        "license": "Creative Commons Attribution 4.0",
        "generated_at": "2026-06-13T02:11:01.209890+00:00",
        "data_confidence": "high"
      },
      "geometry": {
        "type": "Point",
        "coordinates": [
          -58.6424703,
          -34.5880602
        ]
      }
    },
    {
      "type": "Feature",
      "properties": {
        "municipio_id": 6408,
        "municipio_nombre": "Hurlingham",
        "establecimiento_id": 13918,
        "establecimiento_nombre": "INSTITUTO CARDENAL STEPINAC",
        "region_educativa": "Región 7",
        "clave": "4135MS4748",
        "cueanexo": 60626900,
        "modalidad": "Educación Común",
        "nivel": "Nivel Secundario",
        "direccion": "AVENIDA PEDRO DÍAZ - 2000",
        "telefono": "11-4665-0087",
        "rpv": null,
        "email": "secundaria@stepinac.edu.ar",
        "sector": "Privado",
        "dependencia": "Privada",
        "tipo_organizacion": "ESCUELA DE EDUCACIÓN SECUNDARIA",
        "area": "CONURBANO",
        "ambito": "Urbano",
        "desfavorabilidad": 0,
        "subvencion": "Subvención parcial 80%",
        "sede_axo_ext": "SEDE",
        "categoria": "Segunda",
        "depend_func": "Dirección de Educación de Gestión Privada",
        "cui": "613501083",
        "periodo": "Final 2025",
        "matricula": 601,
        "varones": 244,
        "mujeres": 357,
        "secciones": 18,
        "turnos": "MAÑANA",
        "cue": 606269,
        "anexo": 0,
        "nro_escuela": 4748,
        "assigned_zone_name": null,
        "source_name": "Datos Abiertos PBA - Establecimientos educativos",
        "source_url": "https://catalogo.datos.gba.gob.ar/dataset/establecimientos-educativos",
        "license": "Creative Commons Attribution 4.0",
        "generated_at": "2026-06-13T02:11:01.209890+00:00",
        "data_confidence": "high"
      },
      "geometry": {
        "type": "Point",
        "coordinates": [
          -58.653729,
          -34.5999582
        ]
      }
    },
    {
      "type": "Feature",
      "properties": {
        "municipio_id": 6408,
        "municipio_nombre": "Hurlingham",
        "establecimiento_id": 13923,
        "establecimiento_nombre": "COLEGIO SANTA HILDA",
        "region_educativa": "Región 7",
        "clave": "4135MS4753",
        "cueanexo": 60470300,
        "modalidad": "Educación Común",
        "nivel": "Nivel Secundario",
        "direccion": "ISABEL LA CATOLICA - 1710",
        "telefono": "11-4452-6647",
        "rpv": null,
        "email": "sthildas@sthildas.esc.edu.ar",
        "sector": "Privado",
        "dependencia": "Privada",
        "tipo_organizacion": "ESCUELA DE EDUCACIÓN SECUNDARIA",
        "area": "CONURBANO",
        "ambito": "Urbano",
        "desfavorabilidad": 0,
        "subvencion": "Sin Subvención",
        "sede_axo_ext": "SEDE",
        "categoria": "Segunda",
        "depend_func": "Dirección de Educación de Gestión Privada",
        "cui": "613500900",
        "periodo": "Final 2025",
        "matricula": 208,
        "varones": 94,
        "mujeres": 114,
        "secciones": 11,
        "turnos": "MAÑANA",
        "cue": 604703,
        "anexo": 0,
        "nro_escuela": 4753,
        "assigned_zone_name": "Hurlingham Centro",
        "source_name": "Datos Abiertos PBA - Establecimientos educativos",
        "source_url": "https://catalogo.datos.gba.gob.ar/dataset/establecimientos-educativos",
        "license": "Creative Commons Attribution 4.0",
        "generated_at": "2026-06-13T02:11:01.209890+00:00",
        "data_confidence": "high"
      },
      "geometry": {
        "type": "Point",
        "coordinates": [
          -58.6340306,
          -34.5952522
        ]
      }
    },
    {
      "type": "Feature",
      "properties": {
        "municipio_id": 6408,
        "municipio_nombre": "Hurlingham",
        "establecimiento_id": 13930,
        "establecimiento_nombre": "INSTITUTO SAN PABLO",
        "region_educativa": "Región 7",
        "clave": "4135MS4763",
        "cueanexo": 60470500,
        "modalidad": "Educación Común",
        "nivel": "Nivel Secundario",
        "direccion": "EL CARDENAL - 950",
        "telefono": "11-4665-3309",
        "rpv": null,
        "email": "stpauls@stpauls.edu.ar",
        "sector": "Privado",
        "dependencia": "Privada",
        "tipo_organizacion": "ESCUELA DE EDUCACIÓN SECUNDARIA",
        "area": "CONURBANO",
        "ambito": "Urbano",
        "desfavorabilidad": 0,
        "subvencion": "Sin Subvención",
        "sede_axo_ext": "SEDE",
        "categoria": "Tercera",
        "depend_func": "Dirección de Educación de Gestión Privada",
        "cui": "613500916",
        "periodo": "Final 2025",
        "matricula": 141,
        "varones": 68,
        "mujeres": 73,
        "secciones": 8,
        "turnos": "\"DOBLE ESCOLARIDAD\"",
        "cue": 604705,
        "anexo": 0,
        "nro_escuela": 4763,
        "assigned_zone_name": "Hurlingham Centro",
        "source_name": "Datos Abiertos PBA - Establecimientos educativos",
        "source_url": "https://catalogo.datos.gba.gob.ar/dataset/establecimientos-educativos",
        "license": "Creative Commons Attribution 4.0",
        "generated_at": "2026-06-13T02:11:01.209890+00:00",
        "data_confidence": "high"
      },
      "geometry": {
        "type": "Point",
        "coordinates": [
          -58.6297152,
          -34.5946972
        ]
      }
    },
    {
      "type": "Feature",
      "properties": {
        "municipio_id": 6408,
        "municipio_nombre": "Hurlingham",
        "establecimiento_id": 13933,
        "establecimiento_nombre": "INSTITUTO CULTURAL ROCA",
        "region_educativa": "Región 7",
        "clave": "4135MS4767",
        "cueanexo": 60568200,
        "modalidad": "Educación Común",
        "nivel": "Nivel Secundario",
        "direccion": "GENERAL RICCHIERI - 961",
        "telefono": "11-4665-0257",
        "rpv": null,
        "email": "daniela.pereyra@culturalroca.edu.ar",
        "sector": "Privado",
        "dependencia": "Privada",
        "tipo_organizacion": "ESCUELA DE EDUCACIÓN SECUNDARIA",
        "area": "CONURBANO",
        "ambito": "Urbano",
        "desfavorabilidad": 0,
        "subvencion": "Sin Subvención",
        "sede_axo_ext": "SEDE",
        "categoria": "Segunda",
        "depend_func": "Dirección de Educación de Gestión Privada",
        "cui": "613500944",
        "periodo": "Final 2025",
        "matricula": 251,
        "varones": 123,
        "mujeres": 128,
        "secciones": 13,
        "turnos": "MAÑANA",
        "cue": 605682,
        "anexo": 0,
        "nro_escuela": 4767,
        "assigned_zone_name": "Hurlingham Centro",
        "source_name": "Datos Abiertos PBA - Establecimientos educativos",
        "source_url": "https://catalogo.datos.gba.gob.ar/dataset/establecimientos-educativos",
        "license": "Creative Commons Attribution 4.0",
        "generated_at": "2026-06-13T02:11:01.209890+00:00",
        "data_confidence": "high"
      },
      "geometry": {
        "type": "Point",
        "coordinates": [
          -58.6272463,
          -34.5928899
        ]
      }
    },
    {
      "type": "Feature",
      "properties": {
        "municipio_id": 6408,
        "municipio_nombre": "Hurlingham",
        "establecimiento_id": 13939,
        "establecimiento_nombre": "INSTITUTO LINCOLN",
        "region_educativa": "Región 7",
        "clave": "4135MS4773",
        "cueanexo": 60471500,
        "modalidad": "Educación Común",
        "nivel": "Nivel Secundario",
        "direccion": "MARQUES DE AVILES - 1083",
        "telefono": "11-4665-6736",
        "rpv": null,
        "email": "secundariolincoln@yahoo.com.ar",
        "sector": "Privado",
        "dependencia": "Privada",
        "tipo_organizacion": "ESCUELA DE EDUCACIÓN SECUNDARIA",
        "area": "CONURBANO",
        "ambito": "Urbano",
        "desfavorabilidad": 0,
        "subvencion": "Subvención parcial 80%",
        "sede_axo_ext": "SEDE",
        "categoria": "Segunda",
        "depend_func": "Dirección de Educación de Gestión Privada",
        "cui": "613500803",
        "periodo": "Final 2025",
        "matricula": 379,
        "varones": 151,
        "mujeres": 228,
        "secciones": 12,
        "turnos": "MAÑANA,TARDE",
        "cue": 604715,
        "anexo": 0,
        "nro_escuela": 4773,
        "assigned_zone_name": "Roca 2",
        "source_name": "Datos Abiertos PBA - Establecimientos educativos",
        "source_url": "https://catalogo.datos.gba.gob.ar/dataset/establecimientos-educativos",
        "license": "Creative Commons Attribution 4.0",
        "generated_at": "2026-06-13T02:11:01.209890+00:00",
        "data_confidence": "high"
      },
      "geometry": {
        "type": "Point",
        "coordinates": [
          -58.6422276,
          -34.5801057
        ]
      }
    },
    {
      "type": "Feature",
      "properties": {
        "municipio_id": 6408,
        "municipio_nombre": "Hurlingham",
        "establecimiento_id": 13947,
        "establecimiento_nombre": "INSTITUTO PRESIDENTE SARMIENTO",
        "region_educativa": "Región 7",
        "clave": "4135MM4782",
        "cueanexo": 61117700,
        "modalidad": "Educación Común",
        "nivel": "Nivel Secundario",
        "direccion": "JULIAN AGUIRRE - 1721",
        "telefono": "11-4662-8156",
        "rpv": null,
        "email": "sarmiento_50@yahoo.com.ar",
        "sector": "Privado",
        "dependencia": "Privada",
        "tipo_organizacion": "ESCUELA DE EDUCACIÓN MEDIA",
        "area": "CONURBANO",
        "ambito": "Urbano",
        "desfavorabilidad": 0,
        "subvencion": "Subvención parcial 80%",
        "sede_axo_ext": "SEDE",
        "categoria": "Tercera",
        "depend_func": "Dirección de Educación de Gestión Privada",
        "cui": "613500888",
        "periodo": "Final 2025",
        "matricula": 132,
        "varones": 46,
        "mujeres": 86,
        "secciones": 6,
        "turnos": "MAÑANA",
        "cue": 611177,
        "anexo": 0,
        "nro_escuela": 4782,
        "assigned_zone_name": "Parque Jhonston",
        "source_name": "Datos Abiertos PBA - Establecimientos educativos",
        "source_url": "https://catalogo.datos.gba.gob.ar/dataset/establecimientos-educativos",
        "license": "Creative Commons Attribution 4.0",
        "generated_at": "2026-06-13T02:11:01.209890+00:00",
        "data_confidence": "high"
      },
      "geometry": {
        "type": "Point",
        "coordinates": [
          -58.6386447,
          -34.5916634
        ]
      }
    },
    {
      "type": "Feature",
      "properties": {
        "municipio_id": 6408,
        "municipio_nombre": "Hurlingham",
        "establecimiento_id": 13948,
        "establecimiento_nombre": "INSTITUTO SAGRADO CORAZON DE JESUS",
        "region_educativa": "Región 7",
        "clave": "4135MS4783",
        "cueanexo": 60627000,
        "modalidad": "Educación Común",
        "nivel": "Nivel Secundario",
        "direccion": "DELFOR DIAZ - 1853",
        "telefono": "11-4665-3736",
        "rpv": null,
        "email": "sagradohurlingham@gmail.com",
        "sector": "Privado",
        "dependencia": "Privada",
        "tipo_organizacion": "ESCUELA DE EDUCACIÓN SECUNDARIA",
        "area": "CONURBANO",
        "ambito": "Urbano",
        "desfavorabilidad": 0,
        "subvencion": "Subvención parcial 80%",
        "sede_axo_ext": "SEDE",
        "categoria": "Segunda",
        "depend_func": "Dirección de Educación de Gestión Privada",
        "cui": "613500819",
        "periodo": "Final 2025",
        "matricula": 677,
        "varones": 270,
        "mujeres": 407,
        "secciones": 19,
        "turnos": "MAÑANA,TARDE",
        "cue": 606270,
        "anexo": 0,
        "nro_escuela": 4783,
        "assigned_zone_name": "Villa Club",
        "source_name": "Datos Abiertos PBA - Establecimientos educativos",
        "source_url": "https://catalogo.datos.gba.gob.ar/dataset/establecimientos-educativos",
        "license": "Creative Commons Attribution 4.0",
        "generated_at": "2026-06-13T02:11:01.209890+00:00",
        "data_confidence": "high"
      },
      "geometry": {
        "type": "Point",
        "coordinates": [
          -58.6383718,
          -34.5823075
        ]
      }
    },
    {
      "type": "Feature",
      "properties": {
        "municipio_id": 6408,
        "municipio_nombre": "Hurlingham",
        "establecimiento_id": 13949,
        "establecimiento_nombre": "INSTITUTO MARIANO MORENO",
        "region_educativa": "Región 7",
        "clave": "4135MS4784",
        "cueanexo": 60469300,
        "modalidad": "Educación Común",
        "nivel": "Nivel Secundario",
        "direccion": "PEDRO DE MENDOZA - 662",
        "telefono": "11-4665-2631",
        "rpv": null,
        "email": "immhurlingham@outlook.com",
        "sector": "Privado",
        "dependencia": "Privada",
        "tipo_organizacion": "ESCUELA DE EDUCACIÓN SECUNDARIA",
        "area": "CONURBANO",
        "ambito": "Urbano",
        "desfavorabilidad": 0,
        "subvencion": "Subvención parcial 80%",
        "sede_axo_ext": "SEDE",
        "categoria": "Segunda",
        "depend_func": "Dirección de Educación de Gestión Privada",
        "cui": "613500971",
        "periodo": "Final 2025",
        "matricula": 346,
        "varones": 151,
        "mujeres": 195,
        "secciones": 12,
        "turnos": "MAÑANA",
        "cue": 604693,
        "anexo": 0,
        "nro_escuela": 4784,
        "assigned_zone_name": "Villa Alemania",
        "source_name": "Datos Abiertos PBA - Establecimientos educativos",
        "source_url": "https://catalogo.datos.gba.gob.ar/dataset/establecimientos-educativos",
        "license": "Creative Commons Attribution 4.0",
        "generated_at": "2026-06-13T02:11:01.209890+00:00",
        "data_confidence": "high"
      },
      "geometry": {
        "type": "Point",
        "coordinates": [
          -58.6205143,
          -34.5935853
        ]
      }
    },
    {
      "type": "Feature",
      "properties": {
        "municipio_id": 6408,
        "municipio_nombre": "Hurlingham",
        "establecimiento_id": 13959,
        "establecimiento_nombre": "INSTITUTO CARDENAL STEPINAC",
        "region_educativa": "Región 7",
        "clave": "4135MT4800",
        "cueanexo": 60626800,
        "modalidad": "Educación Técnico Profesional",
        "nivel": "Nivel Secundario",
        "direccion": "AVENIDA PEDRO DÍAZ - 2000",
        "telefono": "11-4665-0087",
        "rpv": null,
        "email": "secundario@stepinac.edu.ar",
        "sector": "Privado",
        "dependencia": "Privada",
        "tipo_organizacion": "ESCUELA DE EDUCACIÓN SECUNDARIA TÉCNICA",
        "area": "CONURBANO",
        "ambito": "Urbano",
        "desfavorabilidad": 0,
        "subvencion": "Subvención parcial 80%",
        "sede_axo_ext": "SEDE",
        "categoria": "Segunda",
        "depend_func": "Dirección de Educación de Gestión Privada",
        "cui": "613501083",
        "periodo": "Final 2025",
        "matricula": 375,
        "varones": 300,
        "mujeres": 75,
        "secciones": 12,
        "turnos": "TARDE",
        "cue": 606268,
        "anexo": 0,
        "nro_escuela": 4800,
        "assigned_zone_name": null,
        "source_name": "Datos Abiertos PBA - Establecimientos educativos",
        "source_url": "https://catalogo.datos.gba.gob.ar/dataset/establecimientos-educativos",
        "license": "Creative Commons Attribution 4.0",
        "generated_at": "2026-06-13T02:11:01.209890+00:00",
        "data_confidence": "high"
      },
      "geometry": {
        "type": "Point",
        "coordinates": [
          -58.653649,
          -34.6000464
        ]
      }
    },
    {
      "type": "Feature",
      "properties": {
        "municipio_id": 6408,
        "municipio_nombre": "Hurlingham",
        "establecimiento_id": 13960,
        "establecimiento_nombre": "INSTITUTO SAGRADO CORAZON DE JESUS",
        "region_educativa": "Región 7",
        "clave": "4135MT4801",
        "cueanexo": 60054500,
        "modalidad": "Educación Técnico Profesional",
        "nivel": "Nivel Secundario",
        "direccion": "DELFOR DIAZ - 1853",
        "telefono": "11-4665-3736",
        "rpv": null,
        "email": "sagradohurlingham@gmail.com",
        "sector": "Privado",
        "dependencia": "Privada",
        "tipo_organizacion": "ESCUELA DE EDUCACIÓN SECUNDARIA TÉCNICA",
        "area": "CONURBANO",
        "ambito": "Urbano",
        "desfavorabilidad": 0,
        "subvencion": "Subvención parcial 80%",
        "sede_axo_ext": "SEDE",
        "categoria": "Primera",
        "depend_func": "Dirección de Educación de Gestión Privada",
        "cui": "613500819",
        "periodo": "Final 2025",
        "matricula": 427,
        "varones": 319,
        "mujeres": 108,
        "secciones": 14,
        "turnos": "MAÑANA,TARDE",
        "cue": 600545,
        "anexo": 0,
        "nro_escuela": 4801,
        "assigned_zone_name": "Villa Club",
        "source_name": "Datos Abiertos PBA - Establecimientos educativos",
        "source_url": "https://catalogo.datos.gba.gob.ar/dataset/establecimientos-educativos",
        "license": "Creative Commons Attribution 4.0",
        "generated_at": "2026-06-13T02:11:01.209890+00:00",
        "data_confidence": "high"
      },
      "geometry": {
        "type": "Point",
        "coordinates": [
          -58.6383351,
          -34.5823415
        ]
      }
    },
    {
      "type": "Feature",
      "properties": {
        "municipio_id": 6408,
        "municipio_nombre": "Hurlingham",
        "establecimiento_id": 13961,
        "establecimiento_nombre": "ESCUELA CARDENAL STEPINAC",
        "region_educativa": "Región 7",
        "clave": "4135PP0402",
        "cueanexo": 61313100,
        "modalidad": "Educación Común",
        "nivel": "Nivel Primario",
        "direccion": "AVENIDA PEDRO DÍAZ - 2000",
        "telefono": "11-4665-0087",
        "rpv": null,
        "email": "primario@stepinac.edu.ar",
        "sector": "Privado",
        "dependencia": "Privada",
        "tipo_organizacion": "ESCUELA DE EDUCACIÓN PRIMARIA",
        "area": "CONURBANO",
        "ambito": "Urbano",
        "desfavorabilidad": 0,
        "subvencion": "Subvención parcial 80%",
        "sede_axo_ext": "SEDE",
        "categoria": "Primera",
        "depend_func": "Dirección de Educación de Gestión Privada",
        "cui": "613501083",
        "periodo": "Final 2025",
        "matricula": 681,
        "varones": 346,
        "mujeres": 335,
        "secciones": 24,
        "turnos": "MAÑANA,TARDE",
        "cue": 613131,
        "anexo": 0,
        "nro_escuela": 402,
        "assigned_zone_name": null,
        "source_name": "Datos Abiertos PBA - Establecimientos educativos",
        "source_url": "https://catalogo.datos.gba.gob.ar/dataset/establecimientos-educativos",
        "license": "Creative Commons Attribution 4.0",
        "generated_at": "2026-06-13T02:11:01.209890+00:00",
        "data_confidence": "high"
      },
      "geometry": {
        "type": "Point",
        "coordinates": [
          -58.6535554,
          -34.600091
        ]
      }
    },
    {
      "type": "Feature",
      "properties": {
        "municipio_id": 6408,
        "municipio_nombre": "Hurlingham",
        "establecimiento_id": 13978,
        "establecimiento_nombre": "INSTITUTO MARIANO MORENO",
        "region_educativa": "Región 7",
        "clave": "4135PP0426",
        "cueanexo": 60469500,
        "modalidad": "Educación Común",
        "nivel": "Nivel Primario",
        "direccion": "PEDRO DE MENDOZA - 662",
        "telefono": "11-4665-1529",
        "rpv": null,
        "email": "primariaimmoreno@yahoo.com.ar",
        "sector": "Privado",
        "dependencia": "Privada",
        "tipo_organizacion": "ESCUELA DE EDUCACIÓN PRIMARIA",
        "area": "CONURBANO",
        "ambito": "Urbano",
        "desfavorabilidad": 0,
        "subvencion": "Subvención parcial 60%",
        "sede_axo_ext": "SEDE",
        "categoria": "Primera",
        "depend_func": "Dirección de Educación de Gestión Privada",
        "cui": "613500971",
        "periodo": "Final 2025",
        "matricula": 223,
        "varones": 103,
        "mujeres": 120,
        "secciones": 12,
        "turnos": "MAÑANA",
        "cue": 604695,
        "anexo": 0,
        "nro_escuela": 426,
        "assigned_zone_name": "Villa Alemania",
        "source_name": "Datos Abiertos PBA - Establecimientos educativos",
        "source_url": "https://catalogo.datos.gba.gob.ar/dataset/establecimientos-educativos",
        "license": "Creative Commons Attribution 4.0",
        "generated_at": "2026-06-13T02:11:01.209890+00:00",
        "data_confidence": "high"
      },
      "geometry": {
        "type": "Point",
        "coordinates": [
          -58.6207388,
          -34.5933373
        ]
      }
    },
    {
      "type": "Feature",
      "properties": {
        "municipio_id": 6408,
        "municipio_nombre": "Hurlingham",
        "establecimiento_id": 13985,
        "establecimiento_nombre": "INSTITUTO CULTURAL ROCA",
        "region_educativa": "Región 7",
        "clave": "4135PP0434",
        "cueanexo": 60012100,
        "modalidad": "Educación Común",
        "nivel": "Nivel Primario",
        "direccion": "RICHIERI - 961",
        "telefono": "11-5411-8300",
        "rpv": null,
        "email": "noelia.reyes@culturalroca.edu.ar",
        "sector": "Privado",
        "dependencia": "Privada",
        "tipo_organizacion": "ESCUELA DE EDUCACIÓN PRIMARIA",
        "area": "CONURBANO",
        "ambito": "Urbano",
        "desfavorabilidad": 0,
        "subvencion": "Sin Subvención",
        "sede_axo_ext": "SEDE",
        "categoria": "Segunda",
        "depend_func": "Dirección de Educación de Gestión Privada",
        "cui": "613500944",
        "periodo": "Final 2025",
        "matricula": 341,
        "varones": 157,
        "mujeres": 184,
        "secciones": 18,
        "turnos": "MAÑANA",
        "cue": 600121,
        "anexo": 0,
        "nro_escuela": 434,
        "assigned_zone_name": "Hurlingham Centro",
        "source_name": "Datos Abiertos PBA - Establecimientos educativos",
        "source_url": "https://catalogo.datos.gba.gob.ar/dataset/establecimientos-educativos",
        "license": "Creative Commons Attribution 4.0",
        "generated_at": "2026-06-13T02:11:01.209890+00:00",
        "data_confidence": "high"
      },
      "geometry": {
        "type": "Point",
        "coordinates": [
          -58.6271818,
          -34.5929254
        ]
      }
    },
    {
      "type": "Feature",
      "properties": {
        "municipio_id": 6408,
        "municipio_nombre": "Hurlingham",
        "establecimiento_id": 13988,
        "establecimiento_nombre": "COLEGIO PARROQUIAL SAN FERNANDO",
        "region_educativa": "Región 7",
        "clave": "4135PP0437",
        "cueanexo": 61114100,
        "modalidad": "Educación Común",
        "nivel": "Nivel Primario",
        "direccion": "RICHIERI - 1534",
        "telefono": "11-4665-0826",
        "rpv": null,
        "email": "sanfernandoprimario@gmail.com",
        "sector": "Privado",
        "dependencia": "Privada",
        "tipo_organizacion": "ESCUELA DE EDUCACIÓN PRIMARIA",
        "area": "CONURBANO",
        "ambito": "Urbano",
        "desfavorabilidad": 0,
        "subvencion": "Subvención parcial 60%",
        "sede_axo_ext": "SEDE",
        "categoria": "Primera",
        "depend_func": "Dirección de Educación de Gestión Privada",
        "cui": "613500857",
        "periodo": "Final 2025",
        "matricula": 742,
        "varones": 379,
        "mujeres": 363,
        "secciones": 29,
        "turnos": "MAÑANA,TARDE",
        "cue": 611141,
        "anexo": 0,
        "nro_escuela": 437,
        "assigned_zone_name": "Hurlingham Centro",
        "source_name": "Datos Abiertos PBA - Establecimientos educativos",
        "source_url": "https://catalogo.datos.gba.gob.ar/dataset/establecimientos-educativos",
        "license": "Creative Commons Attribution 4.0",
        "generated_at": "2026-06-13T02:11:01.209890+00:00",
        "data_confidence": "high"
      },
      "geometry": {
        "type": "Point",
        "coordinates": [
          -58.63539,
          -34.5886288
        ]
      }
    },
    {
      "type": "Feature",
      "properties": {
        "municipio_id": 6408,
        "municipio_nombre": "Hurlingham",
        "establecimiento_id": 13998,
        "establecimiento_nombre": "INSTITUTO SANTA HILDA",
        "region_educativa": "Región 7",
        "clave": "4135PP0754",
        "cueanexo": 60470100,
        "modalidad": "Educación Común",
        "nivel": "Nivel Primario",
        "direccion": "ISABEL LA CATOLICA - 1710",
        "telefono": "11-4452-6647",
        "rpv": null,
        "email": "pshepherd@sthildas.esc.edu.ar",
        "sector": "Privado",
        "dependencia": "Privada",
        "tipo_organizacion": "ESCUELA DE EDUCACIÓN PRIMARIA",
        "area": "CONURBANO",
        "ambito": "Urbano",
        "desfavorabilidad": 0,
        "subvencion": "Sin Subvención",
        "sede_axo_ext": "SEDE",
        "categoria": "Segunda",
        "depend_func": "Dirección de Educación de Gestión Privada",
        "cui": "613500900",
        "periodo": "Final 2025",
        "matricula": 184,
        "varones": 91,
        "mujeres": 93,
        "secciones": 8,
        "turnos": "MAÑANA",
        "cue": 604701,
        "anexo": 0,
        "nro_escuela": 754,
        "assigned_zone_name": "Hurlingham Centro",
        "source_name": "Datos Abiertos PBA - Establecimientos educativos",
        "source_url": "https://catalogo.datos.gba.gob.ar/dataset/establecimientos-educativos",
        "license": "Creative Commons Attribution 4.0",
        "generated_at": "2026-06-13T02:11:01.209890+00:00",
        "data_confidence": "high"
      },
      "geometry": {
        "type": "Point",
        "coordinates": [
          -58.6339691,
          -34.5951789
        ]
      }
    },
    {
      "type": "Feature",
      "properties": {
        "municipio_id": 6408,
        "municipio_nombre": "Hurlingham",
        "establecimiento_id": 14001,
        "establecimiento_nombre": "COLEGIO SAN PABLO",
        "region_educativa": "Región 7",
        "clave": "4135PP0870",
        "cueanexo": 60470200,
        "modalidad": "Educación Común",
        "nivel": "Nivel Primario",
        "direccion": "EL CARDENAL - 950",
        "telefono": "11-4665-3309",
        "rpv": null,
        "email": "dpp1350870@abc.gov.ar",
        "sector": "Privado",
        "dependencia": "Privada",
        "tipo_organizacion": "ESCUELA DE EDUCACIÓN PRIMARIA",
        "area": "CONURBANO",
        "ambito": "Urbano",
        "desfavorabilidad": 0,
        "subvencion": "Sin Subvención",
        "sede_axo_ext": "SEDE",
        "categoria": "Segunda",
        "depend_func": "Dirección de Educación de Gestión Privada",
        "cui": "613500916",
        "periodo": "Final 2025",
        "matricula": 208,
        "varones": 106,
        "mujeres": 102,
        "secciones": 12,
        "turnos": "MAÑANA",
        "cue": 604702,
        "anexo": 0,
        "nro_escuela": 870,
        "assigned_zone_name": "Hurlingham Centro",
        "source_name": "Datos Abiertos PBA - Establecimientos educativos",
        "source_url": "https://catalogo.datos.gba.gob.ar/dataset/establecimientos-educativos",
        "license": "Creative Commons Attribution 4.0",
        "generated_at": "2026-06-13T02:11:01.209890+00:00",
        "data_confidence": "high"
      },
      "geometry": {
        "type": "Point",
        "coordinates": [
          -58.6296568,
          -34.5945656
        ]
      }
    },
    {
      "type": "Feature",
      "properties": {
        "municipio_id": 6408,
        "municipio_nombre": "Hurlingham",
        "establecimiento_id": 14006,
        "establecimiento_nombre": "INSTITUTO LINCOLN",
        "region_educativa": "Región 7",
        "clave": "4135PP0961",
        "cueanexo": 61116800,
        "modalidad": "Educación Común",
        "nivel": "Nivel Primario",
        "direccion": "PALACIOS - 2147",
        "telefono": "11-4665-6736",
        "rpv": null,
        "email": "primarialincoln@hotmail.com",
        "sector": "Privado",
        "dependencia": "Privada",
        "tipo_organizacion": "ESCUELA DE EDUCACIÓN PRIMARIA",
        "area": "CONURBANO",
        "ambito": "Urbano",
        "desfavorabilidad": 0,
        "subvencion": "Subvención parcial 80%",
        "sede_axo_ext": "SEDE",
        "categoria": "Primera",
        "depend_func": "Dirección de Educación de Gestión Privada",
        "cui": "613500803",
        "periodo": "Final 2025",
        "matricula": 354,
        "varones": 186,
        "mujeres": 168,
        "secciones": 12,
        "turnos": "MAÑANA,TARDE",
        "cue": 611168,
        "anexo": 0,
        "nro_escuela": 961,
        "assigned_zone_name": "Roca 2",
        "source_name": "Datos Abiertos PBA - Establecimientos educativos",
        "source_url": "https://catalogo.datos.gba.gob.ar/dataset/establecimientos-educativos",
        "license": "Creative Commons Attribution 4.0",
        "generated_at": "2026-06-13T02:11:01.209890+00:00",
        "data_confidence": "high"
      },
      "geometry": {
        "type": "Point",
        "coordinates": [
          -58.6427783,
          -34.580132
        ]
      }
    },
    {
      "type": "Feature",
      "properties": {
        "municipio_id": 6408,
        "municipio_nombre": "Hurlingham",
        "establecimiento_id": 14008,
        "establecimiento_nombre": "ESCUELA SANTA MARTA",
        "region_educativa": "Región 7",
        "clave": "4135PP0999",
        "cueanexo": 60470700,
        "modalidad": "Educación Común",
        "nivel": "Nivel Primario",
        "direccion": "JUAN SALAZAR - 159",
        "telefono": "11-4450-8231",
        "rpv": null,
        "email": "santamarta1@speedy.com.ar",
        "sector": "Privado",
        "dependencia": "Privada",
        "tipo_organizacion": "ESCUELA DE EDUCACIÓN PRIMARIA",
        "area": "CONURBANO",
        "ambito": "Urbano",
        "desfavorabilidad": 0,
        "subvencion": "Subvención Total 100%",
        "sede_axo_ext": "SEDE",
        "categoria": "Primera",
        "depend_func": "Dirección de Educación de Gestión Privada",
        "cui": "613501054",
        "periodo": "Final 2025",
        "matricula": 524,
        "varones": 246,
        "mujeres": 278,
        "secciones": 18,
        "turnos": "MAÑANA,TARDE",
        "cue": 604707,
        "anexo": 0,
        "nro_escuela": 999,
        "assigned_zone_name": "Atepam Italia",
        "source_name": "Datos Abiertos PBA - Establecimientos educativos",
        "source_url": "https://catalogo.datos.gba.gob.ar/dataset/establecimientos-educativos",
        "license": "Creative Commons Attribution 4.0",
        "generated_at": "2026-06-13T02:11:01.209890+00:00",
        "data_confidence": "high"
      },
      "geometry": {
        "type": "Point",
        "coordinates": [
          -58.629534,
          -34.6305106
        ]
      }
    },
    {
      "type": "Feature",
      "properties": {
        "municipio_id": 6408,
        "municipio_nombre": "Hurlingham",
        "establecimiento_id": 14018,
        "establecimiento_nombre": "INSTITUTO GENERAL MARTÍN MIGUEL DE GÜEMES",
        "region_educativa": "Región 7",
        "clave": "4135PP1964",
        "cueanexo": 60321100,
        "modalidad": "Educación Común",
        "nivel": "Nivel Inicial",
        "direccion": "JUANA AZURDUY E/ NAVARRO Y TORRES - 521",
        "telefono": "11-4459-1982",
        "rpv": null,
        "email": "igguemes@gmail.com",
        "sector": "Privado",
        "dependencia": "Privada",
        "tipo_organizacion": "ESCUELA DE EDUCACIÓN PRIMARIA",
        "area": "CONURBANO",
        "ambito": "Urbano",
        "desfavorabilidad": 0,
        "subvencion": "Subvención parcial 80%",
        "sede_axo_ext": "SEDE",
        "categoria": "Primera",
        "depend_func": "Dirección de Educación de Gestión Privada",
        "cui": "613501031",
        "periodo": "Final 2025",
        "matricula": 87,
        "varones": 48,
        "mujeres": 39,
        "secciones": 5,
        "turnos": "MAÑANA,TARDE",
        "cue": 603211,
        "anexo": 0,
        "nro_escuela": 1964,
        "assigned_zone_name": "Mitre",
        "source_name": "Datos Abiertos PBA - Establecimientos educativos",
        "source_url": "https://catalogo.datos.gba.gob.ar/dataset/establecimientos-educativos",
        "license": "Creative Commons Attribution 4.0",
        "generated_at": "2026-06-13T02:11:01.209890+00:00",
        "data_confidence": "high"
      },
      "geometry": {
        "type": "Point",
        "coordinates": [
          -58.6399225,
          -34.6132925
        ]
      }
    },
    {
      "type": "Feature",
      "properties": {
        "municipio_id": 6408,
        "municipio_nombre": "Hurlingham",
        "establecimiento_id": 14018,
        "establecimiento_nombre": "INSTITUTO GENERAL MARTÍN MIGUEL DE GÜEMES",
        "region_educativa": "Región 7",
        "clave": "4135PP1964",
        "cueanexo": 60321100,
        "modalidad": "Educación Común",
        "nivel": "Nivel Primario",
        "direccion": "JUANA AZURDUY E/ NAVARRO Y TORRES - 521",
        "telefono": "11-4459-1982",
        "rpv": null,
        "email": "igguemes@gmail.com",
        "sector": "Privado",
        "dependencia": "Privada",
        "tipo_organizacion": "ESCUELA DE EDUCACIÓN PRIMARIA",
        "area": "CONURBANO",
        "ambito": "Urbano",
        "desfavorabilidad": 0,
        "subvencion": "Subvención parcial 80%",
        "sede_axo_ext": "SEDE",
        "categoria": "Primera",
        "depend_func": "Dirección de Educación de Gestión Privada",
        "cui": "613501031",
        "periodo": "Final 2025",
        "matricula": 525,
        "varones": 254,
        "mujeres": 271,
        "secciones": 24,
        "turnos": "MAÑANA,TARDE",
        "cue": 603211,
        "anexo": 0,
        "nro_escuela": 1964,
        "assigned_zone_name": "Mitre",
        "source_name": "Datos Abiertos PBA - Establecimientos educativos",
        "source_url": "https://catalogo.datos.gba.gob.ar/dataset/establecimientos-educativos",
        "license": "Creative Commons Attribution 4.0",
        "generated_at": "2026-06-13T02:11:01.209890+00:00",
        "data_confidence": "high"
      },
      "geometry": {
        "type": "Point",
        "coordinates": [
          -58.6399225,
          -34.6132925
        ]
      }
    },
    {
      "type": "Feature",
      "properties": {
        "municipio_id": 6408,
        "municipio_nombre": "Hurlingham",
        "establecimiento_id": 14021,
        "establecimiento_nombre": "INSTITUTO SAN CARLOS",
        "region_educativa": "Región 7",
        "clave": "4135PP2846",
        "cueanexo": 60321200,
        "modalidad": "Educación Común",
        "nivel": "Nivel Inicial",
        "direccion": "AVENIDA VERGARA - 2182",
        "telefono": "11-7720-8966",
        "rpv": null,
        "email": "info@institutosancarlos.net",
        "sector": "Privado",
        "dependencia": "Privada",
        "tipo_organizacion": "ESCUELA DE EDUCACIÓN PRIMARIA",
        "area": "CONURBANO",
        "ambito": "Urbano",
        "desfavorabilidad": 0,
        "subvencion": "Subvención Total 100%",
        "sede_axo_ext": "SEDE",
        "categoria": "Primera",
        "depend_func": "Dirección de Educación de Gestión Privada",
        "cui": "613501012",
        "periodo": "Final 2025",
        "matricula": 34,
        "varones": 20,
        "mujeres": 14,
        "secciones": 2,
        "turnos": "TARDE",
        "cue": 603212,
        "anexo": 0,
        "nro_escuela": 2846,
        "assigned_zone_name": "Villa Tesei Centro",
        "source_name": "Datos Abiertos PBA - Establecimientos educativos",
        "source_url": "https://catalogo.datos.gba.gob.ar/dataset/establecimientos-educativos",
        "license": "Creative Commons Attribution 4.0",
        "generated_at": "2026-06-13T02:11:01.209890+00:00",
        "data_confidence": "high"
      },
      "geometry": {
        "type": "Point",
        "coordinates": [
          -58.6343006,
          -34.617067
        ]
      }
    },
    {
      "type": "Feature",
      "properties": {
        "municipio_id": 6408,
        "municipio_nombre": "Hurlingham",
        "establecimiento_id": 14021,
        "establecimiento_nombre": "INSTITUTO SAN CARLOS",
        "region_educativa": "Región 7",
        "clave": "4135PP2846",
        "cueanexo": 60321200,
        "modalidad": "Educación Común",
        "nivel": "Nivel Primario",
        "direccion": "AVENIDA VERGARA - 2182",
        "telefono": "11-7720-8966",
        "rpv": null,
        "email": "info@institutosancarlos.net",
        "sector": "Privado",
        "dependencia": "Privada",
        "tipo_organizacion": "ESCUELA DE EDUCACIÓN PRIMARIA",
        "area": "CONURBANO",
        "ambito": "Urbano",
        "desfavorabilidad": 0,
        "subvencion": "Subvención Total 100%",
        "sede_axo_ext": "SEDE",
        "categoria": "Primera",
        "depend_func": "Dirección de Educación de Gestión Privada",
        "cui": "613501012",
        "periodo": "Final 2025",
        "matricula": 171,
        "varones": 87,
        "mujeres": 84,
        "secciones": 6,
        "turnos": "TARDE",
        "cue": 603212,
        "anexo": 0,
        "nro_escuela": 2846,
        "assigned_zone_name": "Villa Tesei Centro",
        "source_name": "Datos Abiertos PBA - Establecimientos educativos",
        "source_url": "https://catalogo.datos.gba.gob.ar/dataset/establecimientos-educativos",
        "license": "Creative Commons Attribution 4.0",
        "generated_at": "2026-06-13T02:11:01.209890+00:00",
        "data_confidence": "high"
      },
      "geometry": {
        "type": "Point",
        "coordinates": [
          -58.6343006,
          -34.617067
        ]
      }
    },
    {
      "type": "Feature",
      "properties": {
        "municipio_id": 6408,
        "municipio_nombre": "Hurlingham",
        "establecimiento_id": 14025,
        "establecimiento_nombre": "COLEGIO SAN JOSÉ DE CALASANZ",
        "region_educativa": "Región 7",
        "clave": "4135PP2976",
        "cueanexo": 60929800,
        "modalidad": "Educación Común",
        "nivel": "Nivel Primario",
        "direccion": "JUANA AZURDUY Y PILCOMAYO - 201",
        "telefono": "11-4459-1360",
        "rpv": null,
        "email": "primario@sjdecalasanz.edu.ar",
        "sector": "Privado",
        "dependencia": "Privada",
        "tipo_organizacion": "ESCUELA DE EDUCACIÓN PRIMARIA",
        "area": "CONURBANO",
        "ambito": "Urbano",
        "desfavorabilidad": 0,
        "subvencion": "Subvención parcial 80%",
        "sede_axo_ext": "SEDE",
        "categoria": "Primera",
        "depend_func": "Dirección de Educación de Gestión Privada",
        "cui": "613501008",
        "periodo": "Final 2025",
        "matricula": 594,
        "varones": 291,
        "mujeres": 303,
        "secciones": 24,
        "turnos": "MAÑANA,TARDE",
        "cue": 609298,
        "anexo": 0,
        "nro_escuela": 2976,
        "assigned_zone_name": "Villa Tesei Centro",
        "source_name": "Datos Abiertos PBA - Establecimientos educativos",
        "source_url": "https://catalogo.datos.gba.gob.ar/dataset/establecimientos-educativos",
        "license": "Creative Commons Attribution 4.0",
        "generated_at": "2026-06-13T02:11:01.209890+00:00",
        "data_confidence": "high"
      },
      "geometry": {
        "type": "Point",
        "coordinates": [
          -58.6363623,
          -34.6161273
        ]
      }
    },
    {
      "type": "Feature",
      "properties": {
        "municipio_id": 6408,
        "municipio_nombre": "Hurlingham",
        "establecimiento_id": 14025,
        "establecimiento_nombre": "COLEGIO SAN JOSÉ DE CALASANZ",
        "region_educativa": "Región 7",
        "clave": "4135PP2976",
        "cueanexo": 60929800,
        "modalidad": "Educación Común",
        "nivel": "Nivel Inicial",
        "direccion": "JUANA AZURDUY Y PILCOMAYO - 201",
        "telefono": "11-4459-1360",
        "rpv": null,
        "email": "primario@sjdecalasanz.edu.ar",
        "sector": "Privado",
        "dependencia": "Privada",
        "tipo_organizacion": "ESCUELA DE EDUCACIÓN PRIMARIA",
        "area": "CONURBANO",
        "ambito": "Urbano",
        "desfavorabilidad": 0,
        "subvencion": "Subvención parcial 80%",
        "sede_axo_ext": "SEDE",
        "categoria": "Primera",
        "depend_func": "Dirección de Educación de Gestión Privada",
        "cui": "613501008",
        "periodo": "Final 2025",
        "matricula": 145,
        "varones": 71,
        "mujeres": 74,
        "secciones": 7,
        "turnos": "MAÑANA,TARDE",
        "cue": 609298,
        "anexo": 0,
        "nro_escuela": 2976,
        "assigned_zone_name": "Villa Tesei Centro",
        "source_name": "Datos Abiertos PBA - Establecimientos educativos",
        "source_url": "https://catalogo.datos.gba.gob.ar/dataset/establecimientos-educativos",
        "license": "Creative Commons Attribution 4.0",
        "generated_at": "2026-06-13T02:11:01.209890+00:00",
        "data_confidence": "high"
      },
      "geometry": {
        "type": "Point",
        "coordinates": [
          -58.6363623,
          -34.6161273
        ]
      }
    },
    {
      "type": "Feature",
      "properties": {
        "municipio_id": 6408,
        "municipio_nombre": "Hurlingham",
        "establecimiento_id": 14031,
        "establecimiento_nombre": "COLEGIO NUEVA ERA",
        "region_educativa": "Región 7",
        "clave": "4135PP3617",
        "cueanexo": 60469700,
        "modalidad": "Educación Común",
        "nivel": "Nivel Primario",
        "direccion": "GÜEMES - 1750",
        "telefono": "11-4452-4301",
        "rpv": null,
        "email": "solveronicaf@gmail.com",
        "sector": "Privado",
        "dependencia": "Privada",
        "tipo_organizacion": "ESCUELA DE EDUCACIÓN PRIMARIA",
        "area": "CONURBANO",
        "ambito": "Urbano",
        "desfavorabilidad": 0,
        "subvencion": "Subvención parcial 60%",
        "sede_axo_ext": "SEDE",
        "categoria": "Tercera",
        "depend_func": "Dirección de Educación de Gestión Privada",
        "cui": "613500826",
        "periodo": "Final 2025",
        "matricula": 113,
        "varones": 65,
        "mujeres": 48,
        "secciones": 6,
        "turnos": "MAÑANA",
        "cue": 604697,
        "anexo": 0,
        "nro_escuela": 3617,
        "assigned_zone_name": "Villa Club",
        "source_name": "Datos Abiertos PBA - Establecimientos educativos",
        "source_url": "https://catalogo.datos.gba.gob.ar/dataset/establecimientos-educativos",
        "license": "Creative Commons Attribution 4.0",
        "generated_at": "2026-06-13T02:11:01.209890+00:00",
        "data_confidence": "high"
      },
      "geometry": {
        "type": "Point",
        "coordinates": [
          -58.6380915,
          -34.5841874
        ]
      }
    },
    {
      "type": "Feature",
      "properties": {
        "municipio_id": 6408,
        "municipio_nombre": "Hurlingham",
        "establecimiento_id": 14797,
        "establecimiento_nombre": "ESCUELA DE EDUCACIÓN PRIMARIA Nº31",
        "region_educativa": "Región 7",
        "clave": "0135PP0031",
        "cueanexo": 61301000,
        "modalidad": "Educación Común",
        "nivel": "Nivel Primario",
        "direccion": "GORRITI - 3520",
        "telefono": "-",
        "rpv": null,
        "email": "0135pp0031@gmail.com",
        "sector": "Estatal",
        "dependencia": "Oficial",
        "tipo_organizacion": "ESCUELA DE EDUCACIÓN PRIMARIA",
        "area": "CONURBANO",
        "ambito": "Urbano",
        "desfavorabilidad": 0,
        "subvencion": "Oficial",
        "sede_axo_ext": "SEDE",
        "categoria": "Primera",
        "depend_func": "Dirección Provincial de Educación Primaria",
        "cui": "613500021",
        "periodo": "Final 2025",
        "matricula": 419,
        "varones": 207,
        "mujeres": 212,
        "secciones": 18,
        "turnos": "\"DOBLE ESCOLARIDAD\"",
        "cue": 613010,
        "anexo": 0,
        "nro_escuela": 31,
        "assigned_zone_name": null,
        "source_name": "Datos Abiertos PBA - Establecimientos educativos",
        "source_url": "https://catalogo.datos.gba.gob.ar/dataset/establecimientos-educativos",
        "license": "Creative Commons Attribution 4.0",
        "generated_at": "2026-06-13T02:11:01.209890+00:00",
        "data_confidence": "high"
      },
      "geometry": {
        "type": "Point",
        "coordinates": [
          -58.6718627,
          -34.5887446
        ]
      }
    },
    {
      "type": "Feature",
      "properties": {
        "municipio_id": 6408,
        "municipio_nombre": "Hurlingham",
        "establecimiento_id": 14798,
        "establecimiento_nombre": "JARDÍN DE INFANTES Nº920",
        "region_educativa": "Región 7",
        "clave": "0135JI0920",
        "cueanexo": 61262200,
        "modalidad": "Educación Común",
        "nivel": "Nivel Inicial",
        "direccion": "GORRITI - 3520",
        "telefono": "11-15-6504-0593",
        "rpv": null,
        "email": "0135ji0920@gmail.com",
        "sector": "Estatal",
        "dependencia": "Oficial",
        "tipo_organizacion": "JARDÍN DE INFANTES",
        "area": "CONURBANO",
        "ambito": "Urbano",
        "desfavorabilidad": 0,
        "subvencion": "Oficial",
        "sede_axo_ext": "SEDE",
        "categoria": "Primera",
        "depend_func": "Dirección Provincial de Educación Inicial",
        "cui": "613500021",
        "periodo": "Final 2025",
        "matricula": 155,
        "varones": 76,
        "mujeres": 79,
        "secciones": 8,
        "turnos": "\"DOBLE ESCOLARIDAD\"",
        "cue": 612622,
        "anexo": 0,
        "nro_escuela": 920,
        "assigned_zone_name": null,
        "source_name": "Datos Abiertos PBA - Establecimientos educativos",
        "source_url": "https://catalogo.datos.gba.gob.ar/dataset/establecimientos-educativos",
        "license": "Creative Commons Attribution 4.0",
        "generated_at": "2026-06-13T02:11:01.209890+00:00",
        "data_confidence": "high"
      },
      "geometry": {
        "type": "Point",
        "coordinates": [
          -58.6715273,
          -34.5886959
        ]
      }
    },
    {
      "type": "Feature",
      "properties": {
        "municipio_id": 6408,
        "municipio_nombre": "Hurlingham",
        "establecimiento_id": 15121,
        "establecimiento_nombre": "JARDÍN DE INFANTES CARDENAL STEPINAC",
        "region_educativa": "Región 7",
        "clave": "4135JI5078",
        "cueanexo": 61427900,
        "modalidad": "Educación Común",
        "nivel": "Nivel Inicial",
        "direccion": "AVENIDA PEDRO DÍAZ - 2000",
        "telefono": "11-4665-0087",
        "rpv": null,
        "email": "jardin@colegiostepinac.edu.ar",
        "sector": "Privado",
        "dependencia": "Privada",
        "tipo_organizacion": "JARDÍN DE INFANTES",
        "area": "CONURBANO",
        "ambito": "Urbano",
        "desfavorabilidad": 0,
        "subvencion": "Subvención parcial 80%",
        "sede_axo_ext": "SEDE",
        "categoria": "Primera",
        "depend_func": "Dirección de Educación de Gestión Privada",
        "cui": "613501083",
        "periodo": "Final 2025",
        "matricula": 151,
        "varones": 81,
        "mujeres": 70,
        "secciones": 8,
        "turnos": "MAÑANA,TARDE",
        "cue": 614279,
        "anexo": 0,
        "nro_escuela": 5078,
        "assigned_zone_name": null,
        "source_name": "Datos Abiertos PBA - Establecimientos educativos",
        "source_url": "https://catalogo.datos.gba.gob.ar/dataset/establecimientos-educativos",
        "license": "Creative Commons Attribution 4.0",
        "generated_at": "2026-06-13T02:11:01.209890+00:00",
        "data_confidence": "high"
      },
      "geometry": {
        "type": "Point",
        "coordinates": [
          -58.6535099,
          -34.6001274
        ]
      }
    },
    {
      "type": "Feature",
      "properties": {
        "municipio_id": 6408,
        "municipio_nombre": "Hurlingham",
        "establecimiento_id": 15350,
        "establecimiento_nombre": "JARDÍN DE INFANTES SANTA HILDA",
        "region_educativa": "Región 7",
        "clave": "4135JI5292",
        "cueanexo": 61414600,
        "modalidad": "Educación Común",
        "nivel": "Nivel Inicial",
        "direccion": "GABOTO - 1040",
        "telefono": "11-4665-0593",
        "rpv": null,
        "email": "kindergarten@sthildas.esc.edu.ar",
        "sector": "Privado",
        "dependencia": "Privada",
        "tipo_organizacion": "JARDÍN DE INFANTES",
        "area": "CONURBANO",
        "ambito": "Urbano",
        "desfavorabilidad": 0,
        "subvencion": "Sin Subvención",
        "sede_axo_ext": "SEDE",
        "categoria": "S/Datos",
        "depend_func": "Dirección de Educación de Gestión Privada",
        "cui": "613500928",
        "periodo": "Final 2025",
        "matricula": 91,
        "varones": 44,
        "mujeres": 47,
        "secciones": 8,
        "turnos": "\"DOBLE ESCOLARIDAD\",MAÑANA",
        "cue": 614146,
        "anexo": 0,
        "nro_escuela": 5292,
        "assigned_zone_name": "Hurlingham Centro",
        "source_name": "Datos Abiertos PBA - Establecimientos educativos",
        "source_url": "https://catalogo.datos.gba.gob.ar/dataset/establecimientos-educativos",
        "license": "Creative Commons Attribution 4.0",
        "generated_at": "2026-06-13T02:11:01.209890+00:00",
        "data_confidence": "high"
      },
      "geometry": {
        "type": "Point",
        "coordinates": [
          -58.6329495,
          -34.5957198
        ]
      }
    },
    {
      "type": "Feature",
      "properties": {
        "municipio_id": 6408,
        "municipio_nombre": "Hurlingham",
        "establecimiento_id": 15708,
        "establecimiento_nombre": "JARDÍN MUNICIPAL Nº 4 \"EL MONO RELOJERO\"",
        "region_educativa": "Región 7",
        "clave": "3135JI6349",
        "cueanexo": 60054800,
        "modalidad": "Educación Común",
        "nivel": "Nivel Inicial",
        "direccion": "JOSÉ MINOGUYE - 2405",
        "telefono": "11-3679-0081",
        "rpv": null,
        "email": "jardinmunicipalcuatro@hotmail.com",
        "sector": "Estatal",
        "dependencia": "Municipal",
        "tipo_organizacion": "JARDÍN DE INFANTES",
        "area": "CONURBANO",
        "ambito": "Urbano",
        "desfavorabilidad": 0,
        "subvencion": "Subvención Total 100%",
        "sede_axo_ext": "SEDE",
        "categoria": "S/Datos",
        "depend_func": "Dirección de Educación de Gestión Privada",
        "cui": "613500755",
        "periodo": "Final 2025",
        "matricula": 128,
        "varones": 73,
        "mujeres": 55,
        "secciones": 6,
        "turnos": "MAÑANA,TARDE",
        "cue": 600548,
        "anexo": 0,
        "nro_escuela": 6349,
        "assigned_zone_name": "Primero de Mayo",
        "source_name": "Datos Abiertos PBA - Establecimientos educativos",
        "source_url": "https://catalogo.datos.gba.gob.ar/dataset/establecimientos-educativos",
        "license": "Creative Commons Attribution 4.0",
        "generated_at": "2026-06-13T02:11:01.209890+00:00",
        "data_confidence": "high"
      },
      "geometry": {
        "type": "Point",
        "coordinates": [
          -58.6565846,
          -34.5866976
        ]
      }
    },
    {
      "type": "Feature",
      "properties": {
        "municipio_id": 6408,
        "municipio_nombre": "Hurlingham",
        "establecimiento_id": 15709,
        "establecimiento_nombre": "JARDÍN MUNICIPAL Nº 3 \"EL JARDÍN DE LA ESQUINA\"",
        "region_educativa": "Región 7",
        "clave": "3135JI6348",
        "cueanexo": 60472900,
        "modalidad": "Educación Común",
        "nivel": "Nivel Inicial",
        "direccion": "SANTA ANA - 2468",
        "telefono": "11-57-1129",
        "rpv": null,
        "email": "mlmunoz2907@gmail.com",
        "sector": "Estatal",
        "dependencia": "Municipal",
        "tipo_organizacion": "JARDÍN DE INFANTES",
        "area": "CONURBANO",
        "ambito": "Urbano",
        "desfavorabilidad": 0,
        "subvencion": "Subvención Total 100%",
        "sede_axo_ext": "SEDE",
        "categoria": "S/Datos",
        "depend_func": "Dirección de Educación de Gestión Privada",
        "cui": "613500740",
        "periodo": "Final 2025",
        "matricula": 203,
        "varones": 98,
        "mujeres": 105,
        "secciones": 12,
        "turnos": "MAÑANA,TARDE",
        "cue": 604729,
        "anexo": 0,
        "nro_escuela": 6348,
        "assigned_zone_name": "Cartero",
        "source_name": "Datos Abiertos PBA - Establecimientos educativos",
        "source_url": "https://catalogo.datos.gba.gob.ar/dataset/establecimientos-educativos",
        "license": "Creative Commons Attribution 4.0",
        "generated_at": "2026-06-13T02:11:01.209890+00:00",
        "data_confidence": "high"
      },
      "geometry": {
        "type": "Point",
        "coordinates": [
          -58.6471415,
          -34.5935354
        ]
      }
    },
    {
      "type": "Feature",
      "properties": {
        "municipio_id": 6408,
        "municipio_nombre": "Hurlingham",
        "establecimiento_id": 16022,
        "establecimiento_nombre": "JARDÍN DE INFANTES Nº917",
        "region_educativa": "Región 7",
        "clave": "0135JI0917",
        "cueanexo": 61348800,
        "modalidad": "Educación Común",
        "nivel": "Nivel Inicial",
        "direccion": "OÏBRIEN (E/ROCA Y GÜEMES) - 928",
        "telefono": "11-4665-0305",
        "rpv": "78983",
        "email": "jardin917hurlingham@abc.gob.ar",
        "sector": "Estatal",
        "dependencia": "Oficial",
        "tipo_organizacion": "JARDÍN DE INFANTES",
        "area": "CONURBANO",
        "ambito": "Urbano",
        "desfavorabilidad": 0,
        "subvencion": "Oficial",
        "sede_axo_ext": "SEDE",
        "categoria": "Primera",
        "depend_func": "Dirección Provincial de Educación Inicial",
        "cui": "613500391,613500176",
        "periodo": "Final 2025",
        "matricula": 108,
        "varones": 46,
        "mujeres": 62,
        "secciones": 9,
        "turnos": "MAÑANA,TARDE,VESPERTINO",
        "cue": 613488,
        "anexo": 0,
        "nro_escuela": 917,
        "assigned_zone_name": "Hurlingham Centro",
        "source_name": "Datos Abiertos PBA - Establecimientos educativos",
        "source_url": "https://catalogo.datos.gba.gob.ar/dataset/establecimientos-educativos",
        "license": "Creative Commons Attribution 4.0",
        "generated_at": "2026-06-13T02:11:01.209890+00:00",
        "data_confidence": "high"
      },
      "geometry": {
        "type": "Point",
        "coordinates": [
          -58.6272707,
          -34.5904045
        ]
      }
    },
    {
      "type": "Feature",
      "properties": {
        "municipio_id": 6408,
        "municipio_nombre": "Hurlingham",
        "establecimiento_id": 16466,
        "establecimiento_nombre": "ESCUELA ESPECIAL HURLINGHAM",
        "region_educativa": "Región 7",
        "clave": "4135EE3849",
        "cueanexo": 61450300,
        "modalidad": "Educación Especial",
        "nivel": "Nivel Inicial",
        "direccion": "GÜEMES - 1667",
        "telefono": "11-4665-0067",
        "rpv": null,
        "email": "escuelaespecialhurlingham94@gmail.com",
        "sector": "Privado",
        "dependencia": "Privada",
        "tipo_organizacion": "ESCUELA DE EDUCACIÓN ESPECIAL",
        "area": "CONURBANO",
        "ambito": "Urbano",
        "desfavorabilidad": 0,
        "subvencion": "Subvención parcial 80%",
        "sede_axo_ext": "SEDE",
        "categoria": "Tercera",
        "depend_func": "Dirección de Educación de Gestión Privada",
        "cui": "613500835",
        "periodo": "Final 2025",
        "matricula": 2,
        "varones": 1,
        "mujeres": 1,
        "secciones": 0,
        "turnos": "\"DOBLE ESCOLARIDAD\"",
        "cue": 614503,
        "anexo": 0,
        "nro_escuela": 3849,
        "assigned_zone_name": "Villa Club",
        "source_name": "Datos Abiertos PBA - Establecimientos educativos",
        "source_url": "https://catalogo.datos.gba.gob.ar/dataset/establecimientos-educativos",
        "license": "Creative Commons Attribution 4.0",
        "generated_at": "2026-06-13T02:11:01.209890+00:00",
        "data_confidence": "high"
      },
      "geometry": {
        "type": "Point",
        "coordinates": [
          -58.6363841,
          -34.5851045
        ]
      }
    },
    {
      "type": "Feature",
      "properties": {
        "municipio_id": 6408,
        "municipio_nombre": "Hurlingham",
        "establecimiento_id": 16466,
        "establecimiento_nombre": "ESCUELA ESPECIAL HURLINGHAM",
        "region_educativa": "Región 7",
        "clave": "4135EE3849",
        "cueanexo": 61450300,
        "modalidad": "Educación Especial",
        "nivel": "Nivel Primario",
        "direccion": "GÜEMES - 1667",
        "telefono": "11-4665-0067",
        "rpv": null,
        "email": "escuelaespecialhurlingham94@gmail.com",
        "sector": "Privado",
        "dependencia": "Privada",
        "tipo_organizacion": "ESCUELA DE EDUCACIÓN ESPECIAL",
        "area": "CONURBANO",
        "ambito": "Urbano",
        "desfavorabilidad": 0,
        "subvencion": "Subvención parcial 80%",
        "sede_axo_ext": "SEDE",
        "categoria": "Tercera",
        "depend_func": "Dirección de Educación de Gestión Privada",
        "cui": "613500835",
        "periodo": "Final 2025",
        "matricula": 111,
        "varones": 62,
        "mujeres": 49,
        "secciones": 0,
        "turnos": "\"DOBLE ESCOLARIDAD\"",
        "cue": 614503,
        "anexo": 0,
        "nro_escuela": 3849,
        "assigned_zone_name": "Villa Club",
        "source_name": "Datos Abiertos PBA - Establecimientos educativos",
        "source_url": "https://catalogo.datos.gba.gob.ar/dataset/establecimientos-educativos",
        "license": "Creative Commons Attribution 4.0",
        "generated_at": "2026-06-13T02:11:01.209890+00:00",
        "data_confidence": "high"
      },
      "geometry": {
        "type": "Point",
        "coordinates": [
          -58.6363841,
          -34.5851045
        ]
      }
    },
    {
      "type": "Feature",
      "properties": {
        "municipio_id": 6408,
        "municipio_nombre": "Hurlingham",
        "establecimiento_id": 16466,
        "establecimiento_nombre": "ESCUELA ESPECIAL HURLINGHAM",
        "region_educativa": "Región 7",
        "clave": "4135EE3849",
        "cueanexo": 61450300,
        "modalidad": "Educación Especial",
        "nivel": "Formación Integral",
        "direccion": "GÜEMES - 1667",
        "telefono": "11-4665-0067",
        "rpv": null,
        "email": "escuelaespecialhurlingham94@gmail.com",
        "sector": "Privado",
        "dependencia": "Privada",
        "tipo_organizacion": "ESCUELA DE EDUCACIÓN ESPECIAL",
        "area": "CONURBANO",
        "ambito": "Urbano",
        "desfavorabilidad": 0,
        "subvencion": "Subvención parcial 80%",
        "sede_axo_ext": "SEDE",
        "categoria": "Tercera",
        "depend_func": "Dirección de Educación de Gestión Privada",
        "cui": "613500835",
        "periodo": "Final 2025",
        "matricula": 131,
        "varones": 82,
        "mujeres": 49,
        "secciones": 0,
        "turnos": "\"DOBLE ESCOLARIDAD\"",
        "cue": 614503,
        "anexo": 0,
        "nro_escuela": 3849,
        "assigned_zone_name": "Villa Club",
        "source_name": "Datos Abiertos PBA - Establecimientos educativos",
        "source_url": "https://catalogo.datos.gba.gob.ar/dataset/establecimientos-educativos",
        "license": "Creative Commons Attribution 4.0",
        "generated_at": "2026-06-13T02:11:01.209890+00:00",
        "data_confidence": "high"
      },
      "geometry": {
        "type": "Point",
        "coordinates": [
          -58.6363841,
          -34.5851045
        ]
      }
    },
    {
      "type": "Feature",
      "properties": {
        "municipio_id": 6408,
        "municipio_nombre": "Hurlingham",
        "establecimiento_id": 16630,
        "establecimiento_nombre": "JARDÍN MUNICIPAL Nº 5 \"RAYITO DE SOL\"",
        "region_educativa": "Región 7",
        "clave": "3135JI6350",
        "cueanexo": 61460500,
        "modalidad": "Educación Común",
        "nivel": "Nivel Inicial",
        "direccion": "MARISCAL CASTILLA - 4444",
        "telefono": "11-4459-0434",
        "rpv": null,
        "email": "jardinrayitodesol5@gmail.com",
        "sector": "Estatal",
        "dependencia": "Municipal",
        "tipo_organizacion": "JARDÍN DE INFANTES",
        "area": "CONURBANO",
        "ambito": "Urbano",
        "desfavorabilidad": 0,
        "subvencion": "Subvención Total 100%",
        "sede_axo_ext": "SEDE",
        "categoria": "S/Datos",
        "depend_func": "Dirección de Educación de Gestión Privada",
        "cui": "613500764",
        "periodo": "Final 2025",
        "matricula": 106,
        "varones": 57,
        "mujeres": 49,
        "secciones": 6,
        "turnos": "\"DOBLE ESCOLARIDAD\"",
        "cue": 614605,
        "anexo": 0,
        "nro_escuela": 6350,
        "assigned_zone_name": null,
        "source_name": "Datos Abiertos PBA - Establecimientos educativos",
        "source_url": "https://catalogo.datos.gba.gob.ar/dataset/establecimientos-educativos",
        "license": "Creative Commons Attribution 4.0",
        "generated_at": "2026-06-13T02:11:01.209890+00:00",
        "data_confidence": "high"
      },
      "geometry": {
        "type": "Point",
        "coordinates": [
          -58.6494152,
          -34.6218288
        ]
      }
    },
    {
      "type": "Feature",
      "properties": {
        "municipio_id": 6408,
        "municipio_nombre": "Hurlingham",
        "establecimiento_id": 16631,
        "establecimiento_nombre": "JARDÍN MUNICIPAL Nº 6 \"ARROZ CON LECHE\"",
        "region_educativa": "Región 7",
        "clave": "3135JI6351",
        "cueanexo": 61460600,
        "modalidad": "Educación Común",
        "nivel": "Nivel Inicial",
        "direccion": "CHARRÚAS - 1280",
        "telefono": "11-4450-8828",
        "rpv": null,
        "email": "arroz.municipal@outlook.com.ar",
        "sector": "Estatal",
        "dependencia": "Municipal",
        "tipo_organizacion": "JARDÍN DE INFANTES",
        "area": "CONURBANO",
        "ambito": "Urbano",
        "desfavorabilidad": 0,
        "subvencion": "Subvención Total 100%",
        "sede_axo_ext": "SEDE",
        "categoria": "S/Datos",
        "depend_func": "Dirección de Educación de Gestión Privada",
        "cui": "613500772",
        "periodo": "Final 2025",
        "matricula": 147,
        "varones": 72,
        "mujeres": 75,
        "secciones": 8,
        "turnos": "MAÑANA,TARDE",
        "cue": 614606,
        "anexo": 0,
        "nro_escuela": 6351,
        "assigned_zone_name": "El Libertador",
        "source_name": "Datos Abiertos PBA - Establecimientos educativos",
        "source_url": "https://catalogo.datos.gba.gob.ar/dataset/establecimientos-educativos",
        "license": "Creative Commons Attribution 4.0",
        "generated_at": "2026-06-13T02:11:01.209890+00:00",
        "data_confidence": "high"
      },
      "geometry": {
        "type": "Point",
        "coordinates": [
          -58.6431801,
          -34.630456
        ]
      }
    },
    {
      "type": "Feature",
      "properties": {
        "municipio_id": 6408,
        "municipio_nombre": "Hurlingham",
        "establecimiento_id": 16941,
        "establecimiento_nombre": "INSTITUTO PRESIDENTE SARMIENTO",
        "region_educativa": "Región 7",
        "clave": "4135PP5942",
        "cueanexo": 61496900,
        "modalidad": "Educación Común",
        "nivel": "Nivel Primario",
        "direccion": "JULIAN AGUIRRE - 1721",
        "telefono": "11-4662-8156",
        "rpv": null,
        "email": "sarmiento_50@yahoo.com.ar",
        "sector": "Privado",
        "dependencia": "Privada",
        "tipo_organizacion": "ESCUELA DE EDUCACIÓN PRIMARIA",
        "area": "CONURBANO",
        "ambito": "Urbano",
        "desfavorabilidad": 0,
        "subvencion": "Sin Subvención",
        "sede_axo_ext": "SEDE",
        "categoria": "S/Datos",
        "depend_func": "Dirección de Educación de Gestión Privada",
        "cui": "613500888",
        "periodo": "Final 2025",
        "matricula": 98,
        "varones": 50,
        "mujeres": 48,
        "secciones": 6,
        "turnos": "TARDE",
        "cue": 614969,
        "anexo": 0,
        "nro_escuela": 5942,
        "assigned_zone_name": "Parque Jhonston",
        "source_name": "Datos Abiertos PBA - Establecimientos educativos",
        "source_url": "https://catalogo.datos.gba.gob.ar/dataset/establecimientos-educativos",
        "license": "Creative Commons Attribution 4.0",
        "generated_at": "2026-06-13T02:11:01.209890+00:00",
        "data_confidence": "high"
      },
      "geometry": {
        "type": "Point",
        "coordinates": [
          -58.6386793,
          -34.5916827
        ]
      }
    },
    {
      "type": "Feature",
      "properties": {
        "municipio_id": 6408,
        "municipio_nombre": "Hurlingham",
        "establecimiento_id": 17383,
        "establecimiento_nombre": "ESCUELA DE EDUCACIÓN SECUNDARIA AGRARIA Nº1",
        "region_educativa": "Región 7",
        "clave": "0135MA0001",
        "cueanexo": 61562800,
        "modalidad": "Educación Técnico Profesional",
        "nivel": "Nivel Secundario",
        "direccion": "GORRITI - 3500",
        "telefono": "11-15-5002-8058",
        "rpv": null,
        "email": "andykarher@yahoo.com.ar",
        "sector": "Estatal",
        "dependencia": "Oficial",
        "tipo_organizacion": "ESCUELA DE EDUCACIÓN SECUNDARIA AGRARIA",
        "area": "CONURBANO",
        "ambito": "Urbano",
        "desfavorabilidad": 0,
        "subvencion": "Oficial",
        "sede_axo_ext": "SEDE",
        "categoria": "Segunda",
        "depend_func": "Dirección Provincial de Educación Técnico Profesional",
        "cui": "613500021",
        "periodo": "Final 2025",
        "matricula": 283,
        "varones": 136,
        "mujeres": 147,
        "secciones": 12,
        "turnos": "\"DOBLE ESCOLARIDAD\"",
        "cue": 615628,
        "anexo": 0,
        "nro_escuela": 1,
        "assigned_zone_name": null,
        "source_name": "Datos Abiertos PBA - Establecimientos educativos",
        "source_url": "https://catalogo.datos.gba.gob.ar/dataset/establecimientos-educativos",
        "license": "Creative Commons Attribution 4.0",
        "generated_at": "2026-06-13T02:11:01.209890+00:00",
        "data_confidence": "high"
      },
      "geometry": {
        "type": "Point",
        "coordinates": [
          -58.6725207,
          -34.5893795
        ]
      }
    },
    {
      "type": "Feature",
      "properties": {
        "municipio_id": 6408,
        "municipio_nombre": "Hurlingham",
        "establecimiento_id": 17400,
        "establecimiento_nombre": "ESCUELA PARROQUIAL SANTA MARTA",
        "region_educativa": "Región 7",
        "clave": "4135MS5698",
        "cueanexo": 61560200,
        "modalidad": "Educación Común",
        "nivel": "Nivel Secundario",
        "direccion": "SALAZAR E/ESPINOLA Y AV VERGARA - 159",
        "telefono": "11-7723-7937",
        "rpv": null,
        "email": "parroquialsantamarta@gmail.com",
        "sector": "Privado",
        "dependencia": "Privada",
        "tipo_organizacion": "ESCUELA DE EDUCACIÓN SECUNDARIA",
        "area": "CONURBANO",
        "ambito": "Urbano",
        "desfavorabilidad": 0,
        "subvencion": "Subvención Total 100%",
        "sede_axo_ext": "SEDE",
        "categoria": "Segunda",
        "depend_func": "Dirección de Educación de Gestión Privada",
        "cui": "613501054",
        "periodo": "Final 2025",
        "matricula": 410,
        "varones": 152,
        "mujeres": 258,
        "secciones": 13,
        "turnos": "MAÑANA,TARDE",
        "cue": 615602,
        "anexo": 0,
        "nro_escuela": 5698,
        "assigned_zone_name": "Atepam Italia",
        "source_name": "Datos Abiertos PBA - Establecimientos educativos",
        "source_url": "https://catalogo.datos.gba.gob.ar/dataset/establecimientos-educativos",
        "license": "Creative Commons Attribution 4.0",
        "generated_at": "2026-06-13T02:11:01.209890+00:00",
        "data_confidence": "high"
      },
      "geometry": {
        "type": "Point",
        "coordinates": [
          -58.6296298,
          -34.6303669
        ]
      }
    },
    {
      "type": "Feature",
      "properties": {
        "municipio_id": 6408,
        "municipio_nombre": "Hurlingham",
        "establecimiento_id": 17902,
        "establecimiento_nombre": "ESCUELA ESPECIAL Nº503",
        "region_educativa": "Región 7",
        "clave": "0135EE0503",
        "cueanexo": 61601700,
        "modalidad": "Educación Especial",
        "nivel": "Nivel Primario",
        "direccion": "GORRITI - 3520",
        "telefono": "11-4452-1848",
        "rpv": null,
        "email": "eeangeldelaguardia@yahoo.com.ar",
        "sector": "Estatal",
        "dependencia": "Oficial",
        "tipo_organizacion": "ESCUELA DE EDUCACIÓN ESPECIAL",
        "area": "CONURBANO",
        "ambito": "Urbano",
        "desfavorabilidad": 0,
        "subvencion": "Oficial",
        "sede_axo_ext": "SEDE",
        "categoria": "Primera",
        "depend_func": "Dirección de Educación Especial",
        "cui": "613500021",
        "periodo": "Final 2025",
        "matricula": 116,
        "varones": 76,
        "mujeres": 40,
        "secciones": 0,
        "turnos": "\"DOBLE ESCOLARIDAD\"",
        "cue": 616017,
        "anexo": 0,
        "nro_escuela": 503,
        "assigned_zone_name": null,
        "source_name": "Datos Abiertos PBA - Establecimientos educativos",
        "source_url": "https://catalogo.datos.gba.gob.ar/dataset/establecimientos-educativos",
        "license": "Creative Commons Attribution 4.0",
        "generated_at": "2026-06-13T02:11:01.209890+00:00",
        "data_confidence": "high"
      },
      "geometry": {
        "type": "Point",
        "coordinates": [
          -58.673123,
          -34.5875833
        ]
      }
    },
    {
      "type": "Feature",
      "properties": {
        "municipio_id": 6408,
        "municipio_nombre": "Hurlingham",
        "establecimiento_id": 17902,
        "establecimiento_nombre": "ESCUELA ESPECIAL Nº503",
        "region_educativa": "Región 7",
        "clave": "0135EE0503",
        "cueanexo": 61601700,
        "modalidad": "Educación Especial",
        "nivel": "Formación Integral",
        "direccion": "GORRITI - 3520",
        "telefono": "11-4452-1848",
        "rpv": null,
        "email": "eeangeldelaguardia@yahoo.com.ar",
        "sector": "Estatal",
        "dependencia": "Oficial",
        "tipo_organizacion": "ESCUELA DE EDUCACIÓN ESPECIAL",
        "area": "CONURBANO",
        "ambito": "Urbano",
        "desfavorabilidad": 0,
        "subvencion": "Oficial",
        "sede_axo_ext": "SEDE",
        "categoria": "Primera",
        "depend_func": "Dirección de Educación Especial",
        "cui": "613500021",
        "periodo": "Final 2025",
        "matricula": 73,
        "varones": 46,
        "mujeres": 27,
        "secciones": 0,
        "turnos": "\"DOBLE ESCOLARIDAD\"",
        "cue": 616017,
        "anexo": 0,
        "nro_escuela": 503,
        "assigned_zone_name": null,
        "source_name": "Datos Abiertos PBA - Establecimientos educativos",
        "source_url": "https://catalogo.datos.gba.gob.ar/dataset/establecimientos-educativos",
        "license": "Creative Commons Attribution 4.0",
        "generated_at": "2026-06-13T02:11:01.209890+00:00",
        "data_confidence": "high"
      },
      "geometry": {
        "type": "Point",
        "coordinates": [
          -58.673123,
          -34.5875833
        ]
      }
    },
    {
      "type": "Feature",
      "properties": {
        "municipio_id": 6408,
        "municipio_nombre": "Hurlingham",
        "establecimiento_id": 18175,
        "establecimiento_nombre": "INSTITUTO SAN CARLOS",
        "region_educativa": "Región 7",
        "clave": "4135MS7861",
        "cueanexo": 61608400,
        "modalidad": "Educación Común",
        "nivel": "Nivel Secundario",
        "direccion": "AVDA. VERGARA - 2182",
        "telefono": "11-7720-8966",
        "rpv": null,
        "email": "admin@institutosancarlos.net",
        "sector": "Privado",
        "dependencia": "Privada",
        "tipo_organizacion": "ESCUELA DE EDUCACIÓN SECUNDARIA",
        "area": "CONURBANO",
        "ambito": "Urbano",
        "desfavorabilidad": 0,
        "subvencion": "Subvención parcial 60%",
        "sede_axo_ext": "SEDE",
        "categoria": "Tercera",
        "depend_func": "Dirección de Educación de Gestión Privada",
        "cui": "613501012",
        "periodo": "Final 2025",
        "matricula": 96,
        "varones": 44,
        "mujeres": 52,
        "secciones": 6,
        "turnos": "MAÑANA",
        "cue": 616084,
        "anexo": 0,
        "nro_escuela": 7861,
        "assigned_zone_name": "Villa Tesei Centro",
        "source_name": "Datos Abiertos PBA - Establecimientos educativos",
        "source_url": "https://catalogo.datos.gba.gob.ar/dataset/establecimientos-educativos",
        "license": "Creative Commons Attribution 4.0",
        "generated_at": "2026-06-13T02:11:01.209890+00:00",
        "data_confidence": "high"
      },
      "geometry": {
        "type": "Point",
        "coordinates": [
          -58.6342872,
          -34.6171091
        ]
      }
    },
    {
      "type": "Feature",
      "properties": {
        "municipio_id": 6408,
        "municipio_nombre": "Hurlingham",
        "establecimiento_id": 18389,
        "establecimiento_nombre": "CENTRO DE FORMACIÓN PROFESIONAL MALVINAS ARGENTINAS",
        "region_educativa": "Región 7",
        "clave": "3135DF6494",
        "cueanexo": 61619500,
        "modalidad": "Educación de Jóvenes y Adultos",
        "nivel": "Formación Profesional",
        "direccion": "SOLIS - 2474",
        "telefono": "11-3533-5947",
        "rpv": null,
        "email": "cfp_hurlingham@yahoo.com.ar",
        "sector": "Estatal",
        "dependencia": "Municipal",
        "tipo_organizacion": "CENTRO DE FORMACIÓN PROFESIONAL",
        "area": "CONURBANO",
        "ambito": "Urbano",
        "desfavorabilidad": 0,
        "subvencion": "Sin Subvención",
        "sede_axo_ext": "SEDE",
        "categoria": "S/Datos",
        "depend_func": "Dirección de Educación de Gestión Privada",
        "cui": "613500717",
        "periodo": "Final 2025",
        "matricula": 558,
        "varones": 192,
        "mujeres": 366,
        "secciones": 33,
        "turnos": "INTERMEDIO,TARDE,VESPERTINO",
        "cue": 616195,
        "anexo": 0,
        "nro_escuela": 6494,
        "assigned_zone_name": "Roca 2",
        "source_name": "Datos Abiertos PBA - Establecimientos educativos",
        "source_url": "https://catalogo.datos.gba.gob.ar/dataset/establecimientos-educativos",
        "license": "Creative Commons Attribution 4.0",
        "generated_at": "2026-06-13T02:11:01.209890+00:00",
        "data_confidence": "high"
      },
      "geometry": {
        "type": "Point",
        "coordinates": [
          -58.6513087,
          -34.5801619
        ]
      }
    },
    {
      "type": "Feature",
      "properties": {
        "municipio_id": 6408,
        "municipio_nombre": "Hurlingham",
        "establecimiento_id": 18506,
        "establecimiento_nombre": "COLEGIO NUEVA ERA",
        "region_educativa": "Región 7",
        "clave": "4135MS7874",
        "cueanexo": 61646300,
        "modalidad": "Educación Común",
        "nivel": "Nivel Secundario",
        "direccion": "GÜEMES - 1750",
        "telefono": "11-4452-4301",
        "rpv": null,
        "email": "informes@colegionuevaera.edu.ar",
        "sector": "Privado",
        "dependencia": "Privada",
        "tipo_organizacion": "ESCUELA DE EDUCACIÓN SECUNDARIA",
        "area": "CONURBANO",
        "ambito": "Urbano",
        "desfavorabilidad": 0,
        "subvencion": "Subvención parcial 60%",
        "sede_axo_ext": "SEDE",
        "categoria": "Tercera",
        "depend_func": "Dirección de Educación de Gestión Privada",
        "cui": "613500826",
        "periodo": "Final 2025",
        "matricula": 84,
        "varones": 41,
        "mujeres": 43,
        "secciones": 6,
        "turnos": "MAÑANA",
        "cue": 616463,
        "anexo": 0,
        "nro_escuela": 7874,
        "assigned_zone_name": "Villa Club",
        "source_name": "Datos Abiertos PBA - Establecimientos educativos",
        "source_url": "https://catalogo.datos.gba.gob.ar/dataset/establecimientos-educativos",
        "license": "Creative Commons Attribution 4.0",
        "generated_at": "2026-06-13T02:11:01.209890+00:00",
        "data_confidence": "high"
      },
      "geometry": {
        "type": "Point",
        "coordinates": [
          -58.6379628,
          -34.5841653
        ]
      }
    },
    {
      "type": "Feature",
      "properties": {
        "municipio_id": 6408,
        "municipio_nombre": "Hurlingham",
        "establecimiento_id": 18542,
        "establecimiento_nombre": "INSTITUTO E. SABATO",
        "region_educativa": "Región 7",
        "clave": "4135PP6499",
        "cueanexo": 61670800,
        "modalidad": "Educación Común",
        "nivel": "Nivel Primario",
        "direccion": "ARGERICH E/ BOLIVAR Y GURRUCHAGA - 1742",
        "telefono": "11-4452-2622",
        "rpv": null,
        "email": "colegioernestosabato@yahoo.com.ar",
        "sector": "Privado",
        "dependencia": "Privada",
        "tipo_organizacion": "ESCUELA DE EDUCACIÓN PRIMARIA",
        "area": "CONURBANO",
        "ambito": "Urbano",
        "desfavorabilidad": 0,
        "subvencion": "Sin Subvención",
        "sede_axo_ext": "SEDE",
        "categoria": "S/Datos",
        "depend_func": "Dirección de Educación de Gestión Privada",
        "cui": "613500861",
        "periodo": "Final 2025",
        "matricula": 408,
        "varones": 226,
        "mujeres": 182,
        "secciones": 15,
        "turnos": "MAÑANA,TARDE",
        "cue": 616708,
        "anexo": 0,
        "nro_escuela": 6499,
        "assigned_zone_name": "Curapaytí",
        "source_name": "Datos Abiertos PBA - Establecimientos educativos",
        "source_url": "https://catalogo.datos.gba.gob.ar/dataset/establecimientos-educativos",
        "license": "Creative Commons Attribution 4.0",
        "generated_at": "2026-06-13T02:11:01.209890+00:00",
        "data_confidence": "high"
      },
      "geometry": {
        "type": "Point",
        "coordinates": [
          -58.6423474,
          -34.588197
        ]
      }
    },
    {
      "type": "Feature",
      "properties": {
        "municipio_id": 6408,
        "municipio_nombre": "Hurlingham",
        "establecimiento_id": 18732,
        "establecimiento_nombre": "INSTITUTO SUPERIOR DE FORMACION DOCENTE Y TÉCNICA Nº209 \"CEFERINO NAMUNCURÁ\"",
        "region_educativa": "Región 7",
        "clave": "0135IS0209",
        "cueanexo": 61684200,
        "modalidad": "Educación Común",
        "nivel": "Nivel Superior",
        "direccion": "GORRITI - 3800",
        "telefono": "11-15-5757-5703",
        "rpv": null,
        "email": "isfdyt209@gmail.com.ar",
        "sector": "Estatal",
        "dependencia": "Oficial",
        "tipo_organizacion": "INSTITUTO SUPERIOR DE FORMACIÓN DOCENTE Y TÉCNICA",
        "area": "CONURBANO",
        "ambito": "Urbano",
        "desfavorabilidad": 0,
        "subvencion": "Oficial",
        "sede_axo_ext": "SEDE",
        "categoria": "Segunda",
        "depend_func": "Dirección Provincial de Educación Superior",
        "cui": "613500021",
        "periodo": "Final 2025",
        "matricula": 563,
        "varones": 110,
        "mujeres": 453,
        "secciones": 12,
        "turnos": "VESPERTINO",
        "cue": 616842,
        "anexo": 0,
        "nro_escuela": 209,
        "assigned_zone_name": null,
        "source_name": "Datos Abiertos PBA - Establecimientos educativos",
        "source_url": "https://catalogo.datos.gba.gob.ar/dataset/establecimientos-educativos",
        "license": "Creative Commons Attribution 4.0",
        "generated_at": "2026-06-13T02:11:01.209890+00:00",
        "data_confidence": "high"
      },
      "geometry": {
        "type": "Point",
        "coordinates": [
          -58.6751851,
          -34.5860532
        ]
      }
    },
    {
      "type": "Feature",
      "properties": {
        "municipio_id": 6408,
        "municipio_nombre": "Hurlingham",
        "establecimiento_id": 19030,
        "establecimiento_nombre": "ESCUELA DE ADULTOS Nº711",
        "region_educativa": "Región 7",
        "clave": "0135DE0711",
        "cueanexo": 61712500,
        "modalidad": "Educación de Jóvenes y Adultos",
        "nivel": "Nivel Primario",
        "direccion": "GORRITI - 3520",
        "telefono": "11-15-506-2837",
        "rpv": null,
        "email": "0135de711@gmail.com",
        "sector": "Estatal",
        "dependencia": "Oficial",
        "tipo_organizacion": "ESCUELA DE EDUCACIÓN PRIMARIA DE ADULTOS",
        "area": "CONURBANO",
        "ambito": "Urbano",
        "desfavorabilidad": 0,
        "subvencion": "Oficial",
        "sede_axo_ext": "SEDE",
        "categoria": "Tercera",
        "depend_func": "Dirección de Educación de Jóvenes, Adultos y Adultos Mayores",
        "cui": "613500021",
        "periodo": "Final 2025",
        "matricula": 31,
        "varones": 7,
        "mujeres": 24,
        "secciones": 2,
        "turnos": "MAÑANA,TARDE",
        "cue": 617125,
        "anexo": 0,
        "nro_escuela": 711,
        "assigned_zone_name": null,
        "source_name": "Datos Abiertos PBA - Establecimientos educativos",
        "source_url": "https://catalogo.datos.gba.gob.ar/dataset/establecimientos-educativos",
        "license": "Creative Commons Attribution 4.0",
        "generated_at": "2026-06-13T02:11:01.209890+00:00",
        "data_confidence": "high"
      },
      "geometry": {
        "type": "Point",
        "coordinates": [
          -58.6721759,
          -34.5883148
        ]
      }
    },
    {
      "type": "Feature",
      "properties": {
        "municipio_id": 6408,
        "municipio_nombre": "Hurlingham",
        "establecimiento_id": 19179,
        "establecimiento_nombre": "ESCUELA DE EDUCACIÓN SECUNDARIA Nº14 \"MARÍA ELENA WALSH\"",
        "region_educativa": "Región 7",
        "clave": "0135MS0014",
        "cueanexo": 61731600,
        "modalidad": "Educación Común",
        "nivel": "Nivel Secundario",
        "direccion": "ALBARIÑOS - 2166",
        "telefono": "11-4452-5290",
        "rpv": null,
        "email": "secundaria14hurlingham@abc.gob.ar",
        "sector": "Estatal",
        "dependencia": "Oficial",
        "tipo_organizacion": "ESCUELA DE EDUCACIÓN SECUNDARIA",
        "area": "CONURBANO",
        "ambito": "Urbano",
        "desfavorabilidad": 0,
        "subvencion": "Oficial",
        "sede_axo_ext": "SEDE",
        "categoria": "Segunda",
        "depend_func": "Dirección Provincial de Educación Secundaria",
        "cui": "613501152",
        "periodo": "Final 2025",
        "matricula": 172,
        "varones": 90,
        "mujeres": 82,
        "secciones": 9,
        "turnos": "MAÑANA,TARDE,VESPERTINO",
        "cue": 617316,
        "anexo": 0,
        "nro_escuela": 14,
        "assigned_zone_name": "Curapaytí",
        "source_name": "Datos Abiertos PBA - Establecimientos educativos",
        "source_url": "https://catalogo.datos.gba.gob.ar/dataset/establecimientos-educativos",
        "license": "Creative Commons Attribution 4.0",
        "generated_at": "2026-06-13T02:11:01.209890+00:00",
        "data_confidence": "high"
      },
      "geometry": {
        "type": "Point",
        "coordinates": [
          -58.6454025,
          -34.5864312
        ]
      }
    },
    {
      "type": "Feature",
      "properties": {
        "municipio_id": 6408,
        "municipio_nombre": "Hurlingham",
        "establecimiento_id": 19274,
        "establecimiento_nombre": "ESCUELA DE EDUCACIÓN SECUNDARIA Nº 25 \"EVA DUARTE\"",
        "region_educativa": "Región 7",
        "clave": "0135MS0025",
        "cueanexo": 61736500,
        "modalidad": "Educación Común",
        "nivel": "Nivel Secundario",
        "direccion": "AV. PEDRO DÍAZ - 425",
        "telefono": "11-4459-7731",
        "rpv": null,
        "email": "secundaria25hurlingham@gmail.com",
        "sector": "Estatal",
        "dependencia": "Oficial",
        "tipo_organizacion": "ESCUELA DE EDUCACIÓN SECUNDARIA",
        "area": "CONURBANO",
        "ambito": "Urbano",
        "desfavorabilidad": 0,
        "subvencion": "Oficial",
        "sede_axo_ext": "SEDE",
        "categoria": "Segunda",
        "depend_func": "Dirección Provincial de Educación Secundaria",
        "cui": "613500111",
        "periodo": "Final 2025",
        "matricula": 272,
        "varones": 132,
        "mujeres": 140,
        "secciones": 11,
        "turnos": "MAÑANA,TARDE",
        "cue": 617365,
        "anexo": 0,
        "nro_escuela": 25,
        "assigned_zone_name": "Villa Tesei Centro",
        "source_name": "Datos Abiertos PBA - Establecimientos educativos",
        "source_url": "https://catalogo.datos.gba.gob.ar/dataset/establecimientos-educativos",
        "license": "Creative Commons Attribution 4.0",
        "generated_at": "2026-06-13T02:11:01.209890+00:00",
        "data_confidence": "high"
      },
      "geometry": {
        "type": "Point",
        "coordinates": [
          -58.6375757,
          -34.6130636
        ]
      }
    },
    {
      "type": "Feature",
      "properties": {
        "municipio_id": 6408,
        "municipio_nombre": "Hurlingham",
        "establecimiento_id": 19506,
        "establecimiento_nombre": "ESCUELA DE EDUCACIÓN SECUNDARIA Nº16",
        "region_educativa": "Región 7",
        "clave": "0135MS0016",
        "cueanexo": 61759600,
        "modalidad": "Educación Común",
        "nivel": "Nivel Secundario",
        "direccion": "MINOGUYE - 2602",
        "telefono": "11-3526-8618",
        "rpv": null,
        "email": "secundaria16hurlingham@abc.gob.ar",
        "sector": "Estatal",
        "dependencia": "Oficial",
        "tipo_organizacion": "ESCUELA DE EDUCACIÓN SECUNDARIA",
        "area": "CONURBANO",
        "ambito": "Urbano",
        "desfavorabilidad": 0,
        "subvencion": "Oficial",
        "sede_axo_ext": "SEDE",
        "categoria": "Segunda",
        "depend_func": "Dirección Provincial de Educación Secundaria",
        "cui": "613501199",
        "periodo": "Final 2025",
        "matricula": 294,
        "varones": 154,
        "mujeres": 140,
        "secciones": 14,
        "turnos": "MAÑANA,TARDE,VESPERTINO",
        "cue": 617596,
        "anexo": 0,
        "nro_escuela": 16,
        "assigned_zone_name": "La Leonor",
        "source_name": "Datos Abiertos PBA - Establecimientos educativos",
        "source_url": "https://catalogo.datos.gba.gob.ar/dataset/establecimientos-educativos",
        "license": "Creative Commons Attribution 4.0",
        "generated_at": "2026-06-13T02:11:01.209890+00:00",
        "data_confidence": "high"
      },
      "geometry": {
        "type": "Point",
        "coordinates": [
          -58.6580366,
          -34.5888451
        ]
      }
    },
    {
      "type": "Feature",
      "properties": {
        "municipio_id": 6408,
        "municipio_nombre": "Hurlingham",
        "establecimiento_id": 20023,
        "establecimiento_nombre": "ESCUELA DE EDUCACIÓN SECUNDARIA Nº15 \"RENÉ FAVALORO\"",
        "region_educativa": "Región 7",
        "clave": "0135MS0015",
        "cueanexo": 61805000,
        "modalidad": "Educación Común",
        "nivel": "Nivel Secundario",
        "direccion": "ASAMBLEA DEL AÑO XIII Y THEVENIN - S/N",
        "telefono": "11-5435-4154",
        "rpv": null,
        "email": "0135bs0015@gmail.com",
        "sector": "Estatal",
        "dependencia": "Oficial",
        "tipo_organizacion": "ESCUELA DE EDUCACIÓN SECUNDARIA",
        "area": "CONURBANO",
        "ambito": "Urbano",
        "desfavorabilidad": 0,
        "subvencion": "Oficial",
        "sede_axo_ext": "SEDE",
        "categoria": "Tercera",
        "depend_func": "Dirección Provincial de Educación Secundaria",
        "cui": "613500512",
        "periodo": "Final 2025",
        "matricula": 112,
        "varones": 62,
        "mujeres": 50,
        "secciones": 6,
        "turnos": "MAÑANA,TARDE",
        "cue": 618050,
        "anexo": 0,
        "nro_escuela": 15,
        "assigned_zone_name": "Villa Club",
        "source_name": "Datos Abiertos PBA - Establecimientos educativos",
        "source_url": "https://catalogo.datos.gba.gob.ar/dataset/establecimientos-educativos",
        "license": "Creative Commons Attribution 4.0",
        "generated_at": "2026-06-13T02:11:01.209890+00:00",
        "data_confidence": "high"
      },
      "geometry": {
        "type": "Point",
        "coordinates": [
          -58.6289781,
          -34.5785875
        ]
      }
    },
    {
      "type": "Feature",
      "properties": {
        "municipio_id": 6408,
        "municipio_nombre": "Hurlingham",
        "establecimiento_id": 20026,
        "establecimiento_nombre": "ESCUELA DE EDUCACIÓN SECUNDARIA Nº21 \"HÉROES DE MALVINAS\"",
        "region_educativa": "Región 7",
        "clave": "0135MS0021",
        "cueanexo": 61805300,
        "modalidad": "Educación Común",
        "nivel": "Nivel Secundario",
        "direccion": "NIGHTINGALE - 1070",
        "telefono": "11-4450-0263",
        "rpv": "70371",
        "email": "0135bs@gmail.com",
        "sector": "Estatal",
        "dependencia": "Oficial",
        "tipo_organizacion": "ESCUELA DE EDUCACIÓN SECUNDARIA",
        "area": "CONURBANO",
        "ambito": "Urbano",
        "desfavorabilidad": 0,
        "subvencion": "Oficial",
        "sede_axo_ext": "SEDE",
        "categoria": "Segunda",
        "depend_func": "Dirección Provincial de Educación Secundaria",
        "cui": "613500148",
        "periodo": "Final 2025",
        "matricula": 184,
        "varones": 90,
        "mujeres": 94,
        "secciones": 9,
        "turnos": "MAÑANA,TARDE",
        "cue": 618053,
        "anexo": 0,
        "nro_escuela": 21,
        "assigned_zone_name": "El Porvenir",
        "source_name": "Datos Abiertos PBA - Establecimientos educativos",
        "source_url": "https://catalogo.datos.gba.gob.ar/dataset/establecimientos-educativos",
        "license": "Creative Commons Attribution 4.0",
        "generated_at": "2026-06-13T02:11:01.209890+00:00",
        "data_confidence": "high"
      },
      "geometry": {
        "type": "Point",
        "coordinates": [
          -58.640622,
          -34.6238989
        ]
      }
    },
    {
      "type": "Feature",
      "properties": {
        "municipio_id": 6408,
        "municipio_nombre": "Hurlingham",
        "establecimiento_id": 20028,
        "establecimiento_nombre": "ESCUELA DE EDUCACIÓN SECUNDARIA N°23 \"ATAHUALPA YUPANQUI\"",
        "region_educativa": "Región 7",
        "clave": "0135MS0023",
        "cueanexo": 61805500,
        "modalidad": "Educación Común",
        "nivel": "Nivel Secundario",
        "direccion": "MUSTONI (E/ PIOVANO Y MINOGUYE) - 2384",
        "telefono": "11-4452-7859",
        "rpv": null,
        "email": "0135bs0020@gmail.com",
        "sector": "Estatal",
        "dependencia": "Oficial",
        "tipo_organizacion": "ESCUELA DE EDUCACIÓN SECUNDARIA",
        "area": "CONURBANO",
        "ambito": "Urbano",
        "desfavorabilidad": 0,
        "subvencion": "Oficial",
        "sede_axo_ext": "SEDE",
        "categoria": "Tercera",
        "depend_func": "Dirección Provincial de Educación Secundaria",
        "cui": "613500554",
        "periodo": "Final 2025",
        "matricula": 106,
        "varones": 53,
        "mujeres": 53,
        "secciones": 6,
        "turnos": "MAÑANA,TARDE",
        "cue": 618055,
        "anexo": 0,
        "nro_escuela": 23,
        "assigned_zone_name": "Roca 2",
        "source_name": "Datos Abiertos PBA - Establecimientos educativos",
        "source_url": "https://catalogo.datos.gba.gob.ar/dataset/establecimientos-educativos",
        "license": "Creative Commons Attribution 4.0",
        "generated_at": "2026-06-13T02:11:01.209890+00:00",
        "data_confidence": "high"
      },
      "geometry": {
        "type": "Point",
        "coordinates": [
          -58.6467874,
          -34.5796595
        ]
      }
    },
    {
      "type": "Feature",
      "properties": {
        "municipio_id": 6408,
        "municipio_nombre": "Hurlingham",
        "establecimiento_id": 20029,
        "establecimiento_nombre": "ESCUELA DE EDUCACIÓN SECUNDARIA Nº 12 \"MERCEDES SOSA\"",
        "region_educativa": "Región 7",
        "clave": "0135MS0012",
        "cueanexo": 61805600,
        "modalidad": "Educación Común",
        "nivel": "Nivel Secundario",
        "direccion": "GABRIEL DE ARISTIZÁBAL - 915",
        "telefono": "11-4450-0138",
        "rpv": null,
        "email": "secundaria12hurlingham@abc.gob.ar",
        "sector": "Estatal",
        "dependencia": "Oficial",
        "tipo_organizacion": "ESCUELA DE EDUCACIÓN SECUNDARIA",
        "area": "CONURBANO",
        "ambito": "Urbano",
        "desfavorabilidad": 0,
        "subvencion": "Oficial",
        "sede_axo_ext": "SEDE",
        "categoria": "Segunda",
        "depend_func": "Dirección Provincial de Educación Secundaria",
        "cui": "613500481",
        "periodo": "Final 2025",
        "matricula": 211,
        "varones": 114,
        "mujeres": 97,
        "secciones": 12,
        "turnos": "MAÑANA,TARDE",
        "cue": 618056,
        "anexo": 0,
        "nro_escuela": 12,
        "assigned_zone_name": null,
        "source_name": "Datos Abiertos PBA - Establecimientos educativos",
        "source_url": "https://catalogo.datos.gba.gob.ar/dataset/establecimientos-educativos",
        "license": "Creative Commons Attribution 4.0",
        "generated_at": "2026-06-13T02:11:01.209890+00:00",
        "data_confidence": "high"
      },
      "geometry": {
        "type": "Point",
        "coordinates": [
          -58.6565057,
          -34.6199593
        ]
      }
    },
    {
      "type": "Feature",
      "properties": {
        "municipio_id": 6408,
        "municipio_nombre": "Hurlingham",
        "establecimiento_id": 20030,
        "establecimiento_nombre": "ESCUELA DE EDUCACIÓN SECUNDARIA TÉCNICA Nº3 \"VICTOR MERCANTE\"",
        "region_educativa": "Región 7",
        "clave": "0135MT0003",
        "cueanexo": 61805700,
        "modalidad": "Educación Técnico Profesional",
        "nivel": "Nivel Secundario",
        "direccion": "ANDONAEGUI - 2295",
        "telefono": "11-4665-2867",
        "rpv": null,
        "email": "eest3hurlingham@abc.gob.ar",
        "sector": "Estatal",
        "dependencia": "Oficial",
        "tipo_organizacion": "ESCUELA DE EDUCACIÓN SECUNDARIA TÉCNICA",
        "area": "CONURBANO",
        "ambito": "Urbano",
        "desfavorabilidad": 0,
        "subvencion": "Oficial",
        "sede_axo_ext": "SEDE",
        "categoria": "Primera",
        "depend_func": "Dirección Provincial de Educación Técnico Profesional",
        "cui": "613501175",
        "periodo": "Final 2025",
        "matricula": 609,
        "varones": 406,
        "mujeres": 203,
        "secciones": 23,
        "turnos": "MAÑANA,TARDE,VESPERTINO",
        "cue": 618057,
        "anexo": 0,
        "nro_escuela": 3,
        "assigned_zone_name": "Santa Leonor",
        "source_name": "Datos Abiertos PBA - Establecimientos educativos",
        "source_url": "https://catalogo.datos.gba.gob.ar/dataset/establecimientos-educativos",
        "license": "Creative Commons Attribution 4.0",
        "generated_at": "2026-06-13T02:11:01.209890+00:00",
        "data_confidence": "high"
      },
      "geometry": {
        "type": "Point",
        "coordinates": [
          -58.6555373,
          -34.5968897
        ]
      }
    },
    {
      "type": "Feature",
      "properties": {
        "municipio_id": 6408,
        "municipio_nombre": "Hurlingham",
        "establecimiento_id": 20033,
        "establecimiento_nombre": "ESCUELA DE EDUCACIÓN SECUNDARIA Nº 9 \" RODOLFO WALSH\"",
        "region_educativa": "Región 7",
        "clave": "0135MS0009",
        "cueanexo": 61806000,
        "modalidad": "Educación Común",
        "nivel": "Nivel Secundario",
        "direccion": "JÁCHAL - 3680",
        "telefono": "11-4665-4088",
        "rpv": null,
        "email": "hurlinghamsecundaria9@gmail.com",
        "sector": "Estatal",
        "dependencia": "Oficial",
        "tipo_organizacion": "ESCUELA DE EDUCACIÓN SECUNDARIA",
        "area": "CONURBANO",
        "ambito": "Urbano",
        "desfavorabilidad": 1,
        "subvencion": "Oficial",
        "sede_axo_ext": "SEDE",
        "categoria": "Segunda",
        "depend_func": "Dirección Provincial de Educación Secundaria",
        "cui": "613500078",
        "periodo": "Final 2025",
        "matricula": 468,
        "varones": 230,
        "mujeres": 238,
        "secciones": 18,
        "turnos": "MAÑANA,TARDE",
        "cue": 618060,
        "anexo": 0,
        "nro_escuela": 9,
        "assigned_zone_name": "San Damián",
        "source_name": "Datos Abiertos PBA - Establecimientos educativos",
        "source_url": "https://catalogo.datos.gba.gob.ar/dataset/establecimientos-educativos",
        "license": "Creative Commons Attribution 4.0",
        "generated_at": "2026-06-13T02:11:01.209890+00:00",
        "data_confidence": "high"
      },
      "geometry": {
        "type": "Point",
        "coordinates": [
          -58.667743,
          -34.5837172
        ]
      }
    },
    {
      "type": "Feature",
      "properties": {
        "municipio_id": 6408,
        "municipio_nombre": "Hurlingham",
        "establecimiento_id": 20164,
        "establecimiento_nombre": "ESCUELA DE EDUCACIÓN SECUNDARIA Nº7 \"MARÍA REMEDIOS DEL VALLE\"",
        "region_educativa": "Región 7",
        "clave": "0135MS0007",
        "cueanexo": 61818600,
        "modalidad": "Educación Común",
        "nivel": "Nivel Secundario",
        "direccion": "KIERNAN  Y PROF. CASTAGNA - S/N",
        "telefono": "11-4459-7309",
        "rpv": null,
        "email": "secundaria7hurlingham@abc.gob.ar",
        "sector": "Estatal",
        "dependencia": "Oficial",
        "tipo_organizacion": "ESCUELA DE EDUCACIÓN SECUNDARIA",
        "area": "CONURBANO",
        "ambito": "Urbano",
        "desfavorabilidad": 0,
        "subvencion": "Oficial",
        "sede_axo_ext": "SEDE",
        "categoria": "Segunda",
        "depend_func": "Dirección Provincial de Educación Secundaria",
        "cui": "613500452",
        "periodo": "Final 2025",
        "matricula": 261,
        "varones": 122,
        "mujeres": 139,
        "secciones": 12,
        "turnos": "MAÑANA",
        "cue": 618186,
        "anexo": 0,
        "nro_escuela": 7,
        "assigned_zone_name": "El Libertador",
        "source_name": "Datos Abiertos PBA - Establecimientos educativos",
        "source_url": "https://catalogo.datos.gba.gob.ar/dataset/establecimientos-educativos",
        "license": "Creative Commons Attribution 4.0",
        "generated_at": "2026-06-13T02:11:01.209890+00:00",
        "data_confidence": "high"
      },
      "geometry": {
        "type": "Point",
        "coordinates": [
          -58.6509699,
          -34.6263976
        ]
      }
    },
    {
      "type": "Feature",
      "properties": {
        "municipio_id": 6408,
        "municipio_nombre": "Hurlingham",
        "establecimiento_id": 20169,
        "establecimiento_nombre": "ESCUELA DE EDUCACIÓN SECUNDARIA Nº17 ALFONSINA STORNI",
        "region_educativa": "Región 7",
        "clave": "0135MS0017",
        "cueanexo": 61819100,
        "modalidad": "Educación Común",
        "nivel": "Nivel Secundario",
        "direccion": "DELL EVA - 1935",
        "telefono": "11-4662-4720",
        "rpv": null,
        "email": "secundaria17hurlingham@abc.gob.ar",
        "sector": "Estatal",
        "dependencia": "Oficial",
        "tipo_organizacion": "ESCUELA DE EDUCACIÓN SECUNDARIA",
        "area": "CONURBANO",
        "ambito": "Urbano",
        "desfavorabilidad": 0,
        "subvencion": "Oficial",
        "sede_axo_ext": "SEDE",
        "categoria": "Segunda",
        "depend_func": "Dirección Provincial de Educación Secundaria",
        "cui": "613501134",
        "periodo": "Final 2025",
        "matricula": 244,
        "varones": 139,
        "mujeres": 105,
        "secciones": 12,
        "turnos": "MAÑANA,TARDE",
        "cue": 618191,
        "anexo": 0,
        "nro_escuela": 17,
        "assigned_zone_name": "Parque Jhonston",
        "source_name": "Datos Abiertos PBA - Establecimientos educativos",
        "source_url": "https://catalogo.datos.gba.gob.ar/dataset/establecimientos-educativos",
        "license": "Creative Commons Attribution 4.0",
        "generated_at": "2026-06-13T02:11:01.209890+00:00",
        "data_confidence": "high"
      },
      "geometry": {
        "type": "Point",
        "coordinates": [
          -58.6445625,
          -34.5934262
        ]
      }
    },
    {
      "type": "Feature",
      "properties": {
        "municipio_id": 6408,
        "municipio_nombre": "Hurlingham",
        "establecimiento_id": 20170,
        "establecimiento_nombre": "ESCUELA DE EDUCACIÓN SECUNDARIA Nº18 \"MALVINAS ARGENTINAS\"",
        "region_educativa": "Región 7",
        "clave": "0135MS0018",
        "cueanexo": 61819200,
        "modalidad": "Educación Común",
        "nivel": "Nivel Secundario",
        "direccion": "RECAGNO - 550",
        "telefono": "11-4662-1022",
        "rpv": null,
        "email": "0135ms0018@gmail.com",
        "sector": "Estatal",
        "dependencia": "Oficial",
        "tipo_organizacion": "ESCUELA DE EDUCACIÓN SECUNDARIA",
        "area": "CONURBANO",
        "ambito": "Urbano",
        "desfavorabilidad": 0,
        "subvencion": "Oficial",
        "sede_axo_ext": "SEDE",
        "categoria": "Segunda",
        "depend_func": "Dirección Provincial de Educación Secundaria",
        "cui": "613500531",
        "periodo": "Final 2025",
        "matricula": 258,
        "varones": 120,
        "mujeres": 138,
        "secciones": 12,
        "turnos": "MAÑANA,TARDE",
        "cue": 618192,
        "anexo": 0,
        "nro_escuela": 18,
        "assigned_zone_name": "Villa Club",
        "source_name": "Datos Abiertos PBA - Establecimientos educativos",
        "source_url": "https://catalogo.datos.gba.gob.ar/dataset/establecimientos-educativos",
        "license": "Creative Commons Attribution 4.0",
        "generated_at": "2026-06-13T02:11:01.209890+00:00",
        "data_confidence": "high"
      },
      "geometry": {
        "type": "Point",
        "coordinates": [
          -58.6397656,
          -34.5755966
        ]
      }
    },
    {
      "type": "Feature",
      "properties": {
        "municipio_id": 6408,
        "municipio_nombre": "Hurlingham",
        "establecimiento_id": 20172,
        "establecimiento_nombre": "ESCUELA DE EDUCACIÓN SECUNDARIA Nº10 \"LEONARDO ROSALES\"",
        "region_educativa": "Región 7",
        "clave": "0135MS0010",
        "cueanexo": 61819400,
        "modalidad": "Educación Común",
        "nivel": "Nivel Secundario",
        "direccion": "BALBOA - 151",
        "telefono": "11-4459-6482",
        "rpv": null,
        "email": "ericadb@hotmail.com",
        "sector": "Estatal",
        "dependencia": "Oficial",
        "tipo_organizacion": "ESCUELA DE EDUCACIÓN SECUNDARIA",
        "area": "CONURBANO",
        "ambito": "Urbano",
        "desfavorabilidad": 0,
        "subvencion": "Oficial",
        "sede_axo_ext": "SEDE",
        "categoria": "Segunda",
        "depend_func": "Dirección Provincial de Educación Secundaria",
        "cui": "613500468",
        "periodo": "Final 2025",
        "matricula": 286,
        "varones": 131,
        "mujeres": 155,
        "secciones": 17,
        "turnos": "MAÑANA,TARDE",
        "cue": 618194,
        "anexo": 0,
        "nro_escuela": 10,
        "assigned_zone_name": "Villa Tesei Centro",
        "source_name": "Datos Abiertos PBA - Establecimientos educativos",
        "source_url": "https://catalogo.datos.gba.gob.ar/dataset/establecimientos-educativos",
        "license": "Creative Commons Attribution 4.0",
        "generated_at": "2026-06-13T02:11:01.209890+00:00",
        "data_confidence": "high"
      },
      "geometry": {
        "type": "Point",
        "coordinates": [
          -58.6292572,
          -34.6126136
        ]
      }
    },
    {
      "type": "Feature",
      "properties": {
        "municipio_id": 6408,
        "municipio_nombre": "Hurlingham",
        "establecimiento_id": 20179,
        "establecimiento_nombre": "ESCUELA DE EDUCACIÓN SECUNDARIA Nº11 \"SARGENTO CABRAL\"",
        "region_educativa": "Región 7",
        "clave": "0135MS0011",
        "cueanexo": 61820100,
        "modalidad": "Educación Común",
        "nivel": "Nivel Secundario",
        "direccion": "BEETHOVEN - 1048",
        "telefono": "11-4452-2195",
        "rpv": null,
        "email": "secundaria11hurlingham@abc.gob.ar",
        "sector": "Estatal",
        "dependencia": "Oficial",
        "tipo_organizacion": "ESCUELA DE EDUCACIÓN SECUNDARIA",
        "area": "CONURBANO",
        "ambito": "Urbano",
        "desfavorabilidad": 0,
        "subvencion": "Oficial",
        "sede_axo_ext": "SEDE",
        "categoria": "Segunda",
        "depend_func": "Dirección Provincial de Educación Secundaria",
        "cui": "613500475",
        "periodo": "Final 2025",
        "matricula": 282,
        "varones": 132,
        "mujeres": 150,
        "secciones": 11,
        "turnos": "MAÑANA,TARDE",
        "cue": 618201,
        "anexo": 0,
        "nro_escuela": 11,
        "assigned_zone_name": "Luna",
        "source_name": "Datos Abiertos PBA - Establecimientos educativos",
        "source_url": "https://catalogo.datos.gba.gob.ar/dataset/establecimientos-educativos",
        "license": "Creative Commons Attribution 4.0",
        "generated_at": "2026-06-13T02:11:01.209890+00:00",
        "data_confidence": "high"
      },
      "geometry": {
        "type": "Point",
        "coordinates": [
          -58.640863,
          -34.6040538
        ]
      }
    },
    {
      "type": "Feature",
      "properties": {
        "municipio_id": 6408,
        "municipio_nombre": "Hurlingham",
        "establecimiento_id": 20407,
        "establecimiento_nombre": "ESCUELA DE EDUCACIÓN SECUNDARIA Nº5",
        "region_educativa": "Región 7",
        "clave": "0135MS0005",
        "cueanexo": 61848500,
        "modalidad": "Educación Común",
        "nivel": "Nivel Secundario",
        "direccion": "GÜEMES - 1568",
        "telefono": "11-4665-0637",
        "rpv": null,
        "email": "0135ms0005@gmail.com",
        "sector": "Estatal",
        "dependencia": "Oficial",
        "tipo_organizacion": "ESCUELA DE EDUCACIÓN SECUNDARIA",
        "area": "CONURBANO",
        "ambito": "Urbano",
        "desfavorabilidad": 0,
        "subvencion": "Oficial",
        "sede_axo_ext": "SEDE",
        "categoria": "Primera",
        "depend_func": "Dirección Provincial de Educación Secundaria",
        "cui": "613500169",
        "periodo": "Final 2025",
        "matricula": 426,
        "varones": 176,
        "mujeres": 250,
        "secciones": 18,
        "turnos": "MAÑANA",
        "cue": 618485,
        "anexo": 0,
        "nro_escuela": 5,
        "assigned_zone_name": "Villa Club",
        "source_name": "Datos Abiertos PBA - Establecimientos educativos",
        "source_url": "https://catalogo.datos.gba.gob.ar/dataset/establecimientos-educativos",
        "license": "Creative Commons Attribution 4.0",
        "generated_at": "2026-06-13T02:11:01.209890+00:00",
        "data_confidence": "high"
      },
      "geometry": {
        "type": "Point",
        "coordinates": [
          -58.635104,
          -34.5861253
        ]
      }
    },
    {
      "type": "Feature",
      "properties": {
        "municipio_id": 6408,
        "municipio_nombre": "Hurlingham",
        "establecimiento_id": 20408,
        "establecimiento_nombre": "ESCUELA DE EDUCACIÓN SECUNDARIA Nº20",
        "region_educativa": "Región 7",
        "clave": "0135MS0020",
        "cueanexo": 61843100,
        "modalidad": "Educación Común",
        "nivel": "Nivel Secundario",
        "direccion": "0135 VILLEGAS - 1380",
        "telefono": "11-4665-4144",
        "rpv": null,
        "email": "0135bs0006@gmail.com",
        "sector": "Estatal",
        "dependencia": "Oficial",
        "tipo_organizacion": "ESCUELA DE EDUCACIÓN SECUNDARIA",
        "area": "CONURBANO",
        "ambito": "Urbano",
        "desfavorabilidad": 1,
        "subvencion": "Oficial",
        "sede_axo_ext": "SEDE",
        "categoria": "Segunda",
        "depend_func": "Dirección Provincial de Educación Secundaria",
        "cui": "613500032",
        "periodo": "Final 2025",
        "matricula": 254,
        "varones": 147,
        "mujeres": 107,
        "secciones": 12,
        "turnos": "MAÑANA,TARDE",
        "cue": 618431,
        "anexo": 0,
        "nro_escuela": 20,
        "assigned_zone_name": "Roca 1",
        "source_name": "Datos Abiertos PBA - Establecimientos educativos",
        "source_url": "https://catalogo.datos.gba.gob.ar/dataset/establecimientos-educativos",
        "license": "Creative Commons Attribution 4.0",
        "generated_at": "2026-06-13T02:11:01.209890+00:00",
        "data_confidence": "high"
      },
      "geometry": {
        "type": "Point",
        "coordinates": [
          -58.6523979,
          -34.5757583
        ]
      }
    },
    {
      "type": "Feature",
      "properties": {
        "municipio_id": 6408,
        "municipio_nombre": "Hurlingham",
        "establecimiento_id": 20409,
        "establecimiento_nombre": "ESCUELA DE EDUCACIÓN SECUNDARIA Nº22",
        "region_educativa": "Región 7",
        "clave": "0135MS0022",
        "cueanexo": 61848600,
        "modalidad": "Educación Común",
        "nivel": "Nivel Secundario",
        "direccion": "BONORINO - 501",
        "telefono": "11-4450-4091",
        "rpv": null,
        "email": "0135bs0011@gmail.com",
        "sector": "Estatal",
        "dependencia": "Oficial",
        "tipo_organizacion": "ESCUELA DE EDUCACIÓN SECUNDARIA",
        "area": "CONURBANO",
        "ambito": "Urbano",
        "desfavorabilidad": 0,
        "subvencion": "Oficial",
        "sede_axo_ext": "SEDE",
        "categoria": "Tercera",
        "depend_func": "Dirección Provincial de Educación Secundaria",
        "cui": "613500549",
        "periodo": "Final 2025",
        "matricula": 130,
        "varones": 59,
        "mujeres": 71,
        "secciones": 6,
        "turnos": "MAÑANA,TARDE",
        "cue": 618486,
        "anexo": 0,
        "nro_escuela": 22,
        "assigned_zone_name": "El Porvenir",
        "source_name": "Datos Abiertos PBA - Establecimientos educativos",
        "source_url": "https://catalogo.datos.gba.gob.ar/dataset/establecimientos-educativos",
        "license": "Creative Commons Attribution 4.0",
        "generated_at": "2026-06-13T02:11:01.209890+00:00",
        "data_confidence": "high"
      },
      "geometry": {
        "type": "Point",
        "coordinates": [
          -58.6371041,
          -34.6270468
        ]
      }
    },
    {
      "type": "Feature",
      "properties": {
        "municipio_id": 6408,
        "municipio_nombre": "Hurlingham",
        "establecimiento_id": 20410,
        "establecimiento_nombre": "ESCUELA DE EDUCACIÓN SECUNDARIA Nº8 \"W.C MORRIS\"",
        "region_educativa": "Región 7",
        "clave": "0135MS0008",
        "cueanexo": 61848700,
        "modalidad": "Educación Común",
        "nivel": "Nivel Secundario",
        "direccion": "DOLORES DE HUICI - 3449",
        "telefono": "11-4665-7340",
        "rpv": null,
        "email": "secundaria8hurlingham@abc.gob.ar",
        "sector": "Estatal",
        "dependencia": "Oficial",
        "tipo_organizacion": "ESCUELA DE EDUCACIÓN SECUNDARIA",
        "area": "CONURBANO",
        "ambito": "Urbano",
        "desfavorabilidad": 1,
        "subvencion": "Oficial",
        "sede_axo_ext": "SEDE",
        "categoria": "Segunda",
        "depend_func": "Dirección Provincial de Educación Secundaria",
        "cui": "613500107",
        "periodo": "Final 2025",
        "matricula": 266,
        "varones": 141,
        "mujeres": 125,
        "secciones": 14,
        "turnos": "MAÑANA,TARDE",
        "cue": 618487,
        "anexo": 0,
        "nro_escuela": 8,
        "assigned_zone_name": "Belgrano",
        "source_name": "Datos Abiertos PBA - Establecimientos educativos",
        "source_url": "https://catalogo.datos.gba.gob.ar/dataset/establecimientos-educativos",
        "license": "Creative Commons Attribution 4.0",
        "generated_at": "2026-06-13T02:11:01.209890+00:00",
        "data_confidence": "high"
      },
      "geometry": {
        "type": "Point",
        "coordinates": [
          -58.6596348,
          -34.5789947
        ]
      }
    },
    {
      "type": "Feature",
      "properties": {
        "municipio_id": 6408,
        "municipio_nombre": "Hurlingham",
        "establecimiento_id": 20411,
        "establecimiento_nombre": "ESCUELA DE EDUCACIÓN SECUNDARIA Nº13",
        "region_educativa": "Región 7",
        "clave": "0135MS0013",
        "cueanexo": 61848800,
        "modalidad": "Educación Común",
        "nivel": "Nivel Secundario",
        "direccion": "SCHCOLNIK (ESQ. PISAGALLI) - 419",
        "telefono": "11-5079-0538",
        "rpv": null,
        "email": "0135ms0013@gmail.com",
        "sector": "Estatal",
        "dependencia": "Oficial",
        "tipo_organizacion": "ESCUELA DE EDUCACIÓN SECUNDARIA",
        "area": "CONURBANO",
        "ambito": "Urbano",
        "desfavorabilidad": 0,
        "subvencion": "Oficial",
        "sede_axo_ext": "SEDE",
        "categoria": "Segunda",
        "depend_func": "Dirección Provincial de Educación Secundaria",
        "cui": "613500499",
        "periodo": "Final 2025",
        "matricula": 208,
        "varones": 114,
        "mujeres": 94,
        "secciones": 13,
        "turnos": "MAÑANA,TARDE",
        "cue": 618488,
        "anexo": 0,
        "nro_escuela": 13,
        "assigned_zone_name": "Scholnik",
        "source_name": "Datos Abiertos PBA - Establecimientos educativos",
        "source_url": "https://catalogo.datos.gba.gob.ar/dataset/establecimientos-educativos",
        "license": "Creative Commons Attribution 4.0",
        "generated_at": "2026-06-13T02:11:01.209890+00:00",
        "data_confidence": "high"
      },
      "geometry": {
        "type": "Point",
        "coordinates": [
          -58.6258749,
          -34.6152504
        ]
      }
    },
    {
      "type": "Feature",
      "properties": {
        "municipio_id": 6408,
        "municipio_nombre": "Hurlingham",
        "establecimiento_id": 20412,
        "establecimiento_nombre": "ESCUELA DE EDUCACIÓN SECUNDARIA Nº24",
        "region_educativa": "Región 7",
        "clave": "0135MS0024",
        "cueanexo": 61848900,
        "modalidad": "Educación Común",
        "nivel": "Nivel Secundario",
        "direccion": "VERNET - 3405",
        "telefono": "11-4462-5834",
        "rpv": null,
        "email": "secundaria24hurlingham@abc.gob.ar",
        "sector": "Estatal",
        "dependencia": "Oficial",
        "tipo_organizacion": "ESCUELA DE EDUCACIÓN SECUNDARIA",
        "area": "CONURBANO",
        "ambito": "Urbano",
        "desfavorabilidad": 1,
        "subvencion": "Oficial",
        "sede_axo_ext": "SEDE",
        "categoria": "Segunda",
        "depend_func": "Dirección Provincial de Educación Secundaria",
        "cui": "613500565",
        "periodo": "Final 2025",
        "matricula": 206,
        "varones": 121,
        "mujeres": 85,
        "secciones": 9,
        "turnos": "MAÑANA,TARDE",
        "cue": 618489,
        "anexo": 0,
        "nro_escuela": 24,
        "assigned_zone_name": "El Destino",
        "source_name": "Datos Abiertos PBA - Establecimientos educativos",
        "source_url": "https://catalogo.datos.gba.gob.ar/dataset/establecimientos-educativos",
        "license": "Creative Commons Attribution 4.0",
        "generated_at": "2026-06-13T02:11:01.209890+00:00",
        "data_confidence": "high"
      },
      "geometry": {
        "type": "Point",
        "coordinates": [
          -58.6683574,
          -34.592663
        ]
      }
    },
    {
      "type": "Feature",
      "properties": {
        "municipio_id": 6408,
        "municipio_nombre": "Hurlingham",
        "establecimiento_id": 21474,
        "establecimiento_nombre": "INSTITUTO GENERAL MARTÍN MIGUEL DE GÜEMES",
        "region_educativa": "Región 7",
        "clave": "4135MS6798",
        "cueanexo": 61934500,
        "modalidad": "Educación Común",
        "nivel": "Nivel Secundario",
        "direccion": "PADILLA - 473",
        "telefono": "11-4459-1977",
        "rpv": null,
        "email": "igguemes@infovia.com.ar",
        "sector": "Privado",
        "dependencia": "Privada",
        "tipo_organizacion": "ESCUELA DE EDUCACIÓN SECUNDARIA",
        "area": "CONURBANO",
        "ambito": "Urbano",
        "desfavorabilidad": 0,
        "subvencion": "Subvención parcial 80%",
        "sede_axo_ext": "SEDE",
        "categoria": "Segunda",
        "depend_func": "Dirección de Educación de Gestión Privada",
        "cui": "613501049",
        "periodo": "Final 2025",
        "matricula": 508,
        "varones": 207,
        "mujeres": 301,
        "secciones": 21,
        "turnos": "MAÑANA,TARDE",
        "cue": 619345,
        "anexo": 0,
        "nro_escuela": 6798,
        "assigned_zone_name": "Mitre",
        "source_name": "Datos Abiertos PBA - Establecimientos educativos",
        "source_url": "https://catalogo.datos.gba.gob.ar/dataset/establecimientos-educativos",
        "license": "Creative Commons Attribution 4.0",
        "generated_at": "2026-06-13T02:11:01.209890+00:00",
        "data_confidence": "high"
      },
      "geometry": {
        "type": "Point",
        "coordinates": [
          -58.6392186,
          -34.6128007
        ]
      }
    },
    {
      "type": "Feature",
      "properties": {
        "municipio_id": 6408,
        "municipio_nombre": "Hurlingham",
        "establecimiento_id": 21779,
        "establecimiento_nombre": "INSTITUTO SAN JOSÉ DE CALASANZ",
        "region_educativa": "Región 7",
        "clave": "4135MS7091",
        "cueanexo": 61964400,
        "modalidad": "Educación Común",
        "nivel": "Nivel Secundario",
        "direccion": "JUANA AZURDUY Y PILCOMAYO - 201",
        "telefono": "11-5889-8810",
        "rpv": null,
        "email": "secudirescala@gmail.com",
        "sector": "Privado",
        "dependencia": "Privada",
        "tipo_organizacion": "ESCUELA DE EDUCACIÓN SECUNDARIA",
        "area": "CONURBANO",
        "ambito": "Urbano",
        "desfavorabilidad": 0,
        "subvencion": "Subvención parcial 80%",
        "sede_axo_ext": "SEDE",
        "categoria": "Segunda",
        "depend_func": "Dirección de Educación de Gestión Privada",
        "cui": "613501008",
        "periodo": "Nueva",
        "matricula": 0,
        "varones": 0,
        "mujeres": 0,
        "secciones": 0,
        "turnos": null,
        "cue": 619644,
        "anexo": 0,
        "nro_escuela": 7091,
        "assigned_zone_name": "Villa Tesei Centro",
        "source_name": "Datos Abiertos PBA - Establecimientos educativos",
        "source_url": "https://catalogo.datos.gba.gob.ar/dataset/establecimientos-educativos",
        "license": "Creative Commons Attribution 4.0",
        "generated_at": "2026-06-13T02:11:01.209890+00:00",
        "data_confidence": "high"
      },
      "geometry": {
        "type": "Point",
        "coordinates": [
          -58.636287,
          -34.6160634
        ]
      }
    },
    {
      "type": "Feature",
      "properties": {
        "municipio_id": 6408,
        "municipio_nombre": "Hurlingham",
        "establecimiento_id": 21973,
        "establecimiento_nombre": "ESCUELA DE EDUCACIÓN SECUNDARIA Nº 19 \"JUANA AZURDUY\"",
        "region_educativa": "Región 7",
        "clave": "0135MS0019",
        "cueanexo": 61983800,
        "modalidad": "Educación Común",
        "nivel": "Nivel Secundario",
        "direccion": "ALBENIZ Y FOREST - S/N",
        "telefono": "11-4665-3231",
        "rpv": null,
        "email": "0135ms0019@gmail.com",
        "sector": "Estatal",
        "dependencia": "Oficial",
        "tipo_organizacion": "ESCUELA DE EDUCACIÓN SECUNDARIA",
        "area": "CONURBANO",
        "ambito": "Urbano",
        "desfavorabilidad": 0,
        "subvencion": "Oficial",
        "sede_axo_ext": "SEDE",
        "categoria": "Segunda",
        "depend_func": "Dirección Provincial de Educación Secundaria",
        "cui": "613500066",
        "periodo": "Final 2025",
        "matricula": 306,
        "varones": 171,
        "mujeres": 135,
        "secciones": 13,
        "turnos": "MAÑANA,TARDE",
        "cue": 619838,
        "anexo": 0,
        "nro_escuela": 19,
        "assigned_zone_name": "Cartero",
        "source_name": "Datos Abiertos PBA - Establecimientos educativos",
        "source_url": "https://catalogo.datos.gba.gob.ar/dataset/establecimientos-educativos",
        "license": "Creative Commons Attribution 4.0",
        "generated_at": "2026-06-13T02:11:01.209890+00:00",
        "data_confidence": "high"
      },
      "geometry": {
        "type": "Point",
        "coordinates": [
          -58.6485119,
          -34.5930146
        ]
      }
    },
    {
      "type": "Feature",
      "properties": {
        "municipio_id": 6408,
        "municipio_nombre": "Hurlingham",
        "establecimiento_id": 22307,
        "establecimiento_nombre": "JARDÍN DE INFANTES Nº918",
        "region_educativa": "Región 7",
        "clave": "0135JI0918",
        "cueanexo": 62017000,
        "modalidad": "Educación Común",
        "nivel": "Nivel Inicial",
        "direccion": "ÁNGEL ECHEVERRY E/ PASAJE LUNA Y PASAJE RISSO - S/N",
        "telefono": "11-4662-3021",
        "rpv": null,
        "email": "jardin918hurlingham@abc.gob.ar",
        "sector": "Estatal",
        "dependencia": "Oficial",
        "tipo_organizacion": "JARDÍN DE INFANTES",
        "area": "CONURBANO",
        "ambito": "Urbano",
        "desfavorabilidad": 0,
        "subvencion": "Oficial",
        "sede_axo_ext": "SEDE",
        "categoria": "Primera",
        "depend_func": "Dirección Provincial de Educación Inicial",
        "cui": "613500406",
        "periodo": "Final 2025",
        "matricula": 99,
        "varones": 49,
        "mujeres": 50,
        "secciones": 6,
        "turnos": "MAÑANA,TARDE",
        "cue": 620170,
        "anexo": 0,
        "nro_escuela": 918,
        "assigned_zone_name": "La Leonor",
        "source_name": "Datos Abiertos PBA - Establecimientos educativos",
        "source_url": "https://catalogo.datos.gba.gob.ar/dataset/establecimientos-educativos",
        "license": "Creative Commons Attribution 4.0",
        "generated_at": "2026-06-13T02:11:01.209890+00:00",
        "data_confidence": "high"
      },
      "geometry": {
        "type": "Point",
        "coordinates": [
          -58.6638885,
          -34.5883344
        ]
      }
    },
    {
      "type": "Feature",
      "properties": {
        "municipio_id": 6408,
        "municipio_nombre": "Hurlingham",
        "establecimiento_id": 22367,
        "establecimiento_nombre": "JARDÍN DE INFANTES SEMILLA DORADA",
        "region_educativa": "Región 7",
        "clave": "4135JI7634",
        "cueanexo": 62035300,
        "modalidad": "Educación Común",
        "nivel": "Nivel Inicial",
        "direccion": "OLASCOAGA ESQUINA QUEQUÉN - S/N",
        "telefono": "11-4665-2551",
        "rpv": null,
        "email": "secretaria@semilladorada.com.ar",
        "sector": "Privado",
        "dependencia": "Privada",
        "tipo_organizacion": "JARDÍN DE INFANTES",
        "area": "CONURBANO",
        "ambito": "Urbano",
        "desfavorabilidad": 0,
        "subvencion": "Sin Subvención",
        "sede_axo_ext": "SEDE",
        "categoria": "Tercera",
        "depend_func": "Dirección de Educación de Gestión Privada",
        "cui": "613501077",
        "periodo": "Final 2025",
        "matricula": 20,
        "varones": 12,
        "mujeres": 8,
        "secciones": 1,
        "turnos": "MAÑANA",
        "cue": 620353,
        "anexo": 0,
        "nro_escuela": 7634,
        "assigned_zone_name": null,
        "source_name": "Datos Abiertos PBA - Establecimientos educativos",
        "source_url": "https://catalogo.datos.gba.gob.ar/dataset/establecimientos-educativos",
        "license": "Creative Commons Attribution 4.0",
        "generated_at": "2026-06-13T02:11:01.209890+00:00",
        "data_confidence": "high"
      },
      "geometry": {
        "type": "Point",
        "coordinates": [
          -58.6585134,
          -34.5724676
        ]
      }
    },
    {
      "type": "Feature",
      "properties": {
        "municipio_id": 6408,
        "municipio_nombre": "Hurlingham",
        "establecimiento_id": 22378,
        "establecimiento_nombre": "JARDÍN DE INFANTES Nº919",
        "region_educativa": "Región 7",
        "clave": "0135JI0919",
        "cueanexo": 62017100,
        "modalidad": "Educación Común",
        "nivel": "Nivel Inicial",
        "direccion": "DR. DELFOR DIAZ - 3251",
        "telefono": "11-4665-8369",
        "rpv": null,
        "email": "0135ji0919@gmail.com.ar",
        "sector": "Estatal",
        "dependencia": "Oficial",
        "tipo_organizacion": "JARDÍN DE INFANTES",
        "area": "CONURBANO",
        "ambito": "Urbano",
        "desfavorabilidad": 1,
        "subvencion": "Oficial",
        "sede_axo_ext": "SEDE",
        "categoria": "Primera",
        "depend_func": "Dirección Provincial de Educación Inicial",
        "cui": "613500410",
        "periodo": "Final 2025",
        "matricula": 94,
        "varones": 49,
        "mujeres": 45,
        "secciones": 6,
        "turnos": "MAÑANA,TARDE",
        "cue": 620171,
        "anexo": 0,
        "nro_escuela": 919,
        "assigned_zone_name": "Roca 1",
        "source_name": "Datos Abiertos PBA - Establecimientos educativos",
        "source_url": "https://catalogo.datos.gba.gob.ar/dataset/establecimientos-educativos",
        "license": "Creative Commons Attribution 4.0",
        "generated_at": "2026-06-13T02:11:01.209890+00:00",
        "data_confidence": "high"
      },
      "geometry": {
        "type": "Point",
        "coordinates": [
          -58.6518714,
          -34.5715176
        ]
      }
    },
    {
      "type": "Feature",
      "properties": {
        "municipio_id": 6408,
        "municipio_nombre": "Hurlingham",
        "establecimiento_id": 22446,
        "establecimiento_nombre": "ESCUELA WALDORF DE HURLINGHAM",
        "region_educativa": "Región 7",
        "clave": "4135PP7705",
        "cueanexo": 62036600,
        "modalidad": "Educación Común",
        "nivel": "Nivel Primario",
        "direccion": "OLASCOAGA Y QUEQUEN. - 2575",
        "telefono": "11-4665-2551",
        "rpv": null,
        "email": "secretaria@semilladorada.com.ar",
        "sector": "Privado",
        "dependencia": "Privada",
        "tipo_organizacion": "ESCUELA DE EDUCACIÓN PRIMARIA",
        "area": "CONURBANO",
        "ambito": "Urbano",
        "desfavorabilidad": 0,
        "subvencion": "Sin Subvención",
        "sede_axo_ext": "SEDE",
        "categoria": "S/Datos",
        "depend_func": "Dirección de Educación de Gestión Privada",
        "cui": "613501077",
        "periodo": "Final 2025",
        "matricula": 107,
        "varones": 54,
        "mujeres": 53,
        "secciones": 6,
        "turnos": "MAÑANA",
        "cue": 620366,
        "anexo": 0,
        "nro_escuela": 7705,
        "assigned_zone_name": null,
        "source_name": "Datos Abiertos PBA - Establecimientos educativos",
        "source_url": "https://catalogo.datos.gba.gob.ar/dataset/establecimientos-educativos",
        "license": "Creative Commons Attribution 4.0",
        "generated_at": "2026-06-13T02:11:01.209890+00:00",
        "data_confidence": "high"
      },
      "geometry": {
        "type": "Point",
        "coordinates": [
          -58.6585783,
          -34.572433
        ]
      }
    },
    {
      "type": "Feature",
      "properties": {
        "municipio_id": 6408,
        "municipio_nombre": "Hurlingham",
        "establecimiento_id": 22743,
        "establecimiento_nombre": "JARDÍN MATERNAL MI NIDITO",
        "region_educativa": "Región 7",
        "clave": "4135JM7551",
        "cueanexo": 62056300,
        "modalidad": "Educación Común",
        "nivel": "Nivel Inicial",
        "direccion": "AV. ROCA - 1111",
        "telefono": "11-2199-6862",
        "rpv": null,
        "email": "jardin_minidito@hotmail.com",
        "sector": "Privado",
        "dependencia": "Privada",
        "tipo_organizacion": "JARDÍN MATERNAL",
        "area": "CONURBANO",
        "ambito": "Urbano",
        "desfavorabilidad": 0,
        "subvencion": "Sin Subvención",
        "sede_axo_ext": "SEDE",
        "categoria": "Segunda",
        "depend_func": "Dirección de Educación de Gestión Privada",
        "cui": "613500959",
        "periodo": "Final 2025",
        "matricula": 32,
        "varones": 16,
        "mujeres": 16,
        "secciones": 4,
        "turnos": "MAÑANA,TARDE",
        "cue": 620563,
        "anexo": 0,
        "nro_escuela": 7551,
        "assigned_zone_name": "Jorge Newbery",
        "source_name": "Datos Abiertos PBA - Establecimientos educativos",
        "source_url": "https://catalogo.datos.gba.gob.ar/dataset/establecimientos-educativos",
        "license": "Creative Commons Attribution 4.0",
        "generated_at": "2026-06-13T02:11:01.209890+00:00",
        "data_confidence": "high"
      },
      "geometry": {
        "type": "Point",
        "coordinates": [
          -58.6265349,
          -34.5897852
        ]
      }
    },
    {
      "type": "Feature",
      "properties": {
        "municipio_id": 6408,
        "municipio_nombre": "Hurlingham",
        "establecimiento_id": 23385,
        "establecimiento_nombre": "JARDÍN DE INFANTES FLEQUILLOS Y PECAS",
        "region_educativa": "Región 7",
        "clave": "4135JI7450",
        "cueanexo": 62080600,
        "modalidad": "Educación Común",
        "nivel": "Nivel Inicial",
        "direccion": "JUAN DE GARAY - 2534",
        "telefono": "11-5496-3882",
        "rpv": null,
        "email": "jardin-flequillosypecas@hotmail.com",
        "sector": "Privado",
        "dependencia": "Privada",
        "tipo_organizacion": "JARDÍN DE INFANTES",
        "area": "CONURBANO",
        "ambito": "Urbano",
        "desfavorabilidad": 0,
        "subvencion": "Subvención Total 100%",
        "sede_axo_ext": "SEDE",
        "categoria": "S/Datos",
        "depend_func": "Dirección de Educación de Gestión Privada",
        "cui": "613500793",
        "periodo": "Final 2025",
        "matricula": 59,
        "varones": 39,
        "mujeres": 20,
        "secciones": 3,
        "turnos": "TARDE",
        "cue": 620806,
        "anexo": 0,
        "nro_escuela": 7450,
        "assigned_zone_name": "Roca 2",
        "source_name": "Datos Abiertos PBA - Establecimientos educativos",
        "source_url": "https://catalogo.datos.gba.gob.ar/dataset/establecimientos-educativos",
        "license": "Creative Commons Attribution 4.0",
        "generated_at": "2026-06-13T02:11:01.209890+00:00",
        "data_confidence": "high"
      },
      "geometry": {
        "type": "Point",
        "coordinates": [
          -58.6496657,
          -34.5799084
        ]
      }
    },
    {
      "type": "Feature",
      "properties": {
        "municipio_id": 6408,
        "municipio_nombre": "Hurlingham",
        "establecimiento_id": 23494,
        "establecimiento_nombre": "CENTRO DE FORMACIÓN INTEGRAL PLATERITO",
        "region_educativa": "Región 7",
        "clave": "4135EL7385",
        "cueanexo": 62088400,
        "modalidad": "Educación Especial",
        "nivel": "Formación Integral",
        "direccion": "MARQUES DE AVILES - 2745",
        "telefono": "11-4662-1003",
        "rpv": null,
        "email": "plateritocfl@hotmail.com",
        "sector": "Privado",
        "dependencia": "Privada",
        "tipo_organizacion": "CENTRO DE FORMACIÓN INTEGRAL",
        "area": "CONURBANO",
        "ambito": "Urbano",
        "desfavorabilidad": 0,
        "subvencion": "Subvención Total 100%",
        "sede_axo_ext": "SEDE",
        "categoria": "Tercera",
        "depend_func": "Dirección de Educación de Gestión Privada",
        "cui": "613501096",
        "periodo": "Final 2025",
        "matricula": 29,
        "varones": 24,
        "mujeres": 5,
        "secciones": 0,
        "turnos": "\"DOBLE ESCOLARIDAD\",MAÑANA,TARDE",
        "cue": 620884,
        "anexo": 0,
        "nro_escuela": 7385,
        "assigned_zone_name": "La Leonor",
        "source_name": "Datos Abiertos PBA - Establecimientos educativos",
        "source_url": "https://catalogo.datos.gba.gob.ar/dataset/establecimientos-educativos",
        "license": "Creative Commons Attribution 4.0",
        "generated_at": "2026-06-13T02:11:01.209890+00:00",
        "data_confidence": "high"
      },
      "geometry": {
        "type": "Point",
        "coordinates": [
          -58.6568839,
          -34.5920068
        ]
      }
    },
    {
      "type": "Feature",
      "properties": {
        "municipio_id": 6408,
        "municipio_nombre": "Hurlingham",
        "establecimiento_id": 23494,
        "establecimiento_nombre": "CENTRO DE FORMACIÓN INTEGRAL PLATERITO",
        "region_educativa": "Región 7",
        "clave": "4135EL7385",
        "cueanexo": 62088400,
        "modalidad": "Educación Especial",
        "nivel": "Residencia Laboral,Pasantías, Artística",
        "direccion": "MARQUES DE AVILES - 2745",
        "telefono": "11-4662-1003",
        "rpv": null,
        "email": "plateritocfl@hotmail.com",
        "sector": "Privado",
        "dependencia": "Privada",
        "tipo_organizacion": "CENTRO DE FORMACIÓN INTEGRAL",
        "area": "CONURBANO",
        "ambito": "Urbano",
        "desfavorabilidad": 0,
        "subvencion": "Subvención Total 100%",
        "sede_axo_ext": "SEDE",
        "categoria": "Tercera",
        "depend_func": "Dirección de Educación de Gestión Privada",
        "cui": "613501096",
        "periodo": "Final 2025",
        "matricula": 12,
        "varones": 12,
        "mujeres": 0,
        "secciones": 0,
        "turnos": "\"DOBLE ESCOLARIDAD\",MAÑANA,TARDE",
        "cue": 620884,
        "anexo": 0,
        "nro_escuela": 7385,
        "assigned_zone_name": "La Leonor",
        "source_name": "Datos Abiertos PBA - Establecimientos educativos",
        "source_url": "https://catalogo.datos.gba.gob.ar/dataset/establecimientos-educativos",
        "license": "Creative Commons Attribution 4.0",
        "generated_at": "2026-06-13T02:11:01.209890+00:00",
        "data_confidence": "high"
      },
      "geometry": {
        "type": "Point",
        "coordinates": [
          -58.6568839,
          -34.5920068
        ]
      }
    },
    {
      "type": "Feature",
      "properties": {
        "municipio_id": 6408,
        "municipio_nombre": "Hurlingham",
        "establecimiento_id": 23719,
        "establecimiento_nombre": "ESCUELA DE EDUCACIÓN SECUNDARIA ERNESTO SÁBATO",
        "region_educativa": "Región 7",
        "clave": "4135MM6499",
        "cueanexo": 62097200,
        "modalidad": "Educación Común",
        "nivel": "Nivel Secundario",
        "direccion": "ARGERICH - 1742",
        "telefono": "11-4452-7152",
        "rpv": null,
        "email": "silvana_avila@live.com.ar",
        "sector": "Privado",
        "dependencia": "Privada",
        "tipo_organizacion": "ESCUELA DE EDUCACIÓN MEDIA",
        "area": "CONURBANO",
        "ambito": "Urbano",
        "desfavorabilidad": 0,
        "subvencion": "Sin Subvención",
        "sede_axo_ext": "SEDE",
        "categoria": "S/Datos",
        "depend_func": "Dirección de Educación de Gestión Privada",
        "cui": "613500861",
        "periodo": "Final 2025",
        "matricula": 224,
        "varones": 117,
        "mujeres": 107,
        "secciones": 8,
        "turnos": "MAÑANA",
        "cue": 620972,
        "anexo": 0,
        "nro_escuela": 6499,
        "assigned_zone_name": "Curapaytí",
        "source_name": "Datos Abiertos PBA - Establecimientos educativos",
        "source_url": "https://catalogo.datos.gba.gob.ar/dataset/establecimientos-educativos",
        "license": "Creative Commons Attribution 4.0",
        "generated_at": "2026-06-13T02:11:01.209890+00:00",
        "data_confidence": "high"
      },
      "geometry": {
        "type": "Point",
        "coordinates": [
          -58.642472,
          -34.5881885
        ]
      }
    },
    {
      "type": "Feature",
      "properties": {
        "municipio_id": 6408,
        "municipio_nombre": "Hurlingham",
        "establecimiento_id": 24160,
        "establecimiento_nombre": "ESCUELA ESPECIAL Nº502 \"HÉROES Y VETERANOS DE MALVINAS\"",
        "region_educativa": "Región 7",
        "clave": "0135EE0502",
        "cueanexo": 62200000,
        "modalidad": "Educación Especial",
        "nivel": "Nivel Primario",
        "direccion": "KIERNAN E/ DON CRISTOBAL Y EL GAUCHO - 1681",
        "telefono": "11-4459-1749",
        "rpv": null,
        "email": "especial502hurlingham@abc.gob.ar",
        "sector": "Estatal",
        "dependencia": "Oficial",
        "tipo_organizacion": "ESCUELA DE EDUCACIÓN ESPECIAL",
        "area": "CONURBANO",
        "ambito": "Urbano",
        "desfavorabilidad": 0,
        "subvencion": "Oficial",
        "sede_axo_ext": "SEDE",
        "categoria": "Primera",
        "depend_func": "Dirección de Educación Especial",
        "cui": "613500202",
        "periodo": "Final 2025",
        "matricula": 205,
        "varones": 132,
        "mujeres": 73,
        "secciones": 0,
        "turnos": "\"DOBLE ESCOLARIDAD\",MAÑANA,TARDE",
        "cue": 622000,
        "anexo": 0,
        "nro_escuela": 502,
        "assigned_zone_name": "El Libertador",
        "source_name": "Datos Abiertos PBA - Establecimientos educativos",
        "source_url": "https://catalogo.datos.gba.gob.ar/dataset/establecimientos-educativos",
        "license": "Creative Commons Attribution 4.0",
        "generated_at": "2026-06-13T02:11:01.209890+00:00",
        "data_confidence": "high"
      },
      "geometry": {
        "type": "Point",
        "coordinates": [
          -58.6522733,
          -34.6260212
        ]
      }
    },
    {
      "type": "Feature",
      "properties": {
        "municipio_id": 6408,
        "municipio_nombre": "Hurlingham",
        "establecimiento_id": 24160,
        "establecimiento_nombre": "ESCUELA ESPECIAL Nº502 \"HÉROES Y VETERANOS DE MALVINAS\"",
        "region_educativa": "Región 7",
        "clave": "0135EE0502",
        "cueanexo": 62200000,
        "modalidad": "Educación Especial",
        "nivel": "Formación Integral",
        "direccion": "KIERNAN E/ DON CRISTOBAL Y EL GAUCHO - 1681",
        "telefono": "11-4459-1749",
        "rpv": null,
        "email": "especial502hurlingham@abc.gob.ar",
        "sector": "Estatal",
        "dependencia": "Oficial",
        "tipo_organizacion": "ESCUELA DE EDUCACIÓN ESPECIAL",
        "area": "CONURBANO",
        "ambito": "Urbano",
        "desfavorabilidad": 0,
        "subvencion": "Oficial",
        "sede_axo_ext": "SEDE",
        "categoria": "Primera",
        "depend_func": "Dirección de Educación Especial",
        "cui": "613500202",
        "periodo": "Final 2025",
        "matricula": 88,
        "varones": 57,
        "mujeres": 31,
        "secciones": 0,
        "turnos": "\"DOBLE ESCOLARIDAD\",MAÑANA,TARDE",
        "cue": 622000,
        "anexo": 0,
        "nro_escuela": 502,
        "assigned_zone_name": "El Libertador",
        "source_name": "Datos Abiertos PBA - Establecimientos educativos",
        "source_url": "https://catalogo.datos.gba.gob.ar/dataset/establecimientos-educativos",
        "license": "Creative Commons Attribution 4.0",
        "generated_at": "2026-06-13T02:11:01.209890+00:00",
        "data_confidence": "high"
      },
      "geometry": {
        "type": "Point",
        "coordinates": [
          -58.6522733,
          -34.6260212
        ]
      }
    },
    {
      "type": "Feature",
      "properties": {
        "municipio_id": 6408,
        "municipio_nombre": "Hurlingham",
        "establecimiento_id": 24160,
        "establecimiento_nombre": "ESCUELA ESPECIAL Nº502 \"HÉROES Y VETERANOS DE MALVINAS\"",
        "region_educativa": "Región 7",
        "clave": "0135EE0502",
        "cueanexo": 62200000,
        "modalidad": "Educación Especial",
        "nivel": "Nivel Inicial",
        "direccion": "KIERNAN E/ DON CRISTOBAL Y EL GAUCHO - 1681",
        "telefono": "11-4459-1749",
        "rpv": null,
        "email": "especial502hurlingham@abc.gob.ar",
        "sector": "Estatal",
        "dependencia": "Oficial",
        "tipo_organizacion": "ESCUELA DE EDUCACIÓN ESPECIAL",
        "area": "CONURBANO",
        "ambito": "Urbano",
        "desfavorabilidad": 0,
        "subvencion": "Oficial",
        "sede_axo_ext": "SEDE",
        "categoria": "Primera",
        "depend_func": "Dirección de Educación Especial",
        "cui": "613500202",
        "periodo": "Final 2025",
        "matricula": 8,
        "varones": 5,
        "mujeres": 3,
        "secciones": 0,
        "turnos": "\"DOBLE ESCOLARIDAD\",MAÑANA,TARDE",
        "cue": 622000,
        "anexo": 0,
        "nro_escuela": 502,
        "assigned_zone_name": "El Libertador",
        "source_name": "Datos Abiertos PBA - Establecimientos educativos",
        "source_url": "https://catalogo.datos.gba.gob.ar/dataset/establecimientos-educativos",
        "license": "Creative Commons Attribution 4.0",
        "generated_at": "2026-06-13T02:11:01.209890+00:00",
        "data_confidence": "high"
      },
      "geometry": {
        "type": "Point",
        "coordinates": [
          -58.6522733,
          -34.6260212
        ]
      }
    },
    {
      "type": "Feature",
      "properties": {
        "municipio_id": 6408,
        "municipio_nombre": "Hurlingham",
        "establecimiento_id": 24794,
        "establecimiento_nombre": "CENTRO DE FORMACIÓN LABORAL N°402",
        "region_educativa": "Región 7",
        "clave": "0135DF0402",
        "cueanexo": 62486500,
        "modalidad": "Educación de Jóvenes y Adultos",
        "nivel": "Formación Profesional",
        "direccion": "NECOCHEA - 1110",
        "telefono": "11-15-5597-5891",
        "rpv": null,
        "email": "cfpctaanexo@yahoo.com.ar",
        "sector": "Estatal",
        "dependencia": "Oficial",
        "tipo_organizacion": "CENTRO DE FORMACIÓN PROFESIONAL",
        "area": "CONURBANO",
        "ambito": "Urbano",
        "desfavorabilidad": 0,
        "subvencion": "Oficial",
        "sede_axo_ext": "SEDE",
        "categoria": "Segunda",
        "depend_func": "Dirección Provincial de Educación Técnico Profesional",
        "cui": "613500176",
        "periodo": "Final 2025",
        "matricula": 136,
        "varones": 42,
        "mujeres": 94,
        "secciones": 10,
        "turnos": "NOCHE,TARDE",
        "cue": 624865,
        "anexo": 0,
        "nro_escuela": 402,
        "assigned_zone_name": "Hurlingham Centro",
        "source_name": "Datos Abiertos PBA - Establecimientos educativos",
        "source_url": "https://catalogo.datos.gba.gob.ar/dataset/establecimientos-educativos",
        "license": "Creative Commons Attribution 4.0",
        "generated_at": "2026-06-13T02:11:01.209890+00:00",
        "data_confidence": "high"
      },
      "geometry": {
        "type": "Point",
        "coordinates": [
          -58.6263552,
          -34.5933963
        ]
      }
    },
    {
      "type": "Feature",
      "properties": {
        "municipio_id": 6408,
        "municipio_nombre": "Hurlingham",
        "establecimiento_id": 65494,
        "establecimiento_nombre": "CENTRO DE EDUCACIÓN FÍSICA Nº175",
        "region_educativa": "Región 7",
        "clave": "0135FC0175",
        "cueanexo": 62302200,
        "modalidad": "Educación Física",
        "nivel": "Educación Física (C.E.F.)",
        "direccion": "KIERNAN E/DON CRISTOBAL Y ARISTAZABAL - 1525",
        "telefono": "-",
        "rpv": null,
        "email": "cef175hurlingham@abc.gob.ar",
        "sector": "Estatal",
        "dependencia": "Oficial",
        "tipo_organizacion": "CENTRO DE EDUCACIÓN FÍSICA",
        "area": "CONURBANO",
        "ambito": "Urbano",
        "desfavorabilidad": 0,
        "subvencion": "Oficial",
        "sede_axo_ext": "SEDE",
        "categoria": "Segunda",
        "depend_func": "Dirección de Educación Física",
        "cui": "613500452",
        "periodo": "Final 2025",
        "matricula": 681,
        "varones": 359,
        "mujeres": 322,
        "secciones": 20,
        "turnos": "MAÑANA,NOCHE,TARDE,VESPERTINO",
        "cue": 623022,
        "anexo": 0,
        "nro_escuela": 175,
        "assigned_zone_name": "El Libertador",
        "source_name": "Datos Abiertos PBA - Establecimientos educativos",
        "source_url": "https://catalogo.datos.gba.gob.ar/dataset/establecimientos-educativos",
        "license": "Creative Commons Attribution 4.0",
        "generated_at": "2026-06-13T02:11:01.209890+00:00",
        "data_confidence": "high"
      },
      "geometry": {
        "type": "Point",
        "coordinates": [
          -58.6507514,
          -34.6263648
        ]
      }
    },
    {
      "type": "Feature",
      "properties": {
        "municipio_id": 6408,
        "municipio_nombre": "Hurlingham",
        "establecimiento_id": 65637,
        "establecimiento_nombre": "JARDÍN MATERNAL Nº1",
        "region_educativa": "Región 7",
        "clave": "0135JM0001",
        "cueanexo": 62315200,
        "modalidad": "Educación Común",
        "nivel": "Nivel Inicial",
        "direccion": "GORRITI - 3520",
        "telefono": "-",
        "rpv": null,
        "email": "0135jm0001@gmail.com",
        "sector": "Estatal",
        "dependencia": "Oficial",
        "tipo_organizacion": "JARDÍN MATERNAL",
        "area": "CONURBANO",
        "ambito": "Urbano",
        "desfavorabilidad": 0,
        "subvencion": "Oficial",
        "sede_axo_ext": "SEDE",
        "categoria": "Segunda",
        "depend_func": "Dirección Provincial de Educación Inicial",
        "cui": "613500021",
        "periodo": "Final 2025",
        "matricula": 43,
        "varones": 24,
        "mujeres": 19,
        "secciones": 4,
        "turnos": "\"DOBLE ESCOLARIDAD\"",
        "cue": 623152,
        "anexo": 0,
        "nro_escuela": 1,
        "assigned_zone_name": null,
        "source_name": "Datos Abiertos PBA - Establecimientos educativos",
        "source_url": "https://catalogo.datos.gba.gob.ar/dataset/establecimientos-educativos",
        "license": "Creative Commons Attribution 4.0",
        "generated_at": "2026-06-13T02:11:01.209890+00:00",
        "data_confidence": "high"
      },
      "geometry": {
        "type": "Point",
        "coordinates": [
          -58.6739134,
          -34.586782
        ]
      }
    },
    {
      "type": "Feature",
      "properties": {
        "municipio_id": 6408,
        "municipio_nombre": "Hurlingham",
        "establecimiento_id": 65651,
        "establecimiento_nombre": "ESCUELA DE EDUCACION SECUNDARIA ESPECIALIZADA EN ARTE Nº1",
        "region_educativa": "Región 7",
        "clave": "0135AS0001",
        "cueanexo": 62316300,
        "modalidad": "Educación Artística",
        "nivel": "Nivel Secundario",
        "direccion": "JUANA MANUELA GORRITI - 3800",
        "telefono": "11-6539-6902",
        "rpv": null,
        "email": "esea.hurlingham@hotmail.com",
        "sector": "Estatal",
        "dependencia": "Oficial",
        "tipo_organizacion": "ESCUELA DE EDUCACIÓN SECUNDARIA ESPECIALIZADA EN ARTE",
        "area": "CONURBANO",
        "ambito": "Urbano",
        "desfavorabilidad": 0,
        "subvencion": "Oficial",
        "sede_axo_ext": "SEDE",
        "categoria": "Segunda",
        "depend_func": "Dirección de Educación Artística",
        "cui": "613500021",
        "periodo": "Final 2025",
        "matricula": 289,
        "varones": 88,
        "mujeres": 201,
        "secciones": 12,
        "turnos": "\"DOBLE ESCOLARIDAD\"",
        "cue": 623163,
        "anexo": 0,
        "nro_escuela": 1,
        "assigned_zone_name": null,
        "source_name": "Datos Abiertos PBA - Establecimientos educativos",
        "source_url": "https://catalogo.datos.gba.gob.ar/dataset/establecimientos-educativos",
        "license": "Creative Commons Attribution 4.0",
        "generated_at": "2026-06-13T02:11:01.209890+00:00",
        "data_confidence": "high"
      },
      "geometry": {
        "type": "Point",
        "coordinates": [
          -58.6744012,
          -34.5864475
        ]
      }
    },
    {
      "type": "Feature",
      "properties": {
        "municipio_id": 6408,
        "municipio_nombre": "Hurlingham",
        "establecimiento_id": 65652,
        "establecimiento_nombre": "CENTRO EDUCATIVO NIVEL SECUNDARIO Nº452",
        "region_educativa": "Región 7",
        "clave": "0135DM0452",
        "cueanexo": 62316400,
        "modalidad": "Educación de Jóvenes y Adultos",
        "nivel": "Nivel Secundario",
        "direccion": "GORRITI - 3520",
        "telefono": "11-15-2659-3697",
        "rpv": null,
        "email": "cens452hurlingham@abc.gob.ar",
        "sector": "Estatal",
        "dependencia": "Oficial",
        "tipo_organizacion": "CENTRO EDUCATIVO DE NIVEL SECUNDARIO (C.E.N.S.)",
        "area": "CONURBANO",
        "ambito": "Urbano",
        "desfavorabilidad": 0,
        "subvencion": "Oficial",
        "sede_axo_ext": "SEDE",
        "categoria": "Segunda",
        "depend_func": "Dirección de Educación de Jóvenes, Adultos y Adultos Mayores",
        "cui": "613500021",
        "periodo": "Final 2025",
        "matricula": 122,
        "varones": 64,
        "mujeres": 58,
        "secciones": 6,
        "turnos": "VESPERTINO",
        "cue": 623164,
        "anexo": 0,
        "nro_escuela": 452,
        "assigned_zone_name": null,
        "source_name": "Datos Abiertos PBA - Establecimientos educativos",
        "source_url": "https://catalogo.datos.gba.gob.ar/dataset/establecimientos-educativos",
        "license": "Creative Commons Attribution 4.0",
        "generated_at": "2026-06-13T02:11:01.209890+00:00",
        "data_confidence": "high"
      },
      "geometry": {
        "type": "Point",
        "coordinates": [
          -58.6723162,
          -34.5885549
        ]
      }
    },
    {
      "type": "Feature",
      "properties": {
        "municipio_id": 6408,
        "municipio_nombre": "Hurlingham",
        "establecimiento_id": 65655,
        "establecimiento_nombre": "ESCUELA DE EDUCACIÓN ARTÍSTICA Nº1",
        "region_educativa": "Región 7",
        "clave": "0135AE0001",
        "cueanexo": 62316700,
        "modalidad": "Educación Artística",
        "nivel": "Cursos y Talleres",
        "direccion": "MANUELA PEDRAZA - 271",
        "telefono": "-",
        "rpv": null,
        "email": "eduestetica1hurlingham@abc.gob.ar",
        "sector": "Estatal",
        "dependencia": "Oficial",
        "tipo_organizacion": "ESCUELA DE EDUCACIÓN ARTÍSTICA",
        "area": "CONURBANO",
        "ambito": "Urbano",
        "desfavorabilidad": 0,
        "subvencion": "Oficial",
        "sede_axo_ext": "SEDE",
        "categoria": "Segunda",
        "depend_func": "Dirección de Educación Artística",
        "cui": "613500013",
        "periodo": "Final 2025",
        "matricula": 115,
        "varones": 56,
        "mujeres": 59,
        "secciones": 15,
        "turnos": "ALTERNADO",
        "cue": 623167,
        "anexo": 0,
        "nro_escuela": 1,
        "assigned_zone_name": "La Juanita",
        "source_name": "Datos Abiertos PBA - Establecimientos educativos",
        "source_url": "https://catalogo.datos.gba.gob.ar/dataset/establecimientos-educativos",
        "license": "Creative Commons Attribution 4.0",
        "generated_at": "2026-06-13T02:11:01.209890+00:00",
        "data_confidence": "high"
      },
      "geometry": {
        "type": "Point",
        "coordinates": [
          -58.6286031,
          -34.6195332
        ]
      }
    },
    {
      "type": "Feature",
      "properties": {
        "municipio_id": 6408,
        "municipio_nombre": "Hurlingham",
        "establecimiento_id": 102298,
        "establecimiento_nombre": "CENTRO EDUCATIVO DE NIVEL SECUNDARIO Nº453",
        "region_educativa": "Región 7",
        "clave": "0135DM0453",
        "cueanexo": 62368900,
        "modalidad": "Educación de Jóvenes y Adultos",
        "nivel": "Nivel Secundario",
        "direccion": "VALENCIA - 827",
        "telefono": "11-4459-7310",
        "rpv": null,
        "email": "gabdominguez3@abc.gob.ar",
        "sector": "Estatal",
        "dependencia": "Oficial",
        "tipo_organizacion": "CENTRO EDUCATIVO DE NIVEL SECUNDARIO (C.E.N.S.)",
        "area": "CONURBANO",
        "ambito": "Urbano",
        "desfavorabilidad": 0,
        "subvencion": "Oficial",
        "sede_axo_ext": "SEDE",
        "categoria": "Segunda",
        "depend_func": "Dirección de Educación de Jóvenes, Adultos y Adultos Mayores",
        "cui": "613500153",
        "periodo": "Final 2025",
        "matricula": 132,
        "varones": 74,
        "mujeres": 58,
        "secciones": 10,
        "turnos": "NOCHE",
        "cue": 623689,
        "anexo": 0,
        "nro_escuela": 453,
        "assigned_zone_name": "Mitre",
        "source_name": "Datos Abiertos PBA - Establecimientos educativos",
        "source_url": "https://catalogo.datos.gba.gob.ar/dataset/establecimientos-educativos",
        "license": "Creative Commons Attribution 4.0",
        "generated_at": "2026-06-13T02:11:01.209890+00:00",
        "data_confidence": "high"
      },
      "geometry": {
        "type": "Point",
        "coordinates": [
          -58.6434958,
          -34.610517
        ]
      }
    },
    {
      "type": "Feature",
      "properties": {
        "municipio_id": 6408,
        "municipio_nombre": "Hurlingham",
        "establecimiento_id": 102299,
        "establecimiento_nombre": "CENTRO EDUCATIVO DE NIVEL SECUNDARIO Nº454 \"8 DE SEPTIEMBRE\"",
        "region_educativa": "Región 7",
        "clave": "0135DM0454",
        "cueanexo": 62369000,
        "modalidad": "Educación de Jóvenes y Adultos",
        "nivel": "Nivel Secundario",
        "direccion": "GÜEMES Y SARGENTO GOMEZ - 1686",
        "telefono": "11-3354-9219",
        "rpv": null,
        "email": "0135dm0454@gmail.com",
        "sector": "Estatal",
        "dependencia": "Oficial",
        "tipo_organizacion": "CENTRO EDUCATIVO DE NIVEL SECUNDARIO (C.E.N.S.)",
        "area": "CONURBANO",
        "ambito": "Urbano",
        "desfavorabilidad": 0,
        "subvencion": "Oficial",
        "sede_axo_ext": "SEDE",
        "categoria": "Segunda",
        "depend_func": "Dirección de Educación de Jóvenes, Adultos y Adultos Mayores",
        "cui": "613500169",
        "periodo": "Final 2025",
        "matricula": 140,
        "varones": 69,
        "mujeres": 71,
        "secciones": 9,
        "turnos": "TARDE,VESPERTINO",
        "cue": 623690,
        "anexo": 0,
        "nro_escuela": 454,
        "assigned_zone_name": "Villa Club",
        "source_name": "Datos Abiertos PBA - Establecimientos educativos",
        "source_url": "https://catalogo.datos.gba.gob.ar/dataset/establecimientos-educativos",
        "license": "Creative Commons Attribution 4.0",
        "generated_at": "2026-06-13T02:11:01.209890+00:00",
        "data_confidence": "high"
      },
      "geometry": {
        "type": "Point",
        "coordinates": [
          -58.6350608,
          -34.5861792
        ]
      }
    },
    {
      "type": "Feature",
      "properties": {
        "municipio_id": 6408,
        "municipio_nombre": "Hurlingham",
        "establecimiento_id": 102299,
        "establecimiento_nombre": "CENTRO EDUCATIVO DE NIVEL SECUNDARIO Nº454 \"8 DE SEPTIEMBRE\"",
        "region_educativa": "Región 7",
        "clave": "0135DM0454",
        "cueanexo": 62369000,
        "modalidad": "Educación de Jóvenes y Adultos",
        "nivel": "Plan Fines (Trayectos y Deudores)",
        "direccion": "GÜEMES Y SARGENTO GOMEZ - 1686",
        "telefono": "11-3354-9219",
        "rpv": null,
        "email": "0135dm0454@gmail.com",
        "sector": "Estatal",
        "dependencia": "Oficial",
        "tipo_organizacion": "CENTRO EDUCATIVO DE NIVEL SECUNDARIO (C.E.N.S.)",
        "area": "CONURBANO",
        "ambito": "Urbano",
        "desfavorabilidad": 0,
        "subvencion": "Oficial",
        "sede_axo_ext": "SEDE",
        "categoria": "Segunda",
        "depend_func": "Dirección de Educación de Jóvenes, Adultos y Adultos Mayores",
        "cui": "613500169",
        "periodo": "Final 2025",
        "matricula": 65,
        "varones": 27,
        "mujeres": 38,
        "secciones": 3,
        "turnos": "TARDE,VESPERTINO",
        "cue": 623690,
        "anexo": 0,
        "nro_escuela": 454,
        "assigned_zone_name": "Villa Club",
        "source_name": "Datos Abiertos PBA - Establecimientos educativos",
        "source_url": "https://catalogo.datos.gba.gob.ar/dataset/establecimientos-educativos",
        "license": "Creative Commons Attribution 4.0",
        "generated_at": "2026-06-13T02:11:01.209890+00:00",
        "data_confidence": "high"
      },
      "geometry": {
        "type": "Point",
        "coordinates": [
          -58.6350608,
          -34.5861792
        ]
      }
    },
    {
      "type": "Feature",
      "properties": {
        "municipio_id": 6408,
        "municipio_nombre": "Hurlingham",
        "establecimiento_id": 102300,
        "establecimiento_nombre": "CENTRO EDUCATIVO DE NIVEL SECUNDARIO Nº455",
        "region_educativa": "Región 7",
        "clave": "0135DM0455",
        "cueanexo": 62369100,
        "modalidad": "Educación de Jóvenes y Adultos",
        "nivel": "Nivel Secundario",
        "direccion": "NEOCHEA - 1110",
        "telefono": "11-5110-4367",
        "rpv": null,
        "email": "cens455hurlingham@abc.gob.ar",
        "sector": "Estatal",
        "dependencia": "Oficial",
        "tipo_organizacion": "CENTRO EDUCATIVO DE NIVEL SECUNDARIO (C.E.N.S.)",
        "area": "CONURBANO",
        "ambito": "Urbano",
        "desfavorabilidad": 0,
        "subvencion": "Oficial",
        "sede_axo_ext": "SEDE",
        "categoria": "Segunda",
        "depend_func": "Dirección de Educación de Jóvenes, Adultos y Adultos Mayores",
        "cui": "613500176",
        "periodo": "Final 2025",
        "matricula": 181,
        "varones": 108,
        "mujeres": 73,
        "secciones": 12,
        "turnos": "TARDE,VESPERTINO",
        "cue": 623691,
        "anexo": 0,
        "nro_escuela": 455,
        "assigned_zone_name": "Hurlingham Centro",
        "source_name": "Datos Abiertos PBA - Establecimientos educativos",
        "source_url": "https://catalogo.datos.gba.gob.ar/dataset/establecimientos-educativos",
        "license": "Creative Commons Attribution 4.0",
        "generated_at": "2026-06-13T02:11:01.209890+00:00",
        "data_confidence": "high"
      },
      "geometry": {
        "type": "Point",
        "coordinates": [
          -58.6268368,
          -34.5936137
        ]
      }
    },
    {
      "type": "Feature",
      "properties": {
        "municipio_id": 6408,
        "municipio_nombre": "Hurlingham",
        "establecimiento_id": 102300,
        "establecimiento_nombre": "CENTRO EDUCATIVO DE NIVEL SECUNDARIO Nº455",
        "region_educativa": "Región 7",
        "clave": "0135DM0455",
        "cueanexo": 62369100,
        "modalidad": "Educación de Jóvenes y Adultos",
        "nivel": "Plan Fines (Trayectos y Deudores)",
        "direccion": "NEOCHEA - 1110",
        "telefono": "11-5110-4367",
        "rpv": null,
        "email": "cens455hurlingham@abc.gob.ar",
        "sector": "Estatal",
        "dependencia": "Oficial",
        "tipo_organizacion": "CENTRO EDUCATIVO DE NIVEL SECUNDARIO (C.E.N.S.)",
        "area": "CONURBANO",
        "ambito": "Urbano",
        "desfavorabilidad": 0,
        "subvencion": "Oficial",
        "sede_axo_ext": "SEDE",
        "categoria": "Segunda",
        "depend_func": "Dirección de Educación de Jóvenes, Adultos y Adultos Mayores",
        "cui": "613500176",
        "periodo": "Final 2025",
        "matricula": 130,
        "varones": 55,
        "mujeres": 75,
        "secciones": 15,
        "turnos": "TARDE,VESPERTINO",
        "cue": 623691,
        "anexo": 0,
        "nro_escuela": 455,
        "assigned_zone_name": "Hurlingham Centro",
        "source_name": "Datos Abiertos PBA - Establecimientos educativos",
        "source_url": "https://catalogo.datos.gba.gob.ar/dataset/establecimientos-educativos",
        "license": "Creative Commons Attribution 4.0",
        "generated_at": "2026-06-13T02:11:01.209890+00:00",
        "data_confidence": "high"
      },
      "geometry": {
        "type": "Point",
        "coordinates": [
          -58.6268368,
          -34.5936137
        ]
      }
    },
    {
      "type": "Feature",
      "properties": {
        "municipio_id": 6408,
        "municipio_nombre": "Hurlingham",
        "establecimiento_id": 102301,
        "establecimiento_nombre": "CENTRO EDUCATIVO DE NIVEL SECUNDARIO Nº456",
        "region_educativa": "Región 7",
        "clave": "0135DM0456",
        "cueanexo": 62369200,
        "modalidad": "Educación de Jóvenes y Adultos",
        "nivel": "Nivel Secundario",
        "direccion": "TORELLO Y ESQUINA RIZZO - 3050",
        "telefono": "11-4662-2420",
        "rpv": null,
        "email": "cens456hurlingham@abc.gob.ar",
        "sector": "Estatal",
        "dependencia": "Oficial",
        "tipo_organizacion": "CENTRO EDUCATIVO DE NIVEL SECUNDARIO (C.E.N.S.)",
        "area": "CONURBANO",
        "ambito": "Urbano",
        "desfavorabilidad": 0,
        "subvencion": "Oficial",
        "sede_axo_ext": "SEDE",
        "categoria": "Segunda",
        "depend_func": "Dirección de Educación de Jóvenes, Adultos y Adultos Mayores",
        "cui": "613500182",
        "periodo": "Final 2025",
        "matricula": 111,
        "varones": 52,
        "mujeres": 59,
        "secciones": 6,
        "turnos": "NOCHE",
        "cue": 623692,
        "anexo": 0,
        "nro_escuela": 456,
        "assigned_zone_name": "Santa Leonor",
        "source_name": "Datos Abiertos PBA - Establecimientos educativos",
        "source_url": "https://catalogo.datos.gba.gob.ar/dataset/establecimientos-educativos",
        "license": "Creative Commons Attribution 4.0",
        "generated_at": "2026-06-13T02:11:01.209890+00:00",
        "data_confidence": "high"
      },
      "geometry": {
        "type": "Point",
        "coordinates": [
          -58.6554979,
          -34.5963257
        ]
      }
    },
    {
      "type": "Feature",
      "properties": {
        "municipio_id": 6408,
        "municipio_nombre": "Hurlingham",
        "establecimiento_id": 102451,
        "establecimiento_nombre": "CENTRO DE FORMACIÓN PROFESIONAL Nº406",
        "region_educativa": "Región 7",
        "clave": "0135DF0406",
        "cueanexo": 62384200,
        "modalidad": "Educación de Jóvenes y Adultos",
        "nivel": "Formación Profesional",
        "direccion": "GORRITI - 3520",
        "telefono": "11-15-5734-4463",
        "rpv": null,
        "email": "cfp406hurlingham@abc.gob.ar",
        "sector": "Estatal",
        "dependencia": "Oficial",
        "tipo_organizacion": "CENTRO DE FORMACIÓN PROFESIONAL",
        "area": "CONURBANO",
        "ambito": "Urbano",
        "desfavorabilidad": 0,
        "subvencion": "Oficial",
        "sede_axo_ext": "SEDE",
        "categoria": "Segunda",
        "depend_func": "Dirección Provincial de Educación Técnico Profesional",
        "cui": "613501217",
        "periodo": "Final 2025",
        "matricula": 387,
        "varones": 139,
        "mujeres": 248,
        "secciones": 13,
        "turnos": "TARDE,VESPERTINO",
        "cue": 623842,
        "anexo": 0,
        "nro_escuela": 406,
        "assigned_zone_name": null,
        "source_name": "Datos Abiertos PBA - Establecimientos educativos",
        "source_url": "https://catalogo.datos.gba.gob.ar/dataset/establecimientos-educativos",
        "license": "Creative Commons Attribution 4.0",
        "generated_at": "2026-06-13T02:11:01.209890+00:00",
        "data_confidence": "high"
      },
      "geometry": {
        "type": "Point",
        "coordinates": [
          -58.671419,
          -34.589236
        ]
      }
    },
    {
      "type": "Feature",
      "properties": {
        "municipio_id": 6408,
        "municipio_nombre": "Hurlingham",
        "establecimiento_id": 102514,
        "establecimiento_nombre": "JARDIN DE INFANTES N° 921",
        "region_educativa": "Región 7",
        "clave": "0135JI0921",
        "cueanexo": 62390000,
        "modalidad": "Educación Común",
        "nivel": "Nivel Inicial",
        "direccion": "GRANADA - 664",
        "telefono": "-",
        "rpv": null,
        "email": "jardin921hurlingham@abc.gob.ar",
        "sector": "Estatal",
        "dependencia": "Oficial",
        "tipo_organizacion": "JARDÍN DE INFANTES",
        "area": "CONURBANO",
        "ambito": "Urbano",
        "desfavorabilidad": 0,
        "subvencion": "Oficial",
        "sede_axo_ext": "SEDE",
        "categoria": "Primera",
        "depend_func": "Dirección Provincial de Educación Inicial",
        "cui": "613500423",
        "periodo": "Final 2025",
        "matricula": 133,
        "varones": 68,
        "mujeres": 65,
        "secciones": 6,
        "turnos": "MAÑANA,TARDE",
        "cue": 623900,
        "anexo": 0,
        "nro_escuela": 921,
        "assigned_zone_name": "Los Patitos",
        "source_name": "Datos Abiertos PBA - Establecimientos educativos",
        "source_url": "https://catalogo.datos.gba.gob.ar/dataset/establecimientos-educativos",
        "license": "Creative Commons Attribution 4.0",
        "generated_at": "2026-06-13T02:11:01.209890+00:00",
        "data_confidence": "high"
      },
      "geometry": {
        "type": "Point",
        "coordinates": [
          -58.6607563,
          -34.5996745
        ]
      }
    },
    {
      "type": "Feature",
      "properties": {
        "municipio_id": 6408,
        "municipio_nombre": "Hurlingham",
        "establecimiento_id": 102643,
        "establecimiento_nombre": "INSTITUTO SUPERIOR DE FORMACIÓN TÉCNICA N°226",
        "region_educativa": "Región 7",
        "clave": "0135IS0226",
        "cueanexo": 62403000,
        "modalidad": "Educación Técnico Profesional",
        "nivel": "Nivel Superior",
        "direccion": "SARGENTO SALAZAR - 1501",
        "telefono": "11-4452-2432",
        "rpv": null,
        "email": "isft226@abc.gob.ar",
        "sector": "Estatal",
        "dependencia": "Oficial",
        "tipo_organizacion": "INSTITUTO SUPERIOR DE FORMACIÓN DOCENTE Y TÉCNICA",
        "area": "CONURBANO",
        "ambito": "Urbano",
        "desfavorabilidad": 0,
        "subvencion": "Oficial",
        "sede_axo_ext": "SEDE",
        "categoria": "Tercera",
        "depend_func": "Dirección Provincial de Educación Técnico Profesional",
        "cui": "613500239",
        "periodo": "Final 2025",
        "matricula": 88,
        "varones": 64,
        "mujeres": 24,
        "secciones": 2,
        "turnos": "VESPERTINO",
        "cue": 624030,
        "anexo": 0,
        "nro_escuela": 226,
        "assigned_zone_name": "Hurlingham Centro",
        "source_name": "Datos Abiertos PBA - Establecimientos educativos",
        "source_url": "https://catalogo.datos.gba.gob.ar/dataset/establecimientos-educativos",
        "license": "Creative Commons Attribution 4.0",
        "generated_at": "2026-06-13T02:11:01.209890+00:00",
        "data_confidence": "high"
      },
      "geometry": {
        "type": "Point",
        "coordinates": [
          -58.6334537,
          -34.5881263
        ]
      }
    },
    {
      "type": "Feature",
      "properties": {
        "municipio_id": 6408,
        "municipio_nombre": "Hurlingham",
        "establecimiento_id": 102688,
        "establecimiento_nombre": "JARDÍN DE INFANTES DE CARÁCTER COMUNITARIO N°1",
        "region_educativa": "Región 7",
        "clave": "0135JU0001",
        "cueanexo": 62407400,
        "modalidad": "Educación Común",
        "nivel": "Nivel Inicial",
        "direccion": "DR. DELFOR DIAZ - 1650",
        "telefono": "11-2200-8488",
        "rpv": null,
        "email": "sanvicentedepaul.h@hotmail.com",
        "sector": "Estatal",
        "dependencia": "Oficial",
        "tipo_organizacion": "JARDÍN COMUNITARIO",
        "area": "CONURBANO",
        "ambito": "Urbano",
        "desfavorabilidad": 0,
        "subvencion": "Oficial",
        "sede_axo_ext": "SEDE",
        "categoria": "Tercera",
        "depend_func": "Dirección Provincial de Educación Inicial",
        "cui": "613500434",
        "periodo": "Final 2025",
        "matricula": 94,
        "varones": 44,
        "mujeres": 50,
        "secciones": 5,
        "turnos": "\"DOBLE ESCOLARIDAD\"",
        "cue": 624074,
        "anexo": 0,
        "nro_escuela": 1,
        "assigned_zone_name": "Villa Club",
        "source_name": "Datos Abiertos PBA - Establecimientos educativos",
        "source_url": "https://catalogo.datos.gba.gob.ar/dataset/establecimientos-educativos",
        "license": "Creative Commons Attribution 4.0",
        "generated_at": "2026-06-13T02:11:01.209890+00:00",
        "data_confidence": "high"
      },
      "geometry": {
        "type": "Point",
        "coordinates": [
          -58.6354457,
          -34.5848968
        ]
      }
    },
    {
      "type": "Feature",
      "properties": {
        "municipio_id": 6408,
        "municipio_nombre": "Hurlingham",
        "establecimiento_id": 102837,
        "establecimiento_nombre": "INSTITUTO CAMINO AL SOL",
        "region_educativa": "Región 7",
        "clave": "4135EE8687",
        "cueanexo": 62419300,
        "modalidad": "Educación Especial",
        "nivel": "Nivel Primario",
        "direccion": "LA PATRIA - 3554",
        "telefono": "11-4450-5549",
        "rpv": null,
        "email": "caminoalsol@live.com.ar",
        "sector": "Privado",
        "dependencia": "Privada",
        "tipo_organizacion": "ESCUELA DE EDUCACIÓN ESPECIAL",
        "area": "CONURBANO",
        "ambito": "Urbano",
        "desfavorabilidad": 0,
        "subvencion": "Subvención parcial 60%",
        "sede_axo_ext": "SEDE",
        "categoria": "S/Datos",
        "depend_func": "Dirección de Educación de Gestión Privada",
        "cui": "613500786",
        "periodo": "Final 2025",
        "matricula": 15,
        "varones": 15,
        "mujeres": 0,
        "secciones": 0,
        "turnos": "\"DOBLE ESCOLARIDAD\",MAÑANA,TARDE",
        "cue": 624193,
        "anexo": 0,
        "nro_escuela": 8687,
        "assigned_zone_name": "Villa Tesei Centro",
        "source_name": "Datos Abiertos PBA - Establecimientos educativos",
        "source_url": "https://catalogo.datos.gba.gob.ar/dataset/establecimientos-educativos",
        "license": "Creative Commons Attribution 4.0",
        "generated_at": "2026-06-13T02:11:01.209890+00:00",
        "data_confidence": "high"
      },
      "geometry": {
        "type": "Point",
        "coordinates": [
          -58.6387834,
          -34.6166728
        ]
      }
    },
    {
      "type": "Feature",
      "properties": {
        "municipio_id": 6408,
        "municipio_nombre": "Hurlingham",
        "establecimiento_id": 102837,
        "establecimiento_nombre": "INSTITUTO CAMINO AL SOL",
        "region_educativa": "Región 7",
        "clave": "4135EE8687",
        "cueanexo": 62419300,
        "modalidad": "Educación Especial",
        "nivel": "Formación Integral",
        "direccion": "LA PATRIA - 3554",
        "telefono": "11-4450-5549",
        "rpv": null,
        "email": "caminoalsol@live.com.ar",
        "sector": "Privado",
        "dependencia": "Privada",
        "tipo_organizacion": "ESCUELA DE EDUCACIÓN ESPECIAL",
        "area": "CONURBANO",
        "ambito": "Urbano",
        "desfavorabilidad": 0,
        "subvencion": "Subvención parcial 60%",
        "sede_axo_ext": "SEDE",
        "categoria": "S/Datos",
        "depend_func": "Dirección de Educación de Gestión Privada",
        "cui": "613500786",
        "periodo": "Final 2025",
        "matricula": 27,
        "varones": 23,
        "mujeres": 4,
        "secciones": 0,
        "turnos": "\"DOBLE ESCOLARIDAD\",MAÑANA,TARDE",
        "cue": 624193,
        "anexo": 0,
        "nro_escuela": 8687,
        "assigned_zone_name": "Villa Tesei Centro",
        "source_name": "Datos Abiertos PBA - Establecimientos educativos",
        "source_url": "https://catalogo.datos.gba.gob.ar/dataset/establecimientos-educativos",
        "license": "Creative Commons Attribution 4.0",
        "generated_at": "2026-06-13T02:11:01.209890+00:00",
        "data_confidence": "high"
      },
      "geometry": {
        "type": "Point",
        "coordinates": [
          -58.6387834,
          -34.6166728
        ]
      }
    },
    {
      "type": "Feature",
      "properties": {
        "municipio_id": 6408,
        "municipio_nombre": "Hurlingham",
        "establecimiento_id": 103031,
        "establecimiento_nombre": "JARDÍN DE INFANTES N°922",
        "region_educativa": "Región 7",
        "clave": "0135JI0922",
        "cueanexo": 62436600,
        "modalidad": "Educación Común",
        "nivel": "Nivel Inicial",
        "direccion": "POETA RISSO - 2230",
        "telefono": "-",
        "rpv": null,
        "email": "jardin922hurlingham@abc.gob.ar",
        "sector": "Estatal",
        "dependencia": "Oficial",
        "tipo_organizacion": "JARDÍN DE INFANTES",
        "area": "CONURBANO",
        "ambito": "Urbano",
        "desfavorabilidad": 0,
        "subvencion": "Oficial",
        "sede_axo_ext": "SEDE",
        "categoria": "Primera",
        "depend_func": "Dirección Provincial de Educación Inicial",
        "cui": "613501123",
        "periodo": "Final 2025",
        "matricula": 108,
        "varones": 52,
        "mujeres": 56,
        "secciones": 6,
        "turnos": "MAÑANA,TARDE",
        "cue": 624366,
        "anexo": 0,
        "nro_escuela": 922,
        "assigned_zone_name": "Santa Leonor",
        "source_name": "Datos Abiertos PBA - Establecimientos educativos",
        "source_url": "https://catalogo.datos.gba.gob.ar/dataset/establecimientos-educativos",
        "license": "Creative Commons Attribution 4.0",
        "generated_at": "2026-06-13T02:11:01.209890+00:00",
        "data_confidence": "high"
      },
      "geometry": {
        "type": "Point",
        "coordinates": [
          -58.6549963,
          -34.5965809
        ]
      }
    },
    {
      "type": "Feature",
      "properties": {
        "municipio_id": 6408,
        "municipio_nombre": "Hurlingham",
        "establecimiento_id": 103063,
        "establecimiento_nombre": "ESCUELA PREUNIVERSITARIA DE FORMACIÓN PROFESIONAL DE LA UNIVERSIDAD NACIONAL DE HURLINGHAM",
        "region_educativa": "Región 7",
        "clave": "2135MT0001",
        "cueanexo": 62439800,
        "modalidad": "Educación Técnico Profesional",
        "nivel": "Nivel Secundario",
        "direccion": "ORIGONE - 151",
        "telefono": "11-2066-1958#872",
        "rpv": null,
        "email": "escuelapreuniversitariaunahur@unahur.edu.ar",
        "sector": "Estatal",
        "dependencia": "Nacional",
        "tipo_organizacion": "ESCUELA DE EDUCACIÓN SECUNDARIA TÉCNICA",
        "area": "CONURBANO",
        "ambito": "Urbano",
        "desfavorabilidad": 0,
        "subvencion": "Oficial",
        "sede_axo_ext": "SEDE",
        "categoria": "S/Datos",
        "depend_func": "Ministerio de Educación de la Nación",
        "cui": "613501201",
        "periodo": "Final 2025",
        "matricula": 47,
        "varones": 29,
        "mujeres": 18,
        "secciones": 3,
        "turnos": "TARDE",
        "cue": 624398,
        "anexo": 0,
        "nro_escuela": 1,
        "assigned_zone_name": "Villa Tesei Centro",
        "source_name": "Datos Abiertos PBA - Establecimientos educativos",
        "source_url": "https://catalogo.datos.gba.gob.ar/dataset/establecimientos-educativos",
        "license": "Creative Commons Attribution 4.0",
        "generated_at": "2026-06-13T02:11:01.209890+00:00",
        "data_confidence": "high"
      },
      "geometry": {
        "type": "Point",
        "coordinates": [
          -58.6374604,
          -34.6183615
        ]
      }
    },
    {
      "type": "Feature",
      "properties": {
        "municipio_id": 6408,
        "municipio_nombre": "Hurlingham",
        "establecimiento_id": 103099,
        "establecimiento_nombre": "CENTRO PARA LA PRODUCCIÓN Y EL TRABAJO DE LA UNIVERSIDAD NACIONAL DE HURLINGAM",
        "region_educativa": "Región 7",
        "clave": "2135DF0001",
        "cueanexo": 62440600,
        "modalidad": "Educación de Jóvenes y Adultos",
        "nivel": "Formación Profesional",
        "direccion": "ORIGONE - 151",
        "telefono": "11-2066-1958 #248",
        "rpv": null,
        "email": "formacion.trabajo@unahur.edu.ar",
        "sector": "Estatal",
        "dependencia": "Nacional",
        "tipo_organizacion": "CENTRO DE FORMACIÓN PROFESIONAL",
        "area": "CONURBANO",
        "ambito": "Urbano",
        "desfavorabilidad": 0,
        "subvencion": "Oficial",
        "sede_axo_ext": "SEDE",
        "categoria": "S/Datos",
        "depend_func": "Ministerio de Educación de la Nación",
        "cui": "613501201",
        "periodo": "Nueva",
        "matricula": 0,
        "varones": 0,
        "mujeres": 0,
        "secciones": 0,
        "turnos": null,
        "cue": 624406,
        "anexo": 0,
        "nro_escuela": 1,
        "assigned_zone_name": "Villa Tesei Centro",
        "source_name": "Datos Abiertos PBA - Establecimientos educativos",
        "source_url": "https://catalogo.datos.gba.gob.ar/dataset/establecimientos-educativos",
        "license": "Creative Commons Attribution 4.0",
        "generated_at": "2026-06-13T02:11:01.209890+00:00",
        "data_confidence": "high"
      },
      "geometry": {
        "type": "Point",
        "coordinates": [
          -58.6373144,
          -34.6184505
        ]
      }
    },
    {
      "type": "Feature",
      "properties": {
        "municipio_id": 6408,
        "municipio_nombre": "Hurlingham",
        "establecimiento_id": 103260,
        "establecimiento_nombre": "ESCUELA WALDORF SEMILLA DORADA",
        "region_educativa": "Región 7",
        "clave": "4135MS8910",
        "cueanexo": 62456800,
        "modalidad": "Educación Común",
        "nivel": "Nivel Secundario",
        "direccion": "OLASDCOAGA ESQUINA GARIBALDI - 1417",
        "telefono": "11-46652551",
        "rpv": null,
        "email": "semilladoradawaldorf@gmail.com",
        "sector": "Privado",
        "dependencia": "Privada",
        "tipo_organizacion": "ESCUELA DE EDUCACIÓN SECUNDARIA",
        "area": "CONURBANO",
        "ambito": "Urbano",
        "desfavorabilidad": 0,
        "subvencion": "Sin Subvención",
        "sede_axo_ext": "SEDE",
        "categoria": "S/Datos",
        "depend_func": "Dirección de Educación de Gestión Privada",
        "cui": "613501229",
        "periodo": "Final 2025",
        "matricula": 37,
        "varones": 22,
        "mujeres": 15,
        "secciones": 3,
        "turnos": "MAÑANA",
        "cue": 624568,
        "anexo": 0,
        "nro_escuela": 8910,
        "assigned_zone_name": null,
        "source_name": "Datos Abiertos PBA - Establecimientos educativos",
        "source_url": "https://catalogo.datos.gba.gob.ar/dataset/establecimientos-educativos",
        "license": "Creative Commons Attribution 4.0",
        "generated_at": "2026-06-13T02:11:01.209890+00:00",
        "data_confidence": "high"
      },
      "geometry": {
        "type": "Point",
        "coordinates": [
          -58.6581013,
          -34.5721593
        ]
      }
    },
    {
      "type": "Feature",
      "properties": {
        "municipio_id": 6408,
        "municipio_nombre": "Hurlingham",
        "establecimiento_id": 103452,
        "establecimiento_nombre": "JARDÍN DE INFANTES MUNICIPAL N° 7  \"NUESTRA SEÑORA DE LA GUARDIA\"",
        "region_educativa": "Región 7",
        "clave": "3135JI9109",
        "cueanexo": 62476000,
        "modalidad": "Educación Común",
        "nivel": "Nivel Inicial",
        "direccion": "AMENÁBAR - 1930",
        "telefono": "-",
        "rpv": null,
        "email": null,
        "sector": "Estatal",
        "dependencia": "Municipal",
        "tipo_organizacion": "JARDÍN DE INFANTES",
        "area": "CONURBANO",
        "ambito": "Urbano",
        "desfavorabilidad": 0,
        "subvencion": "Sin Subvención",
        "sede_axo_ext": "SEDE",
        "categoria": "Segunda",
        "depend_func": "Dirección de Educación de Gestión Privada",
        "cui": "613501238",
        "periodo": "Final 2025",
        "matricula": 88,
        "varones": 48,
        "mujeres": 40,
        "secciones": 4,
        "turnos": "\"DOBLE ESCOLARIDAD\"",
        "cue": 624760,
        "anexo": 0,
        "nro_escuela": 9109,
        "assigned_zone_name": "Belgrano",
        "source_name": "Datos Abiertos PBA - Establecimientos educativos",
        "source_url": "https://catalogo.datos.gba.gob.ar/dataset/establecimientos-educativos",
        "license": "Creative Commons Attribution 4.0",
        "generated_at": "2026-06-13T02:11:01.209890+00:00",
        "data_confidence": "high"
      },
      "geometry": {
        "type": "Point",
        "coordinates": [
          -58.6596779,
          -34.5786253
        ]
      }
    }
  ]
}
