{
  "type": "FeatureCollection",
  "name": "externalities_hurlingham",
  "metadata": {
    "generated_at": "2026-06-29T00:09:48.931378+00:00",
    "crs": "EPSG:4326",
    "scope": "Partido de Hurlingham, Buenos Aires, Argentina",
    "source_name": "OpenStreetMap Overpass API",
    "source_url": "https://overpass-api.de/api/interpreter",
    "license": "Open Database License (ODbL)",
    "raw_output": "data/raw/osm/overpass_hurlingham_base.json",
    "query_bbox": [
      -34.66,
      -58.72,
      -34.54,
      -58.58
    ],
    "data_confidence": "medium",
    "notes": "Features are extracted by bbox then clipped/intersected against local Hurlingham zones."
  },
  "features": [
    {
      "type": "Feature",
      "properties": {
        "id": "osm_node_1633081364",
        "osm_type": "node",
        "osm_id": 1633081364,
        "name": "YPF",
        "amenity": "fuel",
        "shop": null,
        "leisure": null,
        "landuse": null,
        "highway": null,
        "railway": null,
        "waterway": null,
        "public_transport": null,
        "source_name": "OpenStreetMap Overpass API",
        "source_url": "https://overpass-api.de/api/interpreter",
        "generated_at": "2026-06-29T00:09:48.931378+00:00",
        "data_confidence": "medium",
        "assigned_zone_name": "Villa Alemania"
      },
      "geometry": {
        "type": "Point",
        "coordinates": [
          -58.62226,
          -34.5935443
        ]
      }
    },
    {
      "type": "Feature",
      "properties": {
        "id": "osm_node_2712504881",
        "osm_type": "node",
        "osm_id": 2712504881,
        "name": "Puma",
        "amenity": "fuel",
        "shop": null,
        "leisure": null,
        "landuse": null,
        "highway": null,
        "railway": null,
        "waterway": null,
        "public_transport": null,
        "source_name": "OpenStreetMap Overpass API",
        "source_url": "https://overpass-api.de/api/interpreter",
        "generated_at": "2026-06-29T00:09:48.931378+00:00",
        "data_confidence": "medium",
        "assigned_zone_name": "Villa Tesei Centro"
      },
      "geometry": {
        "type": "Point",
        "coordinates": [
          -58.634261,
          -34.6193447
        ]
      }
    },
    {
      "type": "Feature",
      "properties": {
        "id": "osm_node_3797615816",
        "osm_type": "node",
        "osm_id": 3797615816,
        "name": "Gulf",
        "amenity": "fuel",
        "shop": null,
        "leisure": null,
        "landuse": null,
        "highway": null,
        "railway": null,
        "waterway": null,
        "public_transport": null,
        "source_name": "OpenStreetMap Overpass API",
        "source_url": "https://overpass-api.de/api/interpreter",
        "generated_at": "2026-06-29T00:09:48.931378+00:00",
        "data_confidence": "medium",
        "assigned_zone_name": "Nuevo Parque Quirno"
      },
      "geometry": {
        "type": "Point",
        "coordinates": [
          -58.6204778,
          -34.6059116
        ]
      }
    },
    {
      "type": "Feature",
      "properties": {
        "id": "osm_node_3804418709",
        "osm_type": "node",
        "osm_id": 3804418709,
        "name": "Shell",
        "amenity": "fuel",
        "shop": null,
        "leisure": null,
        "landuse": null,
        "highway": null,
        "railway": null,
        "waterway": null,
        "public_transport": null,
        "source_name": "OpenStreetMap Overpass API",
        "source_url": "https://overpass-api.de/api/interpreter",
        "generated_at": "2026-06-29T00:09:48.931378+00:00",
        "data_confidence": "medium",
        "assigned_zone_name": "Parque Jhonston"
      },
      "geometry": {
        "type": "Point",
        "coordinates": [
          -58.6363066,
          -34.5946748
        ]
      }
    },
    {
      "type": "Feature",
      "properties": {
        "id": "osm_node_4327575639",
        "osm_type": "node",
        "osm_id": 4327575639,
        "name": "YPF",
        "amenity": "fuel",
        "shop": null,
        "leisure": null,
        "landuse": null,
        "highway": null,
        "railway": null,
        "waterway": null,
        "public_transport": null,
        "source_name": "OpenStreetMap Overpass API",
        "source_url": "https://overpass-api.de/api/interpreter",
        "generated_at": "2026-06-29T00:09:48.931378+00:00",
        "data_confidence": "medium",
        "assigned_zone_name": "Parque Jhonston"
      },
      "geometry": {
        "type": "Point",
        "coordinates": [
          -58.635962,
          -34.5987395
        ]
      }
    },
    {
      "type": "Feature",
      "properties": {
        "id": "osm_node_4344870644",
        "osm_type": "node",
        "osm_id": 4344870644,
        "name": "YPF",
        "amenity": "fuel",
        "shop": null,
        "leisure": null,
        "landuse": null,
        "highway": null,
        "railway": null,
        "waterway": null,
        "public_transport": null,
        "source_name": "OpenStreetMap Overpass API",
        "source_url": "https://overpass-api.de/api/interpreter",
        "generated_at": "2026-06-29T00:09:48.931378+00:00",
        "data_confidence": "medium",
        "assigned_zone_name": "Villa Tesei Centro"
      },
      "geometry": {
        "type": "Point",
        "coordinates": [
          -58.6340151,
          -34.6161539
        ]
      }
    },
    {
      "type": "Feature",
      "properties": {
        "id": "osm_way_27228858",
        "osm_type": "way",
        "osm_id": 27228858,
        "name": "De La Tradición",
        "amenity": null,
        "shop": null,
        "leisure": null,
        "landuse": null,
        "highway": "secondary",
        "railway": null,
        "waterway": null,
        "public_transport": null,
        "source_name": "OpenStreetMap Overpass API",
        "source_url": "https://overpass-api.de/api/interpreter",
        "generated_at": "2026-06-29T00:09:48.931378+00:00",
        "data_confidence": "medium",
        "assigned_zone_name": "El Destino"
      },
      "geometry": {
        "type": "Point",
        "coordinates": [
          -58.6676438,
          -34.5901834
        ]
      }
    },
    {
      "type": "Feature",
      "properties": {
        "id": "osm_way_27238201",
        "osm_type": "way",
        "osm_id": 27238201,
        "name": "Avenida Julio Argentino Roca",
        "amenity": null,
        "shop": null,
        "leisure": null,
        "landuse": null,
        "highway": "primary",
        "railway": null,
        "waterway": null,
        "public_transport": null,
        "source_name": "OpenStreetMap Overpass API",
        "source_url": "https://overpass-api.de/api/interpreter",
        "generated_at": "2026-06-29T00:09:48.931378+00:00",
        "data_confidence": "medium",
        "assigned_zone_name": "Juan B. de Lasalle"
      },
      "geometry": {
        "type": "Point",
        "coordinates": [
          -58.6436121,
          -34.5769564
        ]
      }
    },
    {
      "type": "Feature",
      "properties": {
        "id": "osm_way_28838302",
        "osm_type": "way",
        "osm_id": 28838302,
        "name": "Vicente Camargo",
        "amenity": null,
        "shop": null,
        "leisure": null,
        "landuse": null,
        "highway": "primary",
        "railway": null,
        "waterway": null,
        "public_transport": null,
        "source_name": "OpenStreetMap Overpass API",
        "source_url": "https://overpass-api.de/api/interpreter",
        "generated_at": "2026-06-29T00:09:48.931378+00:00",
        "data_confidence": "medium",
        "assigned_zone_name": "Villa Tesei Centro"
      },
      "geometry": {
        "type": "Point",
        "coordinates": [
          -58.6330956,
          -34.6199838
        ]
      }
    },
    {
      "type": "Feature",
      "properties": {
        "id": "osm_way_28930087",
        "osm_type": "way",
        "osm_id": 28930087,
        "name": "General A. Soler",
        "amenity": null,
        "shop": null,
        "leisure": null,
        "landuse": null,
        "highway": "secondary",
        "railway": null,
        "waterway": null,
        "public_transport": null,
        "source_name": "OpenStreetMap Overpass API",
        "source_url": "https://overpass-api.de/api/interpreter",
        "generated_at": "2026-06-29T00:09:48.931378+00:00",
        "data_confidence": "medium",
        "assigned_zone_name": "Villa Club"
      },
      "geometry": {
        "type": "Point",
        "coordinates": [
          -58.6399084,
          -34.5690369
        ]
      }
    },
    {
      "type": "Feature",
      "properties": {
        "id": "osm_way_30311912",
        "osm_type": "way",
        "osm_id": 30311912,
        "name": "Intendente Mustoni",
        "amenity": null,
        "shop": null,
        "leisure": null,
        "landuse": null,
        "highway": "tertiary",
        "railway": null,
        "waterway": null,
        "public_transport": null,
        "source_name": "OpenStreetMap Overpass API",
        "source_url": "https://overpass-api.de/api/interpreter",
        "generated_at": "2026-06-29T00:09:48.931378+00:00",
        "data_confidence": "medium",
        "assigned_zone_name": "Roca 1"
      },
      "geometry": {
        "type": "Point",
        "coordinates": [
          -58.651803,
          -34.5757732
        ]
      }
    },
    {
      "type": "Feature",
      "properties": {
        "id": "osm_way_30311913",
        "osm_type": "way",
        "osm_id": 30311913,
        "name": "General Conrado Villegas",
        "amenity": null,
        "shop": null,
        "leisure": null,
        "landuse": null,
        "highway": "tertiary",
        "railway": null,
        "waterway": null,
        "public_transport": null,
        "source_name": "OpenStreetMap Overpass API",
        "source_url": "https://overpass-api.de/api/interpreter",
        "generated_at": "2026-06-29T00:09:48.931378+00:00",
        "data_confidence": "medium",
        "assigned_zone_name": "Roca 1"
      },
      "geometry": {
        "type": "Point",
        "coordinates": [
          -58.6519044,
          -34.5762238
        ]
      }
    },
    {
      "type": "Feature",
      "properties": {
        "id": "osm_way_30311915",
        "osm_type": "way",
        "osm_id": 30311915,
        "name": "General Conrado Villegas",
        "amenity": null,
        "shop": null,
        "leisure": null,
        "landuse": null,
        "highway": "tertiary",
        "railway": null,
        "waterway": null,
        "public_transport": null,
        "source_name": "OpenStreetMap Overpass API",
        "source_url": "https://overpass-api.de/api/interpreter",
        "generated_at": "2026-06-29T00:09:48.931378+00:00",
        "data_confidence": "medium",
        "assigned_zone_name": "Roca 1"
      },
      "geometry": {
        "type": "Point",
        "coordinates": [
          -58.652787,
          -34.5755295
        ]
      }
    },
    {
      "type": "Feature",
      "properties": {
        "id": "osm_way_46834296",
        "osm_type": "way",
        "osm_id": 46834296,
        "name": "General Conrado Villegas",
        "amenity": null,
        "shop": null,
        "leisure": null,
        "landuse": null,
        "highway": "tertiary",
        "railway": null,
        "waterway": null,
        "public_transport": null,
        "source_name": "OpenStreetMap Overpass API",
        "source_url": "https://overpass-api.de/api/interpreter",
        "generated_at": "2026-06-29T00:09:48.931378+00:00",
        "data_confidence": "medium",
        "assigned_zone_name": "Roca 2"
      },
      "geometry": {
        "type": "Point",
        "coordinates": [
          -58.6504869,
          -34.5742251
        ]
      }
    },
    {
      "type": "Feature",
      "properties": {
        "id": "osm_way_48122205",
        "osm_type": "way",
        "osm_id": 48122205,
        "name": "Juan Jufré",
        "amenity": null,
        "shop": null,
        "leisure": null,
        "landuse": null,
        "highway": "tertiary",
        "railway": null,
        "waterway": null,
        "public_transport": null,
        "source_name": "OpenStreetMap Overpass API",
        "source_url": "https://overpass-api.de/api/interpreter",
        "generated_at": "2026-06-29T00:09:48.931378+00:00",
        "data_confidence": "medium",
        "assigned_zone_name": "La Juanita"
      },
      "geometry": {
        "type": "Point",
        "coordinates": [
          -58.624466,
          -34.6195095
        ]
      }
    },
    {
      "type": "Feature",
      "properties": {
        "id": "osm_way_48122210",
        "osm_type": "way",
        "osm_id": 48122210,
        "name": "Juan Jufré",
        "amenity": null,
        "shop": null,
        "leisure": null,
        "landuse": null,
        "highway": "tertiary",
        "railway": null,
        "waterway": null,
        "public_transport": null,
        "source_name": "OpenStreetMap Overpass API",
        "source_url": "https://overpass-api.de/api/interpreter",
        "generated_at": "2026-06-29T00:09:48.931378+00:00",
        "data_confidence": "medium",
        "assigned_zone_name": "El Palanco"
      },
      "geometry": {
        "type": "Point",
        "coordinates": [
          -58.625169,
          -34.6239623
        ]
      }
    },
    {
      "type": "Feature",
      "properties": {
        "id": "osm_way_48122341",
        "osm_type": "way",
        "osm_id": 48122341,
        "name": "Juan Jufré",
        "amenity": null,
        "shop": null,
        "leisure": null,
        "landuse": null,
        "highway": "tertiary",
        "railway": null,
        "waterway": null,
        "public_transport": null,
        "source_name": "OpenStreetMap Overpass API",
        "source_url": "https://overpass-api.de/api/interpreter",
        "generated_at": "2026-06-29T00:09:48.931378+00:00",
        "data_confidence": "medium",
        "assigned_zone_name": "Scholnik"
      },
      "geometry": {
        "type": "Point",
        "coordinates": [
          -58.6244296,
          -34.6151256
        ]
      }
    },
    {
      "type": "Feature",
      "properties": {
        "id": "osm_way_48122659",
        "osm_type": "way",
        "osm_id": 48122659,
        "name": "Roberto Prack",
        "amenity": null,
        "shop": null,
        "leisure": null,
        "landuse": null,
        "highway": "tertiary",
        "railway": null,
        "waterway": null,
        "public_transport": null,
        "source_name": "OpenStreetMap Overpass API",
        "source_url": "https://overpass-api.de/api/interpreter",
        "generated_at": "2026-06-29T00:09:48.931378+00:00",
        "data_confidence": "medium",
        "assigned_zone_name": "El Porvenir"
      },
      "geometry": {
        "type": "Point",
        "coordinates": [
          -58.6358133,
          -34.623936
        ]
      }
    },
    {
      "type": "Feature",
      "properties": {
        "id": "osm_way_48123263",
        "osm_type": "way",
        "osm_id": 48123263,
        "name": "Juan Jufré",
        "amenity": null,
        "shop": null,
        "leisure": null,
        "landuse": null,
        "highway": "tertiary",
        "railway": null,
        "waterway": null,
        "public_transport": null,
        "source_name": "OpenStreetMap Overpass API",
        "source_url": "https://overpass-api.de/api/interpreter",
        "generated_at": "2026-06-29T00:09:48.931378+00:00",
        "data_confidence": "medium",
        "assigned_zone_name": "Atepam Italia"
      },
      "geometry": {
        "type": "Point",
        "coordinates": [
          -58.6262227,
          -34.6288074
        ]
      }
    },
    {
      "type": "Feature",
      "properties": {
        "id": "osm_way_48123273",
        "osm_type": "way",
        "osm_id": 48123273,
        "name": "Juan Jufré",
        "amenity": null,
        "shop": null,
        "leisure": null,
        "landuse": null,
        "highway": "tertiary",
        "railway": null,
        "waterway": null,
        "public_transport": null,
        "source_name": "OpenStreetMap Overpass API",
        "source_url": "https://overpass-api.de/api/interpreter",
        "generated_at": "2026-06-29T00:09:48.931378+00:00",
        "data_confidence": "medium",
        "assigned_zone_name": "Asunción"
      },
      "geometry": {
        "type": "Point",
        "coordinates": [
          -58.6268591,
          -34.6315962
        ]
      }
    },
    {
      "type": "Feature",
      "properties": {
        "id": "osm_way_48123278",
        "osm_type": "way",
        "osm_id": 48123278,
        "name": "Pasco",
        "amenity": null,
        "shop": null,
        "leisure": null,
        "landuse": null,
        "highway": "tertiary",
        "railway": null,
        "waterway": null,
        "public_transport": null,
        "source_name": "OpenStreetMap Overpass API",
        "source_url": "https://overpass-api.de/api/interpreter",
        "generated_at": "2026-06-29T00:09:48.931378+00:00",
        "data_confidence": "medium",
        "assigned_zone_name": "Asunción"
      },
      "geometry": {
        "type": "Point",
        "coordinates": [
          -58.6233995,
          -34.6269198
        ]
      }
    },
    {
      "type": "Feature",
      "properties": {
        "id": "osm_way_48673640",
        "osm_type": "way",
        "osm_id": 48673640,
        "name": "Avenida Gobernador Valentín Vergara",
        "amenity": null,
        "shop": null,
        "leisure": null,
        "landuse": null,
        "highway": "secondary",
        "railway": null,
        "waterway": null,
        "public_transport": null,
        "source_name": "OpenStreetMap Overpass API",
        "source_url": "https://overpass-api.de/api/interpreter",
        "generated_at": "2026-06-29T00:09:48.931378+00:00",
        "data_confidence": "medium",
        "assigned_zone_name": "Cosmopolita"
      },
      "geometry": {
        "type": "Point",
        "coordinates": [
          -58.6389556,
          -34.5850059
        ]
      }
    },
    {
      "type": "Feature",
      "properties": {
        "id": "osm_way_56212088",
        "osm_type": "way",
        "osm_id": 56212088,
        "name": "Félix Frías",
        "amenity": null,
        "shop": null,
        "leisure": null,
        "landuse": null,
        "highway": "tertiary",
        "railway": null,
        "waterway": null,
        "public_transport": null,
        "source_name": "OpenStreetMap Overpass API",
        "source_url": "https://overpass-api.de/api/interpreter",
        "generated_at": "2026-06-29T00:09:48.931378+00:00",
        "data_confidence": "medium",
        "assigned_zone_name": "Mitre"
      },
      "geometry": {
        "type": "Point",
        "coordinates": [
          -58.6471466,
          -34.6121165
        ]
      }
    },
    {
      "type": "Feature",
      "properties": {
        "id": "osm_way_56213460",
        "osm_type": "way",
        "osm_id": 56213460,
        "name": "José de Malarredo",
        "amenity": null,
        "shop": null,
        "leisure": null,
        "landuse": null,
        "highway": "tertiary",
        "railway": null,
        "waterway": null,
        "public_transport": null,
        "source_name": "OpenStreetMap Overpass API",
        "source_url": "https://overpass-api.de/api/interpreter",
        "generated_at": "2026-06-29T00:09:48.931378+00:00",
        "data_confidence": "medium",
        "assigned_zone_name": "Villa Tesei Centro"
      },
      "geometry": {
        "type": "Point",
        "coordinates": [
          -58.6391371,
          -34.6229374
        ]
      }
    },
    {
      "type": "Feature",
      "properties": {
        "id": "osm_way_58043438",
        "osm_type": "way",
        "osm_id": 58043438,
        "name": "Basilio Dell Eva",
        "amenity": null,
        "shop": null,
        "leisure": null,
        "landuse": null,
        "highway": "tertiary",
        "railway": null,
        "waterway": null,
        "public_transport": null,
        "source_name": "OpenStreetMap Overpass API",
        "source_url": "https://overpass-api.de/api/interpreter",
        "generated_at": "2026-06-29T00:09:48.931378+00:00",
        "data_confidence": "medium",
        "assigned_zone_name": "Parque Jhonston"
      },
      "geometry": {
        "type": "Point",
        "coordinates": [
          -58.6416392,
          -34.595859
        ]
      }
    },
    {
      "type": "Feature",
      "properties": {
        "id": "osm_way_58069848",
        "osm_type": "way",
        "osm_id": 58069848,
        "name": "Manuel Ocampo",
        "amenity": null,
        "shop": null,
        "leisure": null,
        "landuse": null,
        "highway": "tertiary",
        "railway": null,
        "waterway": null,
        "public_transport": null,
        "source_name": "OpenStreetMap Overpass API",
        "source_url": "https://overpass-api.de/api/interpreter",
        "generated_at": "2026-06-29T00:09:48.931378+00:00",
        "data_confidence": "medium",
        "assigned_zone_name": "Nueve de Julio"
      },
      "geometry": {
        "type": "Point",
        "coordinates": [
          -58.6269945,
          -34.5964728
        ]
      }
    },
    {
      "type": "Feature",
      "properties": {
        "id": "osm_way_58075285",
        "osm_type": "way",
        "osm_id": 58075285,
        "name": "Crucero General Belgrano",
        "amenity": null,
        "shop": null,
        "leisure": null,
        "landuse": null,
        "highway": "tertiary",
        "railway": null,
        "waterway": null,
        "public_transport": null,
        "source_name": "OpenStreetMap Overpass API",
        "source_url": "https://overpass-api.de/api/interpreter",
        "generated_at": "2026-06-29T00:09:48.931378+00:00",
        "data_confidence": "medium",
        "assigned_zone_name": "Hurlingham Centro (Barrio Ingles)"
      },
      "geometry": {
        "type": "Point",
        "coordinates": [
          -58.6312291,
          -34.590153
        ]
      }
    },
    {
      "type": "Feature",
      "properties": {
        "id": "osm_way_58077899",
        "osm_type": "way",
        "osm_id": 58077899,
        "name": "Avenida General O'Brien",
        "amenity": null,
        "shop": null,
        "leisure": null,
        "landuse": null,
        "highway": "secondary",
        "railway": null,
        "waterway": null,
        "public_transport": null,
        "source_name": "OpenStreetMap Overpass API",
        "source_url": "https://overpass-api.de/api/interpreter",
        "generated_at": "2026-06-29T00:09:48.931378+00:00",
        "data_confidence": "medium",
        "assigned_zone_name": "Jorge Newbery"
      },
      "geometry": {
        "type": "Point",
        "coordinates": [
          -58.6265753,
          -34.5886953
        ]
      }
    },
    {
      "type": "Feature",
      "properties": {
        "id": "osm_way_58077902",
        "osm_type": "way",
        "osm_id": 58077902,
        "name": "Avenida General O'Brien",
        "amenity": null,
        "shop": null,
        "leisure": null,
        "landuse": null,
        "highway": "secondary",
        "railway": null,
        "waterway": null,
        "public_transport": null,
        "source_name": "OpenStreetMap Overpass API",
        "source_url": "https://overpass-api.de/api/interpreter",
        "generated_at": "2026-06-29T00:09:48.931378+00:00",
        "data_confidence": "medium",
        "assigned_zone_name": "Jorge Newbery"
      },
      "geometry": {
        "type": "Point",
        "coordinates": [
          -58.6264915,
          -34.5887609
        ]
      }
    },
    {
      "type": "Feature",
      "properties": {
        "id": "osm_way_58078352",
        "osm_type": "way",
        "osm_id": 58078352,
        "name": "Remedios de Escalada",
        "amenity": null,
        "shop": null,
        "leisure": null,
        "landuse": null,
        "highway": "tertiary",
        "railway": null,
        "waterway": null,
        "public_transport": null,
        "source_name": "OpenStreetMap Overpass API",
        "source_url": "https://overpass-api.de/api/interpreter",
        "generated_at": "2026-06-29T00:09:48.931378+00:00",
        "data_confidence": "medium",
        "assigned_zone_name": "Hurlingham Centro (Barrio Ingles)"
      },
      "geometry": {
        "type": "Point",
        "coordinates": [
          -58.6325182,
          -34.5913851
        ]
      }
    },
    {
      "type": "Feature",
      "properties": {
        "id": "osm_way_58078918",
        "osm_type": "way",
        "osm_id": 58078918,
        "name": "Salazar",
        "amenity": null,
        "shop": null,
        "leisure": null,
        "landuse": null,
        "highway": "tertiary",
        "railway": null,
        "waterway": null,
        "public_transport": null,
        "source_name": "OpenStreetMap Overpass API",
        "source_url": "https://overpass-api.de/api/interpreter",
        "generated_at": "2026-06-29T00:09:48.931378+00:00",
        "data_confidence": "medium",
        "assigned_zone_name": "Hurlingham Centro (Barrio Ingles)"
      },
      "geometry": {
        "type": "Point",
        "coordinates": [
          -58.6326516,
          -34.588261
        ]
      }
    },
    {
      "type": "Feature",
      "properties": {
        "id": "osm_way_58078973",
        "osm_type": "way",
        "osm_id": 58078973,
        "name": "Cafayate",
        "amenity": null,
        "shop": null,
        "leisure": null,
        "landuse": null,
        "highway": "tertiary",
        "railway": null,
        "waterway": null,
        "public_transport": null,
        "source_name": "OpenStreetMap Overpass API",
        "source_url": "https://overpass-api.de/api/interpreter",
        "generated_at": "2026-06-29T00:09:48.931378+00:00",
        "data_confidence": "medium",
        "assigned_zone_name": "Nuevo Parque Quirno"
      },
      "geometry": {
        "type": "Point",
        "coordinates": [
          -58.6253964,
          -34.611686
        ]
      }
    },
    {
      "type": "Feature",
      "properties": {
        "id": "osm_way_85799058",
        "osm_type": "way",
        "osm_id": 85799058,
        "name": "Eduardo Bradley",
        "amenity": null,
        "shop": null,
        "leisure": null,
        "landuse": null,
        "highway": "tertiary",
        "railway": null,
        "waterway": null,
        "public_transport": null,
        "source_name": "OpenStreetMap Overpass API",
        "source_url": "https://overpass-api.de/api/interpreter",
        "generated_at": "2026-06-29T00:09:48.931378+00:00",
        "data_confidence": "medium",
        "assigned_zone_name": "El Palanco"
      },
      "geometry": {
        "type": "Point",
        "coordinates": [
          -58.6281301,
          -34.6252185
        ]
      }
    },
    {
      "type": "Feature",
      "properties": {
        "id": "osm_way_85834535",
        "osm_type": "way",
        "osm_id": 85834535,
        "name": "Planes",
        "amenity": null,
        "shop": null,
        "leisure": null,
        "landuse": null,
        "highway": "tertiary",
        "railway": null,
        "waterway": null,
        "public_transport": null,
        "source_name": "OpenStreetMap Overpass API",
        "source_url": "https://overpass-api.de/api/interpreter",
        "generated_at": "2026-06-29T00:09:48.931378+00:00",
        "data_confidence": "medium",
        "assigned_zone_name": "Belgrano"
      },
      "geometry": {
        "type": "Point",
        "coordinates": [
          -58.6570553,
          -34.579598
        ]
      }
    },
    {
      "type": "Feature",
      "properties": {
        "id": "osm_way_131092624",
        "osm_type": "way",
        "osm_id": 131092624,
        "name": "Esteban de Luca",
        "amenity": null,
        "shop": null,
        "leisure": null,
        "landuse": null,
        "highway": "tertiary",
        "railway": null,
        "waterway": null,
        "public_transport": null,
        "source_name": "OpenStreetMap Overpass API",
        "source_url": "https://overpass-api.de/api/interpreter",
        "generated_at": "2026-06-29T00:09:48.931378+00:00",
        "data_confidence": "medium",
        "assigned_zone_name": "Parque Jhonston"
      },
      "geometry": {
        "type": "Point",
        "coordinates": [
          -58.6368512,
          -34.5988663
        ]
      }
    },
    {
      "type": "Feature",
      "properties": {
        "id": "osm_way_131092638",
        "osm_type": "way",
        "osm_id": 131092638,
        "name": "Avenida General Pedro Díaz",
        "amenity": null,
        "shop": null,
        "leisure": null,
        "landuse": null,
        "highway": "tertiary",
        "railway": null,
        "waterway": null,
        "public_transport": null,
        "source_name": "OpenStreetMap Overpass API",
        "source_url": "https://overpass-api.de/api/interpreter",
        "generated_at": "2026-06-29T00:09:48.931378+00:00",
        "data_confidence": "medium",
        "assigned_zone_name": "Villa Tesei Centro"
      },
      "geometry": {
        "type": "Point",
        "coordinates": [
          -58.6342767,
          -34.6157745
        ]
      }
    },
    {
      "type": "Feature",
      "properties": {
        "id": "osm_way_131092646",
        "osm_type": "way",
        "osm_id": 131092646,
        "name": "General Mariano Necochea",
        "amenity": null,
        "shop": null,
        "leisure": null,
        "landuse": null,
        "highway": "tertiary",
        "railway": null,
        "waterway": null,
        "public_transport": null,
        "source_name": "OpenStreetMap Overpass API",
        "source_url": "https://overpass-api.de/api/interpreter",
        "generated_at": "2026-06-29T00:09:48.931378+00:00",
        "data_confidence": "medium",
        "assigned_zone_name": "Hurlingham Centro (Barrio Ingles)"
      },
      "geometry": {
        "type": "Point",
        "coordinates": [
          -58.634326,
          -34.598758
        ]
      }
    },
    {
      "type": "Feature",
      "properties": {
        "id": "osm_way_131125533",
        "osm_type": "way",
        "osm_id": 131125533,
        "name": "General M. Necochea",
        "amenity": null,
        "shop": null,
        "leisure": null,
        "landuse": null,
        "highway": "tertiary",
        "railway": null,
        "waterway": null,
        "public_transport": null,
        "source_name": "OpenStreetMap Overpass API",
        "source_url": "https://overpass-api.de/api/interpreter",
        "generated_at": "2026-06-29T00:09:48.931378+00:00",
        "data_confidence": "medium",
        "assigned_zone_name": "Hurlingham Centro (Barrio Ingles)"
      },
      "geometry": {
        "type": "Point",
        "coordinates": [
          -58.6301762,
          -34.5963109
        ]
      }
    },
    {
      "type": "Feature",
      "properties": {
        "id": "osm_way_131125563",
        "osm_type": "way",
        "osm_id": 131125563,
        "name": "Arroyo Soto",
        "amenity": null,
        "shop": null,
        "leisure": null,
        "landuse": null,
        "highway": null,
        "railway": null,
        "waterway": "stream",
        "public_transport": null,
        "source_name": "OpenStreetMap Overpass API",
        "source_url": "https://overpass-api.de/api/interpreter",
        "generated_at": "2026-06-29T00:09:48.931378+00:00",
        "data_confidence": "medium",
        "assigned_zone_name": "El Destino"
      },
      "geometry": {
        "type": "Point",
        "coordinates": [
          -58.6599525,
          -34.596221
        ]
      }
    },
    {
      "type": "Feature",
      "properties": {
        "id": "osm_way_131144474",
        "osm_type": "way",
        "osm_id": 131144474,
        "name": "853 - Avenida Bernabé Márquez",
        "amenity": null,
        "shop": null,
        "leisure": null,
        "landuse": null,
        "highway": "primary",
        "railway": null,
        "waterway": null,
        "public_transport": null,
        "source_name": "OpenStreetMap Overpass API",
        "source_url": "https://overpass-api.de/api/interpreter",
        "generated_at": "2026-06-29T00:09:48.931378+00:00",
        "data_confidence": "medium",
        "assigned_zone_name": "Parque Quirno"
      },
      "geometry": {
        "type": "Point",
        "coordinates": [
          -58.6205954,
          -34.605397
        ]
      }
    },
    {
      "type": "Feature",
      "properties": {
        "id": "osm_way_131144475",
        "osm_type": "way",
        "osm_id": 131144475,
        "name": "Felipe Pastre",
        "amenity": null,
        "shop": null,
        "leisure": null,
        "landuse": null,
        "highway": "primary",
        "railway": null,
        "waterway": null,
        "public_transport": null,
        "source_name": "OpenStreetMap Overpass API",
        "source_url": "https://overpass-api.de/api/interpreter",
        "generated_at": "2026-06-29T00:09:48.931378+00:00",
        "data_confidence": "medium",
        "assigned_zone_name": "Parque Quirno"
      },
      "geometry": {
        "type": "Point",
        "coordinates": [
          -58.6233928,
          -34.6075367
        ]
      }
    },
    {
      "type": "Feature",
      "properties": {
        "id": "osm_way_131155998",
        "osm_type": "way",
        "osm_id": 131155998,
        "name": "Avenida General Pedro Díaz",
        "amenity": null,
        "shop": null,
        "leisure": null,
        "landuse": null,
        "highway": "secondary",
        "railway": null,
        "waterway": null,
        "public_transport": null,
        "source_name": "OpenStreetMap Overpass API",
        "source_url": "https://overpass-api.de/api/interpreter",
        "generated_at": "2026-06-29T00:09:48.931378+00:00",
        "data_confidence": "medium",
        "assigned_zone_name": "Los Troncos"
      },
      "geometry": {
        "type": "Point",
        "coordinates": [
          -58.654238,
          -34.5997633
        ]
      }
    },
    {
      "type": "Feature",
      "properties": {
        "id": "osm_way_131156000",
        "osm_type": "way",
        "osm_id": 131156000,
        "name": "Teniente General Pablo Ricchieri",
        "amenity": null,
        "shop": null,
        "leisure": null,
        "landuse": null,
        "highway": "tertiary",
        "railway": null,
        "waterway": null,
        "public_transport": null,
        "source_name": "OpenStreetMap Overpass API",
        "source_url": "https://overpass-api.de/api/interpreter",
        "generated_at": "2026-06-29T00:09:48.931378+00:00",
        "data_confidence": "medium",
        "assigned_zone_name": "Villa Club"
      },
      "geometry": {
        "type": "Point",
        "coordinates": [
          -58.6371829,
          -34.5870621
        ]
      }
    },
    {
      "type": "Feature",
      "properties": {
        "id": "osm_way_133268460",
        "osm_type": "way",
        "osm_id": 133268460,
        "name": "Avenida Arturo Jauretche",
        "amenity": null,
        "shop": null,
        "leisure": null,
        "landuse": null,
        "highway": "secondary",
        "railway": null,
        "waterway": null,
        "public_transport": null,
        "source_name": "OpenStreetMap Overpass API",
        "source_url": "https://overpass-api.de/api/interpreter",
        "generated_at": "2026-06-29T00:09:48.931378+00:00",
        "data_confidence": "medium",
        "assigned_zone_name": "Hurlingham Centro (Barrio Ingles)"
      },
      "geometry": {
        "type": "Point",
        "coordinates": [
          -58.6340445,
          -34.5908297
        ]
      }
    },
    {
      "type": "Feature",
      "properties": {
        "id": "osm_way_139170631",
        "osm_type": "way",
        "osm_id": 139170631,
        "name": null,
        "amenity": null,
        "shop": null,
        "leisure": null,
        "landuse": null,
        "highway": null,
        "railway": "rail",
        "waterway": null,
        "public_transport": null,
        "source_name": "OpenStreetMap Overpass API",
        "source_url": "https://overpass-api.de/api/interpreter",
        "generated_at": "2026-06-29T00:09:48.931378+00:00",
        "data_confidence": "medium",
        "assigned_zone_name": "Hurlingham Centro (Barrio Ingles)"
      },
      "geometry": {
        "type": "Point",
        "coordinates": [
          -58.6337973,
          -34.5875736
        ]
      }
    },
    {
      "type": "Feature",
      "properties": {
        "id": "osm_way_139170635",
        "osm_type": "way",
        "osm_id": 139170635,
        "name": null,
        "amenity": null,
        "shop": null,
        "leisure": null,
        "landuse": null,
        "highway": null,
        "railway": "rail",
        "waterway": null,
        "public_transport": null,
        "source_name": "OpenStreetMap Overpass API",
        "source_url": "https://overpass-api.de/api/interpreter",
        "generated_at": "2026-06-29T00:09:48.931378+00:00",
        "data_confidence": "medium",
        "assigned_zone_name": "Hurlingham Centro (Barrio Ingles)"
      },
      "geometry": {
        "type": "Point",
        "coordinates": [
          -58.6338093,
          -34.587638
        ]
      }
    },
    {
      "type": "Feature",
      "properties": {
        "id": "osm_way_139170639",
        "osm_type": "way",
        "osm_id": 139170639,
        "name": null,
        "amenity": null,
        "shop": null,
        "leisure": null,
        "landuse": null,
        "highway": null,
        "railway": "rail",
        "waterway": null,
        "public_transport": null,
        "source_name": "OpenStreetMap Overpass API",
        "source_url": "https://overpass-api.de/api/interpreter",
        "generated_at": "2026-06-29T00:09:48.931378+00:00",
        "data_confidence": "medium",
        "assigned_zone_name": "Hurlingham Centro (Barrio Ingles)"
      },
      "geometry": {
        "type": "Point",
        "coordinates": [
          -58.633707,
          -34.5876485
        ]
      }
    },
    {
      "type": "Feature",
      "properties": {
        "id": "osm_way_139170646",
        "osm_type": "way",
        "osm_id": 139170646,
        "name": null,
        "amenity": null,
        "shop": null,
        "leisure": null,
        "landuse": null,
        "highway": null,
        "railway": "rail",
        "waterway": null,
        "public_transport": null,
        "source_name": "OpenStreetMap Overpass API",
        "source_url": "https://overpass-api.de/api/interpreter",
        "generated_at": "2026-06-29T00:09:48.931378+00:00",
        "data_confidence": "medium",
        "assigned_zone_name": "Hurlingham Centro (Barrio Ingles)"
      },
      "geometry": {
        "type": "Point",
        "coordinates": [
          -58.6324089,
          -34.5875426
        ]
      }
    },
    {
      "type": "Feature",
      "properties": {
        "id": "osm_way_139187653",
        "osm_type": "way",
        "osm_id": 139187653,
        "name": "Avenida Julio Argentino Roca",
        "amenity": null,
        "shop": null,
        "leisure": null,
        "landuse": null,
        "highway": "primary",
        "railway": null,
        "waterway": null,
        "public_transport": null,
        "source_name": "OpenStreetMap Overpass API",
        "source_url": "https://overpass-api.de/api/interpreter",
        "generated_at": "2026-06-29T00:09:48.931378+00:00",
        "data_confidence": "medium",
        "assigned_zone_name": "Villa Alemania"
      },
      "geometry": {
        "type": "Point",
        "coordinates": [
          -58.6185979,
          -34.5966324
        ]
      }
    },
    {
      "type": "Feature",
      "properties": {
        "id": "osm_way_139187654",
        "osm_type": "way",
        "osm_id": 139187654,
        "name": "Avenida Julio Argentino Roca",
        "amenity": null,
        "shop": null,
        "leisure": null,
        "landuse": null,
        "highway": "primary",
        "railway": null,
        "waterway": null,
        "public_transport": null,
        "source_name": "OpenStreetMap Overpass API",
        "source_url": "https://overpass-api.de/api/interpreter",
        "generated_at": "2026-06-29T00:09:48.931378+00:00",
        "data_confidence": "medium",
        "assigned_zone_name": "Villa Alemania"
      },
      "geometry": {
        "type": "Point",
        "coordinates": [
          -58.6188672,
          -34.5964008
        ]
      }
    },
    {
      "type": "Feature",
      "properties": {
        "id": "osm_way_139187656",
        "osm_type": "way",
        "osm_id": 139187656,
        "name": "FC San Martín",
        "amenity": null,
        "shop": null,
        "leisure": null,
        "landuse": null,
        "highway": null,
        "railway": "rail",
        "waterway": null,
        "public_transport": null,
        "source_name": "OpenStreetMap Overpass API",
        "source_url": "https://overpass-api.de/api/interpreter",
        "generated_at": "2026-06-29T00:09:48.931378+00:00",
        "data_confidence": "medium",
        "assigned_zone_name": "Nueve de Julio"
      },
      "geometry": {
        "type": "Point",
        "coordinates": [
          -58.6192763,
          -34.597961
        ]
      }
    },
    {
      "type": "Feature",
      "properties": {
        "id": "osm_way_139187664",
        "osm_type": "way",
        "osm_id": 139187664,
        "name": "FC Urquiza",
        "amenity": null,
        "shop": null,
        "leisure": null,
        "landuse": null,
        "highway": null,
        "railway": "rail",
        "waterway": null,
        "public_transport": null,
        "source_name": "OpenStreetMap Overpass API",
        "source_url": "https://overpass-api.de/api/interpreter",
        "generated_at": "2026-06-29T00:09:48.931378+00:00",
        "data_confidence": "medium",
        "assigned_zone_name": "Villa Club"
      },
      "geometry": {
        "type": "Point",
        "coordinates": [
          -58.6260951,
          -34.587647
        ]
      }
    },
    {
      "type": "Feature",
      "properties": {
        "id": "osm_way_139188057",
        "osm_type": "way",
        "osm_id": 139188057,
        "name": "Camino Parque del Buen Ayre",
        "amenity": null,
        "shop": null,
        "leisure": null,
        "landuse": null,
        "highway": "motorway",
        "railway": null,
        "waterway": null,
        "public_transport": null,
        "source_name": "OpenStreetMap Overpass API",
        "source_url": "https://overpass-api.de/api/interpreter",
        "generated_at": "2026-06-29T00:09:48.931378+00:00",
        "data_confidence": "medium",
        "assigned_zone_name": "Juan B. de Lasalle"
      },
      "geometry": {
        "type": "Point",
        "coordinates": [
          -58.6530882,
          -34.5689686
        ]
      }
    },
    {
      "type": "Feature",
      "properties": {
        "id": "osm_way_139188065",
        "osm_type": "way",
        "osm_id": 139188065,
        "name": "Camino Parque del Buen Ayre",
        "amenity": null,
        "shop": null,
        "leisure": null,
        "landuse": null,
        "highway": "motorway",
        "railway": null,
        "waterway": null,
        "public_transport": null,
        "source_name": "OpenStreetMap Overpass API",
        "source_url": "https://overpass-api.de/api/interpreter",
        "generated_at": "2026-06-29T00:09:48.931378+00:00",
        "data_confidence": "medium",
        "assigned_zone_name": "Juan B. de Lasalle"
      },
      "geometry": {
        "type": "Point",
        "coordinates": [
          -58.6493988,
          -34.5684071
        ]
      }
    },
    {
      "type": "Feature",
      "properties": {
        "id": "osm_way_139933182",
        "osm_type": "way",
        "osm_id": 139933182,
        "name": null,
        "amenity": null,
        "shop": null,
        "leisure": null,
        "landuse": null,
        "highway": null,
        "railway": "rail",
        "waterway": null,
        "public_transport": null,
        "source_name": "OpenStreetMap Overpass API",
        "source_url": "https://overpass-api.de/api/interpreter",
        "generated_at": "2026-06-29T00:09:48.931378+00:00",
        "data_confidence": "medium",
        "assigned_zone_name": "Villa Club"
      },
      "geometry": {
        "type": "Point",
        "coordinates": [
          -58.6399055,
          -34.581497
        ]
      }
    },
    {
      "type": "Feature",
      "properties": {
        "id": "osm_way_149278734",
        "osm_type": "way",
        "osm_id": 149278734,
        "name": "Juana de Ibarbourou",
        "amenity": null,
        "shop": null,
        "leisure": null,
        "landuse": null,
        "highway": "tertiary",
        "railway": null,
        "waterway": null,
        "public_transport": null,
        "source_name": "OpenStreetMap Overpass API",
        "source_url": "https://overpass-api.de/api/interpreter",
        "generated_at": "2026-06-29T00:09:48.931378+00:00",
        "data_confidence": "medium",
        "assigned_zone_name": "Asunción"
      },
      "geometry": {
        "type": "Point",
        "coordinates": [
          -58.6237549,
          -34.6300748
        ]
      }
    },
    {
      "type": "Feature",
      "properties": {
        "id": "osm_way_173151020",
        "osm_type": "way",
        "osm_id": 173151020,
        "name": "Goodyear",
        "amenity": null,
        "shop": null,
        "leisure": null,
        "landuse": "industrial",
        "highway": null,
        "railway": null,
        "waterway": null,
        "public_transport": null,
        "source_name": "OpenStreetMap Overpass API",
        "source_url": "https://overpass-api.de/api/interpreter",
        "generated_at": "2026-06-29T00:09:48.931378+00:00",
        "data_confidence": "medium",
        "assigned_zone_name": "Nueve de Julio"
      },
      "geometry": {
        "type": "Point",
        "coordinates": [
          -58.6250584,
          -34.5980212
        ]
      }
    },
    {
      "type": "Feature",
      "properties": {
        "id": "osm_way_173151026",
        "osm_type": "way",
        "osm_id": 173151026,
        "name": "Avenida Gobernador Valentín Vergara",
        "amenity": null,
        "shop": null,
        "leisure": null,
        "landuse": null,
        "highway": "primary",
        "railway": null,
        "waterway": null,
        "public_transport": null,
        "source_name": "OpenStreetMap Overpass API",
        "source_url": "https://overpass-api.de/api/interpreter",
        "generated_at": "2026-06-29T00:09:48.931378+00:00",
        "data_confidence": "medium",
        "assigned_zone_name": "Juan B. de Lasalle"
      },
      "geometry": {
        "type": "Point",
        "coordinates": [
          -58.6421225,
          -34.5776714
        ]
      }
    },
    {
      "type": "Feature",
      "properties": {
        "id": "osm_way_173153639",
        "osm_type": "way",
        "osm_id": 173153639,
        "name": "General Conrado Villegas",
        "amenity": null,
        "shop": null,
        "leisure": null,
        "landuse": null,
        "highway": "tertiary",
        "railway": null,
        "waterway": null,
        "public_transport": null,
        "source_name": "OpenStreetMap Overpass API",
        "source_url": "https://overpass-api.de/api/interpreter",
        "generated_at": "2026-06-29T00:09:48.931378+00:00",
        "data_confidence": "medium",
        "assigned_zone_name": "San Damián"
      },
      "geometry": {
        "type": "Point",
        "coordinates": [
          -58.6621179,
          -34.5855713
        ]
      }
    },
    {
      "type": "Feature",
      "properties": {
        "id": "osm_way_173153640",
        "osm_type": "way",
        "osm_id": 173153640,
        "name": "General Conrado Villegas",
        "amenity": null,
        "shop": null,
        "leisure": null,
        "landuse": null,
        "highway": "tertiary",
        "railway": null,
        "waterway": null,
        "public_transport": null,
        "source_name": "OpenStreetMap Overpass API",
        "source_url": "https://overpass-api.de/api/interpreter",
        "generated_at": "2026-06-29T00:09:48.931378+00:00",
        "data_confidence": "medium",
        "assigned_zone_name": "La Leonor"
      },
      "geometry": {
        "type": "Point",
        "coordinates": [
          -58.665477,
          -34.5883759
        ]
      }
    },
    {
      "type": "Feature",
      "properties": {
        "id": "osm_way_188770769",
        "osm_type": "way",
        "osm_id": 188770769,
        "name": "Avenida General Pedro Díaz",
        "amenity": null,
        "shop": null,
        "leisure": null,
        "landuse": null,
        "highway": "secondary",
        "railway": null,
        "waterway": null,
        "public_transport": null,
        "source_name": "OpenStreetMap Overpass API",
        "source_url": "https://overpass-api.de/api/interpreter",
        "generated_at": "2026-06-29T00:09:48.931378+00:00",
        "data_confidence": "medium",
        "assigned_zone_name": "La Leonor"
      },
      "geometry": {
        "type": "Point",
        "coordinates": [
          -58.6608971,
          -34.5943647
        ]
      }
    },
    {
      "type": "Feature",
      "properties": {
        "id": "osm_way_188770770",
        "osm_type": "way",
        "osm_id": 188770770,
        "name": "Avenida Gobernador Valentín Vergara",
        "amenity": null,
        "shop": null,
        "leisure": null,
        "landuse": null,
        "highway": "secondary",
        "railway": null,
        "waterway": null,
        "public_transport": null,
        "source_name": "OpenStreetMap Overpass API",
        "source_url": "https://overpass-api.de/api/interpreter",
        "generated_at": "2026-06-29T00:09:48.931378+00:00",
        "data_confidence": "medium",
        "assigned_zone_name": "Villa Club"
      },
      "geometry": {
        "type": "Point",
        "coordinates": [
          -58.6409197,
          -34.579117
        ]
      }
    },
    {
      "type": "Feature",
      "properties": {
        "id": "osm_way_188770771",
        "osm_type": "way",
        "osm_id": 188770771,
        "name": "Doctor Nicolás Repetto",
        "amenity": null,
        "shop": null,
        "leisure": null,
        "landuse": null,
        "highway": "tertiary",
        "railway": null,
        "waterway": null,
        "public_transport": null,
        "source_name": "OpenStreetMap Overpass API",
        "source_url": "https://overpass-api.de/api/interpreter",
        "generated_at": "2026-06-29T00:09:48.931378+00:00",
        "data_confidence": "medium",
        "assigned_zone_name": "Dos de Abril"
      },
      "geometry": {
        "type": "Point",
        "coordinates": [
          -58.6632532,
          -34.6224926
        ]
      }
    },
    {
      "type": "Feature",
      "properties": {
        "id": "osm_way_188770773",
        "osm_type": "way",
        "osm_id": 188770773,
        "name": "FC Urquiza",
        "amenity": null,
        "shop": null,
        "leisure": null,
        "landuse": null,
        "highway": null,
        "railway": "rail",
        "waterway": null,
        "public_transport": null,
        "source_name": "OpenStreetMap Overpass API",
        "source_url": "https://overpass-api.de/api/interpreter",
        "generated_at": "2026-06-29T00:09:48.931378+00:00",
        "data_confidence": "medium",
        "assigned_zone_name": "Roca 2"
      },
      "geometry": {
        "type": "Point",
        "coordinates": [
          -58.6425402,
          -34.5788294
        ]
      }
    },
    {
      "type": "Feature",
      "properties": {
        "id": "osm_way_188771975",
        "osm_type": "way",
        "osm_id": 188771975,
        "name": "Vicente Camargo",
        "amenity": null,
        "shop": null,
        "leisure": null,
        "landuse": null,
        "highway": "primary",
        "railway": null,
        "waterway": null,
        "public_transport": null,
        "source_name": "OpenStreetMap Overpass API",
        "source_url": "https://overpass-api.de/api/interpreter",
        "generated_at": "2026-06-29T00:09:48.931378+00:00",
        "data_confidence": "medium",
        "assigned_zone_name": "Parque Quirno"
      },
      "geometry": {
        "type": "Point",
        "coordinates": [
          -58.6242489,
          -34.6096941
        ]
      }
    },
    {
      "type": "Feature",
      "properties": {
        "id": "osm_way_188771976",
        "osm_type": "way",
        "osm_id": 188771976,
        "name": "Vicente Camargo",
        "amenity": null,
        "shop": null,
        "leisure": null,
        "landuse": null,
        "highway": "primary",
        "railway": null,
        "waterway": null,
        "public_transport": null,
        "source_name": "OpenStreetMap Overpass API",
        "source_url": "https://overpass-api.de/api/interpreter",
        "generated_at": "2026-06-29T00:09:48.931378+00:00",
        "data_confidence": "medium",
        "assigned_zone_name": "Scholnik"
      },
      "geometry": {
        "type": "Point",
        "coordinates": [
          -58.6264959,
          -34.6116278
        ]
      }
    },
    {
      "type": "Feature",
      "properties": {
        "id": "osm_way_188771980",
        "osm_type": "way",
        "osm_id": 188771980,
        "name": "Avenida General Pedro Díaz",
        "amenity": null,
        "shop": null,
        "leisure": null,
        "landuse": null,
        "highway": "secondary",
        "railway": null,
        "waterway": null,
        "public_transport": null,
        "source_name": "OpenStreetMap Overpass API",
        "source_url": "https://overpass-api.de/api/interpreter",
        "generated_at": "2026-06-29T00:09:48.931378+00:00",
        "data_confidence": "medium",
        "assigned_zone_name": "Luna"
      },
      "geometry": {
        "type": "Point",
        "coordinates": [
          -58.6458483,
          -34.6065438
        ]
      }
    },
    {
      "type": "Feature",
      "properties": {
        "id": "osm_way_188771982",
        "osm_type": "way",
        "osm_id": 188771982,
        "name": "Avenida General Pedro Díaz",
        "amenity": null,
        "shop": null,
        "leisure": null,
        "landuse": null,
        "highway": "secondary",
        "railway": null,
        "waterway": null,
        "public_transport": null,
        "source_name": "OpenStreetMap Overpass API",
        "source_url": "https://overpass-api.de/api/interpreter",
        "generated_at": "2026-06-29T00:09:48.931378+00:00",
        "data_confidence": "medium",
        "assigned_zone_name": "Mitre"
      },
      "geometry": {
        "type": "Point",
        "coordinates": [
          -58.6423311,
          -34.6093766
        ]
      }
    },
    {
      "type": "Feature",
      "properties": {
        "id": "osm_way_188771984",
        "osm_type": "way",
        "osm_id": 188771984,
        "name": "Arroyo Morón",
        "amenity": null,
        "shop": null,
        "leisure": null,
        "landuse": null,
        "highway": null,
        "railway": null,
        "waterway": "river",
        "public_transport": null,
        "source_name": "OpenStreetMap Overpass API",
        "source_url": "https://overpass-api.de/api/interpreter",
        "generated_at": "2026-06-29T00:09:48.931378+00:00",
        "data_confidence": "medium",
        "assigned_zone_name": "Villa Alemania"
      },
      "geometry": {
        "type": "Point",
        "coordinates": [
          -58.6177722,
          -34.592846
        ]
      }
    },
    {
      "type": "Feature",
      "properties": {
        "id": "osm_way_188771986",
        "osm_type": "way",
        "osm_id": 188771986,
        "name": "José Bustamante y Guevara",
        "amenity": null,
        "shop": null,
        "leisure": null,
        "landuse": null,
        "highway": "tertiary",
        "railway": null,
        "waterway": null,
        "public_transport": null,
        "source_name": "OpenStreetMap Overpass API",
        "source_url": "https://overpass-api.de/api/interpreter",
        "generated_at": "2026-06-29T00:09:48.931378+00:00",
        "data_confidence": "medium",
        "assigned_zone_name": "Parque Jhonston"
      },
      "geometry": {
        "type": "Point",
        "coordinates": [
          -58.6357206,
          -34.6044692
        ]
      }
    },
    {
      "type": "Feature",
      "properties": {
        "id": "osm_way_191859758",
        "osm_type": "way",
        "osm_id": 191859758,
        "name": "FC San Martín",
        "amenity": null,
        "shop": null,
        "leisure": null,
        "landuse": null,
        "highway": null,
        "railway": "rail",
        "waterway": null,
        "public_transport": null,
        "source_name": "OpenStreetMap Overpass API",
        "source_url": "https://overpass-api.de/api/interpreter",
        "generated_at": "2026-06-29T00:09:48.931378+00:00",
        "data_confidence": "medium",
        "assigned_zone_name": "Roca 1"
      },
      "geometry": {
        "type": "Point",
        "coordinates": [
          -58.6584522,
          -34.5775198
        ]
      }
    },
    {
      "type": "Feature",
      "properties": {
        "id": "osm_way_192436204",
        "osm_type": "way",
        "osm_id": 192436204,
        "name": "FC San Martín",
        "amenity": null,
        "shop": null,
        "leisure": null,
        "landuse": null,
        "highway": null,
        "railway": "rail",
        "waterway": null,
        "public_transport": null,
        "source_name": "OpenStreetMap Overpass API",
        "source_url": "https://overpass-api.de/api/interpreter",
        "generated_at": "2026-06-29T00:09:48.931378+00:00",
        "data_confidence": "medium",
        "assigned_zone_name": "Roca 2"
      },
      "geometry": {
        "type": "Point",
        "coordinates": [
          -58.6550499,
          -34.5792323
        ]
      }
    },
    {
      "type": "Feature",
      "properties": {
        "id": "osm_way_193041710",
        "osm_type": "way",
        "osm_id": 193041710,
        "name": "Avenida Gobernador Valentín Vergara",
        "amenity": null,
        "shop": null,
        "leisure": null,
        "landuse": null,
        "highway": "secondary",
        "railway": null,
        "waterway": null,
        "public_transport": null,
        "source_name": "OpenStreetMap Overpass API",
        "source_url": "https://overpass-api.de/api/interpreter",
        "generated_at": "2026-06-29T00:09:48.931378+00:00",
        "data_confidence": "medium",
        "assigned_zone_name": "Juan B. de Lasalle"
      },
      "geometry": {
        "type": "Point",
        "coordinates": [
          -58.6420713,
          -34.5774754
        ]
      }
    },
    {
      "type": "Feature",
      "properties": {
        "id": "osm_way_193041715",
        "osm_type": "way",
        "osm_id": 193041715,
        "name": "FC Urquiza",
        "amenity": null,
        "shop": null,
        "leisure": null,
        "landuse": null,
        "highway": null,
        "railway": "rail",
        "waterway": null,
        "public_transport": null,
        "source_name": "OpenStreetMap Overpass API",
        "source_url": "https://overpass-api.de/api/interpreter",
        "generated_at": "2026-06-29T00:09:48.931378+00:00",
        "data_confidence": "medium",
        "assigned_zone_name": "Juan B. de Lasalle"
      },
      "geometry": {
        "type": "Point",
        "coordinates": [
          -58.6495719,
          -34.5702627
        ]
      }
    },
    {
      "type": "Feature",
      "properties": {
        "id": "osm_way_193041717",
        "osm_type": "way",
        "osm_id": 193041717,
        "name": "FC Urquiza",
        "amenity": null,
        "shop": null,
        "leisure": null,
        "landuse": null,
        "highway": null,
        "railway": "rail",
        "waterway": null,
        "public_transport": null,
        "source_name": "OpenStreetMap Overpass API",
        "source_url": "https://overpass-api.de/api/interpreter",
        "generated_at": "2026-06-29T00:09:48.931378+00:00",
        "data_confidence": "medium",
        "assigned_zone_name": "Juan B. de Lasalle"
      },
      "geometry": {
        "type": "Point",
        "coordinates": [
          -58.6495216,
          -34.5701944
        ]
      }
    },
    {
      "type": "Feature",
      "properties": {
        "id": "osm_way_193041718",
        "osm_type": "way",
        "osm_id": 193041718,
        "name": "FC Urquiza",
        "amenity": null,
        "shop": null,
        "leisure": null,
        "landuse": null,
        "highway": null,
        "railway": "rail",
        "waterway": null,
        "public_transport": null,
        "source_name": "OpenStreetMap Overpass API",
        "source_url": "https://overpass-api.de/api/interpreter",
        "generated_at": "2026-06-29T00:09:48.931378+00:00",
        "data_confidence": "medium",
        "assigned_zone_name": "Juan B. de Lasalle"
      },
      "geometry": {
        "type": "Point",
        "coordinates": [
          -58.6512438,
          -34.5689394
        ]
      }
    },
    {
      "type": "Feature",
      "properties": {
        "id": "osm_way_193041721",
        "osm_type": "way",
        "osm_id": 193041721,
        "name": "FC Urquiza",
        "amenity": null,
        "shop": null,
        "leisure": null,
        "landuse": null,
        "highway": null,
        "railway": "rail",
        "waterway": null,
        "public_transport": null,
        "source_name": "OpenStreetMap Overpass API",
        "source_url": "https://overpass-api.de/api/interpreter",
        "generated_at": "2026-06-29T00:09:48.931378+00:00",
        "data_confidence": "medium",
        "assigned_zone_name": "Juan B. de Lasalle"
      },
      "geometry": {
        "type": "Point",
        "coordinates": [
          -58.6504317,
          -34.569637
        ]
      }
    },
    {
      "type": "Feature",
      "properties": {
        "id": "osm_way_193041723",
        "osm_type": "way",
        "osm_id": 193041723,
        "name": "Paso Morales",
        "amenity": null,
        "shop": null,
        "leisure": null,
        "landuse": null,
        "highway": "secondary",
        "railway": null,
        "waterway": null,
        "public_transport": null,
        "source_name": "OpenStreetMap Overpass API",
        "source_url": "https://overpass-api.de/api/interpreter",
        "generated_at": "2026-06-29T00:09:48.931378+00:00",
        "data_confidence": "medium",
        "assigned_zone_name": "Villa Club"
      },
      "geometry": {
        "type": "Point",
        "coordinates": [
          -58.6420545,
          -34.5712348
        ]
      }
    },
    {
      "type": "Feature",
      "properties": {
        "id": "osm_way_193041724",
        "osm_type": "way",
        "osm_id": 193041724,
        "name": "Avenida Julio Argentino Roca",
        "amenity": null,
        "shop": null,
        "leisure": null,
        "landuse": null,
        "highway": "primary",
        "railway": null,
        "waterway": null,
        "public_transport": null,
        "source_name": "OpenStreetMap Overpass API",
        "source_url": "https://overpass-api.de/api/interpreter",
        "generated_at": "2026-06-29T00:09:48.931378+00:00",
        "data_confidence": "medium",
        "assigned_zone_name": "Juan B. de Lasalle"
      },
      "geometry": {
        "type": "Point",
        "coordinates": [
          -58.6528616,
          -34.5690057
        ]
      }
    },
    {
      "type": "Feature",
      "properties": {
        "id": "osm_way_193041727",
        "osm_type": "way",
        "osm_id": 193041727,
        "name": "Avenida Julio Argentino Roca",
        "amenity": null,
        "shop": null,
        "leisure": null,
        "landuse": null,
        "highway": "primary",
        "railway": null,
        "waterway": null,
        "public_transport": null,
        "source_name": "OpenStreetMap Overpass API",
        "source_url": "https://overpass-api.de/api/interpreter",
        "generated_at": "2026-06-29T00:09:48.931378+00:00",
        "data_confidence": "medium",
        "assigned_zone_name": "Roca 2"
      },
      "geometry": {
        "type": "Point",
        "coordinates": [
          -58.6413445,
          -34.5788299
        ]
      }
    },
    {
      "type": "Feature",
      "properties": {
        "id": "osm_way_193041728",
        "osm_type": "way",
        "osm_id": 193041728,
        "name": "Don Pedro - Complejo logístico Hurlingham",
        "amenity": null,
        "shop": null,
        "leisure": null,
        "landuse": "industrial",
        "highway": null,
        "railway": null,
        "waterway": null,
        "public_transport": null,
        "source_name": "OpenStreetMap Overpass API",
        "source_url": "https://overpass-api.de/api/interpreter",
        "generated_at": "2026-06-29T00:09:48.931378+00:00",
        "data_confidence": "medium",
        "assigned_zone_name": "Juan B. de Lasalle"
      },
      "geometry": {
        "type": "Point",
        "coordinates": [
          -58.6477853,
          -34.5710354
        ]
      }
    },
    {
      "type": "Feature",
      "properties": {
        "id": "osm_way_193041731",
        "osm_type": "way",
        "osm_id": 193041731,
        "name": "Avenida Julio Argentino Roca",
        "amenity": null,
        "shop": null,
        "leisure": null,
        "landuse": null,
        "highway": "primary",
        "railway": null,
        "waterway": null,
        "public_transport": null,
        "source_name": "OpenStreetMap Overpass API",
        "source_url": "https://overpass-api.de/api/interpreter",
        "generated_at": "2026-06-29T00:09:48.931378+00:00",
        "data_confidence": "medium",
        "assigned_zone_name": "Juan B. de Lasalle"
      },
      "geometry": {
        "type": "Point",
        "coordinates": [
          -58.6425335,
          -34.5777251
        ]
      }
    },
    {
      "type": "Feature",
      "properties": {
        "id": "osm_way_193041734",
        "osm_type": "way",
        "osm_id": 193041734,
        "name": null,
        "amenity": null,
        "shop": null,
        "leisure": null,
        "landuse": null,
        "highway": null,
        "railway": null,
        "waterway": "ditch",
        "public_transport": null,
        "source_name": "OpenStreetMap Overpass API",
        "source_url": "https://overpass-api.de/api/interpreter",
        "generated_at": "2026-06-29T00:09:48.931378+00:00",
        "data_confidence": "medium",
        "assigned_zone_name": "Villa Club"
      },
      "geometry": {
        "type": "Point",
        "coordinates": [
          -58.6394978,
          -34.5688388
        ]
      }
    },
    {
      "type": "Feature",
      "properties": {
        "id": "osm_way_193041735",
        "osm_type": "way",
        "osm_id": 193041735,
        "name": null,
        "amenity": null,
        "shop": null,
        "leisure": null,
        "landuse": null,
        "highway": null,
        "railway": null,
        "waterway": "ditch",
        "public_transport": null,
        "source_name": "OpenStreetMap Overpass API",
        "source_url": "https://overpass-api.de/api/interpreter",
        "generated_at": "2026-06-29T00:09:48.931378+00:00",
        "data_confidence": "medium",
        "assigned_zone_name": "Villa Club"
      },
      "geometry": {
        "type": "Point",
        "coordinates": [
          -58.6425414,
          -34.5676381
        ]
      }
    },
    {
      "type": "Feature",
      "properties": {
        "id": "osm_way_193048400",
        "osm_type": "way",
        "osm_id": 193048400,
        "name": "Avenida Julio Argentino Roca",
        "amenity": null,
        "shop": null,
        "leisure": null,
        "landuse": null,
        "highway": "primary",
        "railway": null,
        "waterway": null,
        "public_transport": null,
        "source_name": "OpenStreetMap Overpass API",
        "source_url": "https://overpass-api.de/api/interpreter",
        "generated_at": "2026-06-29T00:09:48.931378+00:00",
        "data_confidence": "medium",
        "assigned_zone_name": "Roca 2"
      },
      "geometry": {
        "type": "Point",
        "coordinates": [
          -58.6455595,
          -34.5755346
        ]
      }
    },
    {
      "type": "Feature",
      "properties": {
        "id": "osm_way_193048405",
        "osm_type": "way",
        "osm_id": 193048405,
        "name": null,
        "amenity": null,
        "shop": null,
        "leisure": null,
        "landuse": null,
        "highway": null,
        "railway": null,
        "waterway": "ditch",
        "public_transport": null,
        "source_name": "OpenStreetMap Overpass API",
        "source_url": "https://overpass-api.de/api/interpreter",
        "generated_at": "2026-06-29T00:09:48.931378+00:00",
        "data_confidence": "medium",
        "assigned_zone_name": "Juan B. de Lasalle"
      },
      "geometry": {
        "type": "Point",
        "coordinates": [
          -58.6495709,
          -34.570257
        ]
      }
    },
    {
      "type": "Feature",
      "properties": {
        "id": "osm_way_193048407",
        "osm_type": "way",
        "osm_id": 193048407,
        "name": null,
        "amenity": null,
        "shop": null,
        "leisure": null,
        "landuse": null,
        "highway": null,
        "railway": null,
        "waterway": "drain",
        "public_transport": null,
        "source_name": "OpenStreetMap Overpass API",
        "source_url": "https://overpass-api.de/api/interpreter",
        "generated_at": "2026-06-29T00:09:48.931378+00:00",
        "data_confidence": "medium",
        "assigned_zone_name": "Villa Club"
      },
      "geometry": {
        "type": "Point",
        "coordinates": [
          -58.6452348,
          -34.5691339
        ]
      }
    },
    {
      "type": "Feature",
      "properties": {
        "id": "osm_way_193048408",
        "osm_type": "way",
        "osm_id": 193048408,
        "name": null,
        "amenity": null,
        "shop": null,
        "leisure": null,
        "landuse": null,
        "highway": null,
        "railway": null,
        "waterway": "ditch",
        "public_transport": null,
        "source_name": "OpenStreetMap Overpass API",
        "source_url": "https://overpass-api.de/api/interpreter",
        "generated_at": "2026-06-29T00:09:48.931378+00:00",
        "data_confidence": "medium",
        "assigned_zone_name": "Juan B. de Lasalle"
      },
      "geometry": {
        "type": "Point",
        "coordinates": [
          -58.648402,
          -34.5694392
        ]
      }
    },
    {
      "type": "Feature",
      "properties": {
        "id": "osm_way_193048409",
        "osm_type": "way",
        "osm_id": 193048409,
        "name": null,
        "amenity": null,
        "shop": null,
        "leisure": null,
        "landuse": null,
        "highway": null,
        "railway": null,
        "waterway": "ditch",
        "public_transport": null,
        "source_name": "OpenStreetMap Overpass API",
        "source_url": "https://overpass-api.de/api/interpreter",
        "generated_at": "2026-06-29T00:09:48.931378+00:00",
        "data_confidence": "medium",
        "assigned_zone_name": "Juan B. de Lasalle"
      },
      "geometry": {
        "type": "Point",
        "coordinates": [
          -58.651569,
          -34.5705904
        ]
      }
    },
    {
      "type": "Feature",
      "properties": {
        "id": "osm_way_193818938",
        "osm_type": "way",
        "osm_id": 193818938,
        "name": "Paso Morales",
        "amenity": null,
        "shop": null,
        "leisure": null,
        "landuse": null,
        "highway": "secondary",
        "railway": null,
        "waterway": null,
        "public_transport": null,
        "source_name": "OpenStreetMap Overpass API",
        "source_url": "https://overpass-api.de/api/interpreter",
        "generated_at": "2026-06-29T00:09:48.931378+00:00",
        "data_confidence": "medium",
        "assigned_zone_name": "Villa Club"
      },
      "geometry": {
        "type": "Point",
        "coordinates": [
          -58.6395856,
          -34.5690678
        ]
      }
    },
    {
      "type": "Feature",
      "properties": {
        "id": "osm_way_222083592",
        "osm_type": "way",
        "osm_id": 222083592,
        "name": "Avenida Gobernador Valentín Vergara",
        "amenity": null,
        "shop": null,
        "leisure": null,
        "landuse": null,
        "highway": "primary",
        "railway": null,
        "waterway": null,
        "public_transport": null,
        "source_name": "OpenStreetMap Overpass API",
        "source_url": "https://overpass-api.de/api/interpreter",
        "generated_at": "2026-06-29T00:09:48.931378+00:00",
        "data_confidence": "medium",
        "assigned_zone_name": "Prensa"
      },
      "geometry": {
        "type": "Point",
        "coordinates": [
          -58.630234,
          -34.6306237
        ]
      }
    },
    {
      "type": "Feature",
      "properties": {
        "id": "osm_way_222083595",
        "osm_type": "way",
        "osm_id": 222083595,
        "name": "Avenida Presidente Perón",
        "amenity": null,
        "shop": null,
        "leisure": null,
        "landuse": null,
        "highway": "tertiary",
        "railway": null,
        "waterway": null,
        "public_transport": null,
        "source_name": "OpenStreetMap Overpass API",
        "source_url": "https://overpass-api.de/api/interpreter",
        "generated_at": "2026-06-29T00:09:48.931378+00:00",
        "data_confidence": "medium",
        "assigned_zone_name": "Prensa"
      },
      "geometry": {
        "type": "Point",
        "coordinates": [
          -58.6318318,
          -34.6318714
        ]
      }
    },
    {
      "type": "Feature",
      "properties": {
        "id": "osm_way_240589769",
        "osm_type": "way",
        "osm_id": 240589769,
        "name": "Avenida Presidente Perón",
        "amenity": null,
        "shop": null,
        "leisure": null,
        "landuse": null,
        "highway": "secondary",
        "railway": null,
        "waterway": null,
        "public_transport": null,
        "source_name": "OpenStreetMap Overpass API",
        "source_url": "https://overpass-api.de/api/interpreter",
        "generated_at": "2026-06-29T00:09:48.931378+00:00",
        "data_confidence": "medium",
        "assigned_zone_name": "Atepam Italia"
      },
      "geometry": {
        "type": "Point",
        "coordinates": [
          -58.6282938,
          -34.6318076
        ]
      }
    },
    {
      "type": "Feature",
      "properties": {
        "id": "osm_way_240589770",
        "osm_type": "way",
        "osm_id": 240589770,
        "name": "Avenida Presidente Perón",
        "amenity": null,
        "shop": null,
        "leisure": null,
        "landuse": null,
        "highway": "tertiary",
        "railway": null,
        "waterway": null,
        "public_transport": null,
        "source_name": "OpenStreetMap Overpass API",
        "source_url": "https://overpass-api.de/api/interpreter",
        "generated_at": "2026-06-29T00:09:48.931378+00:00",
        "data_confidence": "medium",
        "assigned_zone_name": "El Libertador"
      },
      "geometry": {
        "type": "Point",
        "coordinates": [
          -58.6453381,
          -34.6309325
        ]
      }
    },
    {
      "type": "Feature",
      "properties": {
        "id": "osm_way_243173728",
        "osm_type": "way",
        "osm_id": 243173728,
        "name": "General Conrado Villegas",
        "amenity": null,
        "shop": null,
        "leisure": null,
        "landuse": null,
        "highway": "tertiary",
        "railway": null,
        "waterway": null,
        "public_transport": null,
        "source_name": "OpenStreetMap Overpass API",
        "source_url": "https://overpass-api.de/api/interpreter",
        "generated_at": "2026-06-29T00:09:48.931378+00:00",
        "data_confidence": "medium",
        "assigned_zone_name": "Roca 2"
      },
      "geometry": {
        "type": "Point",
        "coordinates": [
          -58.6537754,
          -34.5771462
        ]
      }
    },
    {
      "type": "Feature",
      "properties": {
        "id": "osm_way_254573322",
        "osm_type": "way",
        "osm_id": 254573322,
        "name": "Avenida Gobernador Valentín Vergara",
        "amenity": null,
        "shop": null,
        "leisure": null,
        "landuse": null,
        "highway": "secondary",
        "railway": null,
        "waterway": null,
        "public_transport": null,
        "source_name": "OpenStreetMap Overpass API",
        "source_url": "https://overpass-api.de/api/interpreter",
        "generated_at": "2026-06-29T00:09:48.931378+00:00",
        "data_confidence": "medium",
        "assigned_zone_name": "Villa Club"
      },
      "geometry": {
        "type": "Point",
        "coordinates": [
          -58.6404534,
          -34.5805185
        ]
      }
    },
    {
      "type": "Feature",
      "properties": {
        "id": "osm_way_254573323",
        "osm_type": "way",
        "osm_id": 254573323,
        "name": "Avenida Gobernador Valentín Vergara",
        "amenity": null,
        "shop": null,
        "leisure": null,
        "landuse": null,
        "highway": "secondary",
        "railway": null,
        "waterway": null,
        "public_transport": null,
        "source_name": "OpenStreetMap Overpass API",
        "source_url": "https://overpass-api.de/api/interpreter",
        "generated_at": "2026-06-29T00:09:48.931378+00:00",
        "data_confidence": "medium",
        "assigned_zone_name": "Villa Club"
      },
      "geometry": {
        "type": "Point",
        "coordinates": [
          -58.6404979,
          -34.5804855
        ]
      }
    },
    {
      "type": "Feature",
      "properties": {
        "id": "osm_way_254573325",
        "osm_type": "way",
        "osm_id": 254573325,
        "name": "General Conrado Villegas",
        "amenity": null,
        "shop": null,
        "leisure": null,
        "landuse": null,
        "highway": "tertiary",
        "railway": null,
        "waterway": null,
        "public_transport": null,
        "source_name": "OpenStreetMap Overpass API",
        "source_url": "https://overpass-api.de/api/interpreter",
        "generated_at": "2026-06-29T00:09:48.931378+00:00",
        "data_confidence": "medium",
        "assigned_zone_name": "Belgrano"
      },
      "geometry": {
        "type": "Point",
        "coordinates": [
          -58.6556109,
          -34.5791278
        ]
      }
    },
    {
      "type": "Feature",
      "properties": {
        "id": "osm_way_254573326",
        "osm_type": "way",
        "osm_id": 254573326,
        "name": "General Conrado Villegas",
        "amenity": null,
        "shop": null,
        "leisure": null,
        "landuse": null,
        "highway": "tertiary",
        "railway": null,
        "waterway": null,
        "public_transport": null,
        "source_name": "OpenStreetMap Overpass API",
        "source_url": "https://overpass-api.de/api/interpreter",
        "generated_at": "2026-06-29T00:09:48.931378+00:00",
        "data_confidence": "medium",
        "assigned_zone_name": "Roca 2"
      },
      "geometry": {
        "type": "Point",
        "coordinates": [
          -58.6551518,
          -34.5785695
        ]
      }
    },
    {
      "type": "Feature",
      "properties": {
        "id": "osm_way_254573327",
        "osm_type": "way",
        "osm_id": 254573327,
        "name": "General Conrado Villegas",
        "amenity": null,
        "shop": null,
        "leisure": null,
        "landuse": null,
        "highway": "tertiary",
        "railway": null,
        "waterway": null,
        "public_transport": null,
        "source_name": "OpenStreetMap Overpass API",
        "source_url": "https://overpass-api.de/api/interpreter",
        "generated_at": "2026-06-29T00:09:48.931378+00:00",
        "data_confidence": "medium",
        "assigned_zone_name": "Roca 2"
      },
      "geometry": {
        "type": "Point",
        "coordinates": [
          -58.6551117,
          -34.5785695
        ]
      }
    },
    {
      "type": "Feature",
      "properties": {
        "id": "osm_way_254635854",
        "osm_type": "way",
        "osm_id": 254635854,
        "name": "Avenida General Pedro Díaz",
        "amenity": null,
        "shop": null,
        "leisure": null,
        "landuse": null,
        "highway": "secondary",
        "railway": null,
        "waterway": null,
        "public_transport": null,
        "source_name": "OpenStreetMap Overpass API",
        "source_url": "https://overpass-api.de/api/interpreter",
        "generated_at": "2026-06-29T00:09:48.931378+00:00",
        "data_confidence": "medium",
        "assigned_zone_name": "La Leonor"
      },
      "geometry": {
        "type": "Point",
        "coordinates": [
          -58.6616992,
          -34.5937102
        ]
      }
    },
    {
      "type": "Feature",
      "properties": {
        "id": "osm_way_254635855",
        "osm_type": "way",
        "osm_id": 254635855,
        "name": "Avenida General Pedro Díaz",
        "amenity": null,
        "shop": null,
        "leisure": null,
        "landuse": null,
        "highway": "secondary",
        "railway": null,
        "waterway": null,
        "public_transport": null,
        "source_name": "OpenStreetMap Overpass API",
        "source_url": "https://overpass-api.de/api/interpreter",
        "generated_at": "2026-06-29T00:09:48.931378+00:00",
        "data_confidence": "medium",
        "assigned_zone_name": "El Destino"
      },
      "geometry": {
        "type": "Point",
        "coordinates": [
          -58.6632749,
          -34.5924487
        ]
      }
    },
    {
      "type": "Feature",
      "properties": {
        "id": "osm_way_254644540",
        "osm_type": "way",
        "osm_id": 254644540,
        "name": "Avenida Julio Argentino Roca",
        "amenity": null,
        "shop": null,
        "leisure": null,
        "landuse": null,
        "highway": "primary",
        "railway": null,
        "waterway": null,
        "public_transport": null,
        "source_name": "OpenStreetMap Overpass API",
        "source_url": "https://overpass-api.de/api/interpreter",
        "generated_at": "2026-06-29T00:09:48.931378+00:00",
        "data_confidence": "medium",
        "assigned_zone_name": "Villa Alemania"
      },
      "geometry": {
        "type": "Point",
        "coordinates": [
          -58.6190958,
          -34.596363
        ]
      }
    },
    {
      "type": "Feature",
      "properties": {
        "id": "osm_way_254644542",
        "osm_type": "way",
        "osm_id": 254644542,
        "name": "Avenida Julio Argentino Roca",
        "amenity": null,
        "shop": null,
        "leisure": null,
        "landuse": null,
        "highway": "primary",
        "railway": null,
        "waterway": null,
        "public_transport": null,
        "source_name": "OpenStreetMap Overpass API",
        "source_url": "https://overpass-api.de/api/interpreter",
        "generated_at": "2026-06-29T00:09:48.931378+00:00",
        "data_confidence": "medium",
        "assigned_zone_name": "Villa Alemania"
      },
      "geometry": {
        "type": "Point",
        "coordinates": [
          -58.6186625,
          -34.5967336
        ]
      }
    },
    {
      "type": "Feature",
      "properties": {
        "id": "osm_way_254730979",
        "osm_type": "way",
        "osm_id": 254730979,
        "name": "Avenida Julio Argentino Roca",
        "amenity": null,
        "shop": null,
        "leisure": null,
        "landuse": null,
        "highway": "primary",
        "railway": null,
        "waterway": null,
        "public_transport": null,
        "source_name": "OpenStreetMap Overpass API",
        "source_url": "https://overpass-api.de/api/interpreter",
        "generated_at": "2026-06-29T00:09:48.931378+00:00",
        "data_confidence": "medium",
        "assigned_zone_name": "Villa Club"
      },
      "geometry": {
        "type": "Point",
        "coordinates": [
          -58.6363691,
          -34.5827532
        ]
      }
    },
    {
      "type": "Feature",
      "properties": {
        "id": "osm_way_254730988",
        "osm_type": "way",
        "osm_id": 254730988,
        "name": "General O'Brien",
        "amenity": null,
        "shop": null,
        "leisure": null,
        "landuse": null,
        "highway": "secondary",
        "railway": null,
        "waterway": null,
        "public_transport": null,
        "source_name": "OpenStreetMap Overpass API",
        "source_url": "https://overpass-api.de/api/interpreter",
        "generated_at": "2026-06-29T00:09:48.931378+00:00",
        "data_confidence": "medium",
        "assigned_zone_name": "Jorge Newbery"
      },
      "geometry": {
        "type": "Point",
        "coordinates": [
          -58.6251174,
          -34.5875
        ]
      }
    },
    {
      "type": "Feature",
      "properties": {
        "id": "osm_way_254730989",
        "osm_type": "way",
        "osm_id": 254730989,
        "name": "General O'Brien",
        "amenity": null,
        "shop": null,
        "leisure": null,
        "landuse": null,
        "highway": "secondary",
        "railway": null,
        "waterway": null,
        "public_transport": null,
        "source_name": "OpenStreetMap Overpass API",
        "source_url": "https://overpass-api.de/api/interpreter",
        "generated_at": "2026-06-29T00:09:48.931378+00:00",
        "data_confidence": "medium",
        "assigned_zone_name": "Jorge Newbery"
      },
      "geometry": {
        "type": "Point",
        "coordinates": [
          -58.6254615,
          -34.5877902
        ]
      }
    },
    {
      "type": "Feature",
      "properties": {
        "id": "osm_way_254730990",
        "osm_type": "way",
        "osm_id": 254730990,
        "name": "Avenida General O'Brien",
        "amenity": null,
        "shop": null,
        "leisure": null,
        "landuse": null,
        "highway": "secondary",
        "railway": null,
        "waterway": null,
        "public_transport": null,
        "source_name": "OpenStreetMap Overpass API",
        "source_url": "https://overpass-api.de/api/interpreter",
        "generated_at": "2026-06-29T00:09:48.931378+00:00",
        "data_confidence": "medium",
        "assigned_zone_name": "Jorge Newbery"
      },
      "geometry": {
        "type": "Point",
        "coordinates": [
          -58.6235495,
          -34.5861911
        ]
      }
    },
    {
      "type": "Feature",
      "properties": {
        "id": "osm_way_254730991",
        "osm_type": "way",
        "osm_id": 254730991,
        "name": "Avenida General O'Brien",
        "amenity": null,
        "shop": null,
        "leisure": null,
        "landuse": null,
        "highway": "secondary",
        "railway": null,
        "waterway": null,
        "public_transport": null,
        "source_name": "OpenStreetMap Overpass API",
        "source_url": "https://overpass-api.de/api/interpreter",
        "generated_at": "2026-06-29T00:09:48.931378+00:00",
        "data_confidence": "medium",
        "assigned_zone_name": "Jorge Newbery"
      },
      "geometry": {
        "type": "Point",
        "coordinates": [
          -58.6232073,
          -34.5857521
        ]
      }
    },
    {
      "type": "Feature",
      "properties": {
        "id": "osm_way_254743610",
        "osm_type": "way",
        "osm_id": 254743610,
        "name": "General M. Necochea",
        "amenity": null,
        "shop": null,
        "leisure": null,
        "landuse": null,
        "highway": "tertiary",
        "railway": null,
        "waterway": null,
        "public_transport": null,
        "source_name": "OpenStreetMap Overpass API",
        "source_url": "https://overpass-api.de/api/interpreter",
        "generated_at": "2026-06-29T00:09:48.931378+00:00",
        "data_confidence": "medium",
        "assigned_zone_name": "Hurlingham Centro (Barrio Ingles)"
      },
      "geometry": {
        "type": "Point",
        "coordinates": [
          -58.6262462,
          -34.5928962
        ]
      }
    },
    {
      "type": "Feature",
      "properties": {
        "id": "osm_way_254743613",
        "osm_type": "way",
        "osm_id": 254743613,
        "name": "Manuel Ocampo",
        "amenity": null,
        "shop": null,
        "leisure": null,
        "landuse": null,
        "highway": "tertiary",
        "railway": null,
        "waterway": null,
        "public_transport": null,
        "source_name": "OpenStreetMap Overpass API",
        "source_url": "https://overpass-api.de/api/interpreter",
        "generated_at": "2026-06-29T00:09:48.931378+00:00",
        "data_confidence": "medium",
        "assigned_zone_name": "Hurlingham Centro (Barrio Ingles)"
      },
      "geometry": {
        "type": "Point",
        "coordinates": [
          -58.6339418,
          -34.6014562
        ]
      }
    },
    {
      "type": "Feature",
      "properties": {
        "id": "osm_way_254743614",
        "osm_type": "way",
        "osm_id": 254743614,
        "name": "Remedios de Escalada",
        "amenity": null,
        "shop": null,
        "leisure": null,
        "landuse": null,
        "highway": "tertiary",
        "railway": null,
        "waterway": null,
        "public_transport": null,
        "source_name": "OpenStreetMap Overpass API",
        "source_url": "https://overpass-api.de/api/interpreter",
        "generated_at": "2026-06-29T00:09:48.931378+00:00",
        "data_confidence": "medium",
        "assigned_zone_name": "Hurlingham Centro (Barrio Ingles)"
      },
      "geometry": {
        "type": "Point",
        "coordinates": [
          -58.6270377,
          -34.5943149
        ]
      }
    },
    {
      "type": "Feature",
      "properties": {
        "id": "osm_way_254743640",
        "osm_type": "way",
        "osm_id": 254743640,
        "name": null,
        "amenity": null,
        "shop": null,
        "leisure": null,
        "landuse": null,
        "highway": null,
        "railway": null,
        "waterway": "canal",
        "public_transport": null,
        "source_name": "OpenStreetMap Overpass API",
        "source_url": "https://overpass-api.de/api/interpreter",
        "generated_at": "2026-06-29T00:09:48.931378+00:00",
        "data_confidence": "medium",
        "assigned_zone_name": "San Damián"
      },
      "geometry": {
        "type": "Point",
        "coordinates": [
          -58.6608525,
          -34.5807695
        ]
      }
    },
    {
      "type": "Feature",
      "properties": {
        "id": "osm_way_254855050",
        "osm_type": "way",
        "osm_id": 254855050,
        "name": "Avenida Gobernador Valentín Vergara",
        "amenity": null,
        "shop": null,
        "leisure": null,
        "landuse": null,
        "highway": "secondary",
        "railway": null,
        "waterway": null,
        "public_transport": null,
        "source_name": "OpenStreetMap Overpass API",
        "source_url": "https://overpass-api.de/api/interpreter",
        "generated_at": "2026-06-29T00:09:48.931378+00:00",
        "data_confidence": "medium",
        "assigned_zone_name": "Hurlingham Centro (Barrio Ingles)"
      },
      "geometry": {
        "type": "Point",
        "coordinates": [
          -58.6370914,
          -34.5904912
        ]
      }
    },
    {
      "type": "Feature",
      "properties": {
        "id": "osm_way_255112638",
        "osm_type": "way",
        "osm_id": 255112638,
        "name": "FC San Martín",
        "amenity": null,
        "shop": null,
        "leisure": null,
        "landuse": null,
        "highway": null,
        "railway": "rail",
        "waterway": null,
        "public_transport": null,
        "source_name": "OpenStreetMap Overpass API",
        "source_url": "https://overpass-api.de/api/interpreter",
        "generated_at": "2026-06-29T00:09:48.931378+00:00",
        "data_confidence": "medium",
        "assigned_zone_name": "Nueve de Julio"
      },
      "geometry": {
        "type": "Point",
        "coordinates": [
          -58.6192492,
          -34.5979252
        ]
      }
    },
    {
      "type": "Feature",
      "properties": {
        "id": "osm_way_255729653",
        "osm_type": "way",
        "osm_id": 255729653,
        "name": "De La Tradición",
        "amenity": null,
        "shop": null,
        "leisure": null,
        "landuse": null,
        "highway": "tertiary",
        "railway": null,
        "waterway": null,
        "public_transport": null,
        "source_name": "OpenStreetMap Overpass API",
        "source_url": "https://overpass-api.de/api/interpreter",
        "generated_at": "2026-06-29T00:09:48.931378+00:00",
        "data_confidence": "medium",
        "assigned_zone_name": "El Destino"
      },
      "geometry": {
        "type": "Point",
        "coordinates": [
          -58.6698004,
          -34.5921127
        ]
      }
    },
    {
      "type": "Feature",
      "properties": {
        "id": "osm_way_255784517",
        "osm_type": "way",
        "osm_id": 255784517,
        "name": null,
        "amenity": null,
        "shop": null,
        "leisure": null,
        "landuse": null,
        "highway": null,
        "railway": "rail",
        "waterway": null,
        "public_transport": null,
        "source_name": "OpenStreetMap Overpass API",
        "source_url": "https://overpass-api.de/api/interpreter",
        "generated_at": "2026-06-29T00:09:48.931378+00:00",
        "data_confidence": "medium",
        "assigned_zone_name": "Hurlingham Centro (Barrio Ingles)"
      },
      "geometry": {
        "type": "Point",
        "coordinates": [
          -58.6338681,
          -34.5874379
        ]
      }
    },
    {
      "type": "Feature",
      "properties": {
        "id": "osm_way_256915530",
        "osm_type": "way",
        "osm_id": 256915530,
        "name": "General Conrado Villegas",
        "amenity": null,
        "shop": null,
        "leisure": null,
        "landuse": null,
        "highway": "tertiary",
        "railway": null,
        "waterway": null,
        "public_transport": null,
        "source_name": "OpenStreetMap Overpass API",
        "source_url": "https://overpass-api.de/api/interpreter",
        "generated_at": "2026-06-29T00:09:48.931378+00:00",
        "data_confidence": "medium",
        "assigned_zone_name": "San Damián"
      },
      "geometry": {
        "type": "Point",
        "coordinates": [
          -58.6613744,
          -34.5849444
        ]
      }
    },
    {
      "type": "Feature",
      "properties": {
        "id": "osm_way_256915531",
        "osm_type": "way",
        "osm_id": 256915531,
        "name": "Eva Perón",
        "amenity": null,
        "shop": null,
        "leisure": null,
        "landuse": null,
        "highway": "tertiary",
        "railway": null,
        "waterway": null,
        "public_transport": null,
        "source_name": "OpenStreetMap Overpass API",
        "source_url": "https://overpass-api.de/api/interpreter",
        "generated_at": "2026-06-29T00:09:48.931378+00:00",
        "data_confidence": "medium",
        "assigned_zone_name": "Primero de Mayo"
      },
      "geometry": {
        "type": "Point",
        "coordinates": [
          -58.6573606,
          -34.5870635
        ]
      }
    },
    {
      "type": "Feature",
      "properties": {
        "id": "osm_way_256915532",
        "osm_type": "way",
        "osm_id": 256915532,
        "name": "José Garibaldi",
        "amenity": null,
        "shop": null,
        "leisure": null,
        "landuse": null,
        "highway": "tertiary",
        "railway": null,
        "waterway": null,
        "public_transport": null,
        "source_name": "OpenStreetMap Overpass API",
        "source_url": "https://overpass-api.de/api/interpreter",
        "generated_at": "2026-06-29T00:09:48.931378+00:00",
        "data_confidence": "medium",
        "assigned_zone_name": "Roca 2"
      },
      "geometry": {
        "type": "Point",
        "coordinates": [
          -58.6524447,
          -34.5763142
        ]
      }
    },
    {
      "type": "Feature",
      "properties": {
        "id": "osm_way_256916631",
        "osm_type": "way",
        "osm_id": 256916631,
        "name": "Avenida Arturo Jauretche",
        "amenity": null,
        "shop": null,
        "leisure": null,
        "landuse": null,
        "highway": "secondary",
        "railway": null,
        "waterway": null,
        "public_transport": null,
        "source_name": "OpenStreetMap Overpass API",
        "source_url": "https://overpass-api.de/api/interpreter",
        "generated_at": "2026-06-29T00:09:48.931378+00:00",
        "data_confidence": "medium",
        "assigned_zone_name": "Hurlingham Centro (Barrio Ingles)"
      },
      "geometry": {
        "type": "Point",
        "coordinates": [
          -58.6308332,
          -34.5880243
        ]
      }
    },
    {
      "type": "Feature",
      "properties": {
        "id": "osm_way_256916637",
        "osm_type": "way",
        "osm_id": 256916637,
        "name": "José Bustamante y Guevara",
        "amenity": null,
        "shop": null,
        "leisure": null,
        "landuse": null,
        "highway": "tertiary",
        "railway": null,
        "waterway": null,
        "public_transport": null,
        "source_name": "OpenStreetMap Overpass API",
        "source_url": "https://overpass-api.de/api/interpreter",
        "generated_at": "2026-06-29T00:09:48.931378+00:00",
        "data_confidence": "medium",
        "assigned_zone_name": "Parque Jhonston"
      },
      "geometry": {
        "type": "Point",
        "coordinates": [
          -58.6457399,
          -34.5964406
        ]
      }
    },
    {
      "type": "Feature",
      "properties": {
        "id": "osm_way_256916685",
        "osm_type": "way",
        "osm_id": 256916685,
        "name": "Cañuelas Norte",
        "amenity": null,
        "shop": null,
        "leisure": null,
        "landuse": null,
        "highway": "tertiary",
        "railway": null,
        "waterway": null,
        "public_transport": null,
        "source_name": "OpenStreetMap Overpass API",
        "source_url": "https://overpass-api.de/api/interpreter",
        "generated_at": "2026-06-29T00:09:48.931378+00:00",
        "data_confidence": "medium",
        "assigned_zone_name": "Belgrano"
      },
      "geometry": {
        "type": "Point",
        "coordinates": [
          -58.6584673,
          -34.5818402
        ]
      }
    },
    {
      "type": "Feature",
      "properties": {
        "id": "osm_way_256916687",
        "osm_type": "way",
        "osm_id": 256916687,
        "name": "General Conrado Villegas",
        "amenity": null,
        "shop": null,
        "leisure": null,
        "landuse": null,
        "highway": "tertiary",
        "railway": null,
        "waterway": null,
        "public_transport": null,
        "source_name": "OpenStreetMap Overpass API",
        "source_url": "https://overpass-api.de/api/interpreter",
        "generated_at": "2026-06-29T00:09:48.931378+00:00",
        "data_confidence": "medium",
        "assigned_zone_name": "Santa Clara"
      },
      "geometry": {
        "type": "Point",
        "coordinates": [
          -58.656863,
          -34.5806843
        ]
      }
    },
    {
      "type": "Feature",
      "properties": {
        "id": "osm_way_256916688",
        "osm_type": "way",
        "osm_id": 256916688,
        "name": "Andrés Arguibel",
        "amenity": null,
        "shop": null,
        "leisure": null,
        "landuse": null,
        "highway": "tertiary",
        "railway": null,
        "waterway": null,
        "public_transport": null,
        "source_name": "OpenStreetMap Overpass API",
        "source_url": "https://overpass-api.de/api/interpreter",
        "generated_at": "2026-06-29T00:09:48.931378+00:00",
        "data_confidence": "medium",
        "assigned_zone_name": "Santa Clara"
      },
      "geometry": {
        "type": "Point",
        "coordinates": [
          -58.6551568,
          -34.5794975
        ]
      }
    },
    {
      "type": "Feature",
      "properties": {
        "id": "osm_way_257162874",
        "osm_type": "way",
        "osm_id": 257162874,
        "name": "Avenida Gobernador Valentín Vergara",
        "amenity": null,
        "shop": null,
        "leisure": null,
        "landuse": null,
        "highway": "primary",
        "railway": null,
        "waterway": null,
        "public_transport": null,
        "source_name": "OpenStreetMap Overpass API",
        "source_url": "https://overpass-api.de/api/interpreter",
        "generated_at": "2026-06-29T00:09:48.931378+00:00",
        "data_confidence": "medium",
        "assigned_zone_name": "Villa Tesei Centro"
      },
      "geometry": {
        "type": "Point",
        "coordinates": [
          -58.6338921,
          -34.6194254
        ]
      }
    },
    {
      "type": "Feature",
      "properties": {
        "id": "osm_way_257162879",
        "osm_type": "way",
        "osm_id": 257162879,
        "name": "Avenida General Pedro Díaz",
        "amenity": null,
        "shop": null,
        "leisure": null,
        "landuse": null,
        "highway": "secondary",
        "railway": null,
        "waterway": null,
        "public_transport": null,
        "source_name": "OpenStreetMap Overpass API",
        "source_url": "https://overpass-api.de/api/interpreter",
        "generated_at": "2026-06-29T00:09:48.931378+00:00",
        "data_confidence": "medium",
        "assigned_zone_name": "La Leonor"
      },
      "geometry": {
        "type": "Point",
        "coordinates": [
          -58.6658444,
          -34.5903897
        ]
      }
    },
    {
      "type": "Feature",
      "properties": {
        "id": "osm_way_263127337",
        "osm_type": "way",
        "osm_id": 263127337,
        "name": "FC Urquiza",
        "amenity": null,
        "shop": null,
        "leisure": null,
        "landuse": null,
        "highway": null,
        "railway": "rail",
        "waterway": null,
        "public_transport": null,
        "source_name": "OpenStreetMap Overpass API",
        "source_url": "https://overpass-api.de/api/interpreter",
        "generated_at": "2026-06-29T00:09:48.931378+00:00",
        "data_confidence": "medium",
        "assigned_zone_name": "Jorge Newbery"
      },
      "geometry": {
        "type": "Point",
        "coordinates": [
          -58.6210105,
          -34.5878724
        ]
      }
    },
    {
      "type": "Feature",
      "properties": {
        "id": "osm_way_268020444",
        "osm_type": "way",
        "osm_id": 268020444,
        "name": "Avenida Julio Argentino Roca",
        "amenity": null,
        "shop": null,
        "leisure": null,
        "landuse": null,
        "highway": "primary",
        "railway": null,
        "waterway": null,
        "public_transport": null,
        "source_name": "OpenStreetMap Overpass API",
        "source_url": "https://overpass-api.de/api/interpreter",
        "generated_at": "2026-06-29T00:09:48.931378+00:00",
        "data_confidence": "medium",
        "assigned_zone_name": "Villa Club"
      },
      "geometry": {
        "type": "Point",
        "coordinates": [
          -58.6327434,
          -34.5854814
        ]
      }
    },
    {
      "type": "Feature",
      "properties": {
        "id": "osm_way_268020464",
        "osm_type": "way",
        "osm_id": 268020464,
        "name": "Avenida Arturo Jauretche",
        "amenity": null,
        "shop": null,
        "leisure": null,
        "landuse": null,
        "highway": "secondary",
        "railway": null,
        "waterway": null,
        "public_transport": null,
        "source_name": "OpenStreetMap Overpass API",
        "source_url": "https://overpass-api.de/api/interpreter",
        "generated_at": "2026-06-29T00:09:48.931378+00:00",
        "data_confidence": "medium",
        "assigned_zone_name": "Hurlingham Centro (Barrio Ingles)"
      },
      "geometry": {
        "type": "Point",
        "coordinates": [
          -58.6328511,
          -34.5897792
        ]
      }
    },
    {
      "type": "Feature",
      "properties": {
        "id": "osm_way_268020476",
        "osm_type": "way",
        "osm_id": 268020476,
        "name": "Teniente General Pablo Ricchieri",
        "amenity": null,
        "shop": null,
        "leisure": null,
        "landuse": null,
        "highway": "tertiary",
        "railway": null,
        "waterway": null,
        "public_transport": null,
        "source_name": "OpenStreetMap Overpass API",
        "source_url": "https://overpass-api.de/api/interpreter",
        "generated_at": "2026-06-29T00:09:48.931378+00:00",
        "data_confidence": "medium",
        "assigned_zone_name": "Hurlingham Centro (Barrio Ingles)"
      },
      "geometry": {
        "type": "Point",
        "coordinates": [
          -58.6325504,
          -34.5904096
        ]
      }
    },
    {
      "type": "Feature",
      "properties": {
        "id": "osm_way_282572633",
        "osm_type": "way",
        "osm_id": 282572633,
        "name": "Teniente General Pablo Ricchieri",
        "amenity": null,
        "shop": null,
        "leisure": null,
        "landuse": null,
        "highway": "tertiary",
        "railway": null,
        "waterway": null,
        "public_transport": null,
        "source_name": "OpenStreetMap Overpass API",
        "source_url": "https://overpass-api.de/api/interpreter",
        "generated_at": "2026-06-29T00:09:48.931378+00:00",
        "data_confidence": "medium",
        "assigned_zone_name": "Hurlingham Centro (Barrio Ingles)"
      },
      "geometry": {
        "type": "Point",
        "coordinates": [
          -58.6344652,
          -34.5891297
        ]
      }
    },
    {
      "type": "Feature",
      "properties": {
        "id": "osm_way_282572634",
        "osm_type": "way",
        "osm_id": 282572634,
        "name": "Teniente General Pablo Ricchieri",
        "amenity": null,
        "shop": null,
        "leisure": null,
        "landuse": null,
        "highway": "tertiary",
        "railway": null,
        "waterway": null,
        "public_transport": null,
        "source_name": "OpenStreetMap Overpass API",
        "source_url": "https://overpass-api.de/api/interpreter",
        "generated_at": "2026-06-29T00:09:48.931378+00:00",
        "data_confidence": "medium",
        "assigned_zone_name": "Hurlingham Centro (Barrio Ingles)"
      },
      "geometry": {
        "type": "Point",
        "coordinates": [
          -58.6292436,
          -34.5919669
        ]
      }
    },
    {
      "type": "Feature",
      "properties": {
        "id": "osm_way_282573205",
        "osm_type": "way",
        "osm_id": 282573205,
        "name": "Germán Argerich",
        "amenity": null,
        "shop": null,
        "leisure": null,
        "landuse": null,
        "highway": "tertiary",
        "railway": null,
        "waterway": null,
        "public_transport": null,
        "source_name": "OpenStreetMap Overpass API",
        "source_url": "https://overpass-api.de/api/interpreter",
        "generated_at": "2026-06-29T00:09:48.931378+00:00",
        "data_confidence": "medium",
        "assigned_zone_name": "Parque Jhonston"
      },
      "geometry": {
        "type": "Point",
        "coordinates": [
          -58.638103,
          -34.59132
        ]
      }
    },
    {
      "type": "Feature",
      "properties": {
        "id": "osm_way_282573211",
        "osm_type": "way",
        "osm_id": 282573211,
        "name": "Remedios de Escalada",
        "amenity": null,
        "shop": null,
        "leisure": null,
        "landuse": null,
        "highway": "tertiary",
        "railway": null,
        "waterway": null,
        "public_transport": null,
        "source_name": "OpenStreetMap Overpass API",
        "source_url": "https://overpass-api.de/api/interpreter",
        "generated_at": "2026-06-29T00:09:48.931378+00:00",
        "data_confidence": "medium",
        "assigned_zone_name": "Hurlingham Centro (Barrio Ingles)"
      },
      "geometry": {
        "type": "Point",
        "coordinates": [
          -58.6293204,
          -34.5930076
        ]
      }
    },
    {
      "type": "Feature",
      "properties": {
        "id": "osm_way_282575138",
        "osm_type": "way",
        "osm_id": 282575138,
        "name": "FC Urquiza",
        "amenity": null,
        "shop": null,
        "leisure": null,
        "landuse": null,
        "highway": null,
        "railway": "rail",
        "waterway": null,
        "public_transport": null,
        "source_name": "OpenStreetMap Overpass API",
        "source_url": "https://overpass-api.de/api/interpreter",
        "generated_at": "2026-06-29T00:09:48.931378+00:00",
        "data_confidence": "medium",
        "assigned_zone_name": "Roca 2"
      },
      "geometry": {
        "type": "Point",
        "coordinates": [
          -58.6424866,
          -34.5787735
        ]
      }
    },
    {
      "type": "Feature",
      "properties": {
        "id": "osm_way_282575394",
        "osm_type": "way",
        "osm_id": 282575394,
        "name": "Avenida Gobernador Valentín Vergara",
        "amenity": null,
        "shop": null,
        "leisure": null,
        "landuse": null,
        "highway": "secondary",
        "railway": null,
        "waterway": null,
        "public_transport": null,
        "source_name": "OpenStreetMap Overpass API",
        "source_url": "https://overpass-api.de/api/interpreter",
        "generated_at": "2026-06-29T00:09:48.931378+00:00",
        "data_confidence": "medium",
        "assigned_zone_name": "Villa Club"
      },
      "geometry": {
        "type": "Point",
        "coordinates": [
          -58.6396565,
          -34.5829453
        ]
      }
    },
    {
      "type": "Feature",
      "properties": {
        "id": "osm_way_282575496",
        "osm_type": "way",
        "osm_id": 282575496,
        "name": "Avenida Gobernador Valentín Vergara",
        "amenity": null,
        "shop": null,
        "leisure": null,
        "landuse": null,
        "highway": "secondary",
        "railway": null,
        "waterway": null,
        "public_transport": null,
        "source_name": "OpenStreetMap Overpass API",
        "source_url": "https://overpass-api.de/api/interpreter",
        "generated_at": "2026-06-29T00:09:48.931378+00:00",
        "data_confidence": "medium",
        "assigned_zone_name": "Villa Club"
      },
      "geometry": {
        "type": "Point",
        "coordinates": [
          -58.6434596,
          -34.5753655
        ]
      }
    },
    {
      "type": "Feature",
      "properties": {
        "id": "osm_way_282738917",
        "osm_type": "way",
        "osm_id": 282738917,
        "name": "Eva Perón",
        "amenity": null,
        "shop": null,
        "leisure": null,
        "landuse": null,
        "highway": "tertiary",
        "railway": null,
        "waterway": null,
        "public_transport": null,
        "source_name": "OpenStreetMap Overpass API",
        "source_url": "https://overpass-api.de/api/interpreter",
        "generated_at": "2026-06-29T00:09:48.931378+00:00",
        "data_confidence": "medium",
        "assigned_zone_name": "Villa Tesei Centro"
      },
      "geometry": {
        "type": "Point",
        "coordinates": [
          -58.6350992,
          -34.604973
        ]
      }
    },
    {
      "type": "Feature",
      "properties": {
        "id": "osm_way_282738920",
        "osm_type": "way",
        "osm_id": 282738920,
        "name": "Concepción Arenal",
        "amenity": null,
        "shop": null,
        "leisure": null,
        "landuse": null,
        "highway": "primary",
        "railway": null,
        "waterway": null,
        "public_transport": null,
        "source_name": "OpenStreetMap Overpass API",
        "source_url": "https://overpass-api.de/api/interpreter",
        "generated_at": "2026-06-29T00:09:48.931378+00:00",
        "data_confidence": "medium",
        "assigned_zone_name": "Parque Quirno"
      },
      "geometry": {
        "type": "Point",
        "coordinates": [
          -58.6273069,
          -34.6104776
        ]
      }
    },
    {
      "type": "Feature",
      "properties": {
        "id": "osm_way_283217751",
        "osm_type": "way",
        "osm_id": 283217751,
        "name": "Mascagni",
        "amenity": null,
        "shop": null,
        "leisure": null,
        "landuse": null,
        "highway": "tertiary",
        "railway": null,
        "waterway": null,
        "public_transport": null,
        "source_name": "OpenStreetMap Overpass API",
        "source_url": "https://overpass-api.de/api/interpreter",
        "generated_at": "2026-06-29T00:09:48.931378+00:00",
        "data_confidence": "medium",
        "assigned_zone_name": "Parque Jhonston"
      },
      "geometry": {
        "type": "Point",
        "coordinates": [
          -58.6408319,
          -34.595253
        ]
      }
    },
    {
      "type": "Feature",
      "properties": {
        "id": "osm_way_283219945",
        "osm_type": "way",
        "osm_id": 283219945,
        "name": "Fábrica 3M",
        "amenity": null,
        "shop": null,
        "leisure": null,
        "landuse": "industrial",
        "highway": null,
        "railway": null,
        "waterway": null,
        "public_transport": null,
        "source_name": "OpenStreetMap Overpass API",
        "source_url": "https://overpass-api.de/api/interpreter",
        "generated_at": "2026-06-29T00:09:48.931378+00:00",
        "data_confidence": "medium",
        "assigned_zone_name": "Villa Alemania"
      },
      "geometry": {
        "type": "Point",
        "coordinates": [
          -58.6186897,
          -34.5947482
        ]
      }
    },
    {
      "type": "Feature",
      "properties": {
        "id": "osm_way_283882393",
        "osm_type": "way",
        "osm_id": 283882393,
        "name": "Avenida Julio Argentino Roca",
        "amenity": null,
        "shop": null,
        "leisure": null,
        "landuse": null,
        "highway": "primary",
        "railway": null,
        "waterway": null,
        "public_transport": null,
        "source_name": "OpenStreetMap Overpass API",
        "source_url": "https://overpass-api.de/api/interpreter",
        "generated_at": "2026-06-29T00:09:48.931378+00:00",
        "data_confidence": "medium",
        "assigned_zone_name": "Jorge Newbery"
      },
      "geometry": {
        "type": "Point",
        "coordinates": [
          -58.6249611,
          -34.5915768
        ]
      }
    },
    {
      "type": "Feature",
      "properties": {
        "id": "osm_way_284132445",
        "osm_type": "way",
        "osm_id": 284132445,
        "name": "Avenida Gobernador Valentín Vergara",
        "amenity": null,
        "shop": null,
        "leisure": null,
        "landuse": null,
        "highway": "secondary",
        "railway": null,
        "waterway": null,
        "public_transport": null,
        "source_name": "OpenStreetMap Overpass API",
        "source_url": "https://overpass-api.de/api/interpreter",
        "generated_at": "2026-06-29T00:09:48.931378+00:00",
        "data_confidence": "medium",
        "assigned_zone_name": "Villa Tesei Centro"
      },
      "geometry": {
        "type": "Point",
        "coordinates": [
          -58.6348078,
          -34.6098226
        ]
      }
    },
    {
      "type": "Feature",
      "properties": {
        "id": "osm_way_307799178",
        "osm_type": "way",
        "osm_id": 307799178,
        "name": "Avenida Gobernador Valentín Vergara",
        "amenity": null,
        "shop": null,
        "leisure": null,
        "landuse": null,
        "highway": "primary",
        "railway": null,
        "waterway": null,
        "public_transport": null,
        "source_name": "OpenStreetMap Overpass API",
        "source_url": "https://overpass-api.de/api/interpreter",
        "generated_at": "2026-06-29T00:09:48.931378+00:00",
        "data_confidence": "medium",
        "assigned_zone_name": "Prensa"
      },
      "geometry": {
        "type": "Point",
        "coordinates": [
          -58.6311134,
          -34.6281222
        ]
      }
    },
    {
      "type": "Feature",
      "properties": {
        "id": "osm_way_330658964",
        "osm_type": "way",
        "osm_id": 330658964,
        "name": "Avenida Gobernador Valentín Vergara",
        "amenity": null,
        "shop": null,
        "leisure": null,
        "landuse": null,
        "highway": "primary",
        "railway": null,
        "waterway": null,
        "public_transport": null,
        "source_name": "OpenStreetMap Overpass API",
        "source_url": "https://overpass-api.de/api/interpreter",
        "generated_at": "2026-06-29T00:09:48.931378+00:00",
        "data_confidence": "medium",
        "assigned_zone_name": "Villa Tesei Centro"
      },
      "geometry": {
        "type": "Point",
        "coordinates": [
          -58.6343428,
          -34.6155834
        ]
      }
    },
    {
      "type": "Feature",
      "properties": {
        "id": "osm_way_334447412",
        "osm_type": "way",
        "osm_id": 334447412,
        "name": "Avenida Gobernador Valentín Vergara",
        "amenity": null,
        "shop": null,
        "leisure": null,
        "landuse": null,
        "highway": "primary",
        "railway": null,
        "waterway": null,
        "public_transport": null,
        "source_name": "OpenStreetMap Overpass API",
        "source_url": "https://overpass-api.de/api/interpreter",
        "generated_at": "2026-06-29T00:09:48.931378+00:00",
        "data_confidence": "medium",
        "assigned_zone_name": "Villa Club"
      },
      "geometry": {
        "type": "Point",
        "coordinates": [
          -58.6414372,
          -34.5783797
        ]
      }
    },
    {
      "type": "Feature",
      "properties": {
        "id": "osm_way_354369666",
        "osm_type": "way",
        "osm_id": 354369666,
        "name": "853 - Avenida Bernabé Márquez",
        "amenity": null,
        "shop": null,
        "leisure": null,
        "landuse": null,
        "highway": "primary",
        "railway": null,
        "waterway": null,
        "public_transport": null,
        "source_name": "OpenStreetMap Overpass API",
        "source_url": "https://overpass-api.de/api/interpreter",
        "generated_at": "2026-06-29T00:09:48.931378+00:00",
        "data_confidence": "medium",
        "assigned_zone_name": "Nuevo Parque Quirno"
      },
      "geometry": {
        "type": "Point",
        "coordinates": [
          -58.6204617,
          -34.6048768
        ]
      }
    },
    {
      "type": "Feature",
      "properties": {
        "id": "osm_way_354369667",
        "osm_type": "way",
        "osm_id": 354369667,
        "name": "853 - Avenida Bernabé Márquez",
        "amenity": null,
        "shop": null,
        "leisure": null,
        "landuse": null,
        "highway": "primary",
        "railway": null,
        "waterway": null,
        "public_transport": null,
        "source_name": "OpenStreetMap Overpass API",
        "source_url": "https://overpass-api.de/api/interpreter",
        "generated_at": "2026-06-29T00:09:48.931378+00:00",
        "data_confidence": "medium",
        "assigned_zone_name": "Nueve de Julio"
      },
      "geometry": {
        "type": "Point",
        "coordinates": [
          -58.6205751,
          -34.6047517
        ]
      }
    },
    {
      "type": "Feature",
      "properties": {
        "id": "osm_way_374641154",
        "osm_type": "way",
        "osm_id": 374641154,
        "name": "Avenida Gobernador Valentín Vergara",
        "amenity": null,
        "shop": null,
        "leisure": null,
        "landuse": null,
        "highway": "primary",
        "railway": null,
        "waterway": null,
        "public_transport": null,
        "source_name": "OpenStreetMap Overpass API",
        "source_url": "https://overpass-api.de/api/interpreter",
        "generated_at": "2026-06-29T00:09:48.931378+00:00",
        "data_confidence": "medium",
        "assigned_zone_name": "Militar"
      },
      "geometry": {
        "type": "Point",
        "coordinates": [
          -58.6322588,
          -34.6249366
        ]
      }
    },
    {
      "type": "Feature",
      "properties": {
        "id": "osm_way_374641155",
        "osm_type": "way",
        "osm_id": 374641155,
        "name": "Avenida Gobernador Valentín Vergara",
        "amenity": null,
        "shop": null,
        "leisure": null,
        "landuse": null,
        "highway": "primary",
        "railway": null,
        "waterway": null,
        "public_transport": null,
        "source_name": "OpenStreetMap Overpass API",
        "source_url": "https://overpass-api.de/api/interpreter",
        "generated_at": "2026-06-29T00:09:48.931378+00:00",
        "data_confidence": "medium",
        "assigned_zone_name": "Villa Tesei Centro"
      },
      "geometry": {
        "type": "Point",
        "coordinates": [
          -58.6335165,
          -34.6213893
        ]
      }
    },
    {
      "type": "Feature",
      "properties": {
        "id": "osm_way_374641156",
        "osm_type": "way",
        "osm_id": 374641156,
        "name": "Roberto Prack",
        "amenity": null,
        "shop": null,
        "leisure": null,
        "landuse": null,
        "highway": "tertiary",
        "railway": null,
        "waterway": null,
        "public_transport": null,
        "source_name": "OpenStreetMap Overpass API",
        "source_url": "https://overpass-api.de/api/interpreter",
        "generated_at": "2026-06-29T00:09:48.931378+00:00",
        "data_confidence": "medium",
        "assigned_zone_name": "Prensa"
      },
      "geometry": {
        "type": "Point",
        "coordinates": [
          -58.6328235,
          -34.6244326
        ]
      }
    },
    {
      "type": "Feature",
      "properties": {
        "id": "osm_way_375851095",
        "osm_type": "way",
        "osm_id": 375851095,
        "name": "Avenida Gobernador Valentín Vergara",
        "amenity": null,
        "shop": null,
        "leisure": null,
        "landuse": null,
        "highway": "secondary",
        "railway": null,
        "waterway": null,
        "public_transport": null,
        "source_name": "OpenStreetMap Overpass API",
        "source_url": "https://overpass-api.de/api/interpreter",
        "generated_at": "2026-06-29T00:09:48.931378+00:00",
        "data_confidence": "medium",
        "assigned_zone_name": "Hurlingham Centro (Barrio Ingles)"
      },
      "geometry": {
        "type": "Point",
        "coordinates": [
          -58.6356439,
          -34.6002992
        ]
      }
    },
    {
      "type": "Feature",
      "properties": {
        "id": "osm_way_375851096",
        "osm_type": "way",
        "osm_id": 375851096,
        "name": "Avenida Gobernador Valentín Vergara",
        "amenity": null,
        "shop": null,
        "leisure": null,
        "landuse": null,
        "highway": "secondary",
        "railway": null,
        "waterway": null,
        "public_transport": null,
        "source_name": "OpenStreetMap Overpass API",
        "source_url": "https://overpass-api.de/api/interpreter",
        "generated_at": "2026-06-29T00:09:48.931378+00:00",
        "data_confidence": "medium",
        "assigned_zone_name": "Parque Jhonston"
      },
      "geometry": {
        "type": "Point",
        "coordinates": [
          -58.6352837,
          -34.6043508
        ]
      }
    },
    {
      "type": "Feature",
      "properties": {
        "id": "osm_way_375851097",
        "osm_type": "way",
        "osm_id": 375851097,
        "name": "Avenida Gobernador Valentín Vergara",
        "amenity": null,
        "shop": null,
        "leisure": null,
        "landuse": null,
        "highway": "secondary",
        "railway": null,
        "waterway": null,
        "public_transport": null,
        "source_name": "OpenStreetMap Overpass API",
        "source_url": "https://overpass-api.de/api/interpreter",
        "generated_at": "2026-06-29T00:09:48.931378+00:00",
        "data_confidence": "medium",
        "assigned_zone_name": "Villa Tesei Centro"
      },
      "geometry": {
        "type": "Point",
        "coordinates": [
          -58.6351526,
          -34.6057875
        ]
      }
    },
    {
      "type": "Feature",
      "properties": {
        "id": "osm_way_375851098",
        "osm_type": "way",
        "osm_id": 375851098,
        "name": "Eva Perón",
        "amenity": null,
        "shop": null,
        "leisure": null,
        "landuse": null,
        "highway": "tertiary",
        "railway": null,
        "waterway": null,
        "public_transport": null,
        "source_name": "OpenStreetMap Overpass API",
        "source_url": "https://overpass-api.de/api/interpreter",
        "generated_at": "2026-06-29T00:09:48.931378+00:00",
        "data_confidence": "medium",
        "assigned_zone_name": "Parque Quirno"
      },
      "geometry": {
        "type": "Point",
        "coordinates": [
          -58.6305483,
          -34.6086064
        ]
      }
    },
    {
      "type": "Feature",
      "properties": {
        "id": "osm_way_375851099",
        "osm_type": "way",
        "osm_id": 375851099,
        "name": "Eva Perón",
        "amenity": null,
        "shop": null,
        "leisure": null,
        "landuse": null,
        "highway": "tertiary",
        "railway": null,
        "waterway": null,
        "public_transport": null,
        "source_name": "OpenStreetMap Overpass API",
        "source_url": "https://overpass-api.de/api/interpreter",
        "generated_at": "2026-06-29T00:09:48.931378+00:00",
        "data_confidence": "medium",
        "assigned_zone_name": "Parque Jhonston"
      },
      "geometry": {
        "type": "Point",
        "coordinates": [
          -58.6352969,
          -34.6048167
        ]
      }
    },
    {
      "type": "Feature",
      "properties": {
        "id": "osm_way_401041677",
        "osm_type": "way",
        "osm_id": 401041677,
        "name": "Avenida General Pedro Díaz",
        "amenity": null,
        "shop": null,
        "leisure": null,
        "landuse": null,
        "highway": "secondary",
        "railway": null,
        "waterway": null,
        "public_transport": null,
        "source_name": "OpenStreetMap Overpass API",
        "source_url": "https://overpass-api.de/api/interpreter",
        "generated_at": "2026-06-29T00:09:48.931378+00:00",
        "data_confidence": "medium",
        "assigned_zone_name": "Mitre"
      },
      "geometry": {
        "type": "Point",
        "coordinates": [
          -58.643636,
          -34.6083199
        ]
      }
    },
    {
      "type": "Feature",
      "properties": {
        "id": "osm_way_435750643",
        "osm_type": "way",
        "osm_id": 435750643,
        "name": "Salazar",
        "amenity": null,
        "shop": null,
        "leisure": null,
        "landuse": null,
        "highway": "tertiary",
        "railway": null,
        "waterway": null,
        "public_transport": null,
        "source_name": "OpenStreetMap Overpass API",
        "source_url": "https://overpass-api.de/api/interpreter",
        "generated_at": "2026-06-29T00:09:48.931378+00:00",
        "data_confidence": "medium",
        "assigned_zone_name": "Hurlingham Centro (Barrio Ingles)"
      },
      "geometry": {
        "type": "Point",
        "coordinates": [
          -58.6349359,
          -34.5881791
        ]
      }
    },
    {
      "type": "Feature",
      "properties": {
        "id": "osm_way_436166520",
        "osm_type": "way",
        "osm_id": 436166520,
        "name": "Avenida Gobernador Valentín Vergara",
        "amenity": null,
        "shop": null,
        "leisure": null,
        "landuse": null,
        "highway": "secondary",
        "railway": null,
        "waterway": null,
        "public_transport": null,
        "source_name": "OpenStreetMap Overpass API",
        "source_url": "https://overpass-api.de/api/interpreter",
        "generated_at": "2026-06-29T00:09:48.931378+00:00",
        "data_confidence": "medium",
        "assigned_zone_name": "Villa Tesei Centro"
      },
      "geometry": {
        "type": "Point",
        "coordinates": [
          -58.6343856,
          -34.6150091
        ]
      }
    },
    {
      "type": "Feature",
      "properties": {
        "id": "osm_way_436172371",
        "osm_type": "way",
        "osm_id": 436172371,
        "name": "Equimac",
        "amenity": null,
        "shop": null,
        "leisure": null,
        "landuse": "industrial",
        "highway": null,
        "railway": null,
        "waterway": null,
        "public_transport": null,
        "source_name": "OpenStreetMap Overpass API",
        "source_url": "https://overpass-api.de/api/interpreter",
        "generated_at": "2026-06-29T00:09:48.931378+00:00",
        "data_confidence": "medium",
        "assigned_zone_name": "Villa Tesei Centro"
      },
      "geometry": {
        "type": "Point",
        "coordinates": [
          -58.6343749,
          -34.6237165
        ]
      }
    },
    {
      "type": "Feature",
      "properties": {
        "id": "osm_way_436805623",
        "osm_type": "way",
        "osm_id": 436805623,
        "name": "Avenida Gobernador Valentín Vergara",
        "amenity": null,
        "shop": null,
        "leisure": null,
        "landuse": null,
        "highway": "primary",
        "railway": null,
        "waterway": null,
        "public_transport": null,
        "source_name": "OpenStreetMap Overpass API",
        "source_url": "https://overpass-api.de/api/interpreter",
        "generated_at": "2026-06-29T00:09:48.931378+00:00",
        "data_confidence": "medium",
        "assigned_zone_name": "Prensa"
      },
      "geometry": {
        "type": "Point",
        "coordinates": [
          -58.6316182,
          -34.6267577
        ]
      }
    },
    {
      "type": "Feature",
      "properties": {
        "id": "osm_way_436805624",
        "osm_type": "way",
        "osm_id": 436805624,
        "name": "Avenida Gobernador Valentín Vergara",
        "amenity": null,
        "shop": null,
        "leisure": null,
        "landuse": null,
        "highway": "primary",
        "railway": null,
        "waterway": null,
        "public_transport": null,
        "source_name": "OpenStreetMap Overpass API",
        "source_url": "https://overpass-api.de/api/interpreter",
        "generated_at": "2026-06-29T00:09:48.931378+00:00",
        "data_confidence": "medium",
        "assigned_zone_name": "Prensa"
      },
      "geometry": {
        "type": "Point",
        "coordinates": [
          -58.6319472,
          -34.625814
        ]
      }
    },
    {
      "type": "Feature",
      "properties": {
        "id": "osm_way_480913487",
        "osm_type": "way",
        "osm_id": 480913487,
        "name": "Avenida General Pedro Díaz",
        "amenity": null,
        "shop": null,
        "leisure": null,
        "landuse": null,
        "highway": "secondary",
        "railway": null,
        "waterway": null,
        "public_transport": null,
        "source_name": "OpenStreetMap Overpass API",
        "source_url": "https://overpass-api.de/api/interpreter",
        "generated_at": "2026-06-29T00:09:48.931378+00:00",
        "data_confidence": "medium",
        "assigned_zone_name": "Villa Tesei Centro"
      },
      "geometry": {
        "type": "Point",
        "coordinates": [
          -58.6394068,
          -34.61171
        ]
      }
    },
    {
      "type": "Feature",
      "properties": {
        "id": "osm_way_480913493",
        "osm_type": "way",
        "osm_id": 480913493,
        "name": "Avenida Gobernador Valentín Vergara",
        "amenity": null,
        "shop": null,
        "leisure": null,
        "landuse": null,
        "highway": "primary",
        "railway": null,
        "waterway": null,
        "public_transport": null,
        "source_name": "OpenStreetMap Overpass API",
        "source_url": "https://overpass-api.de/api/interpreter",
        "generated_at": "2026-06-29T00:09:48.931378+00:00",
        "data_confidence": "medium",
        "assigned_zone_name": "Villa Tesei Centro"
      },
      "geometry": {
        "type": "Point",
        "coordinates": [
          -58.6341259,
          -34.6174774
        ]
      }
    },
    {
      "type": "Feature",
      "properties": {
        "id": "osm_way_480913495",
        "osm_type": "way",
        "osm_id": 480913495,
        "name": "Vicente Camargo",
        "amenity": null,
        "shop": null,
        "leisure": null,
        "landuse": null,
        "highway": "primary",
        "railway": null,
        "waterway": null,
        "public_transport": null,
        "source_name": "OpenStreetMap Overpass API",
        "source_url": "https://overpass-api.de/api/interpreter",
        "generated_at": "2026-06-29T00:09:48.931378+00:00",
        "data_confidence": "medium",
        "assigned_zone_name": "Scholnik"
      },
      "geometry": {
        "type": "Point",
        "coordinates": [
          -58.6297868,
          -34.6157855
        ]
      }
    },
    {
      "type": "Feature",
      "properties": {
        "id": "osm_way_480913496",
        "osm_type": "way",
        "osm_id": 480913496,
        "name": "José de Malarredo",
        "amenity": null,
        "shop": null,
        "leisure": null,
        "landuse": null,
        "highway": "tertiary",
        "railway": null,
        "waterway": null,
        "public_transport": null,
        "source_name": "OpenStreetMap Overpass API",
        "source_url": "https://overpass-api.de/api/interpreter",
        "generated_at": "2026-06-29T00:09:48.931378+00:00",
        "data_confidence": "medium",
        "assigned_zone_name": "Mitre"
      },
      "geometry": {
        "type": "Point",
        "coordinates": [
          -58.6447543,
          -34.6184416
        ]
      }
    },
    {
      "type": "Feature",
      "properties": {
        "id": "osm_way_480921896",
        "osm_type": "way",
        "osm_id": 480921896,
        "name": null,
        "amenity": null,
        "shop": null,
        "leisure": null,
        "landuse": "industrial",
        "highway": null,
        "railway": null,
        "waterway": null,
        "public_transport": null,
        "source_name": "OpenStreetMap Overpass API",
        "source_url": "https://overpass-api.de/api/interpreter",
        "generated_at": "2026-06-29T00:09:48.931378+00:00",
        "data_confidence": "medium",
        "assigned_zone_name": "Villa Tesei Centro"
      },
      "geometry": {
        "type": "Point",
        "coordinates": [
          -58.6344161,
          -34.6219461
        ]
      }
    },
    {
      "type": "Feature",
      "properties": {
        "id": "osm_way_551156515",
        "osm_type": "way",
        "osm_id": 551156515,
        "name": "YPF",
        "amenity": "fuel",
        "shop": null,
        "leisure": null,
        "landuse": null,
        "highway": null,
        "railway": null,
        "waterway": null,
        "public_transport": null,
        "source_name": "OpenStreetMap Overpass API",
        "source_url": "https://overpass-api.de/api/interpreter",
        "generated_at": "2026-06-29T00:09:48.931378+00:00",
        "data_confidence": "medium",
        "assigned_zone_name": "Juan B. de Lasalle"
      },
      "geometry": {
        "type": "Point",
        "coordinates": [
          -58.6419068,
          -34.5781562
        ]
      }
    },
    {
      "type": "Feature",
      "properties": {
        "id": "osm_way_568822490",
        "osm_type": "way",
        "osm_id": 568822490,
        "name": "Felipe Pastre",
        "amenity": null,
        "shop": null,
        "leisure": null,
        "landuse": null,
        "highway": "primary",
        "railway": null,
        "waterway": null,
        "public_transport": null,
        "source_name": "OpenStreetMap Overpass API",
        "source_url": "https://overpass-api.de/api/interpreter",
        "generated_at": "2026-06-29T00:09:48.931378+00:00",
        "data_confidence": "medium",
        "assigned_zone_name": "Parque Quirno"
      },
      "geometry": {
        "type": "Point",
        "coordinates": [
          -58.6208165,
          -34.6052183
        ]
      }
    },
    {
      "type": "Feature",
      "properties": {
        "id": "osm_way_575426528",
        "osm_type": "way",
        "osm_id": 575426528,
        "name": "Avenida Presidente Perón",
        "amenity": null,
        "shop": null,
        "leisure": null,
        "landuse": null,
        "highway": "tertiary",
        "railway": null,
        "waterway": null,
        "public_transport": null,
        "source_name": "OpenStreetMap Overpass API",
        "source_url": "https://overpass-api.de/api/interpreter",
        "generated_at": "2026-06-29T00:09:48.931378+00:00",
        "data_confidence": "medium",
        "assigned_zone_name": "Asunción"
      },
      "geometry": {
        "type": "Point",
        "coordinates": [
          -58.6250495,
          -34.6323982
        ]
      }
    },
    {
      "type": "Feature",
      "properties": {
        "id": "osm_way_581753190",
        "osm_type": "way",
        "osm_id": 581753190,
        "name": "FC San Martín",
        "amenity": null,
        "shop": null,
        "leisure": null,
        "landuse": null,
        "highway": null,
        "railway": "rail",
        "waterway": null,
        "public_transport": null,
        "source_name": "OpenStreetMap Overpass API",
        "source_url": "https://overpass-api.de/api/interpreter",
        "generated_at": "2026-06-29T00:09:48.931378+00:00",
        "data_confidence": "medium",
        "assigned_zone_name": "Hurlingham Centro (Barrio Ingles)"
      },
      "geometry": {
        "type": "Point",
        "coordinates": [
          -58.6325117,
          -34.5910331
        ]
      }
    },
    {
      "type": "Feature",
      "properties": {
        "id": "osm_way_581753191",
        "osm_type": "way",
        "osm_id": 581753191,
        "name": "FC San Martín",
        "amenity": null,
        "shop": null,
        "leisure": null,
        "landuse": null,
        "highway": null,
        "railway": "rail",
        "waterway": null,
        "public_transport": null,
        "source_name": "OpenStreetMap Overpass API",
        "source_url": "https://overpass-api.de/api/interpreter",
        "generated_at": "2026-06-29T00:09:48.931378+00:00",
        "data_confidence": "medium",
        "assigned_zone_name": "Hurlingham Centro (Barrio Ingles)"
      },
      "geometry": {
        "type": "Point",
        "coordinates": [
          -58.6321979,
          -34.5911463
        ]
      }
    },
    {
      "type": "Feature",
      "properties": {
        "id": "osm_way_581753193",
        "osm_type": "way",
        "osm_id": 581753193,
        "name": "FC San Martín",
        "amenity": null,
        "shop": null,
        "leisure": null,
        "landuse": null,
        "highway": null,
        "railway": "rail",
        "waterway": null,
        "public_transport": null,
        "source_name": "OpenStreetMap Overpass API",
        "source_url": "https://overpass-api.de/api/interpreter",
        "generated_at": "2026-06-29T00:09:48.931378+00:00",
        "data_confidence": "medium",
        "assigned_zone_name": "Nueve de Julio"
      },
      "geometry": {
        "type": "Point",
        "coordinates": [
          -58.624633,
          -34.5951036
        ]
      }
    },
    {
      "type": "Feature",
      "properties": {
        "id": "osm_way_581753196",
        "osm_type": "way",
        "osm_id": 581753196,
        "name": "FC San Martín",
        "amenity": null,
        "shop": null,
        "leisure": null,
        "landuse": null,
        "highway": null,
        "railway": "rail",
        "waterway": null,
        "public_transport": null,
        "source_name": "OpenStreetMap Overpass API",
        "source_url": "https://overpass-api.de/api/interpreter",
        "generated_at": "2026-06-29T00:09:48.931378+00:00",
        "data_confidence": "medium",
        "assigned_zone_name": "Nueve de Julio"
      },
      "geometry": {
        "type": "Point",
        "coordinates": [
          -58.6249368,
          -34.5949926
        ]
      }
    },
    {
      "type": "Feature",
      "properties": {
        "id": "osm_way_581753201",
        "osm_type": "way",
        "osm_id": 581753201,
        "name": null,
        "amenity": null,
        "shop": null,
        "leisure": null,
        "landuse": null,
        "highway": null,
        "railway": "rail",
        "waterway": null,
        "public_transport": null,
        "source_name": "OpenStreetMap Overpass API",
        "source_url": "https://overpass-api.de/api/interpreter",
        "generated_at": "2026-06-29T00:09:48.931378+00:00",
        "data_confidence": "medium",
        "assigned_zone_name": "Hurlingham Centro (Barrio Ingles)"
      },
      "geometry": {
        "type": "Point",
        "coordinates": [
          -58.6355701,
          -34.5894863
        ]
      }
    },
    {
      "type": "Feature",
      "properties": {
        "id": "osm_way_581753204",
        "osm_type": "way",
        "osm_id": 581753204,
        "name": "FC San Martín",
        "amenity": null,
        "shop": null,
        "leisure": null,
        "landuse": null,
        "highway": null,
        "railway": "rail",
        "waterway": null,
        "public_transport": null,
        "source_name": "OpenStreetMap Overpass API",
        "source_url": "https://overpass-api.de/api/interpreter",
        "generated_at": "2026-06-29T00:09:48.931378+00:00",
        "data_confidence": "medium",
        "assigned_zone_name": "Hurlingham Centro (Barrio Ingles)"
      },
      "geometry": {
        "type": "Point",
        "coordinates": [
          -58.6325117,
          -34.5910331
        ]
      }
    },
    {
      "type": "Feature",
      "properties": {
        "id": "osm_way_581753209",
        "osm_type": "way",
        "osm_id": 581753209,
        "name": "FC San Martín",
        "amenity": null,
        "shop": null,
        "leisure": null,
        "landuse": null,
        "highway": null,
        "railway": "rail",
        "waterway": null,
        "public_transport": null,
        "source_name": "OpenStreetMap Overpass API",
        "source_url": "https://overpass-api.de/api/interpreter",
        "generated_at": "2026-06-29T00:09:48.931378+00:00",
        "data_confidence": "medium",
        "assigned_zone_name": "Hurlingham Centro (Barrio Ingles)"
      },
      "geometry": {
        "type": "Point",
        "coordinates": [
          -58.6321979,
          -34.5911463
        ]
      }
    },
    {
      "type": "Feature",
      "properties": {
        "id": "osm_way_590012708",
        "osm_type": "way",
        "osm_id": 590012708,
        "name": "Avenida Arturo Jauretche",
        "amenity": null,
        "shop": null,
        "leisure": null,
        "landuse": null,
        "highway": "secondary",
        "railway": null,
        "waterway": null,
        "public_transport": null,
        "source_name": "OpenStreetMap Overpass API",
        "source_url": "https://overpass-api.de/api/interpreter",
        "generated_at": "2026-06-29T00:09:48.931378+00:00",
        "data_confidence": "medium",
        "assigned_zone_name": "Hurlingham Centro (Barrio Ingles)"
      },
      "geometry": {
        "type": "Point",
        "coordinates": [
          -58.632122,
          -34.5891483
        ]
      }
    },
    {
      "type": "Feature",
      "properties": {
        "id": "osm_way_590012709",
        "osm_type": "way",
        "osm_id": 590012709,
        "name": "Avenida Julio Argentino Roca",
        "amenity": null,
        "shop": null,
        "leisure": null,
        "landuse": null,
        "highway": "primary",
        "railway": null,
        "waterway": null,
        "public_transport": null,
        "source_name": "OpenStreetMap Overpass API",
        "source_url": "https://overpass-api.de/api/interpreter",
        "generated_at": "2026-06-29T00:09:48.931378+00:00",
        "data_confidence": "medium",
        "assigned_zone_name": "Villa Alemania"
      },
      "geometry": {
        "type": "Point",
        "coordinates": [
          -58.6214641,
          -34.5944467
        ]
      }
    },
    {
      "type": "Feature",
      "properties": {
        "id": "osm_way_590012710",
        "osm_type": "way",
        "osm_id": 590012710,
        "name": "Crucero General Belgrano",
        "amenity": null,
        "shop": null,
        "leisure": null,
        "landuse": null,
        "highway": "tertiary",
        "railway": null,
        "waterway": null,
        "public_transport": null,
        "source_name": "OpenStreetMap Overpass API",
        "source_url": "https://overpass-api.de/api/interpreter",
        "generated_at": "2026-06-29T00:09:48.931378+00:00",
        "data_confidence": "medium",
        "assigned_zone_name": "Hurlingham Centro (Barrio Ingles)"
      },
      "geometry": {
        "type": "Point",
        "coordinates": [
          -58.6299353,
          -34.5890182
        ]
      }
    },
    {
      "type": "Feature",
      "properties": {
        "id": "osm_way_590012713",
        "osm_type": "way",
        "osm_id": 590012713,
        "name": "Avenida Julio Argentino Roca",
        "amenity": null,
        "shop": null,
        "leisure": null,
        "landuse": null,
        "highway": "primary",
        "railway": null,
        "waterway": null,
        "public_transport": null,
        "source_name": "OpenStreetMap Overpass API",
        "source_url": "https://overpass-api.de/api/interpreter",
        "generated_at": "2026-06-29T00:09:48.931378+00:00",
        "data_confidence": "medium",
        "assigned_zone_name": "Jorge Newbery"
      },
      "geometry": {
        "type": "Point",
        "coordinates": [
          -58.6301198,
          -34.5876434
        ]
      }
    },
    {
      "type": "Feature",
      "properties": {
        "id": "osm_way_590012715",
        "osm_type": "way",
        "osm_id": 590012715,
        "name": "Avenida Presidente Perón",
        "amenity": null,
        "shop": null,
        "leisure": null,
        "landuse": null,
        "highway": "secondary",
        "railway": null,
        "waterway": null,
        "public_transport": null,
        "source_name": "OpenStreetMap Overpass API",
        "source_url": "https://overpass-api.de/api/interpreter",
        "generated_at": "2026-06-29T00:09:48.931378+00:00",
        "data_confidence": "medium",
        "assigned_zone_name": "Prensa"
      },
      "geometry": {
        "type": "Point",
        "coordinates": [
          -58.6304969,
          -34.6313786
        ]
      }
    },
    {
      "type": "Feature",
      "properties": {
        "id": "osm_way_635097113",
        "osm_type": "way",
        "osm_id": 635097113,
        "name": "Avenida General Pedro Díaz",
        "amenity": null,
        "shop": null,
        "leisure": null,
        "landuse": null,
        "highway": "secondary",
        "railway": null,
        "waterway": null,
        "public_transport": null,
        "source_name": "OpenStreetMap Overpass API",
        "source_url": "https://overpass-api.de/api/interpreter",
        "generated_at": "2026-06-29T00:09:48.931378+00:00",
        "data_confidence": "medium",
        "assigned_zone_name": "Santa Leonor"
      },
      "geometry": {
        "type": "Point",
        "coordinates": [
          -58.6575665,
          -34.5970624
        ]
      }
    },
    {
      "type": "Feature",
      "properties": {
        "id": "osm_way_635097115",
        "osm_type": "way",
        "osm_id": 635097115,
        "name": "Avenida General Pedro Díaz",
        "amenity": null,
        "shop": null,
        "leisure": null,
        "landuse": null,
        "highway": "secondary",
        "railway": null,
        "waterway": null,
        "public_transport": null,
        "source_name": "OpenStreetMap Overpass API",
        "source_url": "https://overpass-api.de/api/interpreter",
        "generated_at": "2026-06-29T00:09:48.931378+00:00",
        "data_confidence": "medium",
        "assigned_zone_name": "El Destino"
      },
      "geometry": {
        "type": "Point",
        "coordinates": [
          -58.6595726,
          -34.5954396
        ]
      }
    },
    {
      "type": "Feature",
      "properties": {
        "id": "osm_way_635097116",
        "osm_type": "way",
        "osm_id": 635097116,
        "name": "Avenida General Pedro Díaz",
        "amenity": null,
        "shop": null,
        "leisure": null,
        "landuse": null,
        "highway": "secondary",
        "railway": null,
        "waterway": null,
        "public_transport": null,
        "source_name": "OpenStreetMap Overpass API",
        "source_url": "https://overpass-api.de/api/interpreter",
        "generated_at": "2026-06-29T00:09:48.931378+00:00",
        "data_confidence": "medium",
        "assigned_zone_name": "Los Patitos"
      },
      "geometry": {
        "type": "Point",
        "coordinates": [
          -58.6568515,
          -34.5976473
        ]
      }
    },
    {
      "type": "Feature",
      "properties": {
        "id": "osm_way_635097117",
        "osm_type": "way",
        "osm_id": 635097117,
        "name": "Mascagni",
        "amenity": null,
        "shop": null,
        "leisure": null,
        "landuse": null,
        "highway": "tertiary",
        "railway": null,
        "waterway": null,
        "public_transport": null,
        "source_name": "OpenStreetMap Overpass API",
        "source_url": "https://overpass-api.de/api/interpreter",
        "generated_at": "2026-06-29T00:09:48.931378+00:00",
        "data_confidence": "medium",
        "assigned_zone_name": "Parque Jhonston"
      },
      "geometry": {
        "type": "Point",
        "coordinates": [
          -58.6379255,
          -34.5927204
        ]
      }
    },
    {
      "type": "Feature",
      "properties": {
        "id": "osm_way_641752995",
        "osm_type": "way",
        "osm_id": 641752995,
        "name": "Avenida Presidente Perón",
        "amenity": null,
        "shop": null,
        "leisure": null,
        "landuse": null,
        "highway": "tertiary",
        "railway": null,
        "waterway": null,
        "public_transport": null,
        "source_name": "OpenStreetMap Overpass API",
        "source_url": "https://overpass-api.de/api/interpreter",
        "generated_at": "2026-06-29T00:09:48.931378+00:00",
        "data_confidence": "medium",
        "assigned_zone_name": "Prensa"
      },
      "geometry": {
        "type": "Point",
        "coordinates": [
          -58.6328486,
          -34.6321045
        ]
      }
    },
    {
      "type": "Feature",
      "properties": {
        "id": "osm_way_652394027",
        "osm_type": "way",
        "osm_id": 652394027,
        "name": "General A. Soler",
        "amenity": null,
        "shop": null,
        "leisure": null,
        "landuse": null,
        "highway": "secondary",
        "railway": null,
        "waterway": null,
        "public_transport": null,
        "source_name": "OpenStreetMap Overpass API",
        "source_url": "https://overpass-api.de/api/interpreter",
        "generated_at": "2026-06-29T00:09:48.931378+00:00",
        "data_confidence": "medium",
        "assigned_zone_name": "Villa Club"
      },
      "geometry": {
        "type": "Point",
        "coordinates": [
          -58.64014,
          -34.5680458
        ]
      }
    },
    {
      "type": "Feature",
      "properties": {
        "id": "osm_way_655107653",
        "osm_type": "way",
        "osm_id": 655107653,
        "name": "Avenida Gobernador Valentín Vergara",
        "amenity": null,
        "shop": null,
        "leisure": null,
        "landuse": null,
        "highway": "tertiary",
        "railway": null,
        "waterway": null,
        "public_transport": null,
        "source_name": "OpenStreetMap Overpass API",
        "source_url": "https://overpass-api.de/api/interpreter",
        "generated_at": "2026-06-29T00:09:48.931378+00:00",
        "data_confidence": "medium",
        "assigned_zone_name": "Juan B. de Lasalle"
      },
      "geometry": {
        "type": "Point",
        "coordinates": [
          -58.6461616,
          -34.5708757
        ]
      }
    },
    {
      "type": "Feature",
      "properties": {
        "id": "osm_way_672594544",
        "osm_type": "way",
        "osm_id": 672594544,
        "name": "Cañada de Juan Ruiz",
        "amenity": null,
        "shop": null,
        "leisure": null,
        "landuse": null,
        "highway": "tertiary",
        "railway": null,
        "waterway": null,
        "public_transport": null,
        "source_name": "OpenStreetMap Overpass API",
        "source_url": "https://overpass-api.de/api/interpreter",
        "generated_at": "2026-06-29T00:09:48.931378+00:00",
        "data_confidence": "medium",
        "assigned_zone_name": "Asunción"
      },
      "geometry": {
        "type": "Point",
        "coordinates": [
          -58.6218577,
          -34.6322864
        ]
      }
    },
    {
      "type": "Feature",
      "properties": {
        "id": "osm_way_672594545",
        "osm_type": "way",
        "osm_id": 672594545,
        "name": "Axion",
        "amenity": "fuel",
        "shop": null,
        "leisure": null,
        "landuse": null,
        "highway": null,
        "railway": null,
        "waterway": null,
        "public_transport": null,
        "source_name": "OpenStreetMap Overpass API",
        "source_url": "https://overpass-api.de/api/interpreter",
        "generated_at": "2026-06-29T00:09:48.931378+00:00",
        "data_confidence": "medium",
        "assigned_zone_name": "Asunción"
      },
      "geometry": {
        "type": "Point",
        "coordinates": [
          -58.6262574,
          -34.6322059
        ]
      }
    },
    {
      "type": "Feature",
      "properties": {
        "id": "osm_way_737386299",
        "osm_type": "way",
        "osm_id": 737386299,
        "name": "Combate de Pavón",
        "amenity": null,
        "shop": null,
        "leisure": null,
        "landuse": null,
        "highway": "secondary",
        "railway": null,
        "waterway": null,
        "public_transport": null,
        "source_name": "OpenStreetMap Overpass API",
        "source_url": "https://overpass-api.de/api/interpreter",
        "generated_at": "2026-06-29T00:09:48.931378+00:00",
        "data_confidence": "medium",
        "assigned_zone_name": "Villa Club"
      },
      "geometry": {
        "type": "Point",
        "coordinates": [
          -58.6341479,
          -34.5731866
        ]
      }
    },
    {
      "type": "Feature",
      "properties": {
        "id": "osm_way_770891269",
        "osm_type": "way",
        "osm_id": 770891269,
        "name": "Avenida Gobernador Valentín Vergara",
        "amenity": null,
        "shop": null,
        "leisure": null,
        "landuse": null,
        "highway": "primary",
        "railway": null,
        "waterway": null,
        "public_transport": null,
        "source_name": "OpenStreetMap Overpass API",
        "source_url": "https://overpass-api.de/api/interpreter",
        "generated_at": "2026-06-29T00:09:48.931378+00:00",
        "data_confidence": "medium",
        "assigned_zone_name": "Villa Tesei Centro"
      },
      "geometry": {
        "type": "Point",
        "coordinates": [
          -58.6342622,
          -34.616307
        ]
      }
    },
    {
      "type": "Feature",
      "properties": {
        "id": "osm_way_770891272",
        "osm_type": "way",
        "osm_id": 770891272,
        "name": "General Conrado Villegas",
        "amenity": null,
        "shop": null,
        "leisure": null,
        "landuse": null,
        "highway": "tertiary",
        "railway": null,
        "waterway": null,
        "public_transport": null,
        "source_name": "OpenStreetMap Overpass API",
        "source_url": "https://overpass-api.de/api/interpreter",
        "generated_at": "2026-06-29T00:09:48.931378+00:00",
        "data_confidence": "medium",
        "assigned_zone_name": "La Leonor"
      },
      "geometry": {
        "type": "Point",
        "coordinates": [
          -58.6638478,
          -34.5870477
        ]
      }
    },
    {
      "type": "Feature",
      "properties": {
        "id": "osm_way_770891273",
        "osm_type": "way",
        "osm_id": 770891273,
        "name": "General Conrado Villegas",
        "amenity": null,
        "shop": null,
        "leisure": null,
        "landuse": null,
        "highway": "tertiary",
        "railway": null,
        "waterway": null,
        "public_transport": null,
        "source_name": "OpenStreetMap Overpass API",
        "source_url": "https://overpass-api.de/api/interpreter",
        "generated_at": "2026-06-29T00:09:48.931378+00:00",
        "data_confidence": "medium",
        "assigned_zone_name": "San Damián"
      },
      "geometry": {
        "type": "Point",
        "coordinates": [
          -58.662919,
          -34.5862511
        ]
      }
    },
    {
      "type": "Feature",
      "properties": {
        "id": "osm_way_770891276",
        "osm_type": "way",
        "osm_id": 770891276,
        "name": "Eva Perón",
        "amenity": null,
        "shop": null,
        "leisure": null,
        "landuse": null,
        "highway": "tertiary",
        "railway": null,
        "waterway": null,
        "public_transport": null,
        "source_name": "OpenStreetMap Overpass API",
        "source_url": "https://overpass-api.de/api/interpreter",
        "generated_at": "2026-06-29T00:09:48.931378+00:00",
        "data_confidence": "medium",
        "assigned_zone_name": "Cartero"
      },
      "geometry": {
        "type": "Point",
        "coordinates": [
          -58.6483937,
          -34.5942989
        ]
      }
    },
    {
      "type": "Feature",
      "properties": {
        "id": "osm_way_770891277",
        "osm_type": "way",
        "osm_id": 770891277,
        "name": "Eva Perón",
        "amenity": null,
        "shop": null,
        "leisure": null,
        "landuse": null,
        "highway": "tertiary",
        "railway": null,
        "waterway": null,
        "public_transport": null,
        "source_name": "OpenStreetMap Overpass API",
        "source_url": "https://overpass-api.de/api/interpreter",
        "generated_at": "2026-06-29T00:09:48.931378+00:00",
        "data_confidence": "medium",
        "assigned_zone_name": "Cartero"
      },
      "geometry": {
        "type": "Point",
        "coordinates": [
          -58.6499081,
          -34.5930808
        ]
      }
    },
    {
      "type": "Feature",
      "properties": {
        "id": "osm_way_793804368",
        "osm_type": "way",
        "osm_id": 793804368,
        "name": null,
        "amenity": null,
        "shop": null,
        "leisure": null,
        "landuse": null,
        "highway": null,
        "railway": null,
        "waterway": "ditch",
        "public_transport": null,
        "source_name": "OpenStreetMap Overpass API",
        "source_url": "https://overpass-api.de/api/interpreter",
        "generated_at": "2026-06-29T00:09:48.931378+00:00",
        "data_confidence": "medium",
        "assigned_zone_name": "Villa Club"
      },
      "geometry": {
        "type": "Point",
        "coordinates": [
          -58.6412385,
          -34.5683456
        ]
      }
    },
    {
      "type": "Feature",
      "properties": {
        "id": "osm_way_793804369",
        "osm_type": "way",
        "osm_id": 793804369,
        "name": null,
        "amenity": null,
        "shop": null,
        "leisure": null,
        "landuse": null,
        "highway": null,
        "railway": null,
        "waterway": "ditch",
        "public_transport": null,
        "source_name": "OpenStreetMap Overpass API",
        "source_url": "https://overpass-api.de/api/interpreter",
        "generated_at": "2026-06-29T00:09:48.931378+00:00",
        "data_confidence": "medium",
        "assigned_zone_name": "Villa Club"
      },
      "geometry": {
        "type": "Point",
        "coordinates": [
          -58.6399217,
          -34.5689979
        ]
      }
    },
    {
      "type": "Feature",
      "properties": {
        "id": "osm_way_814521940",
        "osm_type": "way",
        "osm_id": 814521940,
        "name": "Avenida Gobernador Valentín Vergara",
        "amenity": null,
        "shop": null,
        "leisure": null,
        "landuse": null,
        "highway": "secondary",
        "railway": null,
        "waterway": null,
        "public_transport": null,
        "source_name": "OpenStreetMap Overpass API",
        "source_url": "https://overpass-api.de/api/interpreter",
        "generated_at": "2026-06-29T00:09:48.931378+00:00",
        "data_confidence": "medium",
        "assigned_zone_name": "Hurlingham Centro (Barrio Ingles)"
      },
      "geometry": {
        "type": "Point",
        "coordinates": [
          -58.6360241,
          -34.5958088
        ]
      }
    },
    {
      "type": "Feature",
      "properties": {
        "id": "osm_way_838877960",
        "osm_type": "way",
        "osm_id": 838877960,
        "name": "Avenida Gobernador Valentín Vergara",
        "amenity": null,
        "shop": null,
        "leisure": null,
        "landuse": null,
        "highway": "secondary",
        "railway": null,
        "waterway": null,
        "public_transport": null,
        "source_name": "OpenStreetMap Overpass API",
        "source_url": "https://overpass-api.de/api/interpreter",
        "generated_at": "2026-06-29T00:09:48.931378+00:00",
        "data_confidence": "medium",
        "assigned_zone_name": "Juan B. de Lasalle"
      },
      "geometry": {
        "type": "Point",
        "coordinates": [
          -58.6409642,
          -34.579084
        ]
      }
    },
    {
      "type": "Feature",
      "properties": {
        "id": "osm_way_844880454",
        "osm_type": "way",
        "osm_id": 844880454,
        "name": null,
        "amenity": null,
        "shop": null,
        "leisure": null,
        "landuse": null,
        "highway": null,
        "railway": null,
        "waterway": "ditch",
        "public_transport": null,
        "source_name": "OpenStreetMap Overpass API",
        "source_url": "https://overpass-api.de/api/interpreter",
        "generated_at": "2026-06-29T00:09:48.931378+00:00",
        "data_confidence": "medium",
        "assigned_zone_name": "Juan B. de Lasalle"
      },
      "geometry": {
        "type": "Point",
        "coordinates": [
          -58.6505406,
          -34.5704166
        ]
      }
    },
    {
      "type": "Feature",
      "properties": {
        "id": "osm_way_844880455",
        "osm_type": "way",
        "osm_id": 844880455,
        "name": null,
        "amenity": null,
        "shop": null,
        "leisure": null,
        "landuse": null,
        "highway": null,
        "railway": null,
        "waterway": "drain",
        "public_transport": null,
        "source_name": "OpenStreetMap Overpass API",
        "source_url": "https://overpass-api.de/api/interpreter",
        "generated_at": "2026-06-29T00:09:48.931378+00:00",
        "data_confidence": "medium",
        "assigned_zone_name": "Villa Club"
      },
      "geometry": {
        "type": "Point",
        "coordinates": [
          -58.6462483,
          -34.5683651
        ]
      }
    },
    {
      "type": "Feature",
      "properties": {
        "id": "osm_way_844880456",
        "osm_type": "way",
        "osm_id": 844880456,
        "name": null,
        "amenity": null,
        "shop": null,
        "leisure": null,
        "landuse": null,
        "highway": null,
        "railway": null,
        "waterway": "drain",
        "public_transport": null,
        "source_name": "OpenStreetMap Overpass API",
        "source_url": "https://overpass-api.de/api/interpreter",
        "generated_at": "2026-06-29T00:09:48.931378+00:00",
        "data_confidence": "medium",
        "assigned_zone_name": "Villa Club"
      },
      "geometry": {
        "type": "Point",
        "coordinates": [
          -58.6456021,
          -34.5684538
        ]
      }
    },
    {
      "type": "Feature",
      "properties": {
        "id": "osm_way_844880458",
        "osm_type": "way",
        "osm_id": 844880458,
        "name": null,
        "amenity": null,
        "shop": null,
        "leisure": null,
        "landuse": null,
        "highway": null,
        "railway": null,
        "waterway": "ditch",
        "public_transport": null,
        "source_name": "OpenStreetMap Overpass API",
        "source_url": "https://overpass-api.de/api/interpreter",
        "generated_at": "2026-06-29T00:09:48.931378+00:00",
        "data_confidence": "medium",
        "assigned_zone_name": "Villa Club"
      },
      "geometry": {
        "type": "Point",
        "coordinates": [
          -58.6470159,
          -34.5684485
        ]
      }
    },
    {
      "type": "Feature",
      "properties": {
        "id": "osm_way_846266858",
        "osm_type": "way",
        "osm_id": 846266858,
        "name": "Doctor Nicolás Repetto",
        "amenity": null,
        "shop": null,
        "leisure": null,
        "landuse": null,
        "highway": "tertiary",
        "railway": null,
        "waterway": null,
        "public_transport": null,
        "source_name": "OpenStreetMap Overpass API",
        "source_url": "https://overpass-api.de/api/interpreter",
        "generated_at": "2026-06-29T00:09:48.931378+00:00",
        "data_confidence": "medium",
        "assigned_zone_name": "Carola Lorenzini"
      },
      "geometry": {
        "type": "Point",
        "coordinates": [
          -58.65772,
          -34.6270234
        ]
      }
    },
    {
      "type": "Feature",
      "properties": {
        "id": "osm_way_1021804875",
        "osm_type": "way",
        "osm_id": 1021804875,
        "name": "Avenida Gobernador Valentín Vergara",
        "amenity": null,
        "shop": null,
        "leisure": null,
        "landuse": null,
        "highway": "primary",
        "railway": null,
        "waterway": null,
        "public_transport": null,
        "source_name": "OpenStreetMap Overpass API",
        "source_url": "https://overpass-api.de/api/interpreter",
        "generated_at": "2026-06-29T00:09:48.931378+00:00",
        "data_confidence": "medium",
        "assigned_zone_name": "La Juanita"
      },
      "geometry": {
        "type": "Point",
        "coordinates": [
          -58.6336084,
          -34.6208408
        ]
      }
    },
    {
      "type": "Feature",
      "properties": {
        "id": "osm_way_1021804876",
        "osm_type": "way",
        "osm_id": 1021804876,
        "name": "Avenida Gobernador Valentín Vergara",
        "amenity": null,
        "shop": null,
        "leisure": null,
        "landuse": null,
        "highway": "primary",
        "railway": null,
        "waterway": null,
        "public_transport": null,
        "source_name": "OpenStreetMap Overpass API",
        "source_url": "https://overpass-api.de/api/interpreter",
        "generated_at": "2026-06-29T00:09:48.931378+00:00",
        "data_confidence": "medium",
        "assigned_zone_name": "Militar"
      },
      "geometry": {
        "type": "Point",
        "coordinates": [
          -58.6321727,
          -34.6249362
        ]
      }
    },
    {
      "type": "Feature",
      "properties": {
        "id": "osm_way_1021804877",
        "osm_type": "way",
        "osm_id": 1021804877,
        "name": "Eduardo Bradley",
        "amenity": null,
        "shop": null,
        "leisure": null,
        "landuse": null,
        "highway": "tertiary",
        "railway": null,
        "waterway": null,
        "public_transport": null,
        "source_name": "OpenStreetMap Overpass API",
        "source_url": "https://overpass-api.de/api/interpreter",
        "generated_at": "2026-06-29T00:09:48.931378+00:00",
        "data_confidence": "medium",
        "assigned_zone_name": "Militar"
      },
      "geometry": {
        "type": "Point",
        "coordinates": [
          -58.6323697,
          -34.6245119
        ]
      }
    },
    {
      "type": "Feature",
      "properties": {
        "id": "osm_way_1021804879",
        "osm_type": "way",
        "osm_id": 1021804879,
        "name": "Avenida Gobernador Valentín Vergara",
        "amenity": null,
        "shop": null,
        "leisure": null,
        "landuse": null,
        "highway": "primary",
        "railway": null,
        "waterway": null,
        "public_transport": null,
        "source_name": "OpenStreetMap Overpass API",
        "source_url": "https://overpass-api.de/api/interpreter",
        "generated_at": "2026-06-29T00:09:48.931378+00:00",
        "data_confidence": "medium",
        "assigned_zone_name": "Militar"
      },
      "geometry": {
        "type": "Point",
        "coordinates": [
          -58.6318981,
          -34.6256867
        ]
      }
    },
    {
      "type": "Feature",
      "properties": {
        "id": "osm_way_1021804880",
        "osm_type": "way",
        "osm_id": 1021804880,
        "name": "Avenida Gobernador Valentín Vergara",
        "amenity": null,
        "shop": null,
        "leisure": null,
        "landuse": null,
        "highway": "primary",
        "railway": null,
        "waterway": null,
        "public_transport": null,
        "source_name": "OpenStreetMap Overpass API",
        "source_url": "https://overpass-api.de/api/interpreter",
        "generated_at": "2026-06-29T00:09:48.931378+00:00",
        "data_confidence": "medium",
        "assigned_zone_name": "Militar"
      },
      "geometry": {
        "type": "Point",
        "coordinates": [
          -58.6317381,
          -34.6261324
        ]
      }
    },
    {
      "type": "Feature",
      "properties": {
        "id": "osm_way_1021804881",
        "osm_type": "way",
        "osm_id": 1021804881,
        "name": "Avenida Gobernador Valentín Vergara",
        "amenity": null,
        "shop": null,
        "leisure": null,
        "landuse": null,
        "highway": "primary",
        "railway": null,
        "waterway": null,
        "public_transport": null,
        "source_name": "OpenStreetMap Overpass API",
        "source_url": "https://overpass-api.de/api/interpreter",
        "generated_at": "2026-06-29T00:09:48.931378+00:00",
        "data_confidence": "medium",
        "assigned_zone_name": "Militar"
      },
      "geometry": {
        "type": "Point",
        "coordinates": [
          -58.6316806,
          -34.6263084
        ]
      }
    },
    {
      "type": "Feature",
      "properties": {
        "id": "osm_way_1021804883",
        "osm_type": "way",
        "osm_id": 1021804883,
        "name": "Avenida Gobernador Valentín Vergara",
        "amenity": null,
        "shop": null,
        "leisure": null,
        "landuse": null,
        "highway": "primary",
        "railway": null,
        "waterway": null,
        "public_transport": null,
        "source_name": "OpenStreetMap Overpass API",
        "source_url": "https://overpass-api.de/api/interpreter",
        "generated_at": "2026-06-29T00:09:48.931378+00:00",
        "data_confidence": "medium",
        "assigned_zone_name": "Militar"
      },
      "geometry": {
        "type": "Point",
        "coordinates": [
          -58.6313693,
          -34.6271809
        ]
      }
    },
    {
      "type": "Feature",
      "properties": {
        "id": "osm_way_1021804885",
        "osm_type": "way",
        "osm_id": 1021804885,
        "name": "Avenida Gobernador Valentín Vergara",
        "amenity": null,
        "shop": null,
        "leisure": null,
        "landuse": null,
        "highway": "primary",
        "railway": null,
        "waterway": null,
        "public_transport": null,
        "source_name": "OpenStreetMap Overpass API",
        "source_url": "https://overpass-api.de/api/interpreter",
        "generated_at": "2026-06-29T00:09:48.931378+00:00",
        "data_confidence": "medium",
        "assigned_zone_name": "Atepam Italia"
      },
      "geometry": {
        "type": "Point",
        "coordinates": [
          -58.6301368,
          -34.6306389
        ]
      }
    },
    {
      "type": "Feature",
      "properties": {
        "id": "osm_way_1021804886",
        "osm_type": "way",
        "osm_id": 1021804886,
        "name": "Avenida Gobernador Valentín Vergara",
        "amenity": null,
        "shop": null,
        "leisure": null,
        "landuse": null,
        "highway": "primary",
        "railway": null,
        "waterway": null,
        "public_transport": null,
        "source_name": "OpenStreetMap Overpass API",
        "source_url": "https://overpass-api.de/api/interpreter",
        "generated_at": "2026-06-29T00:09:48.931378+00:00",
        "data_confidence": "medium",
        "assigned_zone_name": "Villa Tesei Centro"
      },
      "geometry": {
        "type": "Point",
        "coordinates": [
          -58.6342502,
          -34.6155971
        ]
      }
    },
    {
      "type": "Feature",
      "properties": {
        "id": "osm_way_1021804887",
        "osm_type": "way",
        "osm_id": 1021804887,
        "name": "Vicente Camargo",
        "amenity": null,
        "shop": null,
        "leisure": null,
        "landuse": null,
        "highway": "primary",
        "railway": null,
        "waterway": null,
        "public_transport": null,
        "source_name": "OpenStreetMap Overpass API",
        "source_url": "https://overpass-api.de/api/interpreter",
        "generated_at": "2026-06-29T00:09:48.931378+00:00",
        "data_confidence": "medium",
        "assigned_zone_name": "La Juanita"
      },
      "geometry": {
        "type": "Point",
        "coordinates": [
          -58.6336903,
          -34.620719
        ]
      }
    },
    {
      "type": "Feature",
      "properties": {
        "id": "osm_way_1021804888",
        "osm_type": "way",
        "osm_id": 1021804888,
        "name": "Avenida Gobernador Valentín Vergara",
        "amenity": null,
        "shop": null,
        "leisure": null,
        "landuse": null,
        "highway": "primary",
        "railway": null,
        "waterway": null,
        "public_transport": null,
        "source_name": "OpenStreetMap Overpass API",
        "source_url": "https://overpass-api.de/api/interpreter",
        "generated_at": "2026-06-29T00:09:48.931378+00:00",
        "data_confidence": "medium",
        "assigned_zone_name": "Villa Tesei Centro"
      },
      "geometry": {
        "type": "Point",
        "coordinates": [
          -58.6339387,
          -34.6182386
        ]
      }
    },
    {
      "type": "Feature",
      "properties": {
        "id": "osm_way_1021804889",
        "osm_type": "way",
        "osm_id": 1021804889,
        "name": "Avenida General Pedro Díaz",
        "amenity": null,
        "shop": null,
        "leisure": null,
        "landuse": null,
        "highway": "secondary",
        "railway": null,
        "waterway": null,
        "public_transport": null,
        "source_name": "OpenStreetMap Overpass API",
        "source_url": "https://overpass-api.de/api/interpreter",
        "generated_at": "2026-06-29T00:09:48.931378+00:00",
        "data_confidence": "medium",
        "assigned_zone_name": "Villa Tesei Centro"
      },
      "geometry": {
        "type": "Point",
        "coordinates": [
          -58.6346946,
          -34.6154621
        ]
      }
    },
    {
      "type": "Feature",
      "properties": {
        "id": "osm_way_1021804890",
        "osm_type": "way",
        "osm_id": 1021804890,
        "name": "Avenida Gobernador Valentín Vergara",
        "amenity": null,
        "shop": null,
        "leisure": null,
        "landuse": null,
        "highway": "secondary",
        "railway": null,
        "waterway": null,
        "public_transport": null,
        "source_name": "OpenStreetMap Overpass API",
        "source_url": "https://overpass-api.de/api/interpreter",
        "generated_at": "2026-06-29T00:09:48.931378+00:00",
        "data_confidence": "medium",
        "assigned_zone_name": "Villa Tesei Centro"
      },
      "geometry": {
        "type": "Point",
        "coordinates": [
          -58.6343373,
          -34.6149903
        ]
      }
    },
    {
      "type": "Feature",
      "properties": {
        "id": "osm_way_1021804891",
        "osm_type": "way",
        "osm_id": 1021804891,
        "name": "Avenida Gobernador Valentín Vergara",
        "amenity": null,
        "shop": null,
        "leisure": null,
        "landuse": null,
        "highway": "primary",
        "railway": null,
        "waterway": null,
        "public_transport": null,
        "source_name": "OpenStreetMap Overpass API",
        "source_url": "https://overpass-api.de/api/interpreter",
        "generated_at": "2026-06-29T00:09:48.931378+00:00",
        "data_confidence": "medium",
        "assigned_zone_name": "El Palanco"
      },
      "geometry": {
        "type": "Point",
        "coordinates": [
          -58.6334377,
          -34.6213884
        ]
      }
    },
    {
      "type": "Feature",
      "properties": {
        "id": "osm_way_1022124632",
        "osm_type": "way",
        "osm_id": 1022124632,
        "name": "Axion",
        "amenity": "fuel",
        "shop": null,
        "leisure": null,
        "landuse": null,
        "highway": null,
        "railway": null,
        "waterway": null,
        "public_transport": null,
        "source_name": "OpenStreetMap Overpass API",
        "source_url": "https://overpass-api.de/api/interpreter",
        "generated_at": "2026-06-29T00:09:48.931378+00:00",
        "data_confidence": "medium",
        "assigned_zone_name": "Villa Tesei Centro"
      },
      "geometry": {
        "type": "Point",
        "coordinates": [
          -58.6355922,
          -34.6059703
        ]
      }
    },
    {
      "type": "Feature",
      "properties": {
        "id": "osm_way_1022124638",
        "osm_type": "way",
        "osm_id": 1022124638,
        "name": "Puma",
        "amenity": "fuel",
        "shop": null,
        "leisure": null,
        "landuse": null,
        "highway": null,
        "railway": null,
        "waterway": null,
        "public_transport": null,
        "source_name": "OpenStreetMap Overpass API",
        "source_url": "https://overpass-api.de/api/interpreter",
        "generated_at": "2026-06-29T00:09:48.931378+00:00",
        "data_confidence": "medium",
        "assigned_zone_name": "Militar"
      },
      "geometry": {
        "type": "Point",
        "coordinates": [
          -58.6318727,
          -34.6249473
        ]
      }
    },
    {
      "type": "Feature",
      "properties": {
        "id": "osm_way_1044402034",
        "osm_type": "way",
        "osm_id": 1044402034,
        "name": null,
        "amenity": null,
        "shop": null,
        "leisure": null,
        "landuse": null,
        "highway": null,
        "railway": null,
        "waterway": "drain",
        "public_transport": null,
        "source_name": "OpenStreetMap Overpass API",
        "source_url": "https://overpass-api.de/api/interpreter",
        "generated_at": "2026-06-29T00:09:48.931378+00:00",
        "data_confidence": "medium",
        "assigned_zone_name": "Belgrano"
      },
      "geometry": {
        "type": "Point",
        "coordinates": [
          -58.6627127,
          -34.576087
        ]
      }
    },
    {
      "type": "Feature",
      "properties": {
        "id": "osm_way_1054787396",
        "osm_type": "way",
        "osm_id": 1054787396,
        "name": "Andrés Arguibel",
        "amenity": null,
        "shop": null,
        "leisure": null,
        "landuse": null,
        "highway": "tertiary",
        "railway": null,
        "waterway": null,
        "public_transport": null,
        "source_name": "OpenStreetMap Overpass API",
        "source_url": "https://overpass-api.de/api/interpreter",
        "generated_at": "2026-06-29T00:09:48.931378+00:00",
        "data_confidence": "medium",
        "assigned_zone_name": "Santa Clara"
      },
      "geometry": {
        "type": "Point",
        "coordinates": [
          -58.6520674,
          -34.5811123
        ]
      }
    },
    {
      "type": "Feature",
      "properties": {
        "id": "osm_way_1081056341",
        "osm_type": "way",
        "osm_id": 1081056341,
        "name": "Axion",
        "amenity": "fuel",
        "shop": null,
        "leisure": null,
        "landuse": null,
        "highway": null,
        "railway": null,
        "waterway": null,
        "public_transport": null,
        "source_name": "OpenStreetMap Overpass API",
        "source_url": "https://overpass-api.de/api/interpreter",
        "generated_at": "2026-06-29T00:09:48.931378+00:00",
        "data_confidence": "medium",
        "assigned_zone_name": "Roca 2"
      },
      "geometry": {
        "type": "Point",
        "coordinates": [
          -58.6465223,
          -34.5751656
        ]
      }
    },
    {
      "type": "Feature",
      "properties": {
        "id": "osm_way_1081062119",
        "osm_type": "way",
        "osm_id": 1081062119,
        "name": null,
        "amenity": null,
        "shop": null,
        "leisure": null,
        "landuse": null,
        "highway": null,
        "railway": "rail",
        "waterway": null,
        "public_transport": null,
        "source_name": "OpenStreetMap Overpass API",
        "source_url": "https://overpass-api.de/api/interpreter",
        "generated_at": "2026-06-29T00:09:48.931378+00:00",
        "data_confidence": "medium",
        "assigned_zone_name": "Hurlingham Centro (Barrio Ingles)"
      },
      "geometry": {
        "type": "Point",
        "coordinates": [
          -58.6349974,
          -34.5875118
        ]
      }
    },
    {
      "type": "Feature",
      "properties": {
        "id": "osm_way_1081062120",
        "osm_type": "way",
        "osm_id": 1081062120,
        "name": null,
        "amenity": null,
        "shop": null,
        "leisure": null,
        "landuse": null,
        "highway": null,
        "railway": "rail",
        "waterway": null,
        "public_transport": null,
        "source_name": "OpenStreetMap Overpass API",
        "source_url": "https://overpass-api.de/api/interpreter",
        "generated_at": "2026-06-29T00:09:48.931378+00:00",
        "data_confidence": "medium",
        "assigned_zone_name": "Hurlingham Centro (Barrio Ingles)"
      },
      "geometry": {
        "type": "Point",
        "coordinates": [
          -58.635,
          -34.5875581
        ]
      }
    },
    {
      "type": "Feature",
      "properties": {
        "id": "osm_way_1081062121",
        "osm_type": "way",
        "osm_id": 1081062121,
        "name": null,
        "amenity": null,
        "shop": null,
        "leisure": null,
        "landuse": null,
        "highway": null,
        "railway": "rail",
        "waterway": null,
        "public_transport": null,
        "source_name": "OpenStreetMap Overpass API",
        "source_url": "https://overpass-api.de/api/interpreter",
        "generated_at": "2026-06-29T00:09:48.931378+00:00",
        "data_confidence": "medium",
        "assigned_zone_name": "Hurlingham Centro (Barrio Ingles)"
      },
      "geometry": {
        "type": "Point",
        "coordinates": [
          -58.6350039,
          -34.5876055
        ]
      }
    },
    {
      "type": "Feature",
      "properties": {
        "id": "osm_way_1081062122",
        "osm_type": "way",
        "osm_id": 1081062122,
        "name": null,
        "amenity": null,
        "shop": null,
        "leisure": null,
        "landuse": null,
        "highway": null,
        "railway": "rail",
        "waterway": null,
        "public_transport": null,
        "source_name": "OpenStreetMap Overpass API",
        "source_url": "https://overpass-api.de/api/interpreter",
        "generated_at": "2026-06-29T00:09:48.931378+00:00",
        "data_confidence": "medium",
        "assigned_zone_name": "Hurlingham Centro (Barrio Ingles)"
      },
      "geometry": {
        "type": "Point",
        "coordinates": [
          -58.6350017,
          -34.58765
        ]
      }
    },
    {
      "type": "Feature",
      "properties": {
        "id": "osm_way_1081062123",
        "osm_type": "way",
        "osm_id": 1081062123,
        "name": null,
        "amenity": null,
        "shop": null,
        "leisure": null,
        "landuse": null,
        "highway": null,
        "railway": "rail",
        "waterway": null,
        "public_transport": null,
        "source_name": "OpenStreetMap Overpass API",
        "source_url": "https://overpass-api.de/api/interpreter",
        "generated_at": "2026-06-29T00:09:48.931378+00:00",
        "data_confidence": "medium",
        "assigned_zone_name": "Hurlingham Centro (Barrio Ingles)"
      },
      "geometry": {
        "type": "Point",
        "coordinates": [
          -58.6350108,
          -34.5877129
        ]
      }
    },
    {
      "type": "Feature",
      "properties": {
        "id": "osm_way_1081062124",
        "osm_type": "way",
        "osm_id": 1081062124,
        "name": null,
        "amenity": null,
        "shop": null,
        "leisure": null,
        "landuse": null,
        "highway": null,
        "railway": "rail",
        "waterway": null,
        "public_transport": null,
        "source_name": "OpenStreetMap Overpass API",
        "source_url": "https://overpass-api.de/api/interpreter",
        "generated_at": "2026-06-29T00:09:48.931378+00:00",
        "data_confidence": "medium",
        "assigned_zone_name": "Hurlingham Centro (Barrio Ingles)"
      },
      "geometry": {
        "type": "Point",
        "coordinates": [
          -58.6339036,
          -34.5876042
        ]
      }
    },
    {
      "type": "Feature",
      "properties": {
        "id": "osm_way_1081062125",
        "osm_type": "way",
        "osm_id": 1081062125,
        "name": null,
        "amenity": null,
        "shop": null,
        "leisure": null,
        "landuse": null,
        "highway": null,
        "railway": "rail",
        "waterway": null,
        "public_transport": null,
        "source_name": "OpenStreetMap Overpass API",
        "source_url": "https://overpass-api.de/api/interpreter",
        "generated_at": "2026-06-29T00:09:48.931378+00:00",
        "data_confidence": "medium",
        "assigned_zone_name": "Villa Club"
      },
      "geometry": {
        "type": "Point",
        "coordinates": [
          -58.6319975,
          -34.5874532
        ]
      }
    },
    {
      "type": "Feature",
      "properties": {
        "id": "osm_way_1081062126",
        "osm_type": "way",
        "osm_id": 1081062126,
        "name": null,
        "amenity": null,
        "shop": null,
        "leisure": null,
        "landuse": null,
        "highway": null,
        "railway": "rail",
        "waterway": null,
        "public_transport": null,
        "source_name": "OpenStreetMap Overpass API",
        "source_url": "https://overpass-api.de/api/interpreter",
        "generated_at": "2026-06-29T00:09:48.931378+00:00",
        "data_confidence": "medium",
        "assigned_zone_name": "Hurlingham Centro (Barrio Ingles)"
      },
      "geometry": {
        "type": "Point",
        "coordinates": [
          -58.6328048,
          -34.5874601
        ]
      }
    },
    {
      "type": "Feature",
      "properties": {
        "id": "osm_way_1081062128",
        "osm_type": "way",
        "osm_id": 1081062128,
        "name": null,
        "amenity": null,
        "shop": null,
        "leisure": null,
        "landuse": null,
        "highway": null,
        "railway": "rail",
        "waterway": null,
        "public_transport": null,
        "source_name": "OpenStreetMap Overpass API",
        "source_url": "https://overpass-api.de/api/interpreter",
        "generated_at": "2026-06-29T00:09:48.931378+00:00",
        "data_confidence": "medium",
        "assigned_zone_name": "Villa Club"
      },
      "geometry": {
        "type": "Point",
        "coordinates": [
          -58.6351214,
          -34.5873215
        ]
      }
    },
    {
      "type": "Feature",
      "properties": {
        "id": "osm_way_1081062129",
        "osm_type": "way",
        "osm_id": 1081062129,
        "name": null,
        "amenity": null,
        "shop": null,
        "leisure": null,
        "landuse": null,
        "highway": null,
        "railway": "rail",
        "waterway": null,
        "public_transport": null,
        "source_name": "OpenStreetMap Overpass API",
        "source_url": "https://overpass-api.de/api/interpreter",
        "generated_at": "2026-06-29T00:09:48.931378+00:00",
        "data_confidence": "medium",
        "assigned_zone_name": "Hurlingham Centro (Barrio Ingles)"
      },
      "geometry": {
        "type": "Point",
        "coordinates": [
          -58.6336285,
          -34.5874953
        ]
      }
    },
    {
      "type": "Feature",
      "properties": {
        "id": "osm_way_1081062130",
        "osm_type": "way",
        "osm_id": 1081062130,
        "name": null,
        "amenity": null,
        "shop": null,
        "leisure": null,
        "landuse": null,
        "highway": null,
        "railway": "rail",
        "waterway": null,
        "public_transport": null,
        "source_name": "OpenStreetMap Overpass API",
        "source_url": "https://overpass-api.de/api/interpreter",
        "generated_at": "2026-06-29T00:09:48.931378+00:00",
        "data_confidence": "medium",
        "assigned_zone_name": "Hurlingham Centro (Barrio Ingles)"
      },
      "geometry": {
        "type": "Point",
        "coordinates": [
          -58.6345634,
          -34.5874625
        ]
      }
    },
    {
      "type": "Feature",
      "properties": {
        "id": "osm_way_1081062131",
        "osm_type": "way",
        "osm_id": 1081062131,
        "name": null,
        "amenity": null,
        "shop": null,
        "leisure": null,
        "landuse": null,
        "highway": null,
        "railway": "rail",
        "waterway": null,
        "public_transport": null,
        "source_name": "OpenStreetMap Overpass API",
        "source_url": "https://overpass-api.de/api/interpreter",
        "generated_at": "2026-06-29T00:09:48.931378+00:00",
        "data_confidence": "medium",
        "assigned_zone_name": "Hurlingham Centro (Barrio Ingles)"
      },
      "geometry": {
        "type": "Point",
        "coordinates": [
          -58.6353073,
          -34.5874363
        ]
      }
    },
    {
      "type": "Feature",
      "properties": {
        "id": "osm_way_1081062132",
        "osm_type": "way",
        "osm_id": 1081062132,
        "name": null,
        "amenity": null,
        "shop": null,
        "leisure": null,
        "landuse": null,
        "highway": null,
        "railway": "rail",
        "waterway": null,
        "public_transport": null,
        "source_name": "OpenStreetMap Overpass API",
        "source_url": "https://overpass-api.de/api/interpreter",
        "generated_at": "2026-06-29T00:09:48.931378+00:00",
        "data_confidence": "medium",
        "assigned_zone_name": "Hurlingham Centro (Barrio Ingles)"
      },
      "geometry": {
        "type": "Point",
        "coordinates": [
          -58.6342734,
          -34.5873965
        ]
      }
    },
    {
      "type": "Feature",
      "properties": {
        "id": "osm_way_1081062133",
        "osm_type": "way",
        "osm_id": 1081062133,
        "name": null,
        "amenity": null,
        "shop": null,
        "leisure": null,
        "landuse": null,
        "highway": null,
        "railway": "rail",
        "waterway": null,
        "public_transport": null,
        "source_name": "OpenStreetMap Overpass API",
        "source_url": "https://overpass-api.de/api/interpreter",
        "generated_at": "2026-06-29T00:09:48.931378+00:00",
        "data_confidence": "medium",
        "assigned_zone_name": "Hurlingham Centro (Barrio Ingles)"
      },
      "geometry": {
        "type": "Point",
        "coordinates": [
          -58.6325346,
          -34.5875552
        ]
      }
    },
    {
      "type": "Feature",
      "properties": {
        "id": "osm_way_1081062134",
        "osm_type": "way",
        "osm_id": 1081062134,
        "name": null,
        "amenity": null,
        "shop": null,
        "leisure": null,
        "landuse": null,
        "highway": null,
        "railway": "rail",
        "waterway": null,
        "public_transport": null,
        "source_name": "OpenStreetMap Overpass API",
        "source_url": "https://overpass-api.de/api/interpreter",
        "generated_at": "2026-06-29T00:09:48.931378+00:00",
        "data_confidence": "medium",
        "assigned_zone_name": "Hurlingham Centro (Barrio Ingles)"
      },
      "geometry": {
        "type": "Point",
        "coordinates": [
          -58.6315206,
          -34.5875729
        ]
      }
    },
    {
      "type": "Feature",
      "properties": {
        "id": "osm_way_1081062135",
        "osm_type": "way",
        "osm_id": 1081062135,
        "name": null,
        "amenity": null,
        "shop": null,
        "leisure": null,
        "landuse": null,
        "highway": null,
        "railway": "rail",
        "waterway": null,
        "public_transport": null,
        "source_name": "OpenStreetMap Overpass API",
        "source_url": "https://overpass-api.de/api/interpreter",
        "generated_at": "2026-06-29T00:09:48.931378+00:00",
        "data_confidence": "medium",
        "assigned_zone_name": "Hurlingham Centro (Barrio Ingles)"
      },
      "geometry": {
        "type": "Point",
        "coordinates": [
          -58.6321667,
          -34.5876468
        ]
      }
    },
    {
      "type": "Feature",
      "properties": {
        "id": "osm_way_1082777223",
        "osm_type": "way",
        "osm_id": 1082777223,
        "name": "Avenida Julio Argentino Roca",
        "amenity": null,
        "shop": null,
        "leisure": null,
        "landuse": null,
        "highway": "primary",
        "railway": null,
        "waterway": null,
        "public_transport": null,
        "source_name": "OpenStreetMap Overpass API",
        "source_url": "https://overpass-api.de/api/interpreter",
        "generated_at": "2026-06-29T00:09:48.931378+00:00",
        "data_confidence": "medium",
        "assigned_zone_name": "Jorge Newbery"
      },
      "geometry": {
        "type": "Point",
        "coordinates": [
          -58.6275155,
          -34.5895716
        ]
      }
    },
    {
      "type": "Feature",
      "properties": {
        "id": "osm_way_1082777224",
        "osm_type": "way",
        "osm_id": 1082777224,
        "name": "Avenida General O'Brien",
        "amenity": null,
        "shop": null,
        "leisure": null,
        "landuse": null,
        "highway": "secondary",
        "railway": null,
        "waterway": null,
        "public_transport": null,
        "source_name": "OpenStreetMap Overpass API",
        "source_url": "https://overpass-api.de/api/interpreter",
        "generated_at": "2026-06-29T00:09:48.931378+00:00",
        "data_confidence": "medium",
        "assigned_zone_name": "Jorge Newbery"
      },
      "geometry": {
        "type": "Point",
        "coordinates": [
          -58.6276333,
          -34.5895345
        ]
      }
    },
    {
      "type": "Feature",
      "properties": {
        "id": "osm_way_1082777225",
        "osm_type": "way",
        "osm_id": 1082777225,
        "name": "Avenida Julio Argentino Roca",
        "amenity": null,
        "shop": null,
        "leisure": null,
        "landuse": null,
        "highway": "primary",
        "railway": null,
        "waterway": null,
        "public_transport": null,
        "source_name": "OpenStreetMap Overpass API",
        "source_url": "https://overpass-api.de/api/interpreter",
        "generated_at": "2026-06-29T00:09:48.931378+00:00",
        "data_confidence": "medium",
        "assigned_zone_name": "Jorge Newbery"
      },
      "geometry": {
        "type": "Point",
        "coordinates": [
          -58.6283627,
          -34.5889074
        ]
      }
    },
    {
      "type": "Feature",
      "properties": {
        "id": "osm_way_1082777227",
        "osm_type": "way",
        "osm_id": 1082777227,
        "name": "Avenida Julio Argentino Roca",
        "amenity": null,
        "shop": null,
        "leisure": null,
        "landuse": null,
        "highway": "primary",
        "railway": null,
        "waterway": null,
        "public_transport": null,
        "source_name": "OpenStreetMap Overpass API",
        "source_url": "https://overpass-api.de/api/interpreter",
        "generated_at": "2026-06-29T00:09:48.931378+00:00",
        "data_confidence": "medium",
        "assigned_zone_name": "Jorge Newbery"
      },
      "geometry": {
        "type": "Point",
        "coordinates": [
          -58.6283454,
          -34.5890311
        ]
      }
    },
    {
      "type": "Feature",
      "properties": {
        "id": "osm_way_1082777228",
        "osm_type": "way",
        "osm_id": 1082777228,
        "name": "Crucero General Belgrano",
        "amenity": null,
        "shop": null,
        "leisure": null,
        "landuse": null,
        "highway": "tertiary",
        "railway": null,
        "waterway": null,
        "public_transport": null,
        "source_name": "OpenStreetMap Overpass API",
        "source_url": "https://overpass-api.de/api/interpreter",
        "generated_at": "2026-06-29T00:09:48.931378+00:00",
        "data_confidence": "medium",
        "assigned_zone_name": "Jorge Newbery"
      },
      "geometry": {
        "type": "Point",
        "coordinates": [
          -58.6291589,
          -34.588339
        ]
      }
    },
    {
      "type": "Feature",
      "properties": {
        "id": "osm_way_1082777229",
        "osm_type": "way",
        "osm_id": 1082777229,
        "name": "Avenida Julio Argentino Roca",
        "amenity": null,
        "shop": null,
        "leisure": null,
        "landuse": null,
        "highway": "primary",
        "railway": null,
        "waterway": null,
        "public_transport": null,
        "source_name": "OpenStreetMap Overpass API",
        "source_url": "https://overpass-api.de/api/interpreter",
        "generated_at": "2026-06-29T00:09:48.931378+00:00",
        "data_confidence": "medium",
        "assigned_zone_name": "Hurlingham Centro (Barrio Ingles)"
      },
      "geometry": {
        "type": "Point",
        "coordinates": [
          -58.6295941,
          -34.5880555
        ]
      }
    },
    {
      "type": "Feature",
      "properties": {
        "id": "osm_way_1082777230",
        "osm_type": "way",
        "osm_id": 1082777230,
        "name": "Avenida Julio Argentino Roca",
        "amenity": null,
        "shop": null,
        "leisure": null,
        "landuse": null,
        "highway": "primary",
        "railway": null,
        "waterway": null,
        "public_transport": null,
        "source_name": "OpenStreetMap Overpass API",
        "source_url": "https://overpass-api.de/api/interpreter",
        "generated_at": "2026-06-29T00:09:48.931378+00:00",
        "data_confidence": "medium",
        "assigned_zone_name": "Jorge Newbery"
      },
      "geometry": {
        "type": "Point",
        "coordinates": [
          -58.6295302,
          -34.5879977
        ]
      }
    },
    {
      "type": "Feature",
      "properties": {
        "id": "osm_way_1152238769",
        "osm_type": "way",
        "osm_id": 1152238769,
        "name": "FC San Martín",
        "amenity": null,
        "shop": null,
        "leisure": null,
        "landuse": null,
        "highway": null,
        "railway": "rail",
        "waterway": null,
        "public_transport": null,
        "source_name": "OpenStreetMap Overpass API",
        "source_url": "https://overpass-api.de/api/interpreter",
        "generated_at": "2026-06-29T00:09:48.931378+00:00",
        "data_confidence": "medium",
        "assigned_zone_name": "Cosmopolita"
      },
      "geometry": {
        "type": "Point",
        "coordinates": [
          -58.6395665,
          -34.5873134
        ]
      }
    },
    {
      "type": "Feature",
      "properties": {
        "id": "osm_way_1218063103",
        "osm_type": "way",
        "osm_id": 1218063103,
        "name": "Avenida Julio Argentino Roca",
        "amenity": null,
        "shop": null,
        "leisure": null,
        "landuse": null,
        "highway": "primary",
        "railway": null,
        "waterway": null,
        "public_transport": null,
        "source_name": "OpenStreetMap Overpass API",
        "source_url": "https://overpass-api.de/api/interpreter",
        "generated_at": "2026-06-29T00:09:48.931378+00:00",
        "data_confidence": "medium",
        "assigned_zone_name": "Juan B. de Lasalle"
      },
      "geometry": {
        "type": "Point",
        "coordinates": [
          -58.6517922,
          -34.5705638
        ]
      }
    },
    {
      "type": "Feature",
      "properties": {
        "id": "osm_way_1256352435",
        "osm_type": "way",
        "osm_id": 1256352435,
        "name": "General M. Necochea",
        "amenity": null,
        "shop": null,
        "leisure": null,
        "landuse": null,
        "highway": "tertiary",
        "railway": null,
        "waterway": null,
        "public_transport": null,
        "source_name": "OpenStreetMap Overpass API",
        "source_url": "https://overpass-api.de/api/interpreter",
        "generated_at": "2026-06-29T00:09:48.931378+00:00",
        "data_confidence": "medium",
        "assigned_zone_name": "Hurlingham Centro (Barrio Ingles)"
      },
      "geometry": {
        "type": "Point",
        "coordinates": [
          -58.6253481,
          -34.5921094
        ]
      }
    },
    {
      "type": "Feature",
      "properties": {
        "id": "osm_way_1261392990",
        "osm_type": "way",
        "osm_id": 1261392990,
        "name": "Combate de Pavón",
        "amenity": null,
        "shop": null,
        "leisure": null,
        "landuse": null,
        "highway": "secondary",
        "railway": null,
        "waterway": null,
        "public_transport": null,
        "source_name": "OpenStreetMap Overpass API",
        "source_url": "https://overpass-api.de/api/interpreter",
        "generated_at": "2026-06-29T00:09:48.931378+00:00",
        "data_confidence": "medium",
        "assigned_zone_name": "Villa Club"
      },
      "geometry": {
        "type": "Point",
        "coordinates": [
          -58.6250517,
          -34.5808224
        ]
      }
    },
    {
      "type": "Feature",
      "properties": {
        "id": "osm_way_1261392991",
        "osm_type": "way",
        "osm_id": 1261392991,
        "name": "Combate de Pavón",
        "amenity": null,
        "shop": null,
        "leisure": null,
        "landuse": null,
        "highway": "secondary",
        "railway": null,
        "waterway": null,
        "public_transport": null,
        "source_name": "OpenStreetMap Overpass API",
        "source_url": "https://overpass-api.de/api/interpreter",
        "generated_at": "2026-06-29T00:09:48.931378+00:00",
        "data_confidence": "medium",
        "assigned_zone_name": "Villa Club"
      },
      "geometry": {
        "type": "Point",
        "coordinates": [
          -58.6339898,
          -34.5731674
        ]
      }
    },
    {
      "type": "Feature",
      "properties": {
        "id": "osm_way_1261392992",
        "osm_type": "way",
        "osm_id": 1261392992,
        "name": "Avenida Julio Argentino Roca",
        "amenity": null,
        "shop": null,
        "leisure": null,
        "landuse": null,
        "highway": "primary",
        "railway": null,
        "waterway": null,
        "public_transport": null,
        "source_name": "OpenStreetMap Overpass API",
        "source_url": "https://overpass-api.de/api/interpreter",
        "generated_at": "2026-06-29T00:09:48.931378+00:00",
        "data_confidence": "medium",
        "assigned_zone_name": "Villa Club"
      },
      "geometry": {
        "type": "Point",
        "coordinates": [
          -58.6390121,
          -34.580568
        ]
      }
    },
    {
      "type": "Feature",
      "properties": {
        "id": "osm_way_1261392994",
        "osm_type": "way",
        "osm_id": 1261392994,
        "name": "Avenida Julio Argentino Roca",
        "amenity": null,
        "shop": null,
        "leisure": null,
        "landuse": null,
        "highway": "primary",
        "railway": null,
        "waterway": null,
        "public_transport": null,
        "source_name": "OpenStreetMap Overpass API",
        "source_url": "https://overpass-api.de/api/interpreter",
        "generated_at": "2026-06-29T00:09:48.931378+00:00",
        "data_confidence": "medium",
        "assigned_zone_name": "Villa Club"
      },
      "geometry": {
        "type": "Point",
        "coordinates": [
          -58.6330184,
          -34.585377
        ]
      }
    },
    {
      "type": "Feature",
      "properties": {
        "id": "osm_way_1268684081",
        "osm_type": "way",
        "osm_id": 1268684081,
        "name": "Avenida General O'Brien",
        "amenity": null,
        "shop": null,
        "leisure": null,
        "landuse": null,
        "highway": "secondary",
        "railway": null,
        "waterway": null,
        "public_transport": null,
        "source_name": "OpenStreetMap Overpass API",
        "source_url": "https://overpass-api.de/api/interpreter",
        "generated_at": "2026-06-29T00:09:48.931378+00:00",
        "data_confidence": "medium",
        "assigned_zone_name": "Jorge Newbery"
      },
      "geometry": {
        "type": "Point",
        "coordinates": [
          -58.6274655,
          -34.5896652
        ]
      }
    },
    {
      "type": "Feature",
      "properties": {
        "id": "osm_way_1279924901",
        "osm_type": "way",
        "osm_id": 1279924901,
        "name": "Shell",
        "amenity": "fuel",
        "shop": null,
        "leisure": null,
        "landuse": null,
        "highway": null,
        "railway": null,
        "waterway": null,
        "public_transport": null,
        "source_name": "OpenStreetMap Overpass API",
        "source_url": "https://overpass-api.de/api/interpreter",
        "generated_at": "2026-06-29T00:09:48.931378+00:00",
        "data_confidence": "medium",
        "assigned_zone_name": "Parque Jhonston"
      },
      "geometry": {
        "type": "Point",
        "coordinates": [
          -58.6363274,
          -34.5946512
        ]
      }
    },
    {
      "type": "Feature",
      "properties": {
        "id": "osm_way_1305171423",
        "osm_type": "way",
        "osm_id": 1305171423,
        "name": "Avenida General Pedro Díaz",
        "amenity": null,
        "shop": null,
        "leisure": null,
        "landuse": null,
        "highway": "secondary",
        "railway": null,
        "waterway": null,
        "public_transport": null,
        "source_name": "OpenStreetMap Overpass API",
        "source_url": "https://overpass-api.de/api/interpreter",
        "generated_at": "2026-06-29T00:09:48.931378+00:00",
        "data_confidence": "medium",
        "assigned_zone_name": "Luna"
      },
      "geometry": {
        "type": "Point",
        "coordinates": [
          -58.6510094,
          -34.6023747
        ]
      }
    },
    {
      "type": "Feature",
      "properties": {
        "id": "osm_way_1305171424",
        "osm_type": "way",
        "osm_id": 1305171424,
        "name": "Avenida General Pedro Díaz",
        "amenity": null,
        "shop": null,
        "leisure": null,
        "landuse": null,
        "highway": "secondary",
        "railway": null,
        "waterway": null,
        "public_transport": null,
        "source_name": "OpenStreetMap Overpass API",
        "source_url": "https://overpass-api.de/api/interpreter",
        "generated_at": "2026-06-29T00:09:48.931378+00:00",
        "data_confidence": "medium",
        "assigned_zone_name": "Luna"
      },
      "geometry": {
        "type": "Point",
        "coordinates": [
          -58.6494254,
          -34.6036616
        ]
      }
    },
    {
      "type": "Feature",
      "properties": {
        "id": "osm_way_1315482038",
        "osm_type": "way",
        "osm_id": 1315482038,
        "name": "Avenida Julio Argentino Roca",
        "amenity": null,
        "shop": null,
        "leisure": null,
        "landuse": null,
        "highway": "primary",
        "railway": null,
        "waterway": null,
        "public_transport": null,
        "source_name": "OpenStreetMap Overpass API",
        "source_url": "https://overpass-api.de/api/interpreter",
        "generated_at": "2026-06-29T00:09:48.931378+00:00",
        "data_confidence": "medium",
        "assigned_zone_name": "Juan B. de Lasalle"
      },
      "geometry": {
        "type": "Point",
        "coordinates": [
          -58.649406,
          -34.5724907
        ]
      }
    },
    {
      "type": "Feature",
      "properties": {
        "id": "osm_way_1315482039",
        "osm_type": "way",
        "osm_id": 1315482039,
        "name": "Avenida Julio Argentino Roca",
        "amenity": null,
        "shop": null,
        "leisure": null,
        "landuse": null,
        "highway": "primary",
        "railway": null,
        "waterway": null,
        "public_transport": null,
        "source_name": "OpenStreetMap Overpass API",
        "source_url": "https://overpass-api.de/api/interpreter",
        "generated_at": "2026-06-29T00:09:48.931378+00:00",
        "data_confidence": "medium",
        "assigned_zone_name": "Juan B. de Lasalle"
      },
      "geometry": {
        "type": "Point",
        "coordinates": [
          -58.6491896,
          -34.5725485
        ]
      }
    },
    {
      "type": "Feature",
      "properties": {
        "id": "osm_way_1315482040",
        "osm_type": "way",
        "osm_id": 1315482040,
        "name": "Avenida Julio Argentino Roca",
        "amenity": null,
        "shop": null,
        "leisure": null,
        "landuse": null,
        "highway": "primary",
        "railway": null,
        "waterway": null,
        "public_transport": null,
        "source_name": "OpenStreetMap Overpass API",
        "source_url": "https://overpass-api.de/api/interpreter",
        "generated_at": "2026-06-29T00:09:48.931378+00:00",
        "data_confidence": "medium",
        "assigned_zone_name": "Juan B. de Lasalle"
      },
      "geometry": {
        "type": "Point",
        "coordinates": [
          -58.6502214,
          -34.5717442
        ]
      }
    },
    {
      "type": "Feature",
      "properties": {
        "id": "osm_way_1315482041",
        "osm_type": "way",
        "osm_id": 1315482041,
        "name": "General Conrado Villegas",
        "amenity": null,
        "shop": null,
        "leisure": null,
        "landuse": null,
        "highway": "tertiary",
        "railway": null,
        "waterway": null,
        "public_transport": null,
        "source_name": "OpenStreetMap Overpass API",
        "source_url": "https://overpass-api.de/api/interpreter",
        "generated_at": "2026-06-29T00:09:48.931378+00:00",
        "data_confidence": "medium",
        "assigned_zone_name": "Juan B. de Lasalle"
      },
      "geometry": {
        "type": "Point",
        "coordinates": [
          -58.6489162,
          -34.5728221
        ]
      }
    },
    {
      "type": "Feature",
      "properties": {
        "id": "osm_way_1315482042",
        "osm_type": "way",
        "osm_id": 1315482042,
        "name": "Avenida Julio Argentino Roca",
        "amenity": null,
        "shop": null,
        "leisure": null,
        "landuse": null,
        "highway": "primary",
        "railway": null,
        "waterway": null,
        "public_transport": null,
        "source_name": "OpenStreetMap Overpass API",
        "source_url": "https://overpass-api.de/api/interpreter",
        "generated_at": "2026-06-29T00:09:48.931378+00:00",
        "data_confidence": "medium",
        "assigned_zone_name": "Juan B. de Lasalle"
      },
      "geometry": {
        "type": "Point",
        "coordinates": [
          -58.6511261,
          -34.5711216
        ]
      }
    },
    {
      "type": "Feature",
      "properties": {
        "id": "osm_way_1317526921",
        "osm_type": "way",
        "osm_id": 1317526921,
        "name": "Avenida Gobernador Valentín Vergara",
        "amenity": null,
        "shop": null,
        "leisure": null,
        "landuse": null,
        "highway": "primary",
        "railway": null,
        "waterway": null,
        "public_transport": null,
        "source_name": "OpenStreetMap Overpass API",
        "source_url": "https://overpass-api.de/api/interpreter",
        "generated_at": "2026-06-29T00:09:48.931378+00:00",
        "data_confidence": "medium",
        "assigned_zone_name": "Atepam Italia"
      },
      "geometry": {
        "type": "Point",
        "coordinates": [
          -58.6305906,
          -34.6296271
        ]
      }
    },
    {
      "type": "Feature",
      "properties": {
        "id": "osm_way_1317526922",
        "osm_type": "way",
        "osm_id": 1317526922,
        "name": "Avenida Gobernador Valentín Vergara",
        "amenity": null,
        "shop": null,
        "leisure": null,
        "landuse": null,
        "highway": "primary",
        "railway": null,
        "waterway": null,
        "public_transport": null,
        "source_name": "OpenStreetMap Overpass API",
        "source_url": "https://overpass-api.de/api/interpreter",
        "generated_at": "2026-06-29T00:09:48.931378+00:00",
        "data_confidence": "medium",
        "assigned_zone_name": "Atepam Italia"
      },
      "geometry": {
        "type": "Point",
        "coordinates": [
          -58.6305169,
          -34.6296092
        ]
      }
    },
    {
      "type": "Feature",
      "properties": {
        "id": "osm_way_1322012420",
        "osm_type": "way",
        "osm_id": 1322012420,
        "name": "General Conrado Villegas",
        "amenity": null,
        "shop": null,
        "leisure": null,
        "landuse": null,
        "highway": "tertiary",
        "railway": null,
        "waterway": null,
        "public_transport": null,
        "source_name": "OpenStreetMap Overpass API",
        "source_url": "https://overpass-api.de/api/interpreter",
        "generated_at": "2026-06-29T00:09:48.931378+00:00",
        "data_confidence": "medium",
        "assigned_zone_name": "Primero de Mayo"
      },
      "geometry": {
        "type": "Point",
        "coordinates": [
          -58.6583848,
          -34.5824595
        ]
      }
    },
    {
      "type": "Feature",
      "properties": {
        "id": "osm_way_1339513502",
        "osm_type": "way",
        "osm_id": 1339513502,
        "name": "Concepción Arenal",
        "amenity": null,
        "shop": null,
        "leisure": null,
        "landuse": null,
        "highway": "primary",
        "railway": null,
        "waterway": null,
        "public_transport": null,
        "source_name": "OpenStreetMap Overpass API",
        "source_url": "https://overpass-api.de/api/interpreter",
        "generated_at": "2026-06-29T00:09:48.931378+00:00",
        "data_confidence": "medium",
        "assigned_zone_name": "Villa Tesei Centro"
      },
      "geometry": {
        "type": "Point",
        "coordinates": [
          -58.6343163,
          -34.615406
        ]
      }
    },
    {
      "type": "Feature",
      "properties": {
        "id": "osm_way_1343500836",
        "osm_type": "way",
        "osm_id": 1343500836,
        "name": "Combate de Pavón",
        "amenity": null,
        "shop": null,
        "leisure": null,
        "landuse": null,
        "highway": "secondary",
        "railway": null,
        "waterway": null,
        "public_transport": null,
        "source_name": "OpenStreetMap Overpass API",
        "source_url": "https://overpass-api.de/api/interpreter",
        "generated_at": "2026-06-29T00:09:48.931378+00:00",
        "data_confidence": "medium",
        "assigned_zone_name": "Villa Club"
      },
      "geometry": {
        "type": "Point",
        "coordinates": [
          -58.6392027,
          -34.5688439
        ]
      }
    },
    {
      "type": "Feature",
      "properties": {
        "id": "osm_way_1343909165",
        "osm_type": "way",
        "osm_id": 1343909165,
        "name": "José Garibaldi",
        "amenity": null,
        "shop": null,
        "leisure": null,
        "landuse": null,
        "highway": "tertiary",
        "railway": null,
        "waterway": null,
        "public_transport": null,
        "source_name": "OpenStreetMap Overpass API",
        "source_url": "https://overpass-api.de/api/interpreter",
        "generated_at": "2026-06-29T00:09:48.931378+00:00",
        "data_confidence": "medium",
        "assigned_zone_name": "Roca 1"
      },
      "geometry": {
        "type": "Point",
        "coordinates": [
          -58.6528877,
          -34.5759647
        ]
      }
    },
    {
      "type": "Feature",
      "properties": {
        "id": "osm_way_1343909167",
        "osm_type": "way",
        "osm_id": 1343909167,
        "name": "Avenida Julio Argentino Roca",
        "amenity": null,
        "shop": null,
        "leisure": null,
        "landuse": null,
        "highway": "primary",
        "railway": null,
        "waterway": null,
        "public_transport": null,
        "source_name": "OpenStreetMap Overpass API",
        "source_url": "https://overpass-api.de/api/interpreter",
        "generated_at": "2026-06-29T00:09:48.931378+00:00",
        "data_confidence": "medium",
        "assigned_zone_name": "Roca 2"
      },
      "geometry": {
        "type": "Point",
        "coordinates": [
          -58.6472851,
          -34.5741692
        ]
      }
    },
    {
      "type": "Feature",
      "properties": {
        "id": "osm_way_1343920416",
        "osm_type": "way",
        "osm_id": 1343920416,
        "name": "Avenida Gobernador Valentín Vergara",
        "amenity": null,
        "shop": null,
        "leisure": null,
        "landuse": null,
        "highway": "primary",
        "railway": null,
        "waterway": null,
        "public_transport": null,
        "source_name": "OpenStreetMap Overpass API",
        "source_url": "https://overpass-api.de/api/interpreter",
        "generated_at": "2026-06-29T00:09:48.931378+00:00",
        "data_confidence": "medium",
        "assigned_zone_name": "El Palanco"
      },
      "geometry": {
        "type": "Point",
        "coordinates": [
          -58.6324793,
          -34.624087
        ]
      }
    },
    {
      "type": "Feature",
      "properties": {
        "id": "osm_way_1343920417",
        "osm_type": "way",
        "osm_id": 1343920417,
        "name": "Avenida Gobernador Valentín Vergara",
        "amenity": null,
        "shop": null,
        "leisure": null,
        "landuse": null,
        "highway": "primary",
        "railway": null,
        "waterway": null,
        "public_transport": null,
        "source_name": "OpenStreetMap Overpass API",
        "source_url": "https://overpass-api.de/api/interpreter",
        "generated_at": "2026-06-29T00:09:48.931378+00:00",
        "data_confidence": "medium",
        "assigned_zone_name": "Villa Tesei Centro"
      },
      "geometry": {
        "type": "Point",
        "coordinates": [
          -58.6325562,
          -34.6240853
        ]
      }
    },
    {
      "type": "Feature",
      "properties": {
        "id": "osm_way_1344477775",
        "osm_type": "way",
        "osm_id": 1344477775,
        "name": "Crucero General Belgrano",
        "amenity": null,
        "shop": null,
        "leisure": null,
        "landuse": null,
        "highway": "tertiary",
        "railway": null,
        "waterway": null,
        "public_transport": null,
        "source_name": "OpenStreetMap Overpass API",
        "source_url": "https://overpass-api.de/api/interpreter",
        "generated_at": "2026-06-29T00:09:48.931378+00:00",
        "data_confidence": "medium",
        "assigned_zone_name": "Hurlingham Centro (Barrio Ingles)"
      },
      "geometry": {
        "type": "Point",
        "coordinates": [
          -58.6318377,
          -34.5906876
        ]
      }
    },
    {
      "type": "Feature",
      "properties": {
        "id": "osm_way_1344477776",
        "osm_type": "way",
        "osm_id": 1344477776,
        "name": "Avenida Julio Argentino Roca",
        "amenity": null,
        "shop": null,
        "leisure": null,
        "landuse": null,
        "highway": "primary",
        "railway": null,
        "waterway": null,
        "public_transport": null,
        "source_name": "OpenStreetMap Overpass API",
        "source_url": "https://overpass-api.de/api/interpreter",
        "generated_at": "2026-06-29T00:09:48.931378+00:00",
        "data_confidence": "medium",
        "assigned_zone_name": "Juan B. de Lasalle"
      },
      "geometry": {
        "type": "Point",
        "coordinates": [
          -58.6472231,
          -34.5741084
        ]
      }
    },
    {
      "type": "Feature",
      "properties": {
        "id": "osm_way_1344477777",
        "osm_type": "way",
        "osm_id": 1344477777,
        "name": "Andrés Arguibel",
        "amenity": null,
        "shop": null,
        "leisure": null,
        "landuse": null,
        "highway": "tertiary",
        "railway": null,
        "waterway": null,
        "public_transport": null,
        "source_name": "OpenStreetMap Overpass API",
        "source_url": "https://overpass-api.de/api/interpreter",
        "generated_at": "2026-06-29T00:09:48.931378+00:00",
        "data_confidence": "medium",
        "assigned_zone_name": "Belgrano"
      },
      "geometry": {
        "type": "Point",
        "coordinates": [
          -58.656074,
          -34.5789843
        ]
      }
    },
    {
      "type": "Feature",
      "properties": {
        "id": "osm_way_1350048812",
        "osm_type": "way",
        "osm_id": 1350048812,
        "name": "Combate de Pavón",
        "amenity": null,
        "shop": null,
        "leisure": null,
        "landuse": null,
        "highway": "secondary",
        "railway": null,
        "waterway": null,
        "public_transport": null,
        "source_name": "OpenStreetMap Overpass API",
        "source_url": "https://overpass-api.de/api/interpreter",
        "generated_at": "2026-06-29T00:09:48.931378+00:00",
        "data_confidence": "medium",
        "assigned_zone_name": "Jorge Newbery"
      },
      "geometry": {
        "type": "Point",
        "coordinates": [
          -58.6207447,
          -34.5844295
        ]
      }
    },
    {
      "type": "Feature",
      "properties": {
        "id": "osm_way_1350049537",
        "osm_type": "way",
        "osm_id": 1350049537,
        "name": "Combate de Pavón",
        "amenity": null,
        "shop": null,
        "leisure": null,
        "landuse": null,
        "highway": "secondary",
        "railway": null,
        "waterway": null,
        "public_transport": null,
        "source_name": "OpenStreetMap Overpass API",
        "source_url": "https://overpass-api.de/api/interpreter",
        "generated_at": "2026-06-29T00:09:48.931378+00:00",
        "data_confidence": "medium",
        "assigned_zone_name": "Jorge Newbery"
      },
      "geometry": {
        "type": "Point",
        "coordinates": [
          -58.6207033,
          -34.5843977
        ]
      }
    },
    {
      "type": "Feature",
      "properties": {
        "id": "osm_way_1364419271",
        "osm_type": "way",
        "osm_id": 1364419271,
        "name": "Andrés Arguibel",
        "amenity": null,
        "shop": null,
        "leisure": null,
        "landuse": null,
        "highway": "tertiary",
        "railway": null,
        "waterway": null,
        "public_transport": null,
        "source_name": "OpenStreetMap Overpass API",
        "source_url": "https://overpass-api.de/api/interpreter",
        "generated_at": "2026-06-29T00:09:48.931378+00:00",
        "data_confidence": "medium",
        "assigned_zone_name": "Belgrano"
      },
      "geometry": {
        "type": "Point",
        "coordinates": [
          -58.6557815,
          -34.5791731
        ]
      }
    },
    {
      "type": "Feature",
      "properties": {
        "id": "osm_way_1364419272",
        "osm_type": "way",
        "osm_id": 1364419272,
        "name": "Andrés Arguibel",
        "amenity": null,
        "shop": null,
        "leisure": null,
        "landuse": null,
        "highway": "tertiary",
        "railway": null,
        "waterway": null,
        "public_transport": null,
        "source_name": "OpenStreetMap Overpass API",
        "source_url": "https://overpass-api.de/api/interpreter",
        "generated_at": "2026-06-29T00:09:48.931378+00:00",
        "data_confidence": "medium",
        "assigned_zone_name": "Belgrano"
      },
      "geometry": {
        "type": "Point",
        "coordinates": [
          -58.6560992,
          -34.5790106
        ]
      }
    },
    {
      "type": "Feature",
      "properties": {
        "id": "osm_way_1366655217",
        "osm_type": "way",
        "osm_id": 1366655217,
        "name": "Avenida Julio Argentino Roca",
        "amenity": null,
        "shop": null,
        "leisure": null,
        "landuse": null,
        "highway": "primary",
        "railway": null,
        "waterway": null,
        "public_transport": null,
        "source_name": "OpenStreetMap Overpass API",
        "source_url": "https://overpass-api.de/api/interpreter",
        "generated_at": "2026-06-29T00:09:48.931378+00:00",
        "data_confidence": "medium",
        "assigned_zone_name": "Villa Alemania"
      },
      "geometry": {
        "type": "Point",
        "coordinates": [
          -58.6203092,
          -34.5953669
        ]
      }
    },
    {
      "type": "Feature",
      "properties": {
        "id": "osm_way_1366655218",
        "osm_type": "way",
        "osm_id": 1366655218,
        "name": "Avenida Julio Argentino Roca",
        "amenity": null,
        "shop": null,
        "leisure": null,
        "landuse": null,
        "highway": "primary",
        "railway": null,
        "waterway": null,
        "public_transport": null,
        "source_name": "OpenStreetMap Overpass API",
        "source_url": "https://overpass-api.de/api/interpreter",
        "generated_at": "2026-06-29T00:09:48.931378+00:00",
        "data_confidence": "medium",
        "assigned_zone_name": "Villa Alemania"
      },
      "geometry": {
        "type": "Point",
        "coordinates": [
          -58.6202389,
          -34.5952879
        ]
      }
    },
    {
      "type": "Feature",
      "properties": {
        "id": "osm_way_1366655219",
        "osm_type": "way",
        "osm_id": 1366655219,
        "name": "Avenida Julio Argentino Roca",
        "amenity": null,
        "shop": null,
        "leisure": null,
        "landuse": null,
        "highway": "primary",
        "railway": null,
        "waterway": null,
        "public_transport": null,
        "source_name": "OpenStreetMap Overpass API",
        "source_url": "https://overpass-api.de/api/interpreter",
        "generated_at": "2026-06-29T00:09:48.931378+00:00",
        "data_confidence": "medium",
        "assigned_zone_name": "Villa Alemania"
      },
      "geometry": {
        "type": "Point",
        "coordinates": [
          -58.6195572,
          -34.5958386
        ]
      }
    },
    {
      "type": "Feature",
      "properties": {
        "id": "osm_way_1366655220",
        "osm_type": "way",
        "osm_id": 1366655220,
        "name": "Avenida Julio Argentino Roca",
        "amenity": null,
        "shop": null,
        "leisure": null,
        "landuse": null,
        "highway": "primary",
        "railway": null,
        "waterway": null,
        "public_transport": null,
        "source_name": "OpenStreetMap Overpass API",
        "source_url": "https://overpass-api.de/api/interpreter",
        "generated_at": "2026-06-29T00:09:48.931378+00:00",
        "data_confidence": "medium",
        "assigned_zone_name": "Villa Alemania"
      },
      "geometry": {
        "type": "Point",
        "coordinates": [
          -58.6199217,
          -34.5956728
        ]
      }
    },
    {
      "type": "Feature",
      "properties": {
        "id": "osm_way_1378186131",
        "osm_type": "way",
        "osm_id": 1378186131,
        "name": "Avenida Julio Argentino Roca",
        "amenity": null,
        "shop": null,
        "leisure": null,
        "landuse": null,
        "highway": "primary",
        "railway": null,
        "waterway": null,
        "public_transport": null,
        "source_name": "OpenStreetMap Overpass API",
        "source_url": "https://overpass-api.de/api/interpreter",
        "generated_at": "2026-06-29T00:09:48.931378+00:00",
        "data_confidence": "medium",
        "assigned_zone_name": "Villa Club"
      },
      "geometry": {
        "type": "Point",
        "coordinates": [
          -58.6363011,
          -34.5826944
        ]
      }
    },
    {
      "type": "Feature",
      "properties": {
        "id": "osm_way_1378186132",
        "osm_type": "way",
        "osm_id": 1378186132,
        "name": "Avenida Julio Argentino Roca",
        "amenity": null,
        "shop": null,
        "leisure": null,
        "landuse": null,
        "highway": "primary",
        "railway": null,
        "waterway": null,
        "public_transport": null,
        "source_name": "OpenStreetMap Overpass API",
        "source_url": "https://overpass-api.de/api/interpreter",
        "generated_at": "2026-06-29T00:09:48.931378+00:00",
        "data_confidence": "medium",
        "assigned_zone_name": "Villa Club"
      },
      "geometry": {
        "type": "Point",
        "coordinates": [
          -58.6390344,
          -34.5806558
        ]
      }
    },
    {
      "type": "Feature",
      "properties": {
        "id": "osm_way_1378715453",
        "osm_type": "way",
        "osm_id": 1378715453,
        "name": "General Conrado Villegas",
        "amenity": null,
        "shop": null,
        "leisure": null,
        "landuse": null,
        "highway": "tertiary",
        "railway": null,
        "waterway": null,
        "public_transport": null,
        "source_name": "OpenStreetMap Overpass API",
        "source_url": "https://overpass-api.de/api/interpreter",
        "generated_at": "2026-06-29T00:09:48.931378+00:00",
        "data_confidence": "medium",
        "assigned_zone_name": "San Damián"
      },
      "geometry": {
        "type": "Point",
        "coordinates": [
          -58.6600426,
          -34.5838181
        ]
      }
    },
    {
      "type": "Feature",
      "properties": {
        "id": "osm_way_1382221147",
        "osm_type": "way",
        "osm_id": 1382221147,
        "name": "Avenida Julio Argentino Roca",
        "amenity": null,
        "shop": null,
        "leisure": null,
        "landuse": null,
        "highway": "primary",
        "railway": null,
        "waterway": null,
        "public_transport": null,
        "source_name": "OpenStreetMap Overpass API",
        "source_url": "https://overpass-api.de/api/interpreter",
        "generated_at": "2026-06-29T00:09:48.931378+00:00",
        "data_confidence": "medium",
        "assigned_zone_name": "Juan B. de Lasalle"
      },
      "geometry": {
        "type": "Point",
        "coordinates": [
          -58.6454968,
          -34.5754766
        ]
      }
    },
    {
      "type": "Feature",
      "properties": {
        "id": "osm_way_1382221149",
        "osm_type": "way",
        "osm_id": 1382221149,
        "name": "Avenida Julio Argentino Roca",
        "amenity": null,
        "shop": null,
        "leisure": null,
        "landuse": null,
        "highway": "primary",
        "railway": null,
        "waterway": null,
        "public_transport": null,
        "source_name": "OpenStreetMap Overpass API",
        "source_url": "https://overpass-api.de/api/interpreter",
        "generated_at": "2026-06-29T00:09:48.931378+00:00",
        "data_confidence": "medium",
        "assigned_zone_name": "Juan B. de Lasalle"
      },
      "geometry": {
        "type": "Point",
        "coordinates": [
          -58.6435491,
          -34.5771111
        ]
      }
    },
    {
      "type": "Feature",
      "properties": {
        "id": "osm_way_1394070664",
        "osm_type": "way",
        "osm_id": 1394070664,
        "name": "Avenida Julio Argentino Roca",
        "amenity": null,
        "shop": null,
        "leisure": null,
        "landuse": null,
        "highway": "primary",
        "railway": null,
        "waterway": null,
        "public_transport": null,
        "source_name": "OpenStreetMap Overpass API",
        "source_url": "https://overpass-api.de/api/interpreter",
        "generated_at": "2026-06-29T00:09:48.931378+00:00",
        "data_confidence": "medium",
        "assigned_zone_name": "Juan B. de Lasalle"
      },
      "geometry": {
        "type": "Point",
        "coordinates": [
          -58.6485777,
          -34.5730268
        ]
      }
    },
    {
      "type": "Feature",
      "properties": {
        "id": "osm_way_1394070665",
        "osm_type": "way",
        "osm_id": 1394070665,
        "name": "Avenida Julio Argentino Roca",
        "amenity": null,
        "shop": null,
        "leisure": null,
        "landuse": null,
        "highway": "primary",
        "railway": null,
        "waterway": null,
        "public_transport": null,
        "source_name": "OpenStreetMap Overpass API",
        "source_url": "https://overpass-api.de/api/interpreter",
        "generated_at": "2026-06-29T00:09:48.931378+00:00",
        "data_confidence": "medium",
        "assigned_zone_name": "Juan B. de Lasalle"
      },
      "geometry": {
        "type": "Point",
        "coordinates": [
          -58.6481695,
          -34.5733568
        ]
      }
    },
    {
      "type": "Feature",
      "properties": {
        "id": "osm_way_1394070667",
        "osm_type": "way",
        "osm_id": 1394070667,
        "name": "Avenida Julio Argentino Roca",
        "amenity": null,
        "shop": null,
        "leisure": null,
        "landuse": null,
        "highway": "primary",
        "railway": null,
        "waterway": null,
        "public_transport": null,
        "source_name": "OpenStreetMap Overpass API",
        "source_url": "https://overpass-api.de/api/interpreter",
        "generated_at": "2026-06-29T00:09:48.931378+00:00",
        "data_confidence": "medium",
        "assigned_zone_name": "Roca 2"
      },
      "geometry": {
        "type": "Point",
        "coordinates": [
          -58.6482343,
          -34.5734151
        ]
      }
    },
    {
      "type": "Feature",
      "properties": {
        "id": "osm_way_1394070668",
        "osm_type": "way",
        "osm_id": 1394070668,
        "name": "Avenida Julio Argentino Roca",
        "amenity": null,
        "shop": null,
        "leisure": null,
        "landuse": null,
        "highway": "primary",
        "railway": null,
        "waterway": null,
        "public_transport": null,
        "source_name": "OpenStreetMap Overpass API",
        "source_url": "https://overpass-api.de/api/interpreter",
        "generated_at": "2026-06-29T00:09:48.931378+00:00",
        "data_confidence": "medium",
        "assigned_zone_name": "Roca 2"
      },
      "geometry": {
        "type": "Point",
        "coordinates": [
          -58.6486532,
          -34.5730897
        ]
      }
    },
    {
      "type": "Feature",
      "properties": {
        "id": "osm_way_1411342647",
        "osm_type": "way",
        "osm_id": 1411342647,
        "name": "Arroyo Morón",
        "amenity": null,
        "shop": null,
        "leisure": null,
        "landuse": null,
        "highway": null,
        "railway": null,
        "waterway": "stream",
        "public_transport": null,
        "source_name": "OpenStreetMap Overpass API",
        "source_url": "https://overpass-api.de/api/interpreter",
        "generated_at": "2026-06-29T00:09:48.931378+00:00",
        "data_confidence": "medium",
        "assigned_zone_name": "Asunción"
      },
      "geometry": {
        "type": "Point",
        "coordinates": [
          -58.6202366,
          -34.6296594
        ]
      }
    },
    {
      "type": "Feature",
      "properties": {
        "id": "osm_way_1418102479",
        "osm_type": "way",
        "osm_id": 1418102479,
        "name": "Avenida Presidente Perón",
        "amenity": null,
        "shop": null,
        "leisure": null,
        "landuse": null,
        "highway": "tertiary",
        "railway": null,
        "waterway": null,
        "public_transport": null,
        "source_name": "OpenStreetMap Overpass API",
        "source_url": "https://overpass-api.de/api/interpreter",
        "generated_at": "2026-06-29T00:09:48.931378+00:00",
        "data_confidence": "medium",
        "assigned_zone_name": "Prensa"
      },
      "geometry": {
        "type": "Point",
        "coordinates": [
          -58.6338112,
          -34.6320298
        ]
      }
    },
    {
      "type": "Feature",
      "properties": {
        "id": "osm_way_1418102481",
        "osm_type": "way",
        "osm_id": 1418102481,
        "name": "Avenida Presidente Perón",
        "amenity": null,
        "shop": null,
        "leisure": null,
        "landuse": null,
        "highway": "secondary",
        "railway": null,
        "waterway": null,
        "public_transport": null,
        "source_name": "OpenStreetMap Overpass API",
        "source_url": "https://overpass-api.de/api/interpreter",
        "generated_at": "2026-06-29T00:09:48.931378+00:00",
        "data_confidence": "medium",
        "assigned_zone_name": "Asunción"
      },
      "geometry": {
        "type": "Point",
        "coordinates": [
          -58.6263675,
          -34.6324246
        ]
      }
    },
    {
      "type": "Feature",
      "properties": {
        "id": "osm_way_1418102482",
        "osm_type": "way",
        "osm_id": 1418102482,
        "name": "Juan Jufré",
        "amenity": null,
        "shop": null,
        "leisure": null,
        "landuse": null,
        "highway": "tertiary",
        "railway": null,
        "waterway": null,
        "public_transport": null,
        "source_name": "OpenStreetMap Overpass API",
        "source_url": "https://overpass-api.de/api/interpreter",
        "generated_at": "2026-06-29T00:09:48.931378+00:00",
        "data_confidence": "medium",
        "assigned_zone_name": "Militar"
      },
      "geometry": {
        "type": "Point",
        "coordinates": [
          -58.6257117,
          -34.6268501
        ]
      }
    },
    {
      "type": "Feature",
      "properties": {
        "id": "osm_way_1418102483",
        "osm_type": "way",
        "osm_id": 1418102483,
        "name": "Avenida Gobernador Valentín Vergara",
        "amenity": null,
        "shop": null,
        "leisure": null,
        "landuse": null,
        "highway": "primary",
        "railway": null,
        "waterway": null,
        "public_transport": null,
        "source_name": "OpenStreetMap Overpass API",
        "source_url": "https://overpass-api.de/api/interpreter",
        "generated_at": "2026-06-29T00:09:48.931378+00:00",
        "data_confidence": "medium",
        "assigned_zone_name": "Atepam Italia"
      },
      "geometry": {
        "type": "Point",
        "coordinates": [
          -58.6308482,
          -34.6286549
        ]
      }
    },
    {
      "type": "Feature",
      "properties": {
        "id": "osm_way_1418102486",
        "osm_type": "way",
        "osm_id": 1418102486,
        "name": "Arroyo Morón",
        "amenity": null,
        "shop": null,
        "leisure": null,
        "landuse": null,
        "highway": null,
        "railway": null,
        "waterway": "river",
        "public_transport": null,
        "source_name": "OpenStreetMap Overpass API",
        "source_url": "https://overpass-api.de/api/interpreter",
        "generated_at": "2026-06-29T00:09:48.931378+00:00",
        "data_confidence": "medium",
        "assigned_zone_name": "El Palanco"
      },
      "geometry": {
        "type": "Point",
        "coordinates": [
          -58.618749,
          -34.6235461
        ]
      }
    },
    {
      "type": "Feature",
      "properties": {
        "id": "osm_way_1418102488",
        "osm_type": "way",
        "osm_id": 1418102488,
        "name": "Vicente Camargo",
        "amenity": null,
        "shop": null,
        "leisure": null,
        "landuse": null,
        "highway": "primary",
        "railway": null,
        "waterway": null,
        "public_transport": null,
        "source_name": "OpenStreetMap Overpass API",
        "source_url": "https://overpass-api.de/api/interpreter",
        "generated_at": "2026-06-29T00:09:48.931378+00:00",
        "data_confidence": "medium",
        "assigned_zone_name": "Villa Tesei Centro"
      },
      "geometry": {
        "type": "Point",
        "coordinates": [
          -58.6317641,
          -34.6182951
        ]
      }
    },
    {
      "type": "Feature",
      "properties": {
        "id": "osm_way_1418102489",
        "osm_type": "way",
        "osm_id": 1418102489,
        "name": "Arroyo Morón",
        "amenity": null,
        "shop": null,
        "leisure": null,
        "landuse": null,
        "highway": null,
        "railway": null,
        "waterway": "river",
        "public_transport": null,
        "source_name": "OpenStreetMap Overpass API",
        "source_url": "https://overpass-api.de/api/interpreter",
        "generated_at": "2026-06-29T00:09:48.931378+00:00",
        "data_confidence": "medium",
        "assigned_zone_name": "La Juanita"
      },
      "geometry": {
        "type": "Point",
        "coordinates": [
          -58.6184684,
          -34.6195277
        ]
      }
    },
    {
      "type": "Feature",
      "properties": {
        "id": "osm_way_1418102490",
        "osm_type": "way",
        "osm_id": 1418102490,
        "name": "Avenida Gobernador Valentín Vergara",
        "amenity": null,
        "shop": null,
        "leisure": null,
        "landuse": null,
        "highway": "primary",
        "railway": null,
        "waterway": null,
        "public_transport": null,
        "source_name": "OpenStreetMap Overpass API",
        "source_url": "https://overpass-api.de/api/interpreter",
        "generated_at": "2026-06-29T00:09:48.931378+00:00",
        "data_confidence": "medium",
        "assigned_zone_name": "Prensa"
      },
      "geometry": {
        "type": "Point",
        "coordinates": [
          -58.6312995,
          -34.6276307
        ]
      }
    },
    {
      "type": "Feature",
      "properties": {
        "id": "osm_way_1418102492",
        "osm_type": "way",
        "osm_id": 1418102492,
        "name": "Avenida Gobernador Valentín Vergara",
        "amenity": null,
        "shop": null,
        "leisure": null,
        "landuse": null,
        "highway": "primary",
        "railway": null,
        "waterway": null,
        "public_transport": null,
        "source_name": "OpenStreetMap Overpass API",
        "source_url": "https://overpass-api.de/api/interpreter",
        "generated_at": "2026-06-29T00:09:48.931378+00:00",
        "data_confidence": "medium",
        "assigned_zone_name": "La Juanita"
      },
      "geometry": {
        "type": "Point",
        "coordinates": [
          -58.6336887,
          -34.6208903
        ]
      }
    },
    {
      "type": "Feature",
      "properties": {
        "id": "osm_way_1418102493",
        "osm_type": "way",
        "osm_id": 1418102493,
        "name": "José de Malarredo",
        "amenity": null,
        "shop": null,
        "leisure": null,
        "landuse": null,
        "highway": "tertiary",
        "railway": null,
        "waterway": null,
        "public_transport": null,
        "source_name": "OpenStreetMap Overpass API",
        "source_url": "https://overpass-api.de/api/interpreter",
        "generated_at": "2026-06-29T00:09:48.931378+00:00",
        "data_confidence": "medium",
        "assigned_zone_name": "Villa Tesei Centro"
      },
      "geometry": {
        "type": "Point",
        "coordinates": [
          -58.6414499,
          -34.6210868
        ]
      }
    },
    {
      "type": "Feature",
      "properties": {
        "id": "osm_way_1418102494",
        "osm_type": "way",
        "osm_id": 1418102494,
        "name": "Avenida General Pedro Díaz",
        "amenity": null,
        "shop": null,
        "leisure": null,
        "landuse": null,
        "highway": "secondary",
        "railway": null,
        "waterway": null,
        "public_transport": null,
        "source_name": "OpenStreetMap Overpass API",
        "source_url": "https://overpass-api.de/api/interpreter",
        "generated_at": "2026-06-29T00:09:48.931378+00:00",
        "data_confidence": "medium",
        "assigned_zone_name": "Villa Tesei Centro"
      },
      "geometry": {
        "type": "Point",
        "coordinates": [
          -58.6356707,
          -34.6146924
        ]
      }
    },
    {
      "type": "Feature",
      "properties": {
        "id": "osm_way_1418102496",
        "osm_type": "way",
        "osm_id": 1418102496,
        "name": "José Bustamante y Guevara",
        "amenity": null,
        "shop": null,
        "leisure": null,
        "landuse": null,
        "highway": "tertiary",
        "railway": null,
        "waterway": null,
        "public_transport": null,
        "source_name": "OpenStreetMap Overpass API",
        "source_url": "https://overpass-api.de/api/interpreter",
        "generated_at": "2026-06-29T00:09:48.931378+00:00",
        "data_confidence": "medium",
        "assigned_zone_name": "Parque Jhonston"
      },
      "geometry": {
        "type": "Point",
        "coordinates": [
          -58.6364122,
          -34.603907
        ]
      }
    },
    {
      "type": "Feature",
      "properties": {
        "id": "osm_way_1418102497",
        "osm_type": "way",
        "osm_id": 1418102497,
        "name": "José de Malarredo",
        "amenity": null,
        "shop": null,
        "leisure": null,
        "landuse": null,
        "highway": "tertiary",
        "railway": null,
        "waterway": null,
        "public_transport": null,
        "source_name": "OpenStreetMap Overpass API",
        "source_url": "https://overpass-api.de/api/interpreter",
        "generated_at": "2026-06-29T00:09:48.931378+00:00",
        "data_confidence": "medium",
        "assigned_zone_name": "Villa Tesei Centro"
      },
      "geometry": {
        "type": "Point",
        "coordinates": [
          -58.6425141,
          -34.620246
        ]
      }
    },
    {
      "type": "Feature",
      "properties": {
        "id": "osm_way_1418111222",
        "osm_type": "way",
        "osm_id": 1418111222,
        "name": "Avenida Gobernador Valentín Vergara",
        "amenity": null,
        "shop": null,
        "leisure": null,
        "landuse": null,
        "highway": "secondary",
        "railway": null,
        "waterway": null,
        "public_transport": null,
        "source_name": "OpenStreetMap Overpass API",
        "source_url": "https://overpass-api.de/api/interpreter",
        "generated_at": "2026-06-29T00:09:48.931378+00:00",
        "data_confidence": "medium",
        "assigned_zone_name": "Cosmopolita"
      },
      "geometry": {
        "type": "Point",
        "coordinates": [
          -58.6384302,
          -34.5865798
        ]
      }
    },
    {
      "type": "Feature",
      "properties": {
        "id": "osm_way_1418111223",
        "osm_type": "way",
        "osm_id": 1418111223,
        "name": "FC San Martín",
        "amenity": null,
        "shop": null,
        "leisure": null,
        "landuse": null,
        "highway": null,
        "railway": "rail",
        "waterway": null,
        "public_transport": null,
        "source_name": "OpenStreetMap Overpass API",
        "source_url": "https://overpass-api.de/api/interpreter",
        "generated_at": "2026-06-29T00:09:48.931378+00:00",
        "data_confidence": "medium",
        "assigned_zone_name": "Hurlingham Centro (Barrio Ingles)"
      },
      "geometry": {
        "type": "Point",
        "coordinates": [
          -58.6362503,
          -34.5890867
        ]
      }
    },
    {
      "type": "Feature",
      "properties": {
        "id": "osm_way_1418111225",
        "osm_type": "way",
        "osm_id": 1418111225,
        "name": "FC San Martín",
        "amenity": null,
        "shop": null,
        "leisure": null,
        "landuse": null,
        "highway": null,
        "railway": "rail",
        "waterway": null,
        "public_transport": null,
        "source_name": "OpenStreetMap Overpass API",
        "source_url": "https://overpass-api.de/api/interpreter",
        "generated_at": "2026-06-29T00:09:48.931378+00:00",
        "data_confidence": "medium",
        "assigned_zone_name": "Cosmopolita"
      },
      "geometry": {
        "type": "Point",
        "coordinates": [
          -58.6389415,
          -34.5876813
        ]
      }
    },
    {
      "type": "Feature",
      "properties": {
        "id": "osm_way_1418111232",
        "osm_type": "way",
        "osm_id": 1418111232,
        "name": "Avenida Gobernador Valentín Vergara",
        "amenity": null,
        "shop": null,
        "leisure": null,
        "landuse": null,
        "highway": "secondary",
        "railway": null,
        "waterway": null,
        "public_transport": null,
        "source_name": "OpenStreetMap Overpass API",
        "source_url": "https://overpass-api.de/api/interpreter",
        "generated_at": "2026-06-29T00:09:48.931378+00:00",
        "data_confidence": "medium",
        "assigned_zone_name": "Parque Jhonston"
      },
      "geometry": {
        "type": "Point",
        "coordinates": [
          -58.6354334,
          -34.6026415
        ]
      }
    },
    {
      "type": "Feature",
      "properties": {
        "id": "osm_way_1418111233",
        "osm_type": "way",
        "osm_id": 1418111233,
        "name": "Manuel Ocampo",
        "amenity": null,
        "shop": null,
        "leisure": null,
        "landuse": null,
        "highway": "tertiary",
        "railway": null,
        "waterway": null,
        "public_transport": null,
        "source_name": "OpenStreetMap Overpass API",
        "source_url": "https://overpass-api.de/api/interpreter",
        "generated_at": "2026-06-29T00:09:48.931378+00:00",
        "data_confidence": "medium",
        "assigned_zone_name": "Parque Quirno"
      },
      "geometry": {
        "type": "Point",
        "coordinates": [
          -58.6307592,
          -34.5997567
        ]
      }
    },
    {
      "type": "Feature",
      "properties": {
        "id": "osm_way_1418111236",
        "osm_type": "way",
        "osm_id": 1418111236,
        "name": "853 - Avenida Bernabé Márquez",
        "amenity": null,
        "shop": null,
        "leisure": null,
        "landuse": null,
        "highway": "primary",
        "railway": null,
        "waterway": null,
        "public_transport": null,
        "source_name": "OpenStreetMap Overpass API",
        "source_url": "https://overpass-api.de/api/interpreter",
        "generated_at": "2026-06-29T00:09:48.931378+00:00",
        "data_confidence": "medium",
        "assigned_zone_name": "Nuevo Parque Quirno"
      },
      "geometry": {
        "type": "Point",
        "coordinates": [
          -58.6205034,
          -34.6050622
        ]
      }
    },
    {
      "type": "Feature",
      "properties": {
        "id": "osm_way_1418111237",
        "osm_type": "way",
        "osm_id": 1418111237,
        "name": "Arroyo Morón",
        "amenity": null,
        "shop": null,
        "leisure": null,
        "landuse": null,
        "highway": null,
        "railway": null,
        "waterway": "river",
        "public_transport": null,
        "source_name": "OpenStreetMap Overpass API",
        "source_url": "https://overpass-api.de/api/interpreter",
        "generated_at": "2026-06-29T00:09:48.931378+00:00",
        "data_confidence": "medium",
        "assigned_zone_name": "Nuevo Parque Quirno"
      },
      "geometry": {
        "type": "Point",
        "coordinates": [
          -58.6207962,
          -34.6086285
        ]
      }
    },
    {
      "type": "Feature",
      "properties": {
        "id": "osm_way_1418111241",
        "osm_type": "way",
        "osm_id": 1418111241,
        "name": "Manuel Ocampo",
        "amenity": null,
        "shop": null,
        "leisure": null,
        "landuse": null,
        "highway": "tertiary",
        "railway": null,
        "waterway": null,
        "public_transport": null,
        "source_name": "OpenStreetMap Overpass API",
        "source_url": "https://overpass-api.de/api/interpreter",
        "generated_at": "2026-06-29T00:09:48.931378+00:00",
        "data_confidence": "medium",
        "assigned_zone_name": "Villa Alemania"
      },
      "geometry": {
        "type": "Point",
        "coordinates": [
          -58.6240221,
          -34.5938559
        ]
      }
    },
    {
      "type": "Feature",
      "properties": {
        "id": "osm_way_1418111244",
        "osm_type": "way",
        "osm_id": 1418111244,
        "name": "Avenida Julio Argentino Roca",
        "amenity": null,
        "shop": null,
        "leisure": null,
        "landuse": null,
        "highway": "primary",
        "railway": null,
        "waterway": null,
        "public_transport": null,
        "source_name": "OpenStreetMap Overpass API",
        "source_url": "https://overpass-api.de/api/interpreter",
        "generated_at": "2026-06-29T00:09:48.931378+00:00",
        "data_confidence": "medium",
        "assigned_zone_name": "Jorge Newbery"
      },
      "geometry": {
        "type": "Point",
        "coordinates": [
          -58.6255532,
          -34.5912175
        ]
      }
    },
    {
      "type": "Feature",
      "properties": {
        "id": "osm_way_1418111246",
        "osm_type": "way",
        "osm_id": 1418111246,
        "name": "Avenida Julio Argentino Roca",
        "amenity": null,
        "shop": null,
        "leisure": null,
        "landuse": null,
        "highway": "primary",
        "railway": null,
        "waterway": null,
        "public_transport": null,
        "source_name": "OpenStreetMap Overpass API",
        "source_url": "https://overpass-api.de/api/interpreter",
        "generated_at": "2026-06-29T00:09:48.931378+00:00",
        "data_confidence": "medium",
        "assigned_zone_name": "Jorge Newbery"
      },
      "geometry": {
        "type": "Point",
        "coordinates": [
          -58.6238795,
          -34.5925346
        ]
      }
    },
    {
      "type": "Feature",
      "properties": {
        "id": "osm_way_1418118135",
        "osm_type": "way",
        "osm_id": 1418118135,
        "name": "FC Urquiza",
        "amenity": null,
        "shop": null,
        "leisure": null,
        "landuse": null,
        "highway": null,
        "railway": "rail",
        "waterway": null,
        "public_transport": null,
        "source_name": "OpenStreetMap Overpass API",
        "source_url": "https://overpass-api.de/api/interpreter",
        "generated_at": "2026-06-29T00:09:48.931378+00:00",
        "data_confidence": "medium",
        "assigned_zone_name": "Hurlingham Centro (Barrio Ingles)"
      },
      "geometry": {
        "type": "Point",
        "coordinates": [
          -58.6329276,
          -34.5874344
        ]
      }
    },
    {
      "type": "Feature",
      "properties": {
        "id": "osm_way_1418118136",
        "osm_type": "way",
        "osm_id": 1418118136,
        "name": "Avenida Julio Argentino Roca",
        "amenity": null,
        "shop": null,
        "leisure": null,
        "landuse": null,
        "highway": "primary",
        "railway": null,
        "waterway": null,
        "public_transport": null,
        "source_name": "OpenStreetMap Overpass API",
        "source_url": "https://overpass-api.de/api/interpreter",
        "generated_at": "2026-06-29T00:09:48.931378+00:00",
        "data_confidence": "medium",
        "assigned_zone_name": "Villa Club"
      },
      "geometry": {
        "type": "Point",
        "coordinates": [
          -58.6303285,
          -34.5874797
        ]
      }
    },
    {
      "type": "Feature",
      "properties": {
        "id": "osm_way_1418118137",
        "osm_type": "way",
        "osm_id": 1418118137,
        "name": "General O'Brien",
        "amenity": null,
        "shop": null,
        "leisure": null,
        "landuse": null,
        "highway": "secondary",
        "railway": null,
        "waterway": null,
        "public_transport": null,
        "source_name": "OpenStreetMap Overpass API",
        "source_url": "https://overpass-api.de/api/interpreter",
        "generated_at": "2026-06-29T00:09:48.931378+00:00",
        "data_confidence": "medium",
        "assigned_zone_name": "Jorge Newbery"
      },
      "geometry": {
        "type": "Point",
        "coordinates": [
          -58.6252995,
          -34.5876221
        ]
      }
    },
    {
      "type": "Feature",
      "properties": {
        "id": "osm_way_1418118138",
        "osm_type": "way",
        "osm_id": 1418118138,
        "name": "FC Urquiza",
        "amenity": null,
        "shop": null,
        "leisure": null,
        "landuse": null,
        "highway": null,
        "railway": "rail",
        "waterway": null,
        "public_transport": null,
        "source_name": "OpenStreetMap Overpass API",
        "source_url": "https://overpass-api.de/api/interpreter",
        "generated_at": "2026-06-29T00:09:48.931378+00:00",
        "data_confidence": "medium",
        "assigned_zone_name": "Villa Club"
      },
      "geometry": {
        "type": "Point",
        "coordinates": [
          -58.6278074,
          -34.5876204
        ]
      }
    },
    {
      "type": "Feature",
      "properties": {
        "id": "osm_way_1418118140",
        "osm_type": "way",
        "osm_id": 1418118140,
        "name": "Avenida Gobernador Valentín Vergara",
        "amenity": null,
        "shop": null,
        "leisure": null,
        "landuse": null,
        "highway": "secondary",
        "railway": null,
        "waterway": null,
        "public_transport": null,
        "source_name": "OpenStreetMap Overpass API",
        "source_url": "https://overpass-api.de/api/interpreter",
        "generated_at": "2026-06-29T00:09:48.931378+00:00",
        "data_confidence": "medium",
        "assigned_zone_name": "Cosmopolita"
      },
      "geometry": {
        "type": "Point",
        "coordinates": [
          -58.6380643,
          -34.5877142
        ]
      }
    },
    {
      "type": "Feature",
      "properties": {
        "id": "osm_way_1418118142",
        "osm_type": "way",
        "osm_id": 1418118142,
        "name": "FC San Martín",
        "amenity": null,
        "shop": null,
        "leisure": null,
        "landuse": null,
        "highway": null,
        "railway": "rail",
        "waterway": null,
        "public_transport": null,
        "source_name": "OpenStreetMap Overpass API",
        "source_url": "https://overpass-api.de/api/interpreter",
        "generated_at": "2026-06-29T00:09:48.931378+00:00",
        "data_confidence": "medium",
        "assigned_zone_name": "Cosmopolita"
      },
      "geometry": {
        "type": "Point",
        "coordinates": [
          -58.6431459,
          -34.5855048
        ]
      }
    },
    {
      "type": "Feature",
      "properties": {
        "id": "osm_way_1418118143",
        "osm_type": "way",
        "osm_id": 1418118143,
        "name": "Camino Parque del Buen Ayre",
        "amenity": null,
        "shop": null,
        "leisure": null,
        "landuse": null,
        "highway": "motorway",
        "railway": null,
        "waterway": null,
        "public_transport": null,
        "source_name": "OpenStreetMap Overpass API",
        "source_url": "https://overpass-api.de/api/interpreter",
        "generated_at": "2026-06-29T00:09:48.931378+00:00",
        "data_confidence": "medium",
        "assigned_zone_name": "Villa Club"
      },
      "geometry": {
        "type": "Point",
        "coordinates": [
          -58.6423145,
          -34.5673521
        ]
      }
    },
    {
      "type": "Feature",
      "properties": {
        "id": "osm_way_1418118154",
        "osm_type": "way",
        "osm_id": 1418118154,
        "name": "Eva Perón",
        "amenity": null,
        "shop": null,
        "leisure": null,
        "landuse": null,
        "highway": "tertiary",
        "railway": null,
        "waterway": null,
        "public_transport": null,
        "source_name": "OpenStreetMap Overpass API",
        "source_url": "https://overpass-api.de/api/interpreter",
        "generated_at": "2026-06-29T00:09:48.931378+00:00",
        "data_confidence": "medium",
        "assigned_zone_name": "Curapaytí"
      },
      "geometry": {
        "type": "Point",
        "coordinates": [
          -58.6521252,
          -34.5912916
        ]
      }
    },
    {
      "type": "Feature",
      "properties": {
        "id": "osm_way_1418124603",
        "osm_type": "way",
        "osm_id": 1418124603,
        "name": "Avenida General Pedro Díaz",
        "amenity": null,
        "shop": null,
        "leisure": null,
        "landuse": null,
        "highway": "secondary",
        "railway": null,
        "waterway": null,
        "public_transport": null,
        "source_name": "OpenStreetMap Overpass API",
        "source_url": "https://overpass-api.de/api/interpreter",
        "generated_at": "2026-06-29T00:09:48.931378+00:00",
        "data_confidence": "medium",
        "assigned_zone_name": "Los Patitos"
      },
      "geometry": {
        "type": "Point",
        "coordinates": [
          -58.6561503,
          -34.5982098
        ]
      }
    },
    {
      "type": "Feature",
      "properties": {
        "id": "osm_way_1418124608",
        "osm_type": "way",
        "osm_id": 1418124608,
        "name": "Avenida General Pedro Díaz",
        "amenity": null,
        "shop": null,
        "leisure": null,
        "landuse": null,
        "highway": "secondary",
        "railway": null,
        "waterway": null,
        "public_transport": null,
        "source_name": "OpenStreetMap Overpass API",
        "source_url": "https://overpass-api.de/api/interpreter",
        "generated_at": "2026-06-29T00:09:48.931378+00:00",
        "data_confidence": "medium",
        "assigned_zone_name": "Los Troncos"
      },
      "geometry": {
        "type": "Point",
        "coordinates": [
          -58.652496,
          -34.6011705
        ]
      }
    },
    {
      "type": "Feature",
      "properties": {
        "id": "osm_way_1418124609",
        "osm_type": "way",
        "osm_id": 1418124609,
        "name": "Avenida General Pedro Díaz",
        "amenity": null,
        "shop": null,
        "leisure": null,
        "landuse": null,
        "highway": "secondary",
        "railway": null,
        "waterway": null,
        "public_transport": null,
        "source_name": "OpenStreetMap Overpass API",
        "source_url": "https://overpass-api.de/api/interpreter",
        "generated_at": "2026-06-29T00:09:48.931378+00:00",
        "data_confidence": "medium",
        "assigned_zone_name": "Los Patitos"
      },
      "geometry": {
        "type": "Point",
        "coordinates": [
          -58.6555828,
          -34.5986697
        ]
      }
    },
    {
      "type": "Feature",
      "properties": {
        "id": "osm_way_1418124611",
        "osm_type": "way",
        "osm_id": 1418124611,
        "name": "Avenida General Pedro Díaz",
        "amenity": null,
        "shop": null,
        "leisure": null,
        "landuse": null,
        "highway": "secondary",
        "railway": null,
        "waterway": null,
        "public_transport": null,
        "source_name": "OpenStreetMap Overpass API",
        "source_url": "https://overpass-api.de/api/interpreter",
        "generated_at": "2026-06-29T00:09:48.931378+00:00",
        "data_confidence": "medium",
        "assigned_zone_name": "Santa Leonor"
      },
      "geometry": {
        "type": "Point",
        "coordinates": [
          -58.658512,
          -34.596293
        ]
      }
    },
    {
      "type": "Feature",
      "properties": {
        "id": "osm_way_1418124620",
        "osm_type": "way",
        "osm_id": 1418124620,
        "name": "General Conrado Villegas",
        "amenity": null,
        "shop": null,
        "leisure": null,
        "landuse": null,
        "highway": "tertiary",
        "railway": null,
        "waterway": null,
        "public_transport": null,
        "source_name": "OpenStreetMap Overpass API",
        "source_url": "https://overpass-api.de/api/interpreter",
        "generated_at": "2026-06-29T00:09:48.931378+00:00",
        "data_confidence": "medium",
        "assigned_zone_name": "Belgrano"
      },
      "geometry": {
        "type": "Point",
        "coordinates": [
          -58.6581238,
          -34.5822578
        ]
      }
    },
    {
      "type": "Feature",
      "properties": {
        "id": "osm_way_1418124621",
        "osm_type": "way",
        "osm_id": 1418124621,
        "name": "FC San Martín",
        "amenity": null,
        "shop": null,
        "leisure": null,
        "landuse": null,
        "highway": null,
        "railway": "rail",
        "waterway": null,
        "public_transport": null,
        "source_name": "OpenStreetMap Overpass API",
        "source_url": "https://overpass-api.de/api/interpreter",
        "generated_at": "2026-06-29T00:09:48.931378+00:00",
        "data_confidence": "medium",
        "assigned_zone_name": "Roca 2"
      },
      "geometry": {
        "type": "Point",
        "coordinates": [
          -58.650907,
          -34.5814558
        ]
      }
    },
    {
      "type": "Feature",
      "properties": {
        "id": "osm_way_1418124622",
        "osm_type": "way",
        "osm_id": 1418124622,
        "name": "General Conrado Villegas",
        "amenity": null,
        "shop": null,
        "leisure": null,
        "landuse": null,
        "highway": "tertiary",
        "railway": null,
        "waterway": null,
        "public_transport": null,
        "source_name": "OpenStreetMap Overpass API",
        "source_url": "https://overpass-api.de/api/interpreter",
        "generated_at": "2026-06-29T00:09:48.931378+00:00",
        "data_confidence": "medium",
        "assigned_zone_name": "Roca 2"
      },
      "geometry": {
        "type": "Point",
        "coordinates": [
          -58.6554584,
          -34.579014
        ]
      }
    },
    {
      "type": "Feature",
      "properties": {
        "id": "osm_way_1418124623",
        "osm_type": "way",
        "osm_id": 1418124623,
        "name": "Intendente Mustoni",
        "amenity": null,
        "shop": null,
        "leisure": null,
        "landuse": null,
        "highway": "tertiary",
        "railway": null,
        "waterway": null,
        "public_transport": null,
        "source_name": "OpenStreetMap Overpass API",
        "source_url": "https://overpass-api.de/api/interpreter",
        "generated_at": "2026-06-29T00:09:48.931378+00:00",
        "data_confidence": "medium",
        "assigned_zone_name": "Roca 1"
      },
      "geometry": {
        "type": "Point",
        "coordinates": [
          -58.6522427,
          -34.5754283
        ]
      }
    },
    {
      "type": "Feature",
      "properties": {
        "id": "osm_way_1418124633",
        "osm_type": "way",
        "osm_id": 1418124633,
        "name": "Avenida Julio Argentino Roca",
        "amenity": null,
        "shop": null,
        "leisure": null,
        "landuse": null,
        "highway": "primary",
        "railway": null,
        "waterway": null,
        "public_transport": null,
        "source_name": "OpenStreetMap Overpass API",
        "source_url": "https://overpass-api.de/api/interpreter",
        "generated_at": "2026-06-29T00:09:48.931378+00:00",
        "data_confidence": "medium",
        "assigned_zone_name": "Juan B. de Lasalle"
      },
      "geometry": {
        "type": "Point",
        "coordinates": [
          -58.6502104,
          -34.5718521
        ]
      }
    },
    {
      "type": "Feature",
      "properties": {
        "id": "osm_way_1433651647",
        "osm_type": "way",
        "osm_id": 1433651647,
        "name": "Felipe Pastre",
        "amenity": null,
        "shop": null,
        "leisure": null,
        "landuse": null,
        "highway": "primary",
        "railway": null,
        "waterway": null,
        "public_transport": null,
        "source_name": "OpenStreetMap Overpass API",
        "source_url": "https://overpass-api.de/api/interpreter",
        "generated_at": "2026-06-29T00:09:48.931378+00:00",
        "data_confidence": "medium",
        "assigned_zone_name": "Parque Quirno"
      },
      "geometry": {
        "type": "Point",
        "coordinates": [
          -58.6212207,
          -34.6056671
        ]
      }
    },
    {
      "type": "Feature",
      "properties": {
        "id": "osm_way_1433651652",
        "osm_type": "way",
        "osm_id": 1433651652,
        "name": "Avenida Julio Argentino Roca",
        "amenity": null,
        "shop": null,
        "leisure": null,
        "landuse": null,
        "highway": "primary",
        "railway": null,
        "waterway": null,
        "public_transport": null,
        "source_name": "OpenStreetMap Overpass API",
        "source_url": "https://overpass-api.de/api/interpreter",
        "generated_at": "2026-06-29T00:09:48.931378+00:00",
        "data_confidence": "medium",
        "assigned_zone_name": "Villa Alemania"
      },
      "geometry": {
        "type": "Point",
        "coordinates": [
          -58.6194627,
          -34.5960488
        ]
      }
    },
    {
      "type": "Feature",
      "properties": {
        "id": "osm_way_1433657174",
        "osm_type": "way",
        "osm_id": 1433657174,
        "name": "Juan Jufré",
        "amenity": null,
        "shop": null,
        "leisure": null,
        "landuse": null,
        "highway": "tertiary",
        "railway": null,
        "waterway": null,
        "public_transport": null,
        "source_name": "OpenStreetMap Overpass API",
        "source_url": "https://overpass-api.de/api/interpreter",
        "generated_at": "2026-06-29T00:09:48.931378+00:00",
        "data_confidence": "medium",
        "assigned_zone_name": "Atepam Italia"
      },
      "geometry": {
        "type": "Point",
        "coordinates": [
          -58.6265851,
          -34.6301737
        ]
      }
    },
    {
      "type": "Feature",
      "properties": {
        "id": "osm_way_1433657175",
        "osm_type": "way",
        "osm_id": 1433657175,
        "name": "Eduardo Bradley",
        "amenity": null,
        "shop": null,
        "leisure": null,
        "landuse": null,
        "highway": "tertiary",
        "railway": null,
        "waterway": null,
        "public_transport": null,
        "source_name": "OpenStreetMap Overpass API",
        "source_url": "https://overpass-api.de/api/interpreter",
        "generated_at": "2026-06-29T00:09:48.931378+00:00",
        "data_confidence": "medium",
        "assigned_zone_name": "Militar"
      },
      "geometry": {
        "type": "Point",
        "coordinates": [
          -58.6254902,
          -34.6256556
        ]
      }
    },
    {
      "type": "Feature",
      "properties": {
        "id": "osm_way_1433657176",
        "osm_type": "way",
        "osm_id": 1433657176,
        "name": "Juan Jufré",
        "amenity": null,
        "shop": null,
        "leisure": null,
        "landuse": null,
        "highway": "tertiary",
        "railway": null,
        "waterway": null,
        "public_transport": null,
        "source_name": "OpenStreetMap Overpass API",
        "source_url": "https://overpass-api.de/api/interpreter",
        "generated_at": "2026-06-29T00:09:48.931378+00:00",
        "data_confidence": "medium",
        "assigned_zone_name": "El Palanco"
      },
      "geometry": {
        "type": "Point",
        "coordinates": [
          -58.6246184,
          -34.6216681
        ]
      }
    },
    {
      "type": "Feature",
      "properties": {
        "id": "osm_way_1433657181",
        "osm_type": "way",
        "osm_id": 1433657181,
        "name": "Avenida Gobernador Valentín Vergara",
        "amenity": null,
        "shop": null,
        "leisure": null,
        "landuse": null,
        "highway": "secondary",
        "railway": null,
        "waterway": null,
        "public_transport": null,
        "source_name": "OpenStreetMap Overpass API",
        "source_url": "https://overpass-api.de/api/interpreter",
        "generated_at": "2026-06-29T00:09:48.931378+00:00",
        "data_confidence": "medium",
        "assigned_zone_name": "Villa Tesei Centro"
      },
      "geometry": {
        "type": "Point",
        "coordinates": [
          -58.6344747,
          -34.6137653
        ]
      }
    },
    {
      "type": "Feature",
      "properties": {
        "id": "osm_way_1433657184",
        "osm_type": "way",
        "osm_id": 1433657184,
        "name": "Eva Perón",
        "amenity": null,
        "shop": null,
        "leisure": null,
        "landuse": null,
        "highway": "tertiary",
        "railway": null,
        "waterway": null,
        "public_transport": null,
        "source_name": "OpenStreetMap Overpass API",
        "source_url": "https://overpass-api.de/api/interpreter",
        "generated_at": "2026-06-29T00:09:48.931378+00:00",
        "data_confidence": "medium",
        "assigned_zone_name": "Parque Quirno"
      },
      "geometry": {
        "type": "Point",
        "coordinates": [
          -58.6276365,
          -34.61094
        ]
      }
    },
    {
      "type": "Feature",
      "properties": {
        "id": "osm_way_1433657185",
        "osm_type": "way",
        "osm_id": 1433657185,
        "name": "Eva Perón",
        "amenity": null,
        "shop": null,
        "leisure": null,
        "landuse": null,
        "highway": "tertiary",
        "railway": null,
        "waterway": null,
        "public_transport": null,
        "source_name": "OpenStreetMap Overpass API",
        "source_url": "https://overpass-api.de/api/interpreter",
        "generated_at": "2026-06-29T00:09:48.931378+00:00",
        "data_confidence": "medium",
        "assigned_zone_name": "Parque Quirno"
      },
      "geometry": {
        "type": "Point",
        "coordinates": [
          -58.6336936,
          -34.6060866
        ]
      }
    },
    {
      "type": "Feature",
      "properties": {
        "id": "osm_way_1433657190",
        "osm_type": "way",
        "osm_id": 1433657190,
        "name": "Manuel Ocampo",
        "amenity": null,
        "shop": null,
        "leisure": null,
        "landuse": null,
        "highway": "tertiary",
        "railway": null,
        "waterway": null,
        "public_transport": null,
        "source_name": "OpenStreetMap Overpass API",
        "source_url": "https://overpass-api.de/api/interpreter",
        "generated_at": "2026-06-29T00:09:48.931378+00:00",
        "data_confidence": "medium",
        "assigned_zone_name": "Nueve de Julio"
      },
      "geometry": {
        "type": "Point",
        "coordinates": [
          -58.6287158,
          -34.5979666
        ]
      }
    },
    {
      "type": "Feature",
      "properties": {
        "id": "osm_way_1433657191",
        "osm_type": "way",
        "osm_id": 1433657191,
        "name": "Manuel Ocampo",
        "amenity": null,
        "shop": null,
        "leisure": null,
        "landuse": null,
        "highway": "tertiary",
        "railway": null,
        "waterway": null,
        "public_transport": null,
        "source_name": "OpenStreetMap Overpass API",
        "source_url": "https://overpass-api.de/api/interpreter",
        "generated_at": "2026-06-29T00:09:48.931378+00:00",
        "data_confidence": "medium",
        "assigned_zone_name": "Nueve de Julio"
      },
      "geometry": {
        "type": "Point",
        "coordinates": [
          -58.6253258,
          -34.595017
        ]
      }
    },
    {
      "type": "Feature",
      "properties": {
        "id": "osm_way_1433657192",
        "osm_type": "way",
        "osm_id": 1433657192,
        "name": "General M. Necochea",
        "amenity": null,
        "shop": null,
        "leisure": null,
        "landuse": null,
        "highway": "tertiary",
        "railway": null,
        "waterway": null,
        "public_transport": null,
        "source_name": "OpenStreetMap Overpass API",
        "source_url": "https://overpass-api.de/api/interpreter",
        "generated_at": "2026-06-29T00:09:48.931378+00:00",
        "data_confidence": "medium",
        "assigned_zone_name": "Hurlingham Centro (Barrio Ingles)"
      },
      "geometry": {
        "type": "Point",
        "coordinates": [
          -58.627091,
          -34.593626
        ]
      }
    },
    {
      "type": "Feature",
      "properties": {
        "id": "osm_way_1433657193",
        "osm_type": "way",
        "osm_id": 1433657193,
        "name": "Avenida Arturo Jauretche",
        "amenity": null,
        "shop": null,
        "leisure": null,
        "landuse": null,
        "highway": "secondary",
        "railway": null,
        "waterway": null,
        "public_transport": null,
        "source_name": "OpenStreetMap Overpass API",
        "source_url": "https://overpass-api.de/api/interpreter",
        "generated_at": "2026-06-29T00:09:48.931378+00:00",
        "data_confidence": "medium",
        "assigned_zone_name": "Hurlingham Centro (Barrio Ingles)"
      },
      "geometry": {
        "type": "Point",
        "coordinates": [
          -58.6355795,
          -34.5921714
        ]
      }
    },
    {
      "type": "Feature",
      "properties": {
        "id": "osm_way_1433657209",
        "osm_type": "way",
        "osm_id": 1433657209,
        "name": "Avenida Arturo Jauretche",
        "amenity": null,
        "shop": null,
        "leisure": null,
        "landuse": null,
        "highway": "secondary",
        "railway": null,
        "waterway": null,
        "public_transport": null,
        "source_name": "OpenStreetMap Overpass API",
        "source_url": "https://overpass-api.de/api/interpreter",
        "generated_at": "2026-06-29T00:09:48.931378+00:00",
        "data_confidence": "medium",
        "assigned_zone_name": "Hurlingham Centro (Barrio Ingles)"
      },
      "geometry": {
        "type": "Point",
        "coordinates": [
          -58.6314518,
          -34.5885638
        ]
      }
    },
    {
      "type": "Feature",
      "properties": {
        "id": "osm_way_1433657210",
        "osm_type": "way",
        "osm_id": 1433657210,
        "name": "Remedios de Escalada",
        "amenity": null,
        "shop": null,
        "leisure": null,
        "landuse": null,
        "highway": "tertiary",
        "railway": null,
        "waterway": null,
        "public_transport": null,
        "source_name": "OpenStreetMap Overpass API",
        "source_url": "https://overpass-api.de/api/interpreter",
        "generated_at": "2026-06-29T00:09:48.931378+00:00",
        "data_confidence": "medium",
        "assigned_zone_name": "Hurlingham Centro (Barrio Ingles)"
      },
      "geometry": {
        "type": "Point",
        "coordinates": [
          -58.6261541,
          -34.5950167
        ]
      }
    },
    {
      "type": "Feature",
      "properties": {
        "id": "osm_way_1433657211",
        "osm_type": "way",
        "osm_id": 1433657211,
        "name": "Avenida Gobernador Valentín Vergara",
        "amenity": null,
        "shop": null,
        "leisure": null,
        "landuse": null,
        "highway": "primary",
        "railway": null,
        "waterway": null,
        "public_transport": null,
        "source_name": "OpenStreetMap Overpass API",
        "source_url": "https://overpass-api.de/api/interpreter",
        "generated_at": "2026-06-29T00:09:48.931378+00:00",
        "data_confidence": "medium",
        "assigned_zone_name": "El Palanco"
      },
      "geometry": {
        "type": "Point",
        "coordinates": [
          -58.6328667,
          -34.6231946
        ]
      }
    },
    {
      "type": "Feature",
      "properties": {
        "id": "osm_way_1433658932",
        "osm_type": "way",
        "osm_id": 1433658932,
        "name": "Pasco",
        "amenity": null,
        "shop": null,
        "leisure": null,
        "landuse": null,
        "highway": "tertiary",
        "railway": null,
        "waterway": null,
        "public_transport": null,
        "source_name": "OpenStreetMap Overpass API",
        "source_url": "https://overpass-api.de/api/interpreter",
        "generated_at": "2026-06-29T00:09:48.931378+00:00",
        "data_confidence": "medium",
        "assigned_zone_name": "Asunción"
      },
      "geometry": {
        "type": "Point",
        "coordinates": [
          -58.6207086,
          -34.6273875
        ]
      }
    },
    {
      "type": "Feature",
      "properties": {
        "id": "osm_way_1433658939",
        "osm_type": "way",
        "osm_id": 1433658939,
        "name": "Eduardo Bradley",
        "amenity": null,
        "shop": null,
        "leisure": null,
        "landuse": null,
        "highway": "tertiary",
        "railway": null,
        "waterway": null,
        "public_transport": null,
        "source_name": "OpenStreetMap Overpass API",
        "source_url": "https://overpass-api.de/api/interpreter",
        "generated_at": "2026-06-29T00:09:48.931378+00:00",
        "data_confidence": "medium",
        "assigned_zone_name": "Militar"
      },
      "geometry": {
        "type": "Point",
        "coordinates": [
          -58.6315059,
          -34.6246583
        ]
      }
    },
    {
      "type": "Feature",
      "properties": {
        "id": "osm_way_1433658942",
        "osm_type": "way",
        "osm_id": 1433658942,
        "name": "Avenida Gobernador Valentín Vergara",
        "amenity": null,
        "shop": null,
        "leisure": null,
        "landuse": null,
        "highway": "primary",
        "railway": null,
        "waterway": null,
        "public_transport": null,
        "source_name": "OpenStreetMap Overpass API",
        "source_url": "https://overpass-api.de/api/interpreter",
        "generated_at": "2026-06-29T00:09:48.931378+00:00",
        "data_confidence": "medium",
        "assigned_zone_name": "El Palanco"
      },
      "geometry": {
        "type": "Point",
        "coordinates": [
          -58.6327996,
          -34.6231813
        ]
      }
    },
    {
      "type": "Feature",
      "properties": {
        "id": "osm_way_1433658943",
        "osm_type": "way",
        "osm_id": 1433658943,
        "name": "Vicente Camargo",
        "amenity": null,
        "shop": null,
        "leisure": null,
        "landuse": null,
        "highway": "primary",
        "railway": null,
        "waterway": null,
        "public_transport": null,
        "source_name": "OpenStreetMap Overpass API",
        "source_url": "https://overpass-api.de/api/interpreter",
        "generated_at": "2026-06-29T00:09:48.931378+00:00",
        "data_confidence": "medium",
        "assigned_zone_name": "La Juanita"
      },
      "geometry": {
        "type": "Point",
        "coordinates": [
          -58.6322964,
          -34.618984
        ]
      }
    },
    {
      "type": "Feature",
      "properties": {
        "id": "osm_way_1433658948",
        "osm_type": "way",
        "osm_id": 1433658948,
        "name": "Juan Jufré",
        "amenity": null,
        "shop": null,
        "leisure": null,
        "landuse": null,
        "highway": "tertiary",
        "railway": null,
        "waterway": null,
        "public_transport": null,
        "source_name": "OpenStreetMap Overpass API",
        "source_url": "https://overpass-api.de/api/interpreter",
        "generated_at": "2026-06-29T00:09:48.931378+00:00",
        "data_confidence": "medium",
        "assigned_zone_name": "Scholnik"
      },
      "geometry": {
        "type": "Point",
        "coordinates": [
          -58.6244517,
          -34.6172368
        ]
      }
    },
    {
      "type": "Feature",
      "properties": {
        "id": "osm_way_1433658949",
        "osm_type": "way",
        "osm_id": 1433658949,
        "name": "Juan Jufré",
        "amenity": null,
        "shop": null,
        "leisure": null,
        "landuse": null,
        "highway": "tertiary",
        "railway": null,
        "waterway": null,
        "public_transport": null,
        "source_name": "OpenStreetMap Overpass API",
        "source_url": "https://overpass-api.de/api/interpreter",
        "generated_at": "2026-06-29T00:09:48.931378+00:00",
        "data_confidence": "medium",
        "assigned_zone_name": "Scholnik"
      },
      "geometry": {
        "type": "Point",
        "coordinates": [
          -58.6244048,
          -34.6124702
        ]
      }
    },
    {
      "type": "Feature",
      "properties": {
        "id": "osm_way_1433658951",
        "osm_type": "way",
        "osm_id": 1433658951,
        "name": "Vicente Camargo",
        "amenity": null,
        "shop": null,
        "leisure": null,
        "landuse": null,
        "highway": "primary",
        "railway": null,
        "waterway": null,
        "public_transport": null,
        "source_name": "OpenStreetMap Overpass API",
        "source_url": "https://overpass-api.de/api/interpreter",
        "generated_at": "2026-06-29T00:09:48.931378+00:00",
        "data_confidence": "medium",
        "assigned_zone_name": "Villa Tesei Centro"
      },
      "geometry": {
        "type": "Point",
        "coordinates": [
          -58.6269542,
          -34.6122019
        ]
      }
    },
    {
      "type": "Feature",
      "properties": {
        "id": "osm_way_1433658952",
        "osm_type": "way",
        "osm_id": 1433658952,
        "name": "Vicente Camargo",
        "amenity": null,
        "shop": null,
        "leisure": null,
        "landuse": null,
        "highway": "primary",
        "railway": null,
        "waterway": null,
        "public_transport": null,
        "source_name": "OpenStreetMap Overpass API",
        "source_url": "https://overpass-api.de/api/interpreter",
        "generated_at": "2026-06-29T00:09:48.931378+00:00",
        "data_confidence": "medium",
        "assigned_zone_name": "Parque Quirno"
      },
      "geometry": {
        "type": "Point",
        "coordinates": [
          -58.6213893,
          -34.6067729
        ]
      }
    },
    {
      "type": "Feature",
      "properties": {
        "id": "osm_way_1433658953",
        "osm_type": "way",
        "osm_id": 1433658953,
        "name": "Felipe Pastre",
        "amenity": null,
        "shop": null,
        "leisure": null,
        "landuse": null,
        "highway": "primary",
        "railway": null,
        "waterway": null,
        "public_transport": null,
        "source_name": "OpenStreetMap Overpass API",
        "source_url": "https://overpass-api.de/api/interpreter",
        "generated_at": "2026-06-29T00:09:48.931378+00:00",
        "data_confidence": "medium",
        "assigned_zone_name": "Parque Quirno"
      },
      "geometry": {
        "type": "Point",
        "coordinates": [
          -58.6221525,
          -34.6064693
        ]
      }
    },
    {
      "type": "Feature",
      "properties": {
        "id": "osm_way_1433658955",
        "osm_type": "way",
        "osm_id": 1433658955,
        "name": "Felipe Pastre",
        "amenity": null,
        "shop": null,
        "leisure": null,
        "landuse": null,
        "highway": "primary",
        "railway": null,
        "waterway": null,
        "public_transport": null,
        "source_name": "OpenStreetMap Overpass API",
        "source_url": "https://overpass-api.de/api/interpreter",
        "generated_at": "2026-06-29T00:09:48.931378+00:00",
        "data_confidence": "medium",
        "assigned_zone_name": "Parque Quirno"
      },
      "geometry": {
        "type": "Point",
        "coordinates": [
          -58.624358,
          -34.6083234
        ]
      }
    },
    {
      "type": "Feature",
      "properties": {
        "id": "osm_way_1433658964",
        "osm_type": "way",
        "osm_id": 1433658964,
        "name": "Paso Morales",
        "amenity": null,
        "shop": null,
        "leisure": null,
        "landuse": null,
        "highway": "secondary",
        "railway": null,
        "waterway": null,
        "public_transport": null,
        "source_name": "OpenStreetMap Overpass API",
        "source_url": "https://overpass-api.de/api/interpreter",
        "generated_at": "2026-06-29T00:09:48.931378+00:00",
        "data_confidence": "medium",
        "assigned_zone_name": "Villa Club"
      },
      "geometry": {
        "type": "Point",
        "coordinates": [
          -58.6405672,
          -34.5699214
        ]
      }
    },
    {
      "type": "Feature",
      "properties": {
        "id": "osm_way_1433658965",
        "osm_type": "way",
        "osm_id": 1433658965,
        "name": "Paso Morales",
        "amenity": null,
        "shop": null,
        "leisure": null,
        "landuse": null,
        "highway": "secondary",
        "railway": null,
        "waterway": null,
        "public_transport": null,
        "source_name": "OpenStreetMap Overpass API",
        "source_url": "https://overpass-api.de/api/interpreter",
        "generated_at": "2026-06-29T00:09:48.931378+00:00",
        "data_confidence": "medium",
        "assigned_zone_name": "Villa Club"
      },
      "geometry": {
        "type": "Point",
        "coordinates": [
          -58.6439326,
          -34.5728763
        ]
      }
    },
    {
      "type": "Feature",
      "properties": {
        "id": "osm_way_1433666748",
        "osm_type": "way",
        "osm_id": 1433666748,
        "name": "Concepción Arenal",
        "amenity": null,
        "shop": null,
        "leisure": null,
        "landuse": null,
        "highway": "primary",
        "railway": null,
        "waterway": null,
        "public_transport": null,
        "source_name": "OpenStreetMap Overpass API",
        "source_url": "https://overpass-api.de/api/interpreter",
        "generated_at": "2026-06-29T00:09:48.931378+00:00",
        "data_confidence": "medium",
        "assigned_zone_name": "Villa Tesei Centro"
      },
      "geometry": {
        "type": "Point",
        "coordinates": [
          -58.632041,
          -34.6138372
        ]
      }
    },
    {
      "type": "Feature",
      "properties": {
        "id": "osm_way_1433666749",
        "osm_type": "way",
        "osm_id": 1433666749,
        "name": "Juan Jufré",
        "amenity": null,
        "shop": null,
        "leisure": null,
        "landuse": null,
        "highway": "tertiary",
        "railway": null,
        "waterway": null,
        "public_transport": null,
        "source_name": "OpenStreetMap Overpass API",
        "source_url": "https://overpass-api.de/api/interpreter",
        "generated_at": "2026-06-29T00:09:48.931378+00:00",
        "data_confidence": "medium",
        "assigned_zone_name": "Scholnik"
      },
      "geometry": {
        "type": "Point",
        "coordinates": [
          -58.6244073,
          -34.6134038
        ]
      }
    },
    {
      "type": "Feature",
      "properties": {
        "id": "osm_way_1433670811",
        "osm_type": "way",
        "osm_id": 1433670811,
        "name": "Mascagni",
        "amenity": null,
        "shop": null,
        "leisure": null,
        "landuse": null,
        "highway": "tertiary",
        "railway": null,
        "waterway": null,
        "public_transport": null,
        "source_name": "OpenStreetMap Overpass API",
        "source_url": "https://overpass-api.de/api/interpreter",
        "generated_at": "2026-06-29T00:09:48.931378+00:00",
        "data_confidence": "medium",
        "assigned_zone_name": "Luna"
      },
      "geometry": {
        "type": "Point",
        "coordinates": [
          -58.6483223,
          -34.6017205
        ]
      }
    },
    {
      "type": "Feature",
      "properties": {
        "id": "osm_way_1433670822",
        "osm_type": "way",
        "osm_id": 1433670822,
        "name": "General Conrado Villegas",
        "amenity": null,
        "shop": null,
        "leisure": null,
        "landuse": null,
        "highway": "tertiary",
        "railway": null,
        "waterway": null,
        "public_transport": null,
        "source_name": "OpenStreetMap Overpass API",
        "source_url": "https://overpass-api.de/api/interpreter",
        "generated_at": "2026-06-29T00:09:48.931378+00:00",
        "data_confidence": "medium",
        "assigned_zone_name": "Primero de Mayo"
      },
      "geometry": {
        "type": "Point",
        "coordinates": [
          -58.6589541,
          -34.5829152
        ]
      }
    },
    {
      "type": "Feature",
      "properties": {
        "id": "osm_way_1433670823",
        "osm_type": "way",
        "osm_id": 1433670823,
        "name": "Planes",
        "amenity": null,
        "shop": null,
        "leisure": null,
        "landuse": null,
        "highway": "tertiary",
        "railway": null,
        "waterway": null,
        "public_transport": null,
        "source_name": "OpenStreetMap Overpass API",
        "source_url": "https://overpass-api.de/api/interpreter",
        "generated_at": "2026-06-29T00:09:48.931378+00:00",
        "data_confidence": "medium",
        "assigned_zone_name": "Belgrano"
      },
      "geometry": {
        "type": "Point",
        "coordinates": [
          -58.6583672,
          -34.5809426
        ]
      }
    },
    {
      "type": "Feature",
      "properties": {
        "id": "osm_way_1433670830",
        "osm_type": "way",
        "osm_id": 1433670830,
        "name": "Avenida Julio Argentino Roca",
        "amenity": null,
        "shop": null,
        "leisure": null,
        "landuse": null,
        "highway": "primary",
        "railway": null,
        "waterway": null,
        "public_transport": null,
        "source_name": "OpenStreetMap Overpass API",
        "source_url": "https://overpass-api.de/api/interpreter",
        "generated_at": "2026-06-29T00:09:48.931378+00:00",
        "data_confidence": "medium",
        "assigned_zone_name": "Juan B. de Lasalle"
      },
      "geometry": {
        "type": "Point",
        "coordinates": [
          -58.6420038,
          -34.5783107
        ]
      }
    },
    {
      "type": "Feature",
      "properties": {
        "id": "osm_way_1433670833",
        "osm_type": "way",
        "osm_id": 1433670833,
        "name": "Avenida Julio Argentino Roca",
        "amenity": null,
        "shop": null,
        "leisure": null,
        "landuse": null,
        "highway": "primary",
        "railway": null,
        "waterway": null,
        "public_transport": null,
        "source_name": "OpenStreetMap Overpass API",
        "source_url": "https://overpass-api.de/api/interpreter",
        "generated_at": "2026-06-29T00:09:48.931378+00:00",
        "data_confidence": "medium",
        "assigned_zone_name": "Juan B. de Lasalle"
      },
      "geometry": {
        "type": "Point",
        "coordinates": [
          -58.6423528,
          -34.5780454
        ]
      }
    },
    {
      "type": "Feature",
      "properties": {
        "id": "osm_way_1433670834",
        "osm_type": "way",
        "osm_id": 1433670834,
        "name": "José Bustamante y Guevara",
        "amenity": null,
        "shop": null,
        "leisure": null,
        "landuse": null,
        "highway": "tertiary",
        "railway": null,
        "waterway": null,
        "public_transport": null,
        "source_name": "OpenStreetMap Overpass API",
        "source_url": "https://overpass-api.de/api/interpreter",
        "generated_at": "2026-06-29T00:09:48.931378+00:00",
        "data_confidence": "medium",
        "assigned_zone_name": "Parque Jhonston"
      },
      "geometry": {
        "type": "Point",
        "coordinates": [
          -58.6469326,
          -34.5954796
        ]
      }
    },
    {
      "type": "Feature",
      "properties": {
        "id": "osm_way_1433670839",
        "osm_type": "way",
        "osm_id": 1433670839,
        "name": "José Bustamante y Guevara",
        "amenity": null,
        "shop": null,
        "leisure": null,
        "landuse": null,
        "highway": "tertiary",
        "railway": null,
        "waterway": null,
        "public_transport": null,
        "source_name": "OpenStreetMap Overpass API",
        "source_url": "https://overpass-api.de/api/interpreter",
        "generated_at": "2026-06-29T00:09:48.931378+00:00",
        "data_confidence": "medium",
        "assigned_zone_name": "Parque Jhonston"
      },
      "geometry": {
        "type": "Point",
        "coordinates": [
          -58.6370225,
          -34.6034172
        ]
      }
    },
    {
      "type": "Feature",
      "properties": {
        "id": "osm_way_1433670840",
        "osm_type": "way",
        "osm_id": 1433670840,
        "name": "Avenida Gobernador Valentín Vergara",
        "amenity": null,
        "shop": null,
        "leisure": null,
        "landuse": null,
        "highway": "secondary",
        "railway": null,
        "waterway": null,
        "public_transport": null,
        "source_name": "OpenStreetMap Overpass API",
        "source_url": "https://overpass-api.de/api/interpreter",
        "generated_at": "2026-06-29T00:09:48.931378+00:00",
        "data_confidence": "medium",
        "assigned_zone_name": "Parque Quirno"
      },
      "geometry": {
        "type": "Point",
        "coordinates": [
          -58.6353403,
          -34.6036852
        ]
      }
    },
    {
      "type": "Feature",
      "properties": {
        "id": "osm_way_1433681134",
        "osm_type": "way",
        "osm_id": 1433681134,
        "name": "Avenida Julio Argentino Roca",
        "amenity": null,
        "shop": null,
        "leisure": null,
        "landuse": null,
        "highway": "primary",
        "railway": null,
        "waterway": null,
        "public_transport": null,
        "source_name": "OpenStreetMap Overpass API",
        "source_url": "https://overpass-api.de/api/interpreter",
        "generated_at": "2026-06-29T00:09:48.931378+00:00",
        "data_confidence": "medium",
        "assigned_zone_name": "Villa Alemania"
      },
      "geometry": {
        "type": "Point",
        "coordinates": [
          -58.6231374,
          -34.5931195
        ]
      }
    },
    {
      "type": "Feature",
      "properties": {
        "id": "osm_way_1433681141",
        "osm_type": "way",
        "osm_id": 1433681141,
        "name": "Avenida General O'Brien",
        "amenity": null,
        "shop": null,
        "leisure": null,
        "landuse": null,
        "highway": "secondary",
        "railway": null,
        "waterway": null,
        "public_transport": null,
        "source_name": "OpenStreetMap Overpass API",
        "source_url": "https://overpass-api.de/api/interpreter",
        "generated_at": "2026-06-29T00:09:48.931378+00:00",
        "data_confidence": "medium",
        "assigned_zone_name": "Jorge Newbery"
      },
      "geometry": {
        "type": "Point",
        "coordinates": [
          -58.6215735,
          -34.5844967
        ]
      }
    },
    {
      "type": "Feature",
      "properties": {
        "id": "osm_way_1433681145",
        "osm_type": "way",
        "osm_id": 1433681145,
        "name": "Avenida Julio Argentino Roca",
        "amenity": null,
        "shop": null,
        "leisure": null,
        "landuse": null,
        "highway": "primary",
        "railway": null,
        "waterway": null,
        "public_transport": null,
        "source_name": "OpenStreetMap Overpass API",
        "source_url": "https://overpass-api.de/api/interpreter",
        "generated_at": "2026-06-29T00:09:48.931378+00:00",
        "data_confidence": "medium",
        "assigned_zone_name": "Villa Alemania"
      },
      "geometry": {
        "type": "Point",
        "coordinates": [
          -58.6214028,
          -34.5943731
        ]
      }
    },
    {
      "type": "Feature",
      "properties": {
        "id": "osm_way_1433682783",
        "osm_type": "way",
        "osm_id": 1433682783,
        "name": "Avenida Gobernador Valentín Vergara",
        "amenity": null,
        "shop": null,
        "leisure": null,
        "landuse": null,
        "highway": "primary",
        "railway": null,
        "waterway": null,
        "public_transport": null,
        "source_name": "OpenStreetMap Overpass API",
        "source_url": "https://overpass-api.de/api/interpreter",
        "generated_at": "2026-06-29T00:09:48.931378+00:00",
        "data_confidence": "medium",
        "assigned_zone_name": "Atepam Italia"
      },
      "geometry": {
        "type": "Point",
        "coordinates": [
          -58.6310373,
          -34.6281058
        ]
      }
    },
    {
      "type": "Feature",
      "properties": {
        "id": "osm_way_1433682787",
        "osm_type": "way",
        "osm_id": 1433682787,
        "name": "José de Malarredo",
        "amenity": null,
        "shop": null,
        "leisure": null,
        "landuse": null,
        "highway": "tertiary",
        "railway": null,
        "waterway": null,
        "public_transport": null,
        "source_name": "OpenStreetMap Overpass API",
        "source_url": "https://overpass-api.de/api/interpreter",
        "generated_at": "2026-06-29T00:09:48.931378+00:00",
        "data_confidence": "medium",
        "assigned_zone_name": "El Progreso"
      },
      "geometry": {
        "type": "Point",
        "coordinates": [
          -58.6401922,
          -34.6220963
        ]
      }
    },
    {
      "type": "Feature",
      "properties": {
        "id": "osm_way_1433682788",
        "osm_type": "way",
        "osm_id": 1433682788,
        "name": "Félix Frías",
        "amenity": null,
        "shop": null,
        "leisure": null,
        "landuse": null,
        "highway": "tertiary",
        "railway": null,
        "waterway": null,
        "public_transport": null,
        "source_name": "OpenStreetMap Overpass API",
        "source_url": "https://overpass-api.de/api/interpreter",
        "generated_at": "2026-06-29T00:09:48.931378+00:00",
        "data_confidence": "medium",
        "assigned_zone_name": "Mitre"
      },
      "geometry": {
        "type": "Point",
        "coordinates": [
          -58.6435823,
          -34.6094802
        ]
      }
    },
    {
      "type": "Feature",
      "properties": {
        "id": "osm_way_1433682791",
        "osm_type": "way",
        "osm_id": 1433682791,
        "name": "Avenida General Pedro Díaz",
        "amenity": null,
        "shop": null,
        "leisure": null,
        "landuse": null,
        "highway": "secondary",
        "railway": null,
        "waterway": null,
        "public_transport": null,
        "source_name": "OpenStreetMap Overpass API",
        "source_url": "https://overpass-api.de/api/interpreter",
        "generated_at": "2026-06-29T00:09:48.931378+00:00",
        "data_confidence": "medium",
        "assigned_zone_name": "Luna"
      },
      "geometry": {
        "type": "Point",
        "coordinates": [
          -58.6477818,
          -34.6049927
        ]
      }
    },
    {
      "type": "Feature",
      "properties": {
        "id": "osm_way_1433682798",
        "osm_type": "way",
        "osm_id": 1433682798,
        "name": "Germán Argerich",
        "amenity": null,
        "shop": null,
        "leisure": null,
        "landuse": null,
        "highway": "tertiary",
        "railway": null,
        "waterway": null,
        "public_transport": null,
        "source_name": "OpenStreetMap Overpass API",
        "source_url": "https://overpass-api.de/api/interpreter",
        "generated_at": "2026-06-29T00:09:48.931378+00:00",
        "data_confidence": "medium",
        "assigned_zone_name": "Parque Jhonston"
      },
      "geometry": {
        "type": "Point",
        "coordinates": [
          -58.6367252,
          -34.5924114
        ]
      }
    },
    {
      "type": "Feature",
      "properties": {
        "id": "osm_way_1433683975",
        "osm_type": "way",
        "osm_id": 1433683975,
        "name": "José de Malarredo",
        "amenity": null,
        "shop": null,
        "leisure": null,
        "landuse": null,
        "highway": "tertiary",
        "railway": null,
        "waterway": null,
        "public_transport": null,
        "source_name": "OpenStreetMap Overpass API",
        "source_url": "https://overpass-api.de/api/interpreter",
        "generated_at": "2026-06-29T00:09:48.931378+00:00",
        "data_confidence": "medium",
        "assigned_zone_name": "Mitre"
      },
      "geometry": {
        "type": "Point",
        "coordinates": [
          -58.6495385,
          -34.6145765
        ]
      }
    },
    {
      "type": "Feature",
      "properties": {
        "id": "osm_way_1433683977",
        "osm_type": "way",
        "osm_id": 1433683977,
        "name": "José de Malarredo",
        "amenity": null,
        "shop": null,
        "leisure": null,
        "landuse": null,
        "highway": "tertiary",
        "railway": null,
        "waterway": null,
        "public_transport": null,
        "source_name": "OpenStreetMap Overpass API",
        "source_url": "https://overpass-api.de/api/interpreter",
        "generated_at": "2026-06-29T00:09:48.931378+00:00",
        "data_confidence": "medium",
        "assigned_zone_name": "Mitre"
      },
      "geometry": {
        "type": "Point",
        "coordinates": [
          -58.64797,
          -34.6158476
        ]
      }
    },
    {
      "type": "Feature",
      "properties": {
        "id": "osm_way_1433683985",
        "osm_type": "way",
        "osm_id": 1433683985,
        "name": "José Bustamante y Guevara",
        "amenity": null,
        "shop": null,
        "leisure": null,
        "landuse": null,
        "highway": "tertiary",
        "railway": null,
        "waterway": null,
        "public_transport": null,
        "source_name": "OpenStreetMap Overpass API",
        "source_url": "https://overpass-api.de/api/interpreter",
        "generated_at": "2026-06-29T00:09:48.931378+00:00",
        "data_confidence": "medium",
        "assigned_zone_name": "Parque Jhonston"
      },
      "geometry": {
        "type": "Point",
        "coordinates": [
          -58.6392441,
          -34.6016374
        ]
      }
    },
    {
      "type": "Feature",
      "properties": {
        "id": "osm_way_1433683986",
        "osm_type": "way",
        "osm_id": 1433683986,
        "name": "José Bustamante y Guevara",
        "amenity": null,
        "shop": null,
        "leisure": null,
        "landuse": null,
        "highway": "tertiary",
        "railway": null,
        "waterway": null,
        "public_transport": null,
        "source_name": "OpenStreetMap Overpass API",
        "source_url": "https://overpass-api.de/api/interpreter",
        "generated_at": "2026-06-29T00:09:48.931378+00:00",
        "data_confidence": "medium",
        "assigned_zone_name": "Parque Jhonston"
      },
      "geometry": {
        "type": "Point",
        "coordinates": [
          -58.6425377,
          -34.5989969
        ]
      }
    },
    {
      "type": "Feature",
      "properties": {
        "id": "osm_way_1433683987",
        "osm_type": "way",
        "osm_id": 1433683987,
        "name": "Mascagni",
        "amenity": null,
        "shop": null,
        "leisure": null,
        "landuse": null,
        "highway": "tertiary",
        "railway": null,
        "waterway": null,
        "public_transport": null,
        "source_name": "OpenStreetMap Overpass API",
        "source_url": "https://overpass-api.de/api/interpreter",
        "generated_at": "2026-06-29T00:09:48.931378+00:00",
        "data_confidence": "medium",
        "assigned_zone_name": "Parque Jhonston"
      },
      "geometry": {
        "type": "Point",
        "coordinates": [
          -58.645258,
          -34.5990876
        ]
      }
    },
    {
      "type": "Feature",
      "properties": {
        "id": "osm_way_1433683988",
        "osm_type": "way",
        "osm_id": 1433683988,
        "name": "Avenida Julio Argentino Roca",
        "amenity": null,
        "shop": null,
        "leisure": null,
        "landuse": null,
        "highway": "primary",
        "railway": null,
        "waterway": null,
        "public_transport": null,
        "source_name": "OpenStreetMap Overpass API",
        "source_url": "https://overpass-api.de/api/interpreter",
        "generated_at": "2026-06-29T00:09:48.931378+00:00",
        "data_confidence": "medium",
        "assigned_zone_name": "Hurlingham Centro (Barrio Ingles)"
      },
      "geometry": {
        "type": "Point",
        "coordinates": [
          -58.6272817,
          -34.5898619
        ]
      }
    },
    {
      "type": "Feature",
      "properties": {
        "id": "osm_way_1433683990",
        "osm_type": "way",
        "osm_id": 1433683990,
        "name": "Mascagni",
        "amenity": null,
        "shop": null,
        "leisure": null,
        "landuse": null,
        "highway": "tertiary",
        "railway": null,
        "waterway": null,
        "public_transport": null,
        "source_name": "OpenStreetMap Overpass API",
        "source_url": "https://overpass-api.de/api/interpreter",
        "generated_at": "2026-06-29T00:09:48.931378+00:00",
        "data_confidence": "medium",
        "assigned_zone_name": "Parque Jhonston"
      },
      "geometry": {
        "type": "Point",
        "coordinates": [
          -58.6434413,
          -34.5975167
        ]
      }
    },
    {
      "type": "Feature",
      "properties": {
        "id": "osm_way_1433683993",
        "osm_type": "way",
        "osm_id": 1433683993,
        "name": "José Bustamante y Guevara",
        "amenity": null,
        "shop": null,
        "leisure": null,
        "landuse": null,
        "highway": "tertiary",
        "railway": null,
        "waterway": null,
        "public_transport": null,
        "source_name": "OpenStreetMap Overpass API",
        "source_url": "https://overpass-api.de/api/interpreter",
        "generated_at": "2026-06-29T00:09:48.931378+00:00",
        "data_confidence": "medium",
        "assigned_zone_name": "Parque Jhonston"
      },
      "geometry": {
        "type": "Point",
        "coordinates": [
          -58.6443546,
          -34.5975482
        ]
      }
    },
    {
      "type": "Feature",
      "properties": {
        "id": "osm_way_1433683998",
        "osm_type": "way",
        "osm_id": 1433683998,
        "name": "Avenida General Pedro Díaz",
        "amenity": null,
        "shop": null,
        "leisure": null,
        "landuse": null,
        "highway": "secondary",
        "railway": null,
        "waterway": null,
        "public_transport": null,
        "source_name": "OpenStreetMap Overpass API",
        "source_url": "https://overpass-api.de/api/interpreter",
        "generated_at": "2026-06-29T00:09:48.931378+00:00",
        "data_confidence": "medium",
        "assigned_zone_name": "Villa Tesei Centro"
      },
      "geometry": {
        "type": "Point",
        "coordinates": [
          -58.6366578,
          -34.6138952
        ]
      }
    },
    {
      "type": "Feature",
      "properties": {
        "id": "osm_way_1436428874",
        "osm_type": "way",
        "osm_id": 1436428874,
        "name": "Doctor Nicolás Repetto",
        "amenity": null,
        "shop": null,
        "leisure": null,
        "landuse": null,
        "highway": "tertiary",
        "railway": null,
        "waterway": null,
        "public_transport": null,
        "source_name": "OpenStreetMap Overpass API",
        "source_url": "https://overpass-api.de/api/interpreter",
        "generated_at": "2026-06-29T00:09:48.931378+00:00",
        "data_confidence": "medium",
        "assigned_zone_name": "El Libertador"
      },
      "geometry": {
        "type": "Point",
        "coordinates": [
          -58.6542224,
          -34.629911
        ]
      }
    },
    {
      "type": "Feature",
      "properties": {
        "id": "osm_way_1441545013",
        "osm_type": "way",
        "osm_id": 1441545013,
        "name": "Blandengues",
        "amenity": null,
        "shop": null,
        "leisure": null,
        "landuse": null,
        "highway": "tertiary",
        "railway": null,
        "waterway": null,
        "public_transport": null,
        "source_name": "OpenStreetMap Overpass API",
        "source_url": "https://overpass-api.de/api/interpreter",
        "generated_at": "2026-06-29T00:09:48.931378+00:00",
        "data_confidence": "medium",
        "assigned_zone_name": "Asunción"
      },
      "geometry": {
        "type": "Point",
        "coordinates": [
          -58.6199475,
          -34.6275867
        ]
      }
    },
    {
      "type": "Feature",
      "properties": {
        "id": "osm_way_1454316117",
        "osm_type": "way",
        "osm_id": 1454316117,
        "name": "Avenida Gobernador Valentín Vergara",
        "amenity": null,
        "shop": null,
        "leisure": null,
        "landuse": null,
        "highway": "primary",
        "railway": null,
        "waterway": null,
        "public_transport": null,
        "source_name": "OpenStreetMap Overpass API",
        "source_url": "https://overpass-api.de/api/interpreter",
        "generated_at": "2026-06-29T00:09:48.931378+00:00",
        "data_confidence": "medium",
        "assigned_zone_name": "El Palanco"
      },
      "geometry": {
        "type": "Point",
        "coordinates": [
          -58.6331379,
          -34.6222367
        ]
      }
    },
    {
      "type": "Feature",
      "properties": {
        "id": "osm_way_1454316119",
        "osm_type": "way",
        "osm_id": 1454316119,
        "name": "Avenida Gobernador Valentín Vergara",
        "amenity": null,
        "shop": null,
        "leisure": null,
        "landuse": null,
        "highway": "primary",
        "railway": null,
        "waterway": null,
        "public_transport": null,
        "source_name": "OpenStreetMap Overpass API",
        "source_url": "https://overpass-api.de/api/interpreter",
        "generated_at": "2026-06-29T00:09:48.931378+00:00",
        "data_confidence": "medium",
        "assigned_zone_name": "El Palanco"
      },
      "geometry": {
        "type": "Point",
        "coordinates": [
          -58.6332101,
          -34.6222444
        ]
      }
    },
    {
      "type": "Feature",
      "properties": {
        "id": "osm_way_1465475484",
        "osm_type": "way",
        "osm_id": 1465475484,
        "name": "Avenida Gobernador Valentín Vergara",
        "amenity": null,
        "shop": null,
        "leisure": null,
        "landuse": null,
        "highway": "primary",
        "railway": null,
        "waterway": null,
        "public_transport": null,
        "source_name": "OpenStreetMap Overpass API",
        "source_url": "https://overpass-api.de/api/interpreter",
        "generated_at": "2026-06-29T00:09:48.931378+00:00",
        "data_confidence": "medium",
        "assigned_zone_name": "Juan B. de Lasalle"
      },
      "geometry": {
        "type": "Point",
        "coordinates": [
          -58.6423985,
          -34.5776779
        ]
      }
    },
    {
      "type": "Feature",
      "properties": {
        "id": "osm_way_1476458419",
        "osm_type": "way",
        "osm_id": 1476458419,
        "name": "Vicente Camargo",
        "amenity": null,
        "shop": null,
        "leisure": null,
        "landuse": null,
        "highway": "primary",
        "railway": null,
        "waterway": null,
        "public_transport": null,
        "source_name": "OpenStreetMap Overpass API",
        "source_url": "https://overpass-api.de/api/interpreter",
        "generated_at": "2026-06-29T00:09:48.931378+00:00",
        "data_confidence": "medium",
        "assigned_zone_name": "Scholnik"
      },
      "geometry": {
        "type": "Point",
        "coordinates": [
          -58.6277015,
          -34.6131469
        ]
      }
    },
    {
      "type": "Feature",
      "properties": {
        "id": "osm_way_1476469579",
        "osm_type": "way",
        "osm_id": 1476469579,
        "name": "Paso Morales",
        "amenity": null,
        "shop": null,
        "leisure": null,
        "landuse": null,
        "highway": "secondary",
        "railway": null,
        "waterway": null,
        "public_transport": null,
        "source_name": "OpenStreetMap Overpass API",
        "source_url": "https://overpass-api.de/api/interpreter",
        "generated_at": "2026-06-29T00:09:48.931378+00:00",
        "data_confidence": "medium",
        "assigned_zone_name": "Villa Club"
      },
      "geometry": {
        "type": "Point",
        "coordinates": [
          -58.6400273,
          -34.569445
        ]
      }
    },
    {
      "type": "Feature",
      "properties": {
        "id": "osm_way_1477874343",
        "osm_type": "way",
        "osm_id": 1477874343,
        "name": null,
        "amenity": null,
        "shop": null,
        "leisure": null,
        "landuse": "industrial",
        "highway": null,
        "railway": null,
        "waterway": null,
        "public_transport": null,
        "source_name": "OpenStreetMap Overpass API",
        "source_url": "https://overpass-api.de/api/interpreter",
        "generated_at": "2026-06-29T00:09:48.931378+00:00",
        "data_confidence": "medium",
        "assigned_zone_name": "Villa Alemania"
      },
      "geometry": {
        "type": "Point",
        "coordinates": [
          -58.6196295,
          -34.5896087
        ]
      }
    },
    {
      "type": "Feature",
      "properties": {
        "id": "osm_way_1526282273",
        "osm_type": "way",
        "osm_id": 1526282273,
        "name": "Avenida Gobernador Valentín Vergara",
        "amenity": null,
        "shop": null,
        "leisure": null,
        "landuse": null,
        "highway": "primary",
        "railway": null,
        "waterway": null,
        "public_transport": null,
        "source_name": "OpenStreetMap Overpass API",
        "source_url": "https://overpass-api.de/api/interpreter",
        "generated_at": "2026-06-29T00:09:48.931378+00:00",
        "data_confidence": "medium",
        "assigned_zone_name": "Prensa"
      },
      "geometry": {
        "type": "Point",
        "coordinates": [
          -58.6309173,
          -34.6286898
        ]
      }
    },
    {
      "type": "Feature",
      "properties": {
        "id": "osm_relation_6475408",
        "osm_type": "relation",
        "osm_id": 6475408,
        "name": "Ex-Rousselot",
        "amenity": null,
        "shop": null,
        "leisure": null,
        "landuse": "industrial",
        "highway": null,
        "railway": null,
        "waterway": null,
        "public_transport": null,
        "source_name": "OpenStreetMap Overpass API",
        "source_url": "https://overpass-api.de/api/interpreter",
        "generated_at": "2026-06-29T00:09:48.931378+00:00",
        "data_confidence": "medium",
        "assigned_zone_name": "Villa Tesei Centro"
      },
      "geometry": {
        "type": "Point",
        "coordinates": [
          -58.6365085,
          -34.6106273
        ]
      }
    }
  ]
}
