{
  "type": "FeatureCollection",
  "name": "transport_stops_hurlingham",
  "metadata": {
    "generated_at": "2026-06-13T00:57:25.261787+00:00",
    "crs": "EPSG:4326",
    "scope": "Partido de Hurlingham, Buenos Aires, Argentina",
    "source_name": "OpenStreetMap Overpass API",
    "source_url": "https://overpass-api.de/api/interpreter",
    "license": "Open Database License (ODbL)",
    "raw_output": "data/raw/osm/overpass_hurlingham_base.json",
    "query_bbox": [
      -34.66,
      -58.72,
      -34.54,
      -58.58
    ],
    "data_confidence": "medium",
    "notes": "Features are extracted by bbox then clipped/intersected against local Hurlingham zones."
  },
  "features": [
    {
      "type": "Feature",
      "properties": {
        "id": "osm_node_244472245",
        "osm_type": "node",
        "osm_id": 244472245,
        "name": "William Morris",
        "amenity": null,
        "shop": null,
        "leisure": null,
        "landuse": null,
        "highway": null,
        "railway": "stop",
        "waterway": null,
        "public_transport": "stop_position",
        "source_name": "OpenStreetMap Overpass API",
        "source_url": "https://overpass-api.de/api/interpreter",
        "generated_at": "2026-06-13T00:57:25.261787+00:00",
        "data_confidence": "medium",
        "assigned_zone_name": "Belgrano",
        "source_geometry_type": "Point"
      },
      "geometry": {
        "type": "Point",
        "coordinates": [
          -58.6567811,
          -34.5783778
        ]
      }
    },
    {
      "type": "Feature",
      "properties": {
        "id": "osm_node_244472386",
        "osm_type": "node",
        "osm_id": 244472386,
        "name": "Juan B. de La Salle",
        "amenity": null,
        "shop": null,
        "leisure": null,
        "landuse": null,
        "highway": null,
        "railway": "stop",
        "waterway": null,
        "public_transport": "stop_position",
        "source_name": "OpenStreetMap Overpass API",
        "source_url": "https://overpass-api.de/api/interpreter",
        "generated_at": "2026-06-13T00:57:25.261787+00:00",
        "data_confidence": "medium",
        "assigned_zone_name": "Juan B. de Lasalle",
        "source_geometry_type": "Point"
      },
      "geometry": {
        "type": "Point",
        "coordinates": [
          -58.6455418,
          -34.5732629
        ]
      }
    },
    {
      "type": "Feature",
      "properties": {
        "id": "osm_node_298933201",
        "osm_type": "node",
        "osm_id": 298933201,
        "name": "Ejército de los Andes",
        "amenity": null,
        "shop": null,
        "leisure": null,
        "landuse": null,
        "highway": null,
        "railway": "stop",
        "waterway": null,
        "public_transport": "stop_position",
        "source_name": "OpenStreetMap Overpass API",
        "source_url": "https://overpass-api.de/api/interpreter",
        "generated_at": "2026-06-13T00:57:25.261787+00:00",
        "data_confidence": "medium",
        "assigned_zone_name": "Villa Club",
        "source_geometry_type": "Point"
      },
      "geometry": {
        "type": "Point",
        "coordinates": [
          -58.6402908,
          -34.5802059
        ]
      }
    },
    {
      "type": "Feature",
      "properties": {
        "id": "osm_node_790628772",
        "osm_type": "node",
        "osm_id": 790628772,
        "name": "Hurlingham",
        "amenity": null,
        "shop": null,
        "leisure": null,
        "landuse": null,
        "highway": null,
        "railway": "stop",
        "waterway": null,
        "public_transport": "stop_position",
        "source_name": "OpenStreetMap Overpass API",
        "source_url": "https://overpass-api.de/api/interpreter",
        "generated_at": "2026-06-13T00:57:25.261787+00:00",
        "data_confidence": "medium",
        "assigned_zone_name": "Hurlingham Centro",
        "source_geometry_type": "Point"
      },
      "geometry": {
        "type": "Point",
        "coordinates": [
          -58.6323345,
          -34.5911735
        ]
      }
    },
    {
      "type": "Feature",
      "properties": {
        "id": "osm_node_791151883",
        "osm_type": "node",
        "osm_id": 791151883,
        "name": "Jorge Newbery",
        "amenity": null,
        "shop": null,
        "leisure": null,
        "landuse": null,
        "highway": null,
        "railway": "stop",
        "waterway": null,
        "public_transport": "stop_position",
        "source_name": "OpenStreetMap Overpass API",
        "source_url": "https://overpass-api.de/api/interpreter",
        "generated_at": "2026-06-13T00:57:25.261787+00:00",
        "data_confidence": "medium",
        "assigned_zone_name": "Jorge Newbery",
        "source_geometry_type": "Point"
      },
      "geometry": {
        "type": "Point",
        "coordinates": [
          -58.6217935,
          -34.5878113
        ]
      }
    },
    {
      "type": "Feature",
      "properties": {
        "id": "osm_node_1532790433",
        "osm_type": "node",
        "osm_id": 1532790433,
        "name": "Juan B. de La Salle",
        "amenity": null,
        "shop": null,
        "leisure": null,
        "landuse": null,
        "highway": null,
        "railway": "stop",
        "waterway": null,
        "public_transport": "stop_position",
        "source_name": "OpenStreetMap Overpass API",
        "source_url": "https://overpass-api.de/api/interpreter",
        "generated_at": "2026-06-13T00:57:25.261787+00:00",
        "data_confidence": "medium",
        "assigned_zone_name": "Juan B. de Lasalle",
        "source_geometry_type": "Point"
      },
      "geometry": {
        "type": "Point",
        "coordinates": [
          -58.6456282,
          -34.573336
        ]
      }
    },
    {
      "type": "Feature",
      "properties": {
        "id": "osm_node_1533321301",
        "osm_type": "node",
        "osm_id": 1533321301,
        "name": "Ejército de los Andes",
        "amenity": null,
        "shop": null,
        "leisure": null,
        "landuse": null,
        "highway": null,
        "railway": "stop",
        "waterway": null,
        "public_transport": "stop_position",
        "source_name": "OpenStreetMap Overpass API",
        "source_url": "https://overpass-api.de/api/interpreter",
        "generated_at": "2026-06-13T00:57:25.261787+00:00",
        "data_confidence": "medium",
        "assigned_zone_name": "Villa Club",
        "source_geometry_type": "Point"
      },
      "geometry": {
        "type": "Point",
        "coordinates": [
          -58.6403961,
          -34.5802314
        ]
      }
    },
    {
      "type": "Feature",
      "properties": {
        "id": "osm_node_2349908737",
        "osm_type": "node",
        "osm_id": 2349908737,
        "name": "Rubén Darío",
        "amenity": null,
        "shop": null,
        "leisure": null,
        "landuse": null,
        "highway": null,
        "railway": "stop",
        "waterway": null,
        "public_transport": "stop_position",
        "source_name": "OpenStreetMap Overpass API",
        "source_url": "https://overpass-api.de/api/interpreter",
        "generated_at": "2026-06-13T00:57:25.261787+00:00",
        "data_confidence": "medium",
        "assigned_zone_name": "Villa Club",
        "source_geometry_type": "Point"
      },
      "geometry": {
        "type": "Point",
        "coordinates": [
          -58.6313895,
          -34.5874575
        ]
      }
    },
    {
      "type": "Feature",
      "properties": {
        "id": "osm_node_2608541061",
        "osm_type": "node",
        "osm_id": 2608541061,
        "name": "Hurlingham",
        "amenity": null,
        "shop": null,
        "leisure": null,
        "landuse": null,
        "highway": null,
        "railway": "stop",
        "waterway": null,
        "public_transport": "stop_position",
        "source_name": "OpenStreetMap Overpass API",
        "source_url": "https://overpass-api.de/api/interpreter",
        "generated_at": "2026-06-13T00:57:25.261787+00:00",
        "data_confidence": "medium",
        "assigned_zone_name": "Hurlingham Centro",
        "source_geometry_type": "Point"
      },
      "geometry": {
        "type": "Point",
        "coordinates": [
          -58.632286,
          -34.5910672
        ]
      }
    },
    {
      "type": "Feature",
      "properties": {
        "id": "osm_node_2608541077",
        "osm_type": "node",
        "osm_id": 2608541077,
        "name": "William Morris",
        "amenity": null,
        "shop": null,
        "leisure": null,
        "landuse": null,
        "highway": null,
        "railway": "stop",
        "waterway": null,
        "public_transport": "stop_position",
        "source_name": "OpenStreetMap Overpass API",
        "source_url": "https://overpass-api.de/api/interpreter",
        "generated_at": "2026-06-13T00:57:25.261787+00:00",
        "data_confidence": "medium",
        "assigned_zone_name": "Roca 1",
        "source_geometry_type": "Point"
      },
      "geometry": {
        "type": "Point",
        "coordinates": [
          -58.6567743,
          -34.5783411
        ]
      }
    },
    {
      "type": "Feature",
      "properties": {
        "id": "osm_node_2687468270",
        "osm_type": "node",
        "osm_id": 2687468270,
        "name": "Jorge Newbery",
        "amenity": null,
        "shop": null,
        "leisure": null,
        "landuse": null,
        "highway": null,
        "railway": "stop",
        "waterway": null,
        "public_transport": "stop_position",
        "source_name": "OpenStreetMap Overpass API",
        "source_url": "https://overpass-api.de/api/interpreter",
        "generated_at": "2026-06-13T00:57:25.261787+00:00",
        "data_confidence": "medium",
        "assigned_zone_name": "Jorge Newbery",
        "source_geometry_type": "Point"
      },
      "geometry": {
        "type": "Point",
        "coordinates": [
          -58.620332,
          -34.5878999
        ]
      }
    },
    {
      "type": "Feature",
      "properties": {
        "id": "osm_node_2687468344",
        "osm_type": "node",
        "osm_id": 2687468344,
        "name": "Rubén Darío",
        "amenity": null,
        "shop": null,
        "leisure": null,
        "landuse": null,
        "highway": null,
        "railway": "stop",
        "waterway": null,
        "public_transport": "stop_position",
        "source_name": "OpenStreetMap Overpass API",
        "source_url": "https://overpass-api.de/api/interpreter",
        "generated_at": "2026-06-13T00:57:25.261787+00:00",
        "data_confidence": "medium",
        "assigned_zone_name": "Jorge Newbery",
        "source_geometry_type": "Point"
      },
      "geometry": {
        "type": "Point",
        "coordinates": [
          -58.629248,
          -34.5875805
        ]
      }
    },
    {
      "type": "Feature",
      "properties": {
        "id": "osm_node_3127028459",
        "osm_type": "node",
        "osm_id": 3127028459,
        "name": "Colegio Santa Marta",
        "amenity": null,
        "shop": null,
        "leisure": null,
        "landuse": null,
        "highway": "bus_stop",
        "railway": null,
        "waterway": null,
        "public_transport": "platform",
        "source_name": "OpenStreetMap Overpass API",
        "source_url": "https://overpass-api.de/api/interpreter",
        "generated_at": "2026-06-13T00:57:25.261787+00:00",
        "data_confidence": "medium",
        "assigned_zone_name": "Atepam Italia",
        "source_geometry_type": "Point"
      },
      "geometry": {
        "type": "Point",
        "coordinates": [
          -58.6302051,
          -34.6303213
        ]
      }
    },
    {
      "type": "Feature",
      "properties": {
        "id": "osm_node_3127028460",
        "osm_type": "node",
        "osm_id": 3127028460,
        "name": "Colegio Santa Marta",
        "amenity": null,
        "shop": null,
        "leisure": null,
        "landuse": null,
        "highway": null,
        "railway": null,
        "waterway": null,
        "public_transport": "stop_position",
        "source_name": "OpenStreetMap Overpass API",
        "source_url": "https://overpass-api.de/api/interpreter",
        "generated_at": "2026-06-13T00:57:25.261787+00:00",
        "data_confidence": "medium",
        "assigned_zone_name": "Atepam Italia",
        "source_geometry_type": "Point"
      },
      "geometry": {
        "type": "Point",
        "coordinates": [
          -58.6302527,
          -34.6303345
        ]
      }
    },
    {
      "type": "Feature",
      "properties": {
        "id": "osm_node_3127028461",
        "osm_type": "node",
        "osm_id": 3127028461,
        "name": "Est. Hurlingham",
        "amenity": null,
        "shop": null,
        "leisure": null,
        "landuse": null,
        "highway": null,
        "railway": null,
        "waterway": null,
        "public_transport": "stop_position",
        "source_name": "OpenStreetMap Overpass API",
        "source_url": "https://overpass-api.de/api/interpreter",
        "generated_at": "2026-06-13T00:57:25.261787+00:00",
        "data_confidence": "medium",
        "assigned_zone_name": "Hurlingham Centro",
        "source_geometry_type": "Point"
      },
      "geometry": {
        "type": "Point",
        "coordinates": [
          -58.6328769,
          -34.5898005
        ]
      }
    },
    {
      "type": "Feature",
      "properties": {
        "id": "osm_node_3127028462",
        "osm_type": "node",
        "osm_id": 3127028462,
        "name": "Hurlingham",
        "amenity": null,
        "shop": null,
        "leisure": null,
        "landuse": null,
        "highway": "bus_stop",
        "railway": null,
        "waterway": null,
        "public_transport": "platform",
        "source_name": "OpenStreetMap Overpass API",
        "source_url": "https://overpass-api.de/api/interpreter",
        "generated_at": "2026-06-13T00:57:25.261787+00:00",
        "data_confidence": "medium",
        "assigned_zone_name": "Hurlingham Centro",
        "source_geometry_type": "Point"
      },
      "geometry": {
        "type": "Point",
        "coordinates": [
          -58.6328304,
          -34.5898581
        ]
      }
    },
    {
      "type": "Feature",
      "properties": {
        "id": "osm_node_3127028463",
        "osm_type": "node",
        "osm_id": 3127028463,
        "name": "Estación Rubén Darío",
        "amenity": null,
        "shop": null,
        "leisure": null,
        "landuse": null,
        "highway": null,
        "railway": null,
        "waterway": null,
        "public_transport": "stop_position",
        "source_name": "OpenStreetMap Overpass API",
        "source_url": "https://overpass-api.de/api/interpreter",
        "generated_at": "2026-06-13T00:57:25.261787+00:00",
        "data_confidence": "medium",
        "assigned_zone_name": "Jorge Newbery",
        "source_geometry_type": "Point"
      },
      "geometry": {
        "type": "Point",
        "coordinates": [
          -58.6292968,
          -34.5882839
        ]
      }
    },
    {
      "type": "Feature",
      "properties": {
        "id": "osm_node_3127028464",
        "osm_type": "node",
        "osm_id": 3127028464,
        "name": "Estación Rubén Darío",
        "amenity": null,
        "shop": null,
        "leisure": null,
        "landuse": null,
        "highway": "bus_stop",
        "railway": null,
        "waterway": null,
        "public_transport": "platform",
        "source_name": "OpenStreetMap Overpass API",
        "source_url": "https://overpass-api.de/api/interpreter",
        "generated_at": "2026-06-13T00:57:25.261787+00:00",
        "data_confidence": "medium",
        "assigned_zone_name": "Hurlingham Centro",
        "source_geometry_type": "Point"
      },
      "geometry": {
        "type": "Point",
        "coordinates": [
          -58.6293332,
          -34.5883246
        ]
      }
    },
    {
      "type": "Feature",
      "properties": {
        "id": "osm_node_3127028473",
        "osm_type": "node",
        "osm_id": 3127028473,
        "name": "Vergara y Eva Perón",
        "amenity": null,
        "shop": null,
        "leisure": null,
        "landuse": null,
        "highway": "bus_stop",
        "railway": null,
        "waterway": null,
        "public_transport": "platform",
        "source_name": "OpenStreetMap Overpass API",
        "source_url": "https://overpass-api.de/api/interpreter",
        "generated_at": "2026-06-13T00:57:25.261787+00:00",
        "data_confidence": "medium",
        "assigned_zone_name": "Villa Tesei Centro",
        "source_geometry_type": "Point"
      },
      "geometry": {
        "type": "Point",
        "coordinates": [
          -58.6351287,
          -34.6052623
        ]
      }
    },
    {
      "type": "Feature",
      "properties": {
        "id": "osm_node_3127028474",
        "osm_type": "node",
        "osm_id": 3127028474,
        "name": "Vergara y Eva Perón",
        "amenity": null,
        "shop": null,
        "leisure": null,
        "landuse": null,
        "highway": null,
        "railway": null,
        "waterway": null,
        "public_transport": "stop_position",
        "source_name": "OpenStreetMap Overpass API",
        "source_url": "https://overpass-api.de/api/interpreter",
        "generated_at": "2026-06-13T00:57:25.261787+00:00",
        "data_confidence": "medium",
        "assigned_zone_name": "Villa Tesei Centro",
        "source_geometry_type": "Point"
      },
      "geometry": {
        "type": "Point",
        "coordinates": [
          -58.6352057,
          -34.6052635
        ]
      }
    },
    {
      "type": "Feature",
      "properties": {
        "id": "osm_node_3127028475",
        "osm_type": "node",
        "osm_id": 3127028475,
        "name": "Vergara y Jauretche",
        "amenity": null,
        "shop": null,
        "leisure": null,
        "landuse": null,
        "highway": "bus_stop",
        "railway": null,
        "waterway": null,
        "public_transport": "platform",
        "source_name": "OpenStreetMap Overpass API",
        "source_url": "https://overpass-api.de/api/interpreter",
        "generated_at": "2026-06-13T00:57:25.261787+00:00",
        "data_confidence": "medium",
        "assigned_zone_name": "Hurlingham Centro",
        "source_geometry_type": "Point"
      },
      "geometry": {
        "type": "Point",
        "coordinates": [
          -58.6361855,
          -34.5930323
        ]
      }
    },
    {
      "type": "Feature",
      "properties": {
        "id": "osm_node_3127028476",
        "osm_type": "node",
        "osm_id": 3127028476,
        "name": "Vergara y Jauretche",
        "amenity": null,
        "shop": null,
        "leisure": null,
        "landuse": null,
        "highway": null,
        "railway": null,
        "waterway": null,
        "public_transport": "stop_position",
        "source_name": "OpenStreetMap Overpass API",
        "source_url": "https://overpass-api.de/api/interpreter",
        "generated_at": "2026-06-13T00:57:25.261787+00:00",
        "data_confidence": "medium",
        "assigned_zone_name": "Hurlingham Centro",
        "source_geometry_type": "Point"
      },
      "geometry": {
        "type": "Point",
        "coordinates": [
          -58.6362578,
          -34.593037
        ]
      }
    },
    {
      "type": "Feature",
      "properties": {
        "id": "osm_node_3127028477",
        "osm_type": "node",
        "osm_id": 3127028477,
        "name": "Verrgara y Rossini",
        "amenity": null,
        "shop": null,
        "leisure": null,
        "landuse": null,
        "highway": "bus_stop",
        "railway": null,
        "waterway": null,
        "public_transport": "platform",
        "source_name": "OpenStreetMap Overpass API",
        "source_url": "https://overpass-api.de/api/interpreter",
        "generated_at": "2026-06-13T00:57:25.261787+00:00",
        "data_confidence": "medium",
        "assigned_zone_name": "Parque Quirno",
        "source_geometry_type": "Point"
      },
      "geometry": {
        "type": "Point",
        "coordinates": [
          -58.6352929,
          -34.6027985
        ]
      }
    },
    {
      "type": "Feature",
      "properties": {
        "id": "osm_node_3127028478",
        "osm_type": "node",
        "osm_id": 3127028478,
        "name": "Verrgara y Rossini",
        "amenity": null,
        "shop": null,
        "leisure": null,
        "landuse": null,
        "highway": null,
        "railway": null,
        "waterway": null,
        "public_transport": "stop_position",
        "source_name": "OpenStreetMap Overpass API",
        "source_url": "https://overpass-api.de/api/interpreter",
        "generated_at": "2026-06-13T00:57:25.261787+00:00",
        "data_confidence": "medium",
        "assigned_zone_name": "Parque Quirno",
        "source_geometry_type": "Point"
      },
      "geometry": {
        "type": "Point",
        "coordinates": [
          -58.6354121,
          -34.6028062
        ]
      }
    },
    {
      "type": "Feature",
      "properties": {
        "id": "osm_node_3451071467",
        "osm_type": "node",
        "osm_id": 3451071467,
        "name": "Hurlingham",
        "amenity": null,
        "shop": null,
        "leisure": null,
        "landuse": null,
        "highway": null,
        "railway": "station",
        "waterway": null,
        "public_transport": "station",
        "source_name": "OpenStreetMap Overpass API",
        "source_url": "https://overpass-api.de/api/interpreter",
        "generated_at": "2026-06-13T00:57:25.261787+00:00",
        "data_confidence": "medium",
        "assigned_zone_name": "Hurlingham Centro",
        "source_geometry_type": "Point"
      },
      "geometry": {
        "type": "Point",
        "coordinates": [
          -58.6323026,
          -34.5911186
        ]
      }
    },
    {
      "type": "Feature",
      "properties": {
        "id": "osm_node_3451071479",
        "osm_type": "node",
        "osm_id": 3451071479,
        "name": "William Case Morris",
        "amenity": null,
        "shop": null,
        "leisure": null,
        "landuse": null,
        "highway": null,
        "railway": "station",
        "waterway": null,
        "public_transport": "station",
        "source_name": "OpenStreetMap Overpass API",
        "source_url": "https://overpass-api.de/api/interpreter",
        "generated_at": "2026-06-13T00:57:25.261787+00:00",
        "data_confidence": "medium",
        "assigned_zone_name": "Roca 1",
        "source_geometry_type": "Point"
      },
      "geometry": {
        "type": "Point",
        "coordinates": [
          -58.656781,
          -34.5783513
        ]
      }
    },
    {
      "type": "Feature",
      "properties": {
        "id": "osm_node_3451129263",
        "osm_type": "node",
        "osm_id": 3451129263,
        "name": "Ejército de los Andes",
        "amenity": null,
        "shop": null,
        "leisure": null,
        "landuse": null,
        "highway": null,
        "railway": "station",
        "waterway": null,
        "public_transport": "station",
        "source_name": "OpenStreetMap Overpass API",
        "source_url": "https://overpass-api.de/api/interpreter",
        "generated_at": "2026-06-13T00:57:25.261787+00:00",
        "data_confidence": "medium",
        "assigned_zone_name": "Villa Club",
        "source_geometry_type": "Point"
      },
      "geometry": {
        "type": "Point",
        "coordinates": [
          -58.6403462,
          -34.5802175
        ]
      }
    },
    {
      "type": "Feature",
      "properties": {
        "id": "osm_node_3451129267",
        "osm_type": "node",
        "osm_id": 3451129267,
        "name": "Jorge Newbery",
        "amenity": null,
        "shop": null,
        "leisure": null,
        "landuse": null,
        "highway": null,
        "railway": "station",
        "waterway": null,
        "public_transport": "station",
        "source_name": "OpenStreetMap Overpass API",
        "source_url": "https://overpass-api.de/api/interpreter",
        "generated_at": "2026-06-13T00:57:25.261787+00:00",
        "data_confidence": "medium",
        "assigned_zone_name": "Jorge Newbery",
        "source_geometry_type": "Point"
      },
      "geometry": {
        "type": "Point",
        "coordinates": [
          -58.6210301,
          -34.5878563
        ]
      }
    },
    {
      "type": "Feature",
      "properties": {
        "id": "osm_node_3451129270",
        "osm_type": "node",
        "osm_id": 3451129270,
        "name": "Juan B. de La Salle",
        "amenity": null,
        "shop": null,
        "leisure": null,
        "landuse": null,
        "highway": null,
        "railway": "station",
        "waterway": null,
        "public_transport": "station",
        "source_name": "OpenStreetMap Overpass API",
        "source_url": "https://overpass-api.de/api/interpreter",
        "generated_at": "2026-06-13T00:57:25.261787+00:00",
        "data_confidence": "medium",
        "assigned_zone_name": "Juan B. de Lasalle",
        "source_geometry_type": "Point"
      },
      "geometry": {
        "type": "Point",
        "coordinates": [
          -58.6455799,
          -34.5733008
        ]
      }
    },
    {
      "type": "Feature",
      "properties": {
        "id": "osm_node_3451129279",
        "osm_type": "node",
        "osm_id": 3451129279,
        "name": "Rubén Darío",
        "amenity": null,
        "shop": null,
        "leisure": null,
        "landuse": null,
        "highway": null,
        "railway": "station",
        "waterway": null,
        "public_transport": "station",
        "source_name": "OpenStreetMap Overpass API",
        "source_url": "https://overpass-api.de/api/interpreter",
        "generated_at": "2026-06-13T00:57:25.261787+00:00",
        "data_confidence": "medium",
        "assigned_zone_name": "Villa Club",
        "source_geometry_type": "Point"
      },
      "geometry": {
        "type": "Point",
        "coordinates": [
          -58.6298509,
          -34.5875405
        ]
      }
    },
    {
      "type": "Feature",
      "properties": {
        "id": "osm_node_3801691039",
        "osm_type": "node",
        "osm_id": 3801691039,
        "name": "Plaza John Ravencroft",
        "amenity": null,
        "shop": null,
        "leisure": null,
        "landuse": null,
        "highway": "bus_stop",
        "railway": null,
        "waterway": null,
        "public_transport": "platform",
        "source_name": "OpenStreetMap Overpass API",
        "source_url": "https://overpass-api.de/api/interpreter",
        "generated_at": "2026-06-13T00:57:25.261787+00:00",
        "data_confidence": "medium",
        "assigned_zone_name": "Hurlingham Centro",
        "source_geometry_type": "Point"
      },
      "geometry": {
        "type": "Point",
        "coordinates": [
          -58.6272853,
          -34.5899465
        ]
      }
    },
    {
      "type": "Feature",
      "properties": {
        "id": "osm_node_3927931457",
        "osm_type": "node",
        "osm_id": 3927931457,
        "name": "Plaza John Ravencroft",
        "amenity": null,
        "shop": null,
        "leisure": null,
        "landuse": null,
        "highway": null,
        "railway": null,
        "waterway": null,
        "public_transport": "stop_position",
        "source_name": "OpenStreetMap Overpass API",
        "source_url": "https://overpass-api.de/api/interpreter",
        "generated_at": "2026-06-13T00:57:25.261787+00:00",
        "data_confidence": "medium",
        "assigned_zone_name": "Jorge Newbery",
        "source_geometry_type": "Point"
      },
      "geometry": {
        "type": "Point",
        "coordinates": [
          -58.6272381,
          -34.5898951
        ]
      }
    },
    {
      "type": "Feature",
      "properties": {
        "id": "osm_node_4015193705",
        "osm_type": "node",
        "osm_id": 4015193705,
        "name": "Vergara",
        "amenity": null,
        "shop": null,
        "leisure": null,
        "landuse": null,
        "highway": "bus_stop",
        "railway": null,
        "waterway": null,
        "public_transport": "platform",
        "source_name": "OpenStreetMap Overpass API",
        "source_url": "https://overpass-api.de/api/interpreter",
        "generated_at": "2026-06-13T00:57:25.261787+00:00",
        "data_confidence": "medium",
        "assigned_zone_name": "Atepam Italia",
        "source_geometry_type": "Point"
      },
      "geometry": {
        "type": "Point",
        "coordinates": [
          -58.6298013,
          -34.6310979
        ]
      }
    },
    {
      "type": "Feature",
      "properties": {
        "id": "osm_node_4336487344",
        "osm_type": "node",
        "osm_id": 4336487344,
        "name": "Hurlingham",
        "amenity": null,
        "shop": null,
        "leisure": null,
        "landuse": null,
        "highway": "bus_stop",
        "railway": null,
        "waterway": null,
        "public_transport": "platform",
        "source_name": "OpenStreetMap Overpass API",
        "source_url": "https://overpass-api.de/api/interpreter",
        "generated_at": "2026-06-13T00:57:25.261787+00:00",
        "data_confidence": "medium",
        "assigned_zone_name": "Hurlingham Centro",
        "source_geometry_type": "Point"
      },
      "geometry": {
        "type": "Point",
        "coordinates": [
          -58.6340801,
          -34.5907759
        ]
      }
    },
    {
      "type": "Feature",
      "properties": {
        "id": "osm_node_4336487345",
        "osm_type": "node",
        "osm_id": 4336487345,
        "name": "Hurlingham",
        "amenity": null,
        "shop": null,
        "leisure": null,
        "landuse": null,
        "highway": null,
        "railway": null,
        "waterway": null,
        "public_transport": "stop_position",
        "source_name": "OpenStreetMap Overpass API",
        "source_url": "https://overpass-api.de/api/interpreter",
        "generated_at": "2026-06-13T00:57:25.261787+00:00",
        "data_confidence": "medium",
        "assigned_zone_name": "Hurlingham Centro",
        "source_geometry_type": "Point"
      },
      "geometry": {
        "type": "Point",
        "coordinates": [
          -58.6340207,
          -34.5908219
        ]
      }
    },
    {
      "type": "Feature",
      "properties": {
        "id": "osm_node_4336487346",
        "osm_type": "node",
        "osm_id": 4336487346,
        "name": "Estación Rubén Darío",
        "amenity": null,
        "shop": null,
        "leisure": null,
        "landuse": null,
        "highway": "bus_stop",
        "railway": null,
        "waterway": null,
        "public_transport": "platform",
        "source_name": "OpenStreetMap Overpass API",
        "source_url": "https://overpass-api.de/api/interpreter",
        "generated_at": "2026-06-13T00:57:25.261787+00:00",
        "data_confidence": "medium",
        "assigned_zone_name": "Hurlingham Centro",
        "source_geometry_type": "Point"
      },
      "geometry": {
        "type": "Point",
        "coordinates": [
          -58.63147,
          -34.5884881
        ]
      }
    },
    {
      "type": "Feature",
      "properties": {
        "id": "osm_node_4336487347",
        "osm_type": "node",
        "osm_id": 4336487347,
        "name": "Estación Rubén Darío",
        "amenity": null,
        "shop": null,
        "leisure": null,
        "landuse": null,
        "highway": null,
        "railway": null,
        "waterway": null,
        "public_transport": "stop_position",
        "source_name": "OpenStreetMap Overpass API",
        "source_url": "https://overpass-api.de/api/interpreter",
        "generated_at": "2026-06-13T00:57:25.261787+00:00",
        "data_confidence": "medium",
        "assigned_zone_name": "Hurlingham Centro",
        "source_geometry_type": "Point"
      },
      "geometry": {
        "type": "Point",
        "coordinates": [
          -58.6314452,
          -34.5885537
        ]
      }
    },
    {
      "type": "Feature",
      "properties": {
        "id": "osm_node_4336487348",
        "osm_type": "node",
        "osm_id": 4336487348,
        "name": "Estación Rubén Darío",
        "amenity": null,
        "shop": null,
        "leisure": null,
        "landuse": null,
        "highway": "bus_stop",
        "railway": null,
        "waterway": null,
        "public_transport": "platform",
        "source_name": "OpenStreetMap Overpass API",
        "source_url": "https://overpass-api.de/api/interpreter",
        "generated_at": "2026-06-13T00:57:25.261787+00:00",
        "data_confidence": "medium",
        "assigned_zone_name": "Hurlingham Centro",
        "source_geometry_type": "Point"
      },
      "geometry": {
        "type": "Point",
        "coordinates": [
          -58.631669,
          -34.58868
        ]
      }
    },
    {
      "type": "Feature",
      "properties": {
        "id": "osm_node_4336487349",
        "osm_type": "node",
        "osm_id": 4336487349,
        "name": "Estación Rubén Darío",
        "amenity": null,
        "shop": null,
        "leisure": null,
        "landuse": null,
        "highway": null,
        "railway": null,
        "waterway": null,
        "public_transport": "stop_position",
        "source_name": "OpenStreetMap Overpass API",
        "source_url": "https://overpass-api.de/api/interpreter",
        "generated_at": "2026-06-13T00:57:25.261787+00:00",
        "data_confidence": "medium",
        "assigned_zone_name": "Hurlingham Centro",
        "source_geometry_type": "Point"
      },
      "geometry": {
        "type": "Point",
        "coordinates": [
          -58.6316246,
          -34.5887145
        ]
      }
    },
    {
      "type": "Feature",
      "properties": {
        "id": "osm_node_4336487351",
        "osm_type": "node",
        "osm_id": 4336487351,
        "name": "Hurlingham Club",
        "amenity": null,
        "shop": null,
        "leisure": null,
        "landuse": null,
        "highway": "bus_stop",
        "railway": null,
        "waterway": null,
        "public_transport": "platform",
        "source_name": "OpenStreetMap Overpass API",
        "source_url": "https://overpass-api.de/api/interpreter",
        "generated_at": "2026-06-13T00:57:25.261787+00:00",
        "data_confidence": "medium",
        "assigned_zone_name": "Villa Club",
        "source_geometry_type": "Point"
      },
      "geometry": {
        "type": "Point",
        "coordinates": [
          -58.6311647,
          -34.5866491
        ]
      }
    },
    {
      "type": "Feature",
      "properties": {
        "id": "osm_node_4336487352",
        "osm_type": "node",
        "osm_id": 4336487352,
        "name": "Hurlingham Club",
        "amenity": null,
        "shop": null,
        "leisure": null,
        "landuse": null,
        "highway": null,
        "railway": null,
        "waterway": null,
        "public_transport": "stop_position",
        "source_name": "OpenStreetMap Overpass API",
        "source_url": "https://overpass-api.de/api/interpreter",
        "generated_at": "2026-06-13T00:57:25.261787+00:00",
        "data_confidence": "medium",
        "assigned_zone_name": "Villa Club",
        "source_geometry_type": "Point"
      },
      "geometry": {
        "type": "Point",
        "coordinates": [
          -58.6312069,
          -34.5866849
        ]
      }
    },
    {
      "type": "Feature",
      "properties": {
        "id": "osm_node_4336487353",
        "osm_type": "node",
        "osm_id": 4336487353,
        "name": "Hurlingham Club",
        "amenity": null,
        "shop": null,
        "leisure": null,
        "landuse": null,
        "highway": null,
        "railway": null,
        "waterway": null,
        "public_transport": "stop_position",
        "source_name": "OpenStreetMap Overpass API",
        "source_url": "https://overpass-api.de/api/interpreter",
        "generated_at": "2026-06-13T00:57:25.261787+00:00",
        "data_confidence": "medium",
        "assigned_zone_name": "Villa Club",
        "source_geometry_type": "Point"
      },
      "geometry": {
        "type": "Point",
        "coordinates": [
          -58.631878,
          -34.5862784
        ]
      }
    },
    {
      "type": "Feature",
      "properties": {
        "id": "osm_node_4336487354",
        "osm_type": "node",
        "osm_id": 4336487354,
        "name": "Hurlingham Club",
        "amenity": null,
        "shop": null,
        "leisure": null,
        "landuse": null,
        "highway": "bus_stop",
        "railway": null,
        "waterway": null,
        "public_transport": "platform",
        "source_name": "OpenStreetMap Overpass API",
        "source_url": "https://overpass-api.de/api/interpreter",
        "generated_at": "2026-06-13T00:57:25.261787+00:00",
        "data_confidence": "medium",
        "assigned_zone_name": "Villa Club",
        "source_geometry_type": "Point"
      },
      "geometry": {
        "type": "Point",
        "coordinates": [
          -58.6319104,
          -34.5863134
        ]
      }
    },
    {
      "type": "Feature",
      "properties": {
        "id": "osm_node_4336487355",
        "osm_type": "node",
        "osm_id": 4336487355,
        "name": "Jauretche y Vergara",
        "amenity": null,
        "shop": null,
        "leisure": null,
        "landuse": null,
        "highway": "bus_stop",
        "railway": null,
        "waterway": null,
        "public_transport": "platform",
        "source_name": "OpenStreetMap Overpass API",
        "source_url": "https://overpass-api.de/api/interpreter",
        "generated_at": "2026-06-13T00:57:25.261787+00:00",
        "data_confidence": "medium",
        "assigned_zone_name": "Hurlingham Centro",
        "source_geometry_type": "Point"
      },
      "geometry": {
        "type": "Point",
        "coordinates": [
          -58.6360394,
          -34.5924739
        ]
      }
    },
    {
      "type": "Feature",
      "properties": {
        "id": "osm_node_4336487356",
        "osm_type": "node",
        "osm_id": 4336487356,
        "name": "Jauretche y Vergara",
        "amenity": null,
        "shop": null,
        "leisure": null,
        "landuse": null,
        "highway": null,
        "railway": null,
        "waterway": null,
        "public_transport": "stop_position",
        "source_name": "OpenStreetMap Overpass API",
        "source_url": "https://overpass-api.de/api/interpreter",
        "generated_at": "2026-06-13T00:57:25.261787+00:00",
        "data_confidence": "medium",
        "assigned_zone_name": "Hurlingham Centro",
        "source_geometry_type": "Point"
      },
      "geometry": {
        "type": "Point",
        "coordinates": [
          -58.6359828,
          -34.5925249
        ]
      }
    },
    {
      "type": "Feature",
      "properties": {
        "id": "osm_node_4336487361",
        "osm_type": "node",
        "osm_id": 4336487361,
        "name": "Estación Rubén Darío",
        "amenity": null,
        "shop": null,
        "leisure": null,
        "landuse": null,
        "highway": "crossing",
        "railway": null,
        "waterway": null,
        "public_transport": "stop_position",
        "source_name": "OpenStreetMap Overpass API",
        "source_url": "https://overpass-api.de/api/interpreter",
        "generated_at": "2026-06-13T00:57:25.261787+00:00",
        "data_confidence": "medium",
        "assigned_zone_name": "Hurlingham Centro",
        "source_geometry_type": "Point"
      },
      "geometry": {
        "type": "Point",
        "coordinates": [
          -58.6306375,
          -34.5878495
        ]
      }
    },
    {
      "type": "Feature",
      "properties": {
        "id": "osm_node_4336487363",
        "osm_type": "node",
        "osm_id": 4336487363,
        "name": "Estación Rubén Darío",
        "amenity": null,
        "shop": null,
        "leisure": null,
        "landuse": null,
        "highway": "bus_stop",
        "railway": null,
        "waterway": null,
        "public_transport": "platform",
        "source_name": "OpenStreetMap Overpass API",
        "source_url": "https://overpass-api.de/api/interpreter",
        "generated_at": "2026-06-13T00:57:25.261787+00:00",
        "data_confidence": "medium",
        "assigned_zone_name": "Hurlingham Centro",
        "source_geometry_type": "Point"
      },
      "geometry": {
        "type": "Point",
        "coordinates": [
          -58.6307484,
          -34.5878586
        ]
      }
    },
    {
      "type": "Feature",
      "properties": {
        "id": "osm_node_4336487364",
        "osm_type": "node",
        "osm_id": 4336487364,
        "name": "Estación Rubén Darío",
        "amenity": null,
        "shop": null,
        "leisure": null,
        "landuse": null,
        "highway": "bus_stop",
        "railway": null,
        "waterway": null,
        "public_transport": "platform",
        "source_name": "OpenStreetMap Overpass API",
        "source_url": "https://overpass-api.de/api/interpreter",
        "generated_at": "2026-06-13T00:57:25.261787+00:00",
        "data_confidence": "medium",
        "assigned_zone_name": "Hurlingham Centro",
        "source_geometry_type": "Point"
      },
      "geometry": {
        "type": "Point",
        "coordinates": [
          -58.6305827,
          -34.5878895
        ]
      }
    },
    {
      "type": "Feature",
      "properties": {
        "id": "osm_node_4336487365",
        "osm_type": "node",
        "osm_id": 4336487365,
        "name": "Estación Rubén Darío",
        "amenity": null,
        "shop": null,
        "leisure": null,
        "landuse": null,
        "highway": "bus_stop",
        "railway": null,
        "waterway": null,
        "public_transport": "platform",
        "source_name": "OpenStreetMap Overpass API",
        "source_url": "https://overpass-api.de/api/interpreter",
        "generated_at": "2026-06-13T00:57:25.261787+00:00",
        "data_confidence": "medium",
        "assigned_zone_name": "Hurlingham Centro",
        "source_geometry_type": "Point"
      },
      "geometry": {
        "type": "Point",
        "coordinates": [
          -58.6308274,
          -34.5879337
        ]
      }
    },
    {
      "type": "Feature",
      "properties": {
        "id": "osm_node_4336487366",
        "osm_type": "node",
        "osm_id": 4336487366,
        "name": "Estación Rubén Darío",
        "amenity": null,
        "shop": null,
        "leisure": null,
        "landuse": null,
        "highway": "bus_stop",
        "railway": null,
        "waterway": null,
        "public_transport": "platform",
        "source_name": "OpenStreetMap Overpass API",
        "source_url": "https://overpass-api.de/api/interpreter",
        "generated_at": "2026-06-13T00:57:25.261787+00:00",
        "data_confidence": "medium",
        "assigned_zone_name": "Hurlingham Centro",
        "source_geometry_type": "Point"
      },
      "geometry": {
        "type": "Point",
        "coordinates": [
          -58.6309334,
          -34.5880204
        ]
      }
    },
    {
      "type": "Feature",
      "properties": {
        "id": "osm_node_4336487367",
        "osm_type": "node",
        "osm_id": 4336487367,
        "name": "Estación Rubén Darío",
        "amenity": null,
        "shop": null,
        "leisure": null,
        "landuse": null,
        "highway": "bus_stop",
        "railway": null,
        "waterway": null,
        "public_transport": "platform",
        "source_name": "OpenStreetMap Overpass API",
        "source_url": "https://overpass-api.de/api/interpreter",
        "generated_at": "2026-06-13T00:57:25.261787+00:00",
        "data_confidence": "medium",
        "assigned_zone_name": "Hurlingham Centro",
        "source_geometry_type": "Point"
      },
      "geometry": {
        "type": "Point",
        "coordinates": [
          -58.6310393,
          -34.5881092
        ]
      }
    },
    {
      "type": "Feature",
      "properties": {
        "id": "osm_node_4336487368",
        "osm_type": "node",
        "osm_id": 4336487368,
        "name": "Estación Rubén Darío",
        "amenity": null,
        "shop": null,
        "leisure": null,
        "landuse": null,
        "highway": "bus_stop",
        "railway": null,
        "waterway": null,
        "public_transport": "platform",
        "source_name": "OpenStreetMap Overpass API",
        "source_url": "https://overpass-api.de/api/interpreter",
        "generated_at": "2026-06-13T00:57:25.261787+00:00",
        "data_confidence": "medium",
        "assigned_zone_name": "Hurlingham Centro",
        "source_geometry_type": "Point"
      },
      "geometry": {
        "type": "Point",
        "coordinates": [
          -58.6311265,
          -34.5881898
        ]
      }
    },
    {
      "type": "Feature",
      "properties": {
        "id": "osm_node_4336487371",
        "osm_type": "node",
        "osm_id": 4336487371,
        "name": "Jauretche y Newbery",
        "amenity": null,
        "shop": null,
        "leisure": null,
        "landuse": null,
        "highway": "bus_stop",
        "railway": null,
        "waterway": null,
        "public_transport": "platform",
        "source_name": "OpenStreetMap Overpass API",
        "source_url": "https://overpass-api.de/api/interpreter",
        "generated_at": "2026-06-13T00:57:25.261787+00:00",
        "data_confidence": "medium",
        "assigned_zone_name": "Hurlingham Centro",
        "source_geometry_type": "Point"
      },
      "geometry": {
        "type": "Point",
        "coordinates": [
          -58.6324676,
          -34.5893623
        ]
      }
    },
    {
      "type": "Feature",
      "properties": {
        "id": "osm_node_4336487376",
        "osm_type": "node",
        "osm_id": 4336487376,
        "name": "Hurlingham",
        "amenity": null,
        "shop": null,
        "leisure": null,
        "landuse": null,
        "highway": "bus_stop",
        "railway": null,
        "waterway": null,
        "public_transport": "platform",
        "source_name": "OpenStreetMap Overpass API",
        "source_url": "https://overpass-api.de/api/interpreter",
        "generated_at": "2026-06-13T00:57:25.261787+00:00",
        "data_confidence": "medium",
        "assigned_zone_name": "Hurlingham Centro",
        "source_geometry_type": "Point"
      },
      "geometry": {
        "type": "Point",
        "coordinates": [
          -58.6329757,
          -34.5902528
        ]
      }
    },
    {
      "type": "Feature",
      "properties": {
        "id": "osm_node_4336487378",
        "osm_type": "node",
        "osm_id": 4336487378,
        "name": "Hurlingham",
        "amenity": null,
        "shop": null,
        "leisure": null,
        "landuse": null,
        "highway": "bus_stop",
        "railway": null,
        "waterway": null,
        "public_transport": "platform",
        "source_name": "OpenStreetMap Overpass API",
        "source_url": "https://overpass-api.de/api/interpreter",
        "generated_at": "2026-06-13T00:57:25.261787+00:00",
        "data_confidence": "medium",
        "assigned_zone_name": "Hurlingham Centro",
        "source_geometry_type": "Point"
      },
      "geometry": {
        "type": "Point",
        "coordinates": [
          -58.6324202,
          -34.5905511
        ]
      }
    },
    {
      "type": "Feature",
      "properties": {
        "id": "osm_node_4336487383",
        "osm_type": "node",
        "osm_id": 4336487383,
        "name": "Hurlingham",
        "amenity": null,
        "shop": null,
        "leisure": null,
        "landuse": null,
        "highway": "bus_stop",
        "railway": null,
        "waterway": null,
        "public_transport": "platform",
        "source_name": "OpenStreetMap Overpass API",
        "source_url": "https://overpass-api.de/api/interpreter",
        "generated_at": "2026-06-13T00:57:25.261787+00:00",
        "data_confidence": "medium",
        "assigned_zone_name": "Hurlingham Centro",
        "source_geometry_type": "Point"
      },
      "geometry": {
        "type": "Point",
        "coordinates": [
          -58.6315887,
          -34.5906969
        ]
      }
    },
    {
      "type": "Feature",
      "properties": {
        "id": "osm_node_4336487590",
        "osm_type": "node",
        "osm_id": 4336487590,
        "name": "Hurlingham",
        "amenity": null,
        "shop": null,
        "leisure": null,
        "landuse": null,
        "highway": "bus_stop",
        "railway": null,
        "waterway": null,
        "public_transport": "platform",
        "source_name": "OpenStreetMap Overpass API",
        "source_url": "https://overpass-api.de/api/interpreter",
        "generated_at": "2026-06-13T00:57:25.261787+00:00",
        "data_confidence": "medium",
        "assigned_zone_name": "Hurlingham Centro",
        "source_geometry_type": "Point"
      },
      "geometry": {
        "type": "Point",
        "coordinates": [
          -58.6342041,
          -34.5908902
        ]
      }
    },
    {
      "type": "Feature",
      "properties": {
        "id": "osm_node_4336487591",
        "osm_type": "node",
        "osm_id": 4336487591,
        "name": "Hurlingham",
        "amenity": null,
        "shop": null,
        "leisure": null,
        "landuse": null,
        "highway": "bus_stop",
        "railway": null,
        "waterway": null,
        "public_transport": "platform",
        "source_name": "OpenStreetMap Overpass API",
        "source_url": "https://overpass-api.de/api/interpreter",
        "generated_at": "2026-06-13T00:57:25.261787+00:00",
        "data_confidence": "medium",
        "assigned_zone_name": "Hurlingham Centro",
        "source_geometry_type": "Point"
      },
      "geometry": {
        "type": "Point",
        "coordinates": [
          -58.6342584,
          -34.5909349
        ]
      }
    },
    {
      "type": "Feature",
      "properties": {
        "id": "osm_node_4336487592",
        "osm_type": "node",
        "osm_id": 4336487592,
        "name": "Hurlingham",
        "amenity": null,
        "shop": null,
        "leisure": null,
        "landuse": null,
        "highway": "bus_stop",
        "railway": null,
        "waterway": null,
        "public_transport": "platform",
        "source_name": "OpenStreetMap Overpass API",
        "source_url": "https://overpass-api.de/api/interpreter",
        "generated_at": "2026-06-13T00:57:25.261787+00:00",
        "data_confidence": "medium",
        "assigned_zone_name": "Hurlingham Centro",
        "source_geometry_type": "Point"
      },
      "geometry": {
        "type": "Point",
        "coordinates": [
          -58.6343362,
          -34.5910067
        ]
      }
    },
    {
      "type": "Feature",
      "properties": {
        "id": "osm_node_4340423886",
        "osm_type": "node",
        "osm_id": 4340423886,
        "name": "Bauness / O'Higgins",
        "amenity": null,
        "shop": null,
        "leisure": null,
        "landuse": null,
        "highway": null,
        "railway": null,
        "waterway": null,
        "public_transport": "stop_position",
        "source_name": "OpenStreetMap Overpass API",
        "source_url": "https://overpass-api.de/api/interpreter",
        "generated_at": "2026-06-13T00:57:25.261787+00:00",
        "data_confidence": "medium",
        "assigned_zone_name": "Hurlingham Centro",
        "source_geometry_type": "Point"
      },
      "geometry": {
        "type": "Point",
        "coordinates": [
          -58.6358477,
          -34.597935
        ]
      }
    },
    {
      "type": "Feature",
      "properties": {
        "id": "osm_node_4340423887",
        "osm_type": "node",
        "osm_id": 4340423887,
        "name": "Bauness / O'Higgins",
        "amenity": null,
        "shop": null,
        "leisure": null,
        "landuse": null,
        "highway": "bus_stop",
        "railway": null,
        "waterway": null,
        "public_transport": "platform",
        "source_name": "OpenStreetMap Overpass API",
        "source_url": "https://overpass-api.de/api/interpreter",
        "generated_at": "2026-06-13T00:57:25.261787+00:00",
        "data_confidence": "medium",
        "assigned_zone_name": "Parque Jhonston",
        "source_geometry_type": "Point"
      },
      "geometry": {
        "type": "Point",
        "coordinates": [
          -58.6359147,
          -34.5979386
        ]
      }
    },
    {
      "type": "Feature",
      "properties": {
        "id": "osm_node_4340423888",
        "osm_type": "node",
        "osm_id": 4340423888,
        "name": "Centro Cultural Marechal",
        "amenity": null,
        "shop": null,
        "leisure": null,
        "landuse": null,
        "highway": null,
        "railway": null,
        "waterway": null,
        "public_transport": "stop_position",
        "source_name": "OpenStreetMap Overpass API",
        "source_url": "https://overpass-api.de/api/interpreter",
        "generated_at": "2026-06-13T00:57:25.261787+00:00",
        "data_confidence": "medium",
        "assigned_zone_name": "Villa Tesei Centro",
        "source_geometry_type": "Point"
      },
      "geometry": {
        "type": "Point",
        "coordinates": [
          -58.6343863,
          -34.6150533
        ]
      }
    },
    {
      "type": "Feature",
      "properties": {
        "id": "osm_node_4340444589",
        "osm_type": "node",
        "osm_id": 4340444589,
        "name": "Centro Cultural Marechal",
        "amenity": null,
        "shop": null,
        "leisure": null,
        "landuse": null,
        "highway": "bus_stop",
        "railway": null,
        "waterway": null,
        "public_transport": "platform",
        "source_name": "OpenStreetMap Overpass API",
        "source_url": "https://overpass-api.de/api/interpreter",
        "generated_at": "2026-06-13T00:57:25.261787+00:00",
        "data_confidence": "medium",
        "assigned_zone_name": "Villa Tesei Centro",
        "source_geometry_type": "Point"
      },
      "geometry": {
        "type": "Point",
        "coordinates": [
          -58.6344416,
          -34.6150787
        ]
      }
    },
    {
      "type": "Feature",
      "properties": {
        "id": "osm_node_4340444591",
        "osm_type": "node",
        "osm_id": 4340444591,
        "name": "Coraceros / Potosí",
        "amenity": null,
        "shop": null,
        "leisure": null,
        "landuse": null,
        "highway": null,
        "railway": null,
        "waterway": null,
        "public_transport": "stop_position",
        "source_name": "OpenStreetMap Overpass API",
        "source_url": "https://overpass-api.de/api/interpreter",
        "generated_at": "2026-06-13T00:57:25.261787+00:00",
        "data_confidence": "medium",
        "assigned_zone_name": "Hurlingham Centro",
        "source_geometry_type": "Point"
      },
      "geometry": {
        "type": "Point",
        "coordinates": [
          -58.6360513,
          -34.5955743
        ]
      }
    },
    {
      "type": "Feature",
      "properties": {
        "id": "osm_node_4340444592",
        "osm_type": "node",
        "osm_id": 4340444592,
        "name": "Coraceros y Potosí",
        "amenity": null,
        "shop": null,
        "leisure": null,
        "landuse": null,
        "highway": "bus_stop",
        "railway": null,
        "waterway": null,
        "public_transport": "platform",
        "source_name": "OpenStreetMap Overpass API",
        "source_url": "https://overpass-api.de/api/interpreter",
        "generated_at": "2026-06-13T00:57:25.261787+00:00",
        "data_confidence": "medium",
        "assigned_zone_name": "Parque Jhonston",
        "source_geometry_type": "Point"
      },
      "geometry": {
        "type": "Point",
        "coordinates": [
          -58.6361038,
          -34.5955799
        ]
      }
    },
    {
      "type": "Feature",
      "properties": {
        "id": "osm_node_4340444593",
        "osm_type": "node",
        "osm_id": 4340444593,
        "name": "Frías / Rossini",
        "amenity": null,
        "shop": null,
        "leisure": null,
        "landuse": null,
        "highway": null,
        "railway": null,
        "waterway": null,
        "public_transport": "stop_position",
        "source_name": "OpenStreetMap Overpass API",
        "source_url": "https://overpass-api.de/api/interpreter",
        "generated_at": "2026-06-13T00:57:25.261787+00:00",
        "data_confidence": "medium",
        "assigned_zone_name": "Parque Quirno",
        "source_geometry_type": "Point"
      },
      "geometry": {
        "type": "Point",
        "coordinates": [
          -58.6354411,
          -34.6024707
        ]
      }
    },
    {
      "type": "Feature",
      "properties": {
        "id": "osm_node_4340444594",
        "osm_type": "node",
        "osm_id": 4340444594,
        "name": "Frías / Rossini",
        "amenity": null,
        "shop": null,
        "leisure": null,
        "landuse": null,
        "highway": "bus_stop",
        "railway": null,
        "waterway": null,
        "public_transport": "platform",
        "source_name": "OpenStreetMap Overpass API",
        "source_url": "https://overpass-api.de/api/interpreter",
        "generated_at": "2026-06-13T00:57:25.261787+00:00",
        "data_confidence": "medium",
        "assigned_zone_name": "Parque Jhonston",
        "source_geometry_type": "Point"
      },
      "geometry": {
        "type": "Point",
        "coordinates": [
          -58.6355091,
          -34.6024789
        ]
      }
    },
    {
      "type": "Feature",
      "properties": {
        "id": "osm_node_4340444595",
        "osm_type": "node",
        "osm_id": 4340444595,
        "name": "Malaspina / Allen",
        "amenity": null,
        "shop": null,
        "leisure": null,
        "landuse": null,
        "highway": null,
        "railway": null,
        "waterway": null,
        "public_transport": "stop_position",
        "source_name": "OpenStreetMap Overpass API",
        "source_url": "https://overpass-api.de/api/interpreter",
        "generated_at": "2026-06-13T00:57:25.261787+00:00",
        "data_confidence": "medium",
        "assigned_zone_name": "Villa Tesei Centro",
        "source_geometry_type": "Point"
      },
      "geometry": {
        "type": "Point",
        "coordinates": [
          -58.6348421,
          -34.6094437
        ]
      }
    },
    {
      "type": "Feature",
      "properties": {
        "id": "osm_node_4340444596",
        "osm_type": "node",
        "osm_id": 4340444596,
        "name": "Malaspina / Allen",
        "amenity": null,
        "shop": null,
        "leisure": null,
        "landuse": null,
        "highway": "bus_stop",
        "railway": null,
        "waterway": null,
        "public_transport": "platform",
        "source_name": "OpenStreetMap Overpass API",
        "source_url": "https://overpass-api.de/api/interpreter",
        "generated_at": "2026-06-13T00:57:25.261787+00:00",
        "data_confidence": "medium",
        "assigned_zone_name": "Villa Tesei Centro",
        "source_geometry_type": "Point"
      },
      "geometry": {
        "type": "Point",
        "coordinates": [
          -58.6349136,
          -34.6094474
        ]
      }
    },
    {
      "type": "Feature",
      "properties": {
        "id": "osm_node_4340444598",
        "osm_type": "node",
        "osm_id": 4340444598,
        "name": "Rousselot",
        "amenity": null,
        "shop": null,
        "leisure": null,
        "landuse": null,
        "highway": null,
        "railway": null,
        "waterway": null,
        "public_transport": "stop_position",
        "source_name": "OpenStreetMap Overpass API",
        "source_url": "https://overpass-api.de/api/interpreter",
        "generated_at": "2026-06-13T00:57:25.261787+00:00",
        "data_confidence": "medium",
        "assigned_zone_name": "Villa Tesei Centro",
        "source_geometry_type": "Point"
      },
      "geometry": {
        "type": "Point",
        "coordinates": [
          -58.6345874,
          -34.6124906
        ]
      }
    },
    {
      "type": "Feature",
      "properties": {
        "id": "osm_node_4340444599",
        "osm_type": "node",
        "osm_id": 4340444599,
        "name": "Rousselot",
        "amenity": null,
        "shop": null,
        "leisure": null,
        "landuse": null,
        "highway": "bus_stop",
        "railway": null,
        "waterway": null,
        "public_transport": "platform",
        "source_name": "OpenStreetMap Overpass API",
        "source_url": "https://overpass-api.de/api/interpreter",
        "generated_at": "2026-06-13T00:57:25.261787+00:00",
        "data_confidence": "medium",
        "assigned_zone_name": "Villa Tesei Centro",
        "source_geometry_type": "Point"
      },
      "geometry": {
        "type": "Point",
        "coordinates": [
          -58.6346843,
          -34.6124993
        ]
      }
    },
    {
      "type": "Feature",
      "properties": {
        "id": "osm_node_4340444600",
        "osm_type": "node",
        "osm_id": 4340444600,
        "name": "Verdi / Kiernan",
        "amenity": null,
        "shop": null,
        "leisure": null,
        "landuse": null,
        "highway": null,
        "railway": null,
        "waterway": null,
        "public_transport": "stop_position",
        "source_name": "OpenStreetMap Overpass API",
        "source_url": "https://overpass-api.de/api/interpreter",
        "generated_at": "2026-06-13T00:57:25.261787+00:00",
        "data_confidence": "medium",
        "assigned_zone_name": "Hurlingham Centro",
        "source_geometry_type": "Point"
      },
      "geometry": {
        "type": "Point",
        "coordinates": [
          -58.6356138,
          -34.6006944
        ]
      }
    },
    {
      "type": "Feature",
      "properties": {
        "id": "osm_node_4340444601",
        "osm_type": "node",
        "osm_id": 4340444601,
        "name": "Verdi / Kiernan",
        "amenity": null,
        "shop": null,
        "leisure": null,
        "landuse": null,
        "highway": "bus_stop",
        "railway": null,
        "waterway": null,
        "public_transport": "platform",
        "source_name": "OpenStreetMap Overpass API",
        "source_url": "https://overpass-api.de/api/interpreter",
        "generated_at": "2026-06-13T00:57:25.261787+00:00",
        "data_confidence": "medium",
        "assigned_zone_name": "Parque Jhonston",
        "source_geometry_type": "Point"
      },
      "geometry": {
        "type": "Point",
        "coordinates": [
          -58.6356834,
          -34.6007005
        ]
      }
    },
    {
      "type": "Feature",
      "properties": {
        "id": "osm_node_4340444602",
        "osm_type": "node",
        "osm_id": 4340444602,
        "name": "Vergara y Eva Perón",
        "amenity": null,
        "shop": null,
        "leisure": null,
        "landuse": null,
        "highway": null,
        "railway": null,
        "waterway": null,
        "public_transport": "stop_position",
        "source_name": "OpenStreetMap Overpass API",
        "source_url": "https://overpass-api.de/api/interpreter",
        "generated_at": "2026-06-13T00:57:25.261787+00:00",
        "data_confidence": "medium",
        "assigned_zone_name": "Parque Quirno",
        "source_geometry_type": "Point"
      },
      "geometry": {
        "type": "Point",
        "coordinates": [
          -58.6352744,
          -34.6044555
        ]
      }
    },
    {
      "type": "Feature",
      "properties": {
        "id": "osm_node_4340444603",
        "osm_type": "node",
        "osm_id": 4340444603,
        "name": "Vergara y Eva Perón",
        "amenity": null,
        "shop": null,
        "leisure": null,
        "landuse": null,
        "highway": "bus_stop",
        "railway": null,
        "waterway": null,
        "public_transport": "platform",
        "source_name": "OpenStreetMap Overpass API",
        "source_url": "https://overpass-api.de/api/interpreter",
        "generated_at": "2026-06-13T00:57:25.261787+00:00",
        "data_confidence": "medium",
        "assigned_zone_name": "Parque Jhonston",
        "source_geometry_type": "Point"
      },
      "geometry": {
        "type": "Point",
        "coordinates": [
          -58.6353656,
          -34.6044593
        ]
      }
    },
    {
      "type": "Feature",
      "properties": {
        "id": "osm_node_4340444604",
        "osm_type": "node",
        "osm_id": 4340444604,
        "name": "Vergara y Núñez de Balboa",
        "amenity": null,
        "shop": null,
        "leisure": null,
        "landuse": null,
        "highway": null,
        "railway": null,
        "waterway": null,
        "public_transport": "stop_position",
        "source_name": "OpenStreetMap Overpass API",
        "source_url": "https://overpass-api.de/api/interpreter",
        "generated_at": "2026-06-13T00:57:25.261787+00:00",
        "data_confidence": "medium",
        "assigned_zone_name": "Villa Tesei Centro",
        "source_geometry_type": "Point"
      },
      "geometry": {
        "type": "Point",
        "coordinates": [
          -58.6349274,
          -34.6083854
        ]
      }
    },
    {
      "type": "Feature",
      "properties": {
        "id": "osm_node_4340444605",
        "osm_type": "node",
        "osm_id": 4340444605,
        "name": "Vergara y Núñez de Balboa",
        "amenity": null,
        "shop": null,
        "leisure": null,
        "landuse": null,
        "highway": "bus_stop",
        "railway": null,
        "waterway": null,
        "public_transport": "platform",
        "source_name": "OpenStreetMap Overpass API",
        "source_url": "https://overpass-api.de/api/interpreter",
        "generated_at": "2026-06-13T00:57:25.261787+00:00",
        "data_confidence": "medium",
        "assigned_zone_name": "Villa Tesei Centro",
        "source_geometry_type": "Point"
      },
      "geometry": {
        "type": "Point",
        "coordinates": [
          -58.6350125,
          -34.6083894
        ]
      }
    },
    {
      "type": "Feature",
      "properties": {
        "id": "osm_node_4340490548",
        "osm_type": "node",
        "osm_id": 4340490548,
        "name": "Carrefour V. Tesei",
        "amenity": null,
        "shop": null,
        "leisure": null,
        "landuse": null,
        "highway": null,
        "railway": null,
        "waterway": null,
        "public_transport": "stop_position",
        "source_name": "OpenStreetMap Overpass API",
        "source_url": "https://overpass-api.de/api/interpreter",
        "generated_at": "2026-06-13T00:57:25.261787+00:00",
        "data_confidence": "medium",
        "assigned_zone_name": "Villa Tesei Centro",
        "source_geometry_type": "Point"
      },
      "geometry": {
        "type": "Point",
        "coordinates": [
          -58.6337984,
          -34.6203491
        ]
      }
    },
    {
      "type": "Feature",
      "properties": {
        "id": "osm_node_4340490549",
        "osm_type": "node",
        "osm_id": 4340490549,
        "name": "Carrefour V. Tesei",
        "amenity": null,
        "shop": null,
        "leisure": null,
        "landuse": null,
        "highway": "bus_stop",
        "railway": null,
        "waterway": null,
        "public_transport": "platform",
        "source_name": "OpenStreetMap Overpass API",
        "source_url": "https://overpass-api.de/api/interpreter",
        "generated_at": "2026-06-13T00:57:25.261787+00:00",
        "data_confidence": "medium",
        "assigned_zone_name": "Villa Tesei Centro",
        "source_geometry_type": "Point"
      },
      "geometry": {
        "type": "Point",
        "coordinates": [
          -58.6338561,
          -34.6203516
        ]
      }
    },
    {
      "type": "Feature",
      "properties": {
        "id": "osm_node_4340490550",
        "osm_type": "node",
        "osm_id": 4340490550,
        "name": "Equimac",
        "amenity": null,
        "shop": null,
        "leisure": null,
        "landuse": null,
        "highway": null,
        "railway": null,
        "waterway": null,
        "public_transport": "stop_position",
        "source_name": "OpenStreetMap Overpass API",
        "source_url": "https://overpass-api.de/api/interpreter",
        "generated_at": "2026-06-13T00:57:25.261787+00:00",
        "data_confidence": "medium",
        "assigned_zone_name": "El Palanco",
        "source_geometry_type": "Point"
      },
      "geometry": {
        "type": "Point",
        "coordinates": [
          -58.6328495,
          -34.6232529
        ]
      }
    },
    {
      "type": "Feature",
      "properties": {
        "id": "osm_node_4340490551",
        "osm_type": "node",
        "osm_id": 4340490551,
        "name": "Equimac",
        "amenity": null,
        "shop": null,
        "leisure": null,
        "landuse": null,
        "highway": "bus_stop",
        "railway": null,
        "waterway": null,
        "public_transport": "platform",
        "source_name": "OpenStreetMap Overpass API",
        "source_url": "https://overpass-api.de/api/interpreter",
        "generated_at": "2026-06-13T00:57:25.261787+00:00",
        "data_confidence": "medium",
        "assigned_zone_name": "Villa Tesei Centro",
        "source_geometry_type": "Point"
      },
      "geometry": {
        "type": "Point",
        "coordinates": [
          -58.6329167,
          -34.6232789
        ]
      }
    },
    {
      "type": "Feature",
      "properties": {
        "id": "osm_node_4340490552",
        "osm_type": "node",
        "osm_id": 4340490552,
        "name": "J. Azurduy / Origone",
        "amenity": null,
        "shop": null,
        "leisure": null,
        "landuse": null,
        "highway": null,
        "railway": null,
        "waterway": null,
        "public_transport": "stop_position",
        "source_name": "OpenStreetMap Overpass API",
        "source_url": "https://overpass-api.de/api/interpreter",
        "generated_at": "2026-06-13T00:57:25.261787+00:00",
        "data_confidence": "medium",
        "assigned_zone_name": "Villa Tesei Centro",
        "source_geometry_type": "Point"
      },
      "geometry": {
        "type": "Point",
        "coordinates": [
          -58.6340261,
          -34.6183125
        ]
      }
    },
    {
      "type": "Feature",
      "properties": {
        "id": "osm_node_4340490553",
        "osm_type": "node",
        "osm_id": 4340490553,
        "name": "J. Azurduy / Origone",
        "amenity": null,
        "shop": null,
        "leisure": null,
        "landuse": null,
        "highway": "bus_stop",
        "railway": null,
        "waterway": null,
        "public_transport": "platform",
        "source_name": "OpenStreetMap Overpass API",
        "source_url": "https://overpass-api.de/api/interpreter",
        "generated_at": "2026-06-13T00:57:25.261787+00:00",
        "data_confidence": "medium",
        "assigned_zone_name": "Villa Tesei Centro",
        "source_geometry_type": "Point"
      },
      "geometry": {
        "type": "Point",
        "coordinates": [
          -58.6340966,
          -34.6183092
        ]
      }
    },
    {
      "type": "Feature",
      "properties": {
        "id": "osm_node_4340490554",
        "osm_type": "node",
        "osm_id": 4340490554,
        "name": "Nightingale / Las Provincias",
        "amenity": null,
        "shop": null,
        "leisure": null,
        "landuse": null,
        "highway": null,
        "railway": null,
        "waterway": null,
        "public_transport": "stop_position",
        "source_name": "OpenStreetMap Overpass API",
        "source_url": "https://overpass-api.de/api/interpreter",
        "generated_at": "2026-06-13T00:57:25.261787+00:00",
        "data_confidence": "medium",
        "assigned_zone_name": "Militar",
        "source_geometry_type": "Point"
      },
      "geometry": {
        "type": "Point",
        "coordinates": [
          -58.6321991,
          -34.6251066
        ]
      }
    },
    {
      "type": "Feature",
      "properties": {
        "id": "osm_node_4340490555",
        "osm_type": "node",
        "osm_id": 4340490555,
        "name": "Nightingale / Las Provincias",
        "amenity": null,
        "shop": null,
        "leisure": null,
        "landuse": null,
        "highway": "bus_stop",
        "railway": null,
        "waterway": null,
        "public_transport": "platform",
        "source_name": "OpenStreetMap Overpass API",
        "source_url": "https://overpass-api.de/api/interpreter",
        "generated_at": "2026-06-13T00:57:25.261787+00:00",
        "data_confidence": "medium",
        "assigned_zone_name": "Prensa",
        "source_geometry_type": "Point"
      },
      "geometry": {
        "type": "Point",
        "coordinates": [
          -58.6322468,
          -34.6251257
        ]
      }
    },
    {
      "type": "Feature",
      "properties": {
        "id": "osm_node_4340490556",
        "osm_type": "node",
        "osm_id": 4340490556,
        "name": "RP4 y Bonorino",
        "amenity": null,
        "shop": null,
        "leisure": null,
        "landuse": null,
        "highway": null,
        "railway": null,
        "waterway": null,
        "public_transport": "stop_position",
        "source_name": "OpenStreetMap Overpass API",
        "source_url": "https://overpass-api.de/api/interpreter",
        "generated_at": "2026-06-13T00:57:25.261787+00:00",
        "data_confidence": "medium",
        "assigned_zone_name": "Atepam Italia",
        "source_geometry_type": "Point"
      },
      "geometry": {
        "type": "Point",
        "coordinates": [
          -58.6311304,
          -34.6280726
        ]
      }
    },
    {
      "type": "Feature",
      "properties": {
        "id": "osm_node_4340490557",
        "osm_type": "node",
        "osm_id": 4340490557,
        "name": "RP4 y Bonorino",
        "amenity": null,
        "shop": null,
        "leisure": null,
        "landuse": null,
        "highway": "bus_stop",
        "railway": null,
        "waterway": null,
        "public_transport": "platform",
        "source_name": "OpenStreetMap Overpass API",
        "source_url": "https://overpass-api.de/api/interpreter",
        "generated_at": "2026-06-13T00:57:25.261787+00:00",
        "data_confidence": "medium",
        "assigned_zone_name": "Prensa",
        "source_geometry_type": "Point"
      },
      "geometry": {
        "type": "Point",
        "coordinates": [
          -58.6312082,
          -34.628076
        ]
      }
    },
    {
      "type": "Feature",
      "properties": {
        "id": "osm_node_4340490558",
        "osm_type": "node",
        "osm_id": 4340490558,
        "name": "Vergara y Kiernan",
        "amenity": null,
        "shop": null,
        "leisure": null,
        "landuse": null,
        "highway": null,
        "railway": null,
        "waterway": null,
        "public_transport": "stop_position",
        "source_name": "OpenStreetMap Overpass API",
        "source_url": "https://overpass-api.de/api/interpreter",
        "generated_at": "2026-06-13T00:57:25.261787+00:00",
        "data_confidence": "medium",
        "assigned_zone_name": "Atepam Italia",
        "source_geometry_type": "Point"
      },
      "geometry": {
        "type": "Point",
        "coordinates": [
          -58.6305124,
          -34.6298663
        ]
      }
    },
    {
      "type": "Feature",
      "properties": {
        "id": "osm_node_4340490559",
        "osm_type": "node",
        "osm_id": 4340490559,
        "name": "Vergara y Kiernan",
        "amenity": null,
        "shop": null,
        "leisure": null,
        "landuse": null,
        "highway": "bus_stop",
        "railway": null,
        "waterway": null,
        "public_transport": "platform",
        "source_name": "OpenStreetMap Overpass API",
        "source_url": "https://overpass-api.de/api/interpreter",
        "generated_at": "2026-06-13T00:57:25.261787+00:00",
        "data_confidence": "medium",
        "assigned_zone_name": "Prensa",
        "source_geometry_type": "Point"
      },
      "geometry": {
        "type": "Point",
        "coordinates": [
          -58.6305832,
          -34.6298792
        ]
      }
    },
    {
      "type": "Feature",
      "properties": {
        "id": "osm_node_4636071798",
        "osm_type": "node",
        "osm_id": 4636071798,
        "name": "Fábrica 3M",
        "amenity": null,
        "shop": null,
        "leisure": null,
        "landuse": null,
        "highway": "bus_stop",
        "railway": null,
        "waterway": null,
        "public_transport": "platform",
        "source_name": "OpenStreetMap Overpass API",
        "source_url": "https://overpass-api.de/api/interpreter",
        "generated_at": "2026-06-13T00:57:25.261787+00:00",
        "data_confidence": "medium",
        "assigned_zone_name": "Villa Alemania",
        "source_geometry_type": "Point"
      },
      "geometry": {
        "type": "Point",
        "coordinates": [
          -58.6203983,
          -34.5953514
        ]
      }
    },
    {
      "type": "Feature",
      "properties": {
        "id": "osm_node_4636073702",
        "osm_type": "node",
        "osm_id": 4636073702,
        "name": "Estación 3M",
        "amenity": null,
        "shop": null,
        "leisure": null,
        "landuse": null,
        "highway": "bus_stop",
        "railway": null,
        "waterway": null,
        "public_transport": "platform",
        "source_name": "OpenStreetMap Overpass API",
        "source_url": "https://overpass-api.de/api/interpreter",
        "generated_at": "2026-06-13T00:57:25.261787+00:00",
        "data_confidence": "medium",
        "assigned_zone_name": "Villa Alemania",
        "source_geometry_type": "Point"
      },
      "geometry": {
        "type": "Point",
        "coordinates": [
          -58.6198817,
          -34.5954848
        ]
      }
    },
    {
      "type": "Feature",
      "properties": {
        "id": "osm_node_4636073703",
        "osm_type": "node",
        "osm_id": 4636073703,
        "name": "Roca y Centenera",
        "amenity": null,
        "shop": null,
        "leisure": null,
        "landuse": null,
        "highway": "bus_stop",
        "railway": null,
        "waterway": null,
        "public_transport": "platform",
        "source_name": "OpenStreetMap Overpass API",
        "source_url": "https://overpass-api.de/api/interpreter",
        "generated_at": "2026-06-13T00:57:25.261787+00:00",
        "data_confidence": "medium",
        "assigned_zone_name": "Villa Alemania",
        "source_geometry_type": "Point"
      },
      "geometry": {
        "type": "Point",
        "coordinates": [
          -58.6226869,
          -34.593304
        ]
      }
    },
    {
      "type": "Feature",
      "properties": {
        "id": "osm_node_4636076793",
        "osm_type": "node",
        "osm_id": 4636076793,
        "name": "Roca y Ocampo",
        "amenity": null,
        "shop": null,
        "leisure": null,
        "landuse": null,
        "highway": "bus_stop",
        "railway": null,
        "waterway": null,
        "public_transport": "platform",
        "source_name": "OpenStreetMap Overpass API",
        "source_url": "https://overpass-api.de/api/interpreter",
        "generated_at": "2026-06-13T00:57:25.261787+00:00",
        "data_confidence": "medium",
        "assigned_zone_name": "Villa Alemania",
        "source_geometry_type": "Point"
      },
      "geometry": {
        "type": "Point",
        "coordinates": [
          -58.6233094,
          -34.5930403
        ]
      }
    },
    {
      "type": "Feature",
      "properties": {
        "id": "osm_node_4636117792",
        "osm_type": "node",
        "osm_id": 4636117792,
        "name": "Hurlingham",
        "amenity": null,
        "shop": null,
        "leisure": null,
        "landuse": null,
        "highway": "bus_stop",
        "railway": null,
        "waterway": null,
        "public_transport": "platform",
        "source_name": "OpenStreetMap Overpass API",
        "source_url": "https://overpass-api.de/api/interpreter",
        "generated_at": "2026-06-13T00:57:25.261787+00:00",
        "data_confidence": "medium",
        "assigned_zone_name": "Hurlingham Centro",
        "source_geometry_type": "Point"
      },
      "geometry": {
        "type": "Point",
        "coordinates": [
          -58.633343,
          -34.5900573
        ]
      }
    },
    {
      "type": "Feature",
      "properties": {
        "id": "osm_node_4636135589",
        "osm_type": "node",
        "osm_id": 4636135589,
        "name": "Vergara y Gurruchaga",
        "amenity": null,
        "shop": null,
        "leisure": null,
        "landuse": null,
        "highway": "bus_stop",
        "railway": null,
        "waterway": null,
        "public_transport": "platform",
        "source_name": "OpenStreetMap Overpass API",
        "source_url": "https://overpass-api.de/api/interpreter",
        "generated_at": "2026-06-13T00:57:25.261787+00:00",
        "data_confidence": "medium",
        "assigned_zone_name": "Cosmopolita",
        "source_geometry_type": "Point"
      },
      "geometry": {
        "type": "Point",
        "coordinates": [
          -58.6393972,
          -34.5839905
        ]
      }
    },
    {
      "type": "Feature",
      "properties": {
        "id": "osm_node_4636135590",
        "osm_type": "node",
        "osm_id": 4636135590,
        "name": "Ricchieri y José Gómez",
        "amenity": null,
        "shop": null,
        "leisure": null,
        "landuse": null,
        "highway": "bus_stop",
        "railway": null,
        "waterway": null,
        "public_transport": "platform",
        "source_name": "OpenStreetMap Overpass API",
        "source_url": "https://overpass-api.de/api/interpreter",
        "generated_at": "2026-06-13T00:57:25.261787+00:00",
        "data_confidence": "medium",
        "assigned_zone_name": "Villa Club",
        "source_geometry_type": "Point"
      },
      "geometry": {
        "type": "Point",
        "coordinates": [
          -58.63807,
          -34.5863122
        ]
      }
    },
    {
      "type": "Feature",
      "properties": {
        "id": "osm_node_4636135689",
        "osm_type": "node",
        "osm_id": 4636135689,
        "name": "Estación Ejército de los Andes",
        "amenity": null,
        "shop": null,
        "leisure": null,
        "landuse": null,
        "highway": "bus_stop",
        "railway": null,
        "waterway": null,
        "public_transport": "platform",
        "source_name": "OpenStreetMap Overpass API",
        "source_url": "https://overpass-api.de/api/interpreter",
        "generated_at": "2026-06-13T00:57:25.261787+00:00",
        "data_confidence": "medium",
        "assigned_zone_name": "Cosmopolita",
        "source_geometry_type": "Point"
      },
      "geometry": {
        "type": "Point",
        "coordinates": [
          -58.6405812,
          -34.5805362
        ]
      }
    },
    {
      "type": "Feature",
      "properties": {
        "id": "osm_node_4833786768",
        "osm_type": "node",
        "osm_id": 4833786768,
        "name": "Puente Santa Rosa",
        "amenity": null,
        "shop": null,
        "leisure": null,
        "landuse": null,
        "highway": "bus_stop",
        "railway": null,
        "waterway": null,
        "public_transport": "platform",
        "source_name": "OpenStreetMap Overpass API",
        "source_url": "https://overpass-api.de/api/interpreter",
        "generated_at": "2026-06-13T00:57:25.261787+00:00",
        "data_confidence": "medium",
        "assigned_zone_name": "El Libertador",
        "source_geometry_type": "Point"
      },
      "geometry": {
        "type": "Point",
        "coordinates": [
          -58.6537511,
          -34.6300082
        ]
      }
    },
    {
      "type": "Feature",
      "properties": {
        "id": "osm_node_4833843321",
        "osm_type": "node",
        "osm_id": 4833843321,
        "name": "Puente Santa Rosa",
        "amenity": null,
        "shop": null,
        "leisure": null,
        "landuse": null,
        "highway": null,
        "railway": null,
        "waterway": null,
        "public_transport": "stop_position",
        "source_name": "OpenStreetMap Overpass API",
        "source_url": "https://overpass-api.de/api/interpreter",
        "generated_at": "2026-06-13T00:57:25.261787+00:00",
        "data_confidence": "medium",
        "assigned_zone_name": "El Libertador",
        "source_geometry_type": "Point"
      },
      "geometry": {
        "type": "Point",
        "coordinates": [
          -58.6537413,
          -34.630038
        ]
      }
    },
    {
      "type": "Feature",
      "properties": {
        "id": "osm_node_4875379090",
        "osm_type": "node",
        "osm_id": 4875379090,
        "name": "Richieri y José Gómez",
        "amenity": null,
        "shop": null,
        "leisure": null,
        "landuse": null,
        "highway": null,
        "railway": null,
        "waterway": null,
        "public_transport": "stop_position",
        "source_name": "OpenStreetMap Overpass API",
        "source_url": "https://overpass-api.de/api/interpreter",
        "generated_at": "2026-06-13T00:57:25.261787+00:00",
        "data_confidence": "medium",
        "assigned_zone_name": "Villa Club",
        "source_geometry_type": "Point"
      },
      "geometry": {
        "type": "Point",
        "coordinates": [
          -58.6380927,
          -34.5863431
        ]
      }
    },
    {
      "type": "Feature",
      "properties": {
        "id": "osm_node_5070611191",
        "osm_type": "node",
        "osm_id": 5070611191,
        "name": null,
        "amenity": null,
        "shop": null,
        "leisure": null,
        "landuse": null,
        "highway": "bus_stop",
        "railway": null,
        "waterway": null,
        "public_transport": "platform",
        "source_name": "OpenStreetMap Overpass API",
        "source_url": "https://overpass-api.de/api/interpreter",
        "generated_at": "2026-06-13T00:57:25.261787+00:00",
        "data_confidence": "medium",
        "assigned_zone_name": "Juan B. de Lasalle",
        "source_geometry_type": "Point"
      },
      "geometry": {
        "type": "Point",
        "coordinates": [
          -58.642737,
          -34.576606
        ]
      }
    },
    {
      "type": "Feature",
      "properties": {
        "id": "osm_node_5070611192",
        "osm_type": "node",
        "osm_id": 5070611192,
        "name": null,
        "amenity": null,
        "shop": null,
        "leisure": null,
        "landuse": null,
        "highway": "bus_stop",
        "railway": null,
        "waterway": null,
        "public_transport": "platform",
        "source_name": "OpenStreetMap Overpass API",
        "source_url": "https://overpass-api.de/api/interpreter",
        "generated_at": "2026-06-13T00:57:25.261787+00:00",
        "data_confidence": "medium",
        "assigned_zone_name": "Villa Club",
        "source_geometry_type": "Point"
      },
      "geometry": {
        "type": "Point",
        "coordinates": [
          -58.6425385,
          -34.57668
        ]
      }
    },
    {
      "type": "Feature",
      "properties": {
        "id": "osm_node_5070611193",
        "osm_type": "node",
        "osm_id": 5070611193,
        "name": "Estación Ejército de los Andes",
        "amenity": null,
        "shop": null,
        "leisure": null,
        "landuse": null,
        "highway": null,
        "railway": null,
        "waterway": null,
        "public_transport": "stop_position",
        "source_name": "OpenStreetMap Overpass API",
        "source_url": "https://overpass-api.de/api/interpreter",
        "generated_at": "2026-06-13T00:57:25.261787+00:00",
        "data_confidence": "medium",
        "assigned_zone_name": "Villa Club",
        "source_geometry_type": "Point"
      },
      "geometry": {
        "type": "Point",
        "coordinates": [
          -58.6405123,
          -34.580237
        ]
      }
    },
    {
      "type": "Feature",
      "properties": {
        "id": "osm_node_5070611194",
        "osm_type": "node",
        "osm_id": 5070611194,
        "name": "Estación Ejército de los Andes",
        "amenity": null,
        "shop": null,
        "leisure": null,
        "landuse": null,
        "highway": "bus_stop",
        "railway": null,
        "waterway": null,
        "public_transport": "platform",
        "source_name": "OpenStreetMap Overpass API",
        "source_url": "https://overpass-api.de/api/interpreter",
        "generated_at": "2026-06-13T00:57:25.261787+00:00",
        "data_confidence": "medium",
        "assigned_zone_name": "Villa Club",
        "source_geometry_type": "Point"
      },
      "geometry": {
        "type": "Point",
        "coordinates": [
          -58.6404584,
          -34.5802239
        ]
      }
    },
    {
      "type": "Feature",
      "properties": {
        "id": "osm_node_5070611196",
        "osm_type": "node",
        "osm_id": 5070611196,
        "name": "Vergara y Palacios",
        "amenity": null,
        "shop": null,
        "leisure": null,
        "landuse": null,
        "highway": "bus_stop",
        "railway": null,
        "waterway": null,
        "public_transport": "platform",
        "source_name": "OpenStreetMap Overpass API",
        "source_url": "https://overpass-api.de/api/interpreter",
        "generated_at": "2026-06-13T00:57:25.261787+00:00",
        "data_confidence": "medium",
        "assigned_zone_name": "Cosmopolita",
        "source_geometry_type": "Point"
      },
      "geometry": {
        "type": "Point",
        "coordinates": [
          -58.6399703,
          -34.5822771
        ]
      }
    },
    {
      "type": "Feature",
      "properties": {
        "id": "osm_node_5070611201",
        "osm_type": "node",
        "osm_id": 5070611201,
        "name": "Vergara y Palacios",
        "amenity": null,
        "shop": null,
        "leisure": null,
        "landuse": null,
        "highway": null,
        "railway": null,
        "waterway": null,
        "public_transport": "stop_position",
        "source_name": "OpenStreetMap Overpass API",
        "source_url": "https://overpass-api.de/api/interpreter",
        "generated_at": "2026-06-13T00:57:25.261787+00:00",
        "data_confidence": "medium",
        "assigned_zone_name": "Cosmopolita",
        "source_geometry_type": "Point"
      },
      "geometry": {
        "type": "Point",
        "coordinates": [
          -58.6399124,
          -34.5822126
        ]
      }
    },
    {
      "type": "Feature",
      "properties": {
        "id": "osm_node_5321058921",
        "osm_type": "node",
        "osm_id": 5321058921,
        "name": null,
        "amenity": null,
        "shop": null,
        "leisure": null,
        "landuse": null,
        "highway": "bus_stop",
        "railway": null,
        "waterway": null,
        "public_transport": "platform",
        "source_name": "OpenStreetMap Overpass API",
        "source_url": "https://overpass-api.de/api/interpreter",
        "generated_at": "2026-06-13T00:57:25.261787+00:00",
        "data_confidence": "medium",
        "assigned_zone_name": "Carola Lorenzini",
        "source_geometry_type": "Point"
      },
      "geometry": {
        "type": "Point",
        "coordinates": [
          -58.6534799,
          -34.6251228
        ]
      }
    },
    {
      "type": "Feature",
      "properties": {
        "id": "osm_node_6298511363",
        "osm_type": "node",
        "osm_id": 6298511363,
        "name": "Perón y San Juan",
        "amenity": null,
        "shop": null,
        "leisure": null,
        "landuse": null,
        "highway": "bus_stop",
        "railway": null,
        "waterway": null,
        "public_transport": "platform",
        "source_name": "OpenStreetMap Overpass API",
        "source_url": "https://overpass-api.de/api/interpreter",
        "generated_at": "2026-06-13T00:57:25.261787+00:00",
        "data_confidence": "medium",
        "assigned_zone_name": "El Libertador",
        "source_geometry_type": "Point"
      },
      "geometry": {
        "type": "Point",
        "coordinates": [
          -58.6487263,
          -34.6308409
        ]
      }
    },
    {
      "type": "Feature",
      "properties": {
        "id": "osm_node_6298511366",
        "osm_type": "node",
        "osm_id": 6298511366,
        "name": "Perón y San Pedro",
        "amenity": null,
        "shop": null,
        "leisure": null,
        "landuse": null,
        "highway": "bus_stop",
        "railway": null,
        "waterway": null,
        "public_transport": "platform",
        "source_name": "OpenStreetMap Overpass API",
        "source_url": "https://overpass-api.de/api/interpreter",
        "generated_at": "2026-06-13T00:57:25.261787+00:00",
        "data_confidence": "medium",
        "assigned_zone_name": "El Libertador",
        "source_geometry_type": "Point"
      },
      "geometry": {
        "type": "Point",
        "coordinates": [
          -58.6412135,
          -34.6313485
        ]
      }
    },
    {
      "type": "Feature",
      "properties": {
        "id": "osm_node_6298511369",
        "osm_type": "node",
        "osm_id": 6298511369,
        "name": "Perón y Cellini",
        "amenity": null,
        "shop": null,
        "leisure": null,
        "landuse": null,
        "highway": "bus_stop",
        "railway": null,
        "waterway": null,
        "public_transport": "platform",
        "source_name": "OpenStreetMap Overpass API",
        "source_url": "https://overpass-api.de/api/interpreter",
        "generated_at": "2026-06-13T00:57:25.261787+00:00",
        "data_confidence": "medium",
        "assigned_zone_name": "El Porvenir",
        "source_geometry_type": "Point"
      },
      "geometry": {
        "type": "Point",
        "coordinates": [
          -58.6372827,
          -34.6316586
        ]
      }
    },
    {
      "type": "Feature",
      "properties": {
        "id": "osm_node_6418710308",
        "osm_type": "node",
        "osm_id": 6418710308,
        "name": "Vergara",
        "amenity": null,
        "shop": null,
        "leisure": null,
        "landuse": null,
        "highway": null,
        "railway": null,
        "waterway": null,
        "public_transport": "stop_position",
        "source_name": "OpenStreetMap Overpass API",
        "source_url": "https://overpass-api.de/api/interpreter",
        "generated_at": "2026-06-13T00:57:25.261787+00:00",
        "data_confidence": "medium",
        "assigned_zone_name": "Atepam Italia",
        "source_geometry_type": "Point"
      },
      "geometry": {
        "type": "Point",
        "coordinates": [
          -58.6298013,
          -34.6311635
        ]
      }
    },
    {
      "type": "Feature",
      "properties": {
        "id": "osm_node_7672334013",
        "osm_type": "node",
        "osm_id": 7672334013,
        "name": "Verdi / Kiernan",
        "amenity": null,
        "shop": null,
        "leisure": null,
        "landuse": null,
        "highway": "bus_stop",
        "railway": null,
        "waterway": null,
        "public_transport": "platform",
        "source_name": "OpenStreetMap Overpass API",
        "source_url": "https://overpass-api.de/api/interpreter",
        "generated_at": "2026-06-13T00:57:25.261787+00:00",
        "data_confidence": "medium",
        "assigned_zone_name": "Hurlingham Centro",
        "source_geometry_type": "Point"
      },
      "geometry": {
        "type": "Point",
        "coordinates": [
          -58.6354661,
          -34.6009456
        ]
      }
    },
    {
      "type": "Feature",
      "properties": {
        "id": "osm_node_7828267513",
        "osm_type": "node",
        "osm_id": 7828267513,
        "name": "Estación Ejército de los Andes",
        "amenity": null,
        "shop": null,
        "leisure": null,
        "landuse": null,
        "highway": null,
        "railway": null,
        "waterway": null,
        "public_transport": "stop_position",
        "source_name": "OpenStreetMap Overpass API",
        "source_url": "https://overpass-api.de/api/interpreter",
        "generated_at": "2026-06-13T00:57:25.261787+00:00",
        "data_confidence": "medium",
        "assigned_zone_name": "Cosmopolita",
        "source_geometry_type": "Point"
      },
      "geometry": {
        "type": "Point",
        "coordinates": [
          -58.6405217,
          -34.5805194
        ]
      }
    },
    {
      "type": "Feature",
      "properties": {
        "id": "osm_node_7828267527",
        "osm_type": "node",
        "osm_id": 7828267527,
        "name": "Vergara y Gurruchaga",
        "amenity": null,
        "shop": null,
        "leisure": null,
        "landuse": null,
        "highway": null,
        "railway": null,
        "waterway": null,
        "public_transport": "stop_position",
        "source_name": "OpenStreetMap Overpass API",
        "source_url": "https://overpass-api.de/api/interpreter",
        "generated_at": "2026-06-13T00:57:25.261787+00:00",
        "data_confidence": "medium",
        "assigned_zone_name": "Cosmopolita",
        "source_geometry_type": "Point"
      },
      "geometry": {
        "type": "Point",
        "coordinates": [
          -58.6393119,
          -34.5839569
        ]
      }
    },
    {
      "type": "Feature",
      "properties": {
        "id": "osm_node_9416999636",
        "osm_type": "node",
        "osm_id": 9416999636,
        "name": "Perón y Domak",
        "amenity": null,
        "shop": null,
        "leisure": null,
        "landuse": null,
        "highway": null,
        "railway": null,
        "waterway": null,
        "public_transport": "stop_position",
        "source_name": "OpenStreetMap Overpass API",
        "source_url": "https://overpass-api.de/api/interpreter",
        "generated_at": "2026-06-13T00:57:25.261787+00:00",
        "data_confidence": "medium",
        "assigned_zone_name": "Asunción",
        "source_geometry_type": "Point"
      },
      "geometry": {
        "type": "Point",
        "coordinates": [
          -58.6256631,
          -34.632413
        ]
      }
    },
    {
      "type": "Feature",
      "properties": {
        "id": "osm_node_9416999637",
        "osm_type": "node",
        "osm_id": 9416999637,
        "name": "Perón y Domak",
        "amenity": null,
        "shop": null,
        "leisure": null,
        "landuse": null,
        "highway": "bus_stop",
        "railway": null,
        "waterway": null,
        "public_transport": "platform",
        "source_name": "OpenStreetMap Overpass API",
        "source_url": "https://overpass-api.de/api/interpreter",
        "generated_at": "2026-06-13T00:57:25.261787+00:00",
        "data_confidence": "medium",
        "assigned_zone_name": "Asunción",
        "source_geometry_type": "Point"
      },
      "geometry": {
        "type": "Point",
        "coordinates": [
          -58.6256661,
          -34.632345
        ]
      }
    },
    {
      "type": "Feature",
      "properties": {
        "id": "osm_node_9426887802",
        "osm_type": "node",
        "osm_id": 9426887802,
        "name": "Estación Ejército de los Andes",
        "amenity": null,
        "shop": null,
        "leisure": null,
        "landuse": null,
        "highway": null,
        "railway": null,
        "waterway": null,
        "public_transport": "stop_position",
        "source_name": "OpenStreetMap Overpass API",
        "source_url": "https://overpass-api.de/api/interpreter",
        "generated_at": "2026-06-13T00:57:25.261787+00:00",
        "data_confidence": "medium",
        "assigned_zone_name": "Juan B. de Lasalle",
        "source_geometry_type": "Point"
      },
      "geometry": {
        "type": "Point",
        "coordinates": [
          -58.6412946,
          -34.5786192
        ]
      }
    },
    {
      "type": "Feature",
      "properties": {
        "id": "osm_node_9426887803",
        "osm_type": "node",
        "osm_id": 9426887803,
        "name": "Estación Ejército de los Andes",
        "amenity": null,
        "shop": null,
        "leisure": null,
        "landuse": null,
        "highway": "bus_stop",
        "railway": null,
        "waterway": null,
        "public_transport": "platform",
        "source_name": "OpenStreetMap Overpass API",
        "source_url": "https://overpass-api.de/api/interpreter",
        "generated_at": "2026-06-13T00:57:25.261787+00:00",
        "data_confidence": "medium",
        "assigned_zone_name": "Villa Club",
        "source_geometry_type": "Point"
      },
      "geometry": {
        "type": "Point",
        "coordinates": [
          -58.6412376,
          -34.5785902
        ]
      }
    },
    {
      "type": "Feature",
      "properties": {
        "id": "osm_node_9426887804",
        "osm_type": "node",
        "osm_id": 9426887804,
        "name": "Roca y Bocayuva",
        "amenity": null,
        "shop": null,
        "leisure": null,
        "landuse": null,
        "highway": null,
        "railway": null,
        "waterway": null,
        "public_transport": "stop_position",
        "source_name": "OpenStreetMap Overpass API",
        "source_url": "https://overpass-api.de/api/interpreter",
        "generated_at": "2026-06-13T00:57:25.261787+00:00",
        "data_confidence": "medium",
        "assigned_zone_name": "Villa Club",
        "source_geometry_type": "Point"
      },
      "geometry": {
        "type": "Point",
        "coordinates": [
          -58.639644,
          -34.5801798
        ]
      }
    },
    {
      "type": "Feature",
      "properties": {
        "id": "osm_node_9426887805",
        "osm_type": "node",
        "osm_id": 9426887805,
        "name": "Roca y Bocayuva",
        "amenity": null,
        "shop": null,
        "leisure": null,
        "landuse": null,
        "highway": "bus_stop",
        "railway": null,
        "waterway": null,
        "public_transport": "platform",
        "source_name": "OpenStreetMap Overpass API",
        "source_url": "https://overpass-api.de/api/interpreter",
        "generated_at": "2026-06-13T00:57:25.261787+00:00",
        "data_confidence": "medium",
        "assigned_zone_name": "Villa Club",
        "source_geometry_type": "Point"
      },
      "geometry": {
        "type": "Point",
        "coordinates": [
          -58.6396873,
          -34.58022
        ]
      }
    },
    {
      "type": "Feature",
      "properties": {
        "id": "osm_node_9426887806",
        "osm_type": "node",
        "osm_id": 9426887806,
        "name": "Roca y Bocayuva",
        "amenity": null,
        "shop": null,
        "leisure": null,
        "landuse": null,
        "highway": null,
        "railway": null,
        "waterway": null,
        "public_transport": "stop_position",
        "source_name": "OpenStreetMap Overpass API",
        "source_url": "https://overpass-api.de/api/interpreter",
        "generated_at": "2026-06-13T00:57:25.261787+00:00",
        "data_confidence": "medium",
        "assigned_zone_name": "Villa Club",
        "source_geometry_type": "Point"
      },
      "geometry": {
        "type": "Point",
        "coordinates": [
          -58.6392776,
          -34.580358
        ]
      }
    },
    {
      "type": "Feature",
      "properties": {
        "id": "osm_node_9426887807",
        "osm_type": "node",
        "osm_id": 9426887807,
        "name": "Roca y Bocayuva",
        "amenity": null,
        "shop": null,
        "leisure": null,
        "landuse": null,
        "highway": "bus_stop",
        "railway": null,
        "waterway": null,
        "public_transport": "platform",
        "source_name": "OpenStreetMap Overpass API",
        "source_url": "https://overpass-api.de/api/interpreter",
        "generated_at": "2026-06-13T00:57:25.261787+00:00",
        "data_confidence": "medium",
        "assigned_zone_name": "Villa Club",
        "source_geometry_type": "Point"
      },
      "geometry": {
        "type": "Point",
        "coordinates": [
          -58.6392434,
          -34.5803282
        ]
      }
    },
    {
      "type": "Feature",
      "properties": {
        "id": "osm_node_9426887808",
        "osm_type": "node",
        "osm_id": 9426887808,
        "name": "Bomberos de Hurlingham",
        "amenity": null,
        "shop": null,
        "leisure": null,
        "landuse": null,
        "highway": null,
        "railway": null,
        "waterway": null,
        "public_transport": "stop_position",
        "source_name": "OpenStreetMap Overpass API",
        "source_url": "https://overpass-api.de/api/interpreter",
        "generated_at": "2026-06-13T00:57:25.261787+00:00",
        "data_confidence": "medium",
        "assigned_zone_name": "Villa Club",
        "source_geometry_type": "Point"
      },
      "geometry": {
        "type": "Point",
        "coordinates": [
          -58.6372355,
          -34.5820704
        ]
      }
    },
    {
      "type": "Feature",
      "properties": {
        "id": "osm_node_9426887809",
        "osm_type": "node",
        "osm_id": 9426887809,
        "name": "Bomberos de Hurlingham",
        "amenity": null,
        "shop": null,
        "leisure": null,
        "landuse": null,
        "highway": "bus_stop",
        "railway": null,
        "waterway": null,
        "public_transport": "platform",
        "source_name": "OpenStreetMap Overpass API",
        "source_url": "https://overpass-api.de/api/interpreter",
        "generated_at": "2026-06-13T00:57:25.261787+00:00",
        "data_confidence": "medium",
        "assigned_zone_name": "Villa Club",
        "source_geometry_type": "Point"
      },
      "geometry": {
        "type": "Point",
        "coordinates": [
          -58.637276,
          -34.5821159
        ]
      }
    },
    {
      "type": "Feature",
      "properties": {
        "id": "osm_node_9426887810",
        "osm_type": "node",
        "osm_id": 9426887810,
        "name": "Bomberos de Hurlingham",
        "amenity": null,
        "shop": null,
        "leisure": null,
        "landuse": null,
        "highway": null,
        "railway": null,
        "waterway": null,
        "public_transport": "stop_position",
        "source_name": "OpenStreetMap Overpass API",
        "source_url": "https://overpass-api.de/api/interpreter",
        "generated_at": "2026-06-13T00:57:25.261787+00:00",
        "data_confidence": "medium",
        "assigned_zone_name": "Villa Club",
        "source_geometry_type": "Point"
      },
      "geometry": {
        "type": "Point",
        "coordinates": [
          -58.6369261,
          -34.5822128
        ]
      }
    },
    {
      "type": "Feature",
      "properties": {
        "id": "osm_node_9426887811",
        "osm_type": "node",
        "osm_id": 9426887811,
        "name": "Bomberos de Hurlingham",
        "amenity": null,
        "shop": null,
        "leisure": null,
        "landuse": null,
        "highway": "bus_stop",
        "railway": null,
        "waterway": null,
        "public_transport": "platform",
        "source_name": "OpenStreetMap Overpass API",
        "source_url": "https://overpass-api.de/api/interpreter",
        "generated_at": "2026-06-13T00:57:25.261787+00:00",
        "data_confidence": "medium",
        "assigned_zone_name": "Villa Club",
        "source_geometry_type": "Point"
      },
      "geometry": {
        "type": "Point",
        "coordinates": [
          -58.6368924,
          -34.5821832
        ]
      }
    },
    {
      "type": "Feature",
      "properties": {
        "id": "osm_node_9426887812",
        "osm_type": "node",
        "osm_id": 9426887812,
        "name": "Roca y Albarracín",
        "amenity": null,
        "shop": null,
        "leisure": null,
        "landuse": null,
        "highway": "bus_stop",
        "railway": null,
        "waterway": null,
        "public_transport": "platform",
        "source_name": "OpenStreetMap Overpass API",
        "source_url": "https://overpass-api.de/api/interpreter",
        "generated_at": "2026-06-13T00:57:25.261787+00:00",
        "data_confidence": "medium",
        "assigned_zone_name": "Villa Club",
        "source_geometry_type": "Point"
      },
      "geometry": {
        "type": "Point",
        "coordinates": [
          -58.6340681,
          -34.5846189
        ]
      }
    },
    {
      "type": "Feature",
      "properties": {
        "id": "osm_node_9426887813",
        "osm_type": "node",
        "osm_id": 9426887813,
        "name": "Roca y Albarracín",
        "amenity": null,
        "shop": null,
        "leisure": null,
        "landuse": null,
        "highway": null,
        "railway": null,
        "waterway": null,
        "public_transport": "stop_position",
        "source_name": "OpenStreetMap Overpass API",
        "source_url": "https://overpass-api.de/api/interpreter",
        "generated_at": "2026-06-13T00:57:25.261787+00:00",
        "data_confidence": "medium",
        "assigned_zone_name": "Villa Club",
        "source_geometry_type": "Point"
      },
      "geometry": {
        "type": "Point",
        "coordinates": [
          -58.6340461,
          -34.5845898
        ]
      }
    },
    {
      "type": "Feature",
      "properties": {
        "id": "osm_node_9426887814",
        "osm_type": "node",
        "osm_id": 9426887814,
        "name": "Roca y Albarracín",
        "amenity": null,
        "shop": null,
        "leisure": null,
        "landuse": null,
        "highway": null,
        "railway": null,
        "waterway": null,
        "public_transport": "stop_position",
        "source_name": "OpenStreetMap Overpass API",
        "source_url": "https://overpass-api.de/api/interpreter",
        "generated_at": "2026-06-13T00:57:25.261787+00:00",
        "data_confidence": "medium",
        "assigned_zone_name": "Villa Club",
        "source_geometry_type": "Point"
      },
      "geometry": {
        "type": "Point",
        "coordinates": [
          -58.6336559,
          -34.5847671
        ]
      }
    },
    {
      "type": "Feature",
      "properties": {
        "id": "osm_node_9426887815",
        "osm_type": "node",
        "osm_id": 9426887815,
        "name": "Roca y Albarracín",
        "amenity": null,
        "shop": null,
        "leisure": null,
        "landuse": null,
        "highway": "bus_stop",
        "railway": null,
        "waterway": null,
        "public_transport": "platform",
        "source_name": "OpenStreetMap Overpass API",
        "source_url": "https://overpass-api.de/api/interpreter",
        "generated_at": "2026-06-13T00:57:25.261787+00:00",
        "data_confidence": "medium",
        "assigned_zone_name": "Villa Club",
        "source_geometry_type": "Point"
      },
      "geometry": {
        "type": "Point",
        "coordinates": [
          -58.6336175,
          -34.5847338
        ]
      }
    },
    {
      "type": "Feature",
      "properties": {
        "id": "osm_node_9426942924",
        "osm_type": "node",
        "osm_id": 9426942924,
        "name": "Jauretche y Garay",
        "amenity": null,
        "shop": null,
        "leisure": null,
        "landuse": null,
        "highway": "bus_stop",
        "railway": null,
        "waterway": null,
        "public_transport": "platform",
        "source_name": "OpenStreetMap Overpass API",
        "source_url": "https://overpass-api.de/api/interpreter",
        "generated_at": "2026-06-13T00:57:25.261787+00:00",
        "data_confidence": "medium",
        "assigned_zone_name": "Hurlingham Centro",
        "source_geometry_type": "Point"
      },
      "geometry": {
        "type": "Point",
        "coordinates": [
          -58.6345643,
          -34.591367
        ]
      }
    },
    {
      "type": "Feature",
      "properties": {
        "id": "osm_node_9426942925",
        "osm_type": "node",
        "osm_id": 9426942925,
        "name": "Pizzurno - García García",
        "amenity": null,
        "shop": null,
        "leisure": null,
        "landuse": null,
        "highway": null,
        "railway": null,
        "waterway": null,
        "public_transport": "stop_position",
        "source_name": "OpenStreetMap Overpass API",
        "source_url": "https://overpass-api.de/api/interpreter",
        "generated_at": "2026-06-13T00:57:25.261787+00:00",
        "data_confidence": "medium",
        "assigned_zone_name": "Hurlingham Centro",
        "source_geometry_type": "Point"
      },
      "geometry": {
        "type": "Point",
        "coordinates": [
          -58.6360163,
          -34.5958998
        ]
      }
    },
    {
      "type": "Feature",
      "properties": {
        "id": "osm_node_9426942926",
        "osm_type": "node",
        "osm_id": 9426942926,
        "name": "Pizzurno - García García",
        "amenity": null,
        "shop": null,
        "leisure": null,
        "landuse": null,
        "highway": "bus_stop",
        "railway": null,
        "waterway": null,
        "public_transport": "platform",
        "source_name": "OpenStreetMap Overpass API",
        "source_url": "https://overpass-api.de/api/interpreter",
        "generated_at": "2026-06-13T00:57:25.261787+00:00",
        "data_confidence": "medium",
        "assigned_zone_name": "Hurlingham Centro",
        "source_geometry_type": "Point"
      },
      "geometry": {
        "type": "Point",
        "coordinates": [
          -58.635947,
          -34.5958901
        ]
      }
    },
    {
      "type": "Feature",
      "properties": {
        "id": "osm_node_9426942927",
        "osm_type": "node",
        "osm_id": 9426942927,
        "name": "Bauness / O'Higgins",
        "amenity": null,
        "shop": null,
        "leisure": null,
        "landuse": null,
        "highway": "bus_stop",
        "railway": null,
        "waterway": null,
        "public_transport": "platform",
        "source_name": "OpenStreetMap Overpass API",
        "source_url": "https://overpass-api.de/api/interpreter",
        "generated_at": "2026-06-13T00:57:25.261787+00:00",
        "data_confidence": "medium",
        "assigned_zone_name": "Hurlingham Centro",
        "source_geometry_type": "Point"
      },
      "geometry": {
        "type": "Point",
        "coordinates": [
          -58.6357699,
          -34.5979578
        ]
      }
    },
    {
      "type": "Feature",
      "properties": {
        "id": "osm_node_9426942928",
        "osm_type": "node",
        "osm_id": 9426942928,
        "name": "Bauness / O'Higgins",
        "amenity": null,
        "shop": null,
        "leisure": null,
        "landuse": null,
        "highway": null,
        "railway": null,
        "waterway": null,
        "public_transport": "stop_position",
        "source_name": "OpenStreetMap Overpass API",
        "source_url": "https://overpass-api.de/api/interpreter",
        "generated_at": "2026-06-13T00:57:25.261787+00:00",
        "data_confidence": "medium",
        "assigned_zone_name": "Hurlingham Centro",
        "source_geometry_type": "Point"
      },
      "geometry": {
        "type": "Point",
        "coordinates": [
          -58.6358457,
          -34.5979637
        ]
      }
    },
    {
      "type": "Feature",
      "properties": {
        "id": "osm_node_9426942937",
        "osm_type": "node",
        "osm_id": 9426942937,
        "name": "Vergara y Núñez-Cortés",
        "amenity": null,
        "shop": null,
        "leisure": null,
        "landuse": null,
        "highway": null,
        "railway": null,
        "waterway": null,
        "public_transport": "stop_position",
        "source_name": "OpenStreetMap Overpass API",
        "source_url": "https://overpass-api.de/api/interpreter",
        "generated_at": "2026-06-13T00:57:25.261787+00:00",
        "data_confidence": "medium",
        "assigned_zone_name": "Villa Tesei Centro",
        "source_geometry_type": "Point"
      },
      "geometry": {
        "type": "Point",
        "coordinates": [
          -58.6350428,
          -34.6069538
        ]
      }
    },
    {
      "type": "Feature",
      "properties": {
        "id": "osm_node_9426942938",
        "osm_type": "node",
        "osm_id": 9426942938,
        "name": "Vergara y Núñez-Cortés",
        "amenity": null,
        "shop": null,
        "leisure": null,
        "landuse": null,
        "highway": "bus_stop",
        "railway": null,
        "waterway": null,
        "public_transport": "platform",
        "source_name": "OpenStreetMap Overpass API",
        "source_url": "https://overpass-api.de/api/interpreter",
        "generated_at": "2026-06-13T00:57:25.261787+00:00",
        "data_confidence": "medium",
        "assigned_zone_name": "Villa Tesei Centro",
        "source_geometry_type": "Point"
      },
      "geometry": {
        "type": "Point",
        "coordinates": [
          -58.6349666,
          -34.6069566
        ]
      }
    },
    {
      "type": "Feature",
      "properties": {
        "id": "osm_node_9426942939",
        "osm_type": "node",
        "osm_id": 9426942939,
        "name": "Centro Cívico Villa Tessei",
        "amenity": null,
        "shop": null,
        "leisure": null,
        "landuse": null,
        "highway": null,
        "railway": null,
        "waterway": null,
        "public_transport": "stop_position",
        "source_name": "OpenStreetMap Overpass API",
        "source_url": "https://overpass-api.de/api/interpreter",
        "generated_at": "2026-06-13T00:57:25.261787+00:00",
        "data_confidence": "medium",
        "assigned_zone_name": "Villa Tesei Centro",
        "source_geometry_type": "Point"
      },
      "geometry": {
        "type": "Point",
        "coordinates": [
          -58.6344289,
          -34.6142986
        ]
      }
    },
    {
      "type": "Feature",
      "properties": {
        "id": "osm_node_9426942940",
        "osm_type": "node",
        "osm_id": 9426942940,
        "name": "Centro Cívico Villa Tessei",
        "amenity": null,
        "shop": null,
        "leisure": null,
        "landuse": null,
        "highway": "bus_stop",
        "railway": null,
        "waterway": null,
        "public_transport": "platform",
        "source_name": "OpenStreetMap Overpass API",
        "source_url": "https://overpass-api.de/api/interpreter",
        "generated_at": "2026-06-13T00:57:25.261787+00:00",
        "data_confidence": "medium",
        "assigned_zone_name": "Villa Tesei Centro",
        "source_geometry_type": "Point"
      },
      "geometry": {
        "type": "Point",
        "coordinates": [
          -58.6343725,
          -34.6142945
        ]
      }
    },
    {
      "type": "Feature",
      "properties": {
        "id": "osm_node_9426942941",
        "osm_type": "node",
        "osm_id": 9426942941,
        "name": "Vergara y Pedraza",
        "amenity": null,
        "shop": null,
        "leisure": null,
        "landuse": null,
        "highway": null,
        "railway": null,
        "waterway": null,
        "public_transport": "stop_position",
        "source_name": "OpenStreetMap Overpass API",
        "source_url": "https://overpass-api.de/api/interpreter",
        "generated_at": "2026-06-13T00:57:25.261787+00:00",
        "data_confidence": "medium",
        "assigned_zone_name": "Villa Tesei Centro",
        "source_geometry_type": "Point"
      },
      "geometry": {
        "type": "Point",
        "coordinates": [
          -58.6339113,
          -34.6184412
        ]
      }
    },
    {
      "type": "Feature",
      "properties": {
        "id": "osm_node_9426942942",
        "osm_type": "node",
        "osm_id": 9426942942,
        "name": "Vergara y Pedraza",
        "amenity": null,
        "shop": null,
        "leisure": null,
        "landuse": null,
        "highway": "bus_stop",
        "railway": null,
        "waterway": null,
        "public_transport": "platform",
        "source_name": "OpenStreetMap Overpass API",
        "source_url": "https://overpass-api.de/api/interpreter",
        "generated_at": "2026-06-13T00:57:25.261787+00:00",
        "data_confidence": "medium",
        "assigned_zone_name": "Villa Tesei Centro",
        "source_geometry_type": "Point"
      },
      "geometry": {
        "type": "Point",
        "coordinates": [
          -58.6338495,
          -34.6184377
        ]
      }
    },
    {
      "type": "Feature",
      "properties": {
        "id": "osm_node_9426942943",
        "osm_type": "node",
        "osm_id": 9426942943,
        "name": "Vergara y Camargo",
        "amenity": null,
        "shop": null,
        "leisure": null,
        "landuse": null,
        "highway": null,
        "railway": null,
        "waterway": null,
        "public_transport": "stop_position",
        "source_name": "OpenStreetMap Overpass API",
        "source_url": "https://overpass-api.de/api/interpreter",
        "generated_at": "2026-06-13T00:57:25.261787+00:00",
        "data_confidence": "medium",
        "assigned_zone_name": "El Palanco",
        "source_geometry_type": "Point"
      },
      "geometry": {
        "type": "Point",
        "coordinates": [
          -58.633509,
          -34.6211811
        ]
      }
    },
    {
      "type": "Feature",
      "properties": {
        "id": "osm_node_9426942944",
        "osm_type": "node",
        "osm_id": 9426942944,
        "name": "Vergara y Camargo",
        "amenity": null,
        "shop": null,
        "leisure": null,
        "landuse": null,
        "highway": "bus_stop",
        "railway": null,
        "waterway": null,
        "public_transport": "platform",
        "source_name": "OpenStreetMap Overpass API",
        "source_url": "https://overpass-api.de/api/interpreter",
        "generated_at": "2026-06-13T00:57:25.261787+00:00",
        "data_confidence": "medium",
        "assigned_zone_name": "El Palanco",
        "source_geometry_type": "Point"
      },
      "geometry": {
        "type": "Point",
        "coordinates": [
          -58.6334579,
          -34.6211693
        ]
      }
    },
    {
      "type": "Feature",
      "properties": {
        "id": "osm_node_9426942976",
        "osm_type": "node",
        "osm_id": 9426942976,
        "name": "Vergara y Pasco",
        "amenity": null,
        "shop": null,
        "leisure": null,
        "landuse": null,
        "highway": null,
        "railway": null,
        "waterway": null,
        "public_transport": "stop_position",
        "source_name": "OpenStreetMap Overpass API",
        "source_url": "https://overpass-api.de/api/interpreter",
        "generated_at": "2026-06-13T00:57:25.261787+00:00",
        "data_confidence": "medium",
        "assigned_zone_name": "Militar",
        "source_geometry_type": "Point"
      },
      "geometry": {
        "type": "Point",
        "coordinates": [
          -58.6318631,
          -34.6257826
        ]
      }
    },
    {
      "type": "Feature",
      "properties": {
        "id": "osm_node_9426942977",
        "osm_type": "node",
        "osm_id": 9426942977,
        "name": "Vergara y Pasco",
        "amenity": null,
        "shop": null,
        "leisure": null,
        "landuse": null,
        "highway": "bus_stop",
        "railway": null,
        "waterway": null,
        "public_transport": "platform",
        "source_name": "OpenStreetMap Overpass API",
        "source_url": "https://overpass-api.de/api/interpreter",
        "generated_at": "2026-06-13T00:57:25.261787+00:00",
        "data_confidence": "medium",
        "assigned_zone_name": "Militar",
        "source_geometry_type": "Point"
      },
      "geometry": {
        "type": "Point",
        "coordinates": [
          -58.631811,
          -34.6257691
        ]
      }
    },
    {
      "type": "Feature",
      "properties": {
        "id": "osm_node_9426942978",
        "osm_type": "node",
        "osm_id": 9426942978,
        "name": "Vergara y Waskman",
        "amenity": null,
        "shop": null,
        "leisure": null,
        "landuse": null,
        "highway": null,
        "railway": null,
        "waterway": null,
        "public_transport": "stop_position",
        "source_name": "OpenStreetMap Overpass API",
        "source_url": "https://overpass-api.de/api/interpreter",
        "generated_at": "2026-06-13T00:57:25.261787+00:00",
        "data_confidence": "medium",
        "assigned_zone_name": "Atepam Italia",
        "source_geometry_type": "Point"
      },
      "geometry": {
        "type": "Point",
        "coordinates": [
          -58.6309282,
          -34.6284225
        ]
      }
    },
    {
      "type": "Feature",
      "properties": {
        "id": "osm_node_9426942979",
        "osm_type": "node",
        "osm_id": 9426942979,
        "name": "Vergara y Waskman",
        "amenity": null,
        "shop": null,
        "leisure": null,
        "landuse": null,
        "highway": "bus_stop",
        "railway": null,
        "waterway": null,
        "public_transport": "platform",
        "source_name": "OpenStreetMap Overpass API",
        "source_url": "https://overpass-api.de/api/interpreter",
        "generated_at": "2026-06-13T00:57:25.261787+00:00",
        "data_confidence": "medium",
        "assigned_zone_name": "Atepam Italia",
        "source_geometry_type": "Point"
      },
      "geometry": {
        "type": "Point",
        "coordinates": [
          -58.6308602,
          -34.6284066
        ]
      }
    },
    {
      "type": "Feature",
      "properties": {
        "id": "osm_node_9908733820",
        "osm_type": "node",
        "osm_id": 9908733820,
        "name": "Estación Ejército de los Andes",
        "amenity": null,
        "shop": null,
        "leisure": null,
        "landuse": null,
        "highway": "bus_stop",
        "railway": null,
        "waterway": null,
        "public_transport": "platform",
        "source_name": "OpenStreetMap Overpass API",
        "source_url": "https://overpass-api.de/api/interpreter",
        "generated_at": "2026-06-13T00:57:25.261787+00:00",
        "data_confidence": "medium",
        "assigned_zone_name": "Roca 2",
        "source_geometry_type": "Point"
      },
      "geometry": {
        "type": "Point",
        "coordinates": [
          -58.6414924,
          -34.5787846
        ]
      }
    },
    {
      "type": "Feature",
      "properties": {
        "id": "osm_node_9908733821",
        "osm_type": "node",
        "osm_id": 9908733821,
        "name": "Estación Ejército de los Andes",
        "amenity": null,
        "shop": null,
        "leisure": null,
        "landuse": null,
        "highway": null,
        "railway": null,
        "waterway": null,
        "public_transport": "stop_position",
        "source_name": "OpenStreetMap Overpass API",
        "source_url": "https://overpass-api.de/api/interpreter",
        "generated_at": "2026-06-13T00:57:25.261787+00:00",
        "data_confidence": "medium",
        "assigned_zone_name": "Juan B. de Lasalle",
        "source_geometry_type": "Point"
      },
      "geometry": {
        "type": "Point",
        "coordinates": [
          -58.6412941,
          -34.5788653
        ]
      }
    },
    {
      "type": "Feature",
      "properties": {
        "id": "osm_node_9908733822",
        "osm_type": "node",
        "osm_id": 9908733822,
        "name": "Estación Ejército de los Andes",
        "amenity": null,
        "shop": null,
        "leisure": null,
        "landuse": null,
        "highway": "bus_stop",
        "railway": null,
        "waterway": null,
        "public_transport": "platform",
        "source_name": "OpenStreetMap Overpass API",
        "source_url": "https://overpass-api.de/api/interpreter",
        "generated_at": "2026-06-13T00:57:25.261787+00:00",
        "data_confidence": "medium",
        "assigned_zone_name": "Roca 2",
        "source_geometry_type": "Point"
      },
      "geometry": {
        "type": "Point",
        "coordinates": [
          -58.6413409,
          -34.5789038
        ]
      }
    },
    {
      "type": "Feature",
      "properties": {
        "id": "osm_node_9908733823",
        "osm_type": "node",
        "osm_id": 9908733823,
        "name": "Estación Ejército de los Andes",
        "amenity": null,
        "shop": null,
        "leisure": null,
        "landuse": null,
        "highway": null,
        "railway": null,
        "waterway": null,
        "public_transport": "stop_position",
        "source_name": "OpenStreetMap Overpass API",
        "source_url": "https://overpass-api.de/api/interpreter",
        "generated_at": "2026-06-13T00:57:25.261787+00:00",
        "data_confidence": "medium",
        "assigned_zone_name": "Juan B. de Lasalle",
        "source_geometry_type": "Point"
      },
      "geometry": {
        "type": "Point",
        "coordinates": [
          -58.6415392,
          -34.5786696
        ]
      }
    },
    {
      "type": "Feature",
      "properties": {
        "id": "osm_node_9908733824",
        "osm_type": "node",
        "osm_id": 9908733824,
        "name": "Estación Ejército de los Andes",
        "amenity": null,
        "shop": null,
        "leisure": null,
        "landuse": null,
        "highway": "bus_stop",
        "railway": null,
        "waterway": null,
        "public_transport": "platform",
        "source_name": "OpenStreetMap Overpass API",
        "source_url": "https://overpass-api.de/api/interpreter",
        "generated_at": "2026-06-13T00:57:25.261787+00:00",
        "data_confidence": "medium",
        "assigned_zone_name": "Roca 2",
        "source_geometry_type": "Point"
      },
      "geometry": {
        "type": "Point",
        "coordinates": [
          -58.6415769,
          -34.5787205
        ]
      }
    },
    {
      "type": "Feature",
      "properties": {
        "id": "osm_node_9908733825",
        "osm_type": "node",
        "osm_id": 9908733825,
        "name": "Estación Juan B. de Lasalle",
        "amenity": null,
        "shop": null,
        "leisure": null,
        "landuse": null,
        "highway": null,
        "railway": null,
        "waterway": null,
        "public_transport": "stop_position",
        "source_name": "OpenStreetMap Overpass API",
        "source_url": "https://overpass-api.de/api/interpreter",
        "generated_at": "2026-06-13T00:57:25.261787+00:00",
        "data_confidence": "medium",
        "assigned_zone_name": "Juan B. de Lasalle",
        "source_geometry_type": "Point"
      },
      "geometry": {
        "type": "Point",
        "coordinates": [
          -58.6465821,
          -34.5747291
        ]
      }
    },
    {
      "type": "Feature",
      "properties": {
        "id": "osm_node_9908733826",
        "osm_type": "node",
        "osm_id": 9908733826,
        "name": "Estación Juan B. de Lasalle",
        "amenity": null,
        "shop": null,
        "leisure": null,
        "landuse": null,
        "highway": "bus_stop",
        "railway": null,
        "waterway": null,
        "public_transport": "platform",
        "source_name": "OpenStreetMap Overpass API",
        "source_url": "https://overpass-api.de/api/interpreter",
        "generated_at": "2026-06-13T00:57:25.261787+00:00",
        "data_confidence": "medium",
        "assigned_zone_name": "Roca 2",
        "source_geometry_type": "Point"
      },
      "geometry": {
        "type": "Point",
        "coordinates": [
          -58.6466128,
          -34.5747553
        ]
      }
    },
    {
      "type": "Feature",
      "properties": {
        "id": "osm_node_9908733831",
        "osm_type": "node",
        "osm_id": 9908733831,
        "name": "Roca y Villegas",
        "amenity": null,
        "shop": null,
        "leisure": null,
        "landuse": null,
        "highway": null,
        "railway": null,
        "waterway": null,
        "public_transport": "stop_position",
        "source_name": "OpenStreetMap Overpass API",
        "source_url": "https://overpass-api.de/api/interpreter",
        "generated_at": "2026-06-13T00:57:25.261787+00:00",
        "data_confidence": "medium",
        "assigned_zone_name": "Juan B. de Lasalle",
        "source_geometry_type": "Point"
      },
      "geometry": {
        "type": "Point",
        "coordinates": [
          -58.6490697,
          -34.5727628
        ]
      }
    },
    {
      "type": "Feature",
      "properties": {
        "id": "osm_node_9908733832",
        "osm_type": "node",
        "osm_id": 9908733832,
        "name": "Roca y Villegas",
        "amenity": null,
        "shop": null,
        "leisure": null,
        "landuse": null,
        "highway": "bus_stop",
        "railway": null,
        "waterway": null,
        "public_transport": "platform",
        "source_name": "OpenStreetMap Overpass API",
        "source_url": "https://overpass-api.de/api/interpreter",
        "generated_at": "2026-06-13T00:57:25.261787+00:00",
        "data_confidence": "medium",
        "assigned_zone_name": "Roca 1",
        "source_geometry_type": "Point"
      },
      "geometry": {
        "type": "Point",
        "coordinates": [
          -58.6491019,
          -34.5727897
        ]
      }
    },
    {
      "type": "Feature",
      "properties": {
        "id": "osm_node_9908733833",
        "osm_type": "node",
        "osm_id": 9908733833,
        "name": "Roca y Cellini",
        "amenity": null,
        "shop": null,
        "leisure": null,
        "landuse": null,
        "highway": null,
        "railway": null,
        "waterway": null,
        "public_transport": "stop_position",
        "source_name": "OpenStreetMap Overpass API",
        "source_url": "https://overpass-api.de/api/interpreter",
        "generated_at": "2026-06-13T00:57:25.261787+00:00",
        "data_confidence": "medium",
        "assigned_zone_name": "Juan B. de Lasalle",
        "source_geometry_type": "Point"
      },
      "geometry": {
        "type": "Point",
        "coordinates": [
          -58.6503947,
          -34.57171
        ]
      }
    },
    {
      "type": "Feature",
      "properties": {
        "id": "osm_node_9908733834",
        "osm_type": "node",
        "osm_id": 9908733834,
        "name": "Roca y Cellini",
        "amenity": null,
        "shop": null,
        "leisure": null,
        "landuse": null,
        "highway": "bus_stop",
        "railway": null,
        "waterway": null,
        "public_transport": "platform",
        "source_name": "OpenStreetMap Overpass API",
        "source_url": "https://overpass-api.de/api/interpreter",
        "generated_at": "2026-06-13T00:57:25.261787+00:00",
        "data_confidence": "medium",
        "assigned_zone_name": "Roca 1",
        "source_geometry_type": "Point"
      },
      "geometry": {
        "type": "Point",
        "coordinates": [
          -58.6504295,
          -34.5717406
        ]
      }
    },
    {
      "type": "Feature",
      "properties": {
        "id": "osm_node_9921782090",
        "osm_type": "node",
        "osm_id": 9921782090,
        "name": "Roca y Crucero Belgrano",
        "amenity": null,
        "shop": null,
        "leisure": null,
        "landuse": null,
        "highway": null,
        "railway": null,
        "waterway": null,
        "public_transport": "stop_position",
        "source_name": "OpenStreetMap Overpass API",
        "source_url": "https://overpass-api.de/api/interpreter",
        "generated_at": "2026-06-13T00:57:25.261787+00:00",
        "data_confidence": "medium",
        "assigned_zone_name": "Jorge Newbery",
        "source_geometry_type": "Point"
      },
      "geometry": {
        "type": "Point",
        "coordinates": [
          -58.6287801,
          -34.5885815
        ]
      }
    },
    {
      "type": "Feature",
      "properties": {
        "id": "osm_node_9921782091",
        "osm_type": "node",
        "osm_id": 9921782091,
        "name": "Roca y Crucero Belgrano",
        "amenity": null,
        "shop": null,
        "leisure": null,
        "landuse": null,
        "highway": "bus_stop",
        "railway": null,
        "waterway": null,
        "public_transport": "platform",
        "source_name": "OpenStreetMap Overpass API",
        "source_url": "https://overpass-api.de/api/interpreter",
        "generated_at": "2026-06-13T00:57:25.261787+00:00",
        "data_confidence": "medium",
        "assigned_zone_name": "Jorge Newbery",
        "source_geometry_type": "Point"
      },
      "geometry": {
        "type": "Point",
        "coordinates": [
          -58.6287506,
          -34.588544
        ]
      }
    },
    {
      "type": "Feature",
      "properties": {
        "id": "osm_node_11084973149",
        "osm_type": "node",
        "osm_id": 11084973149,
        "name": "Perón y Bouche",
        "amenity": null,
        "shop": null,
        "leisure": null,
        "landuse": null,
        "highway": null,
        "railway": null,
        "waterway": null,
        "public_transport": "stop_position",
        "source_name": "OpenStreetMap Overpass API",
        "source_url": "https://overpass-api.de/api/interpreter",
        "generated_at": "2026-06-13T00:57:25.261787+00:00",
        "data_confidence": "medium",
        "assigned_zone_name": "El Libertador",
        "source_geometry_type": "Point"
      },
      "geometry": {
        "type": "Point",
        "coordinates": [
          -58.6459153,
          -34.6309891
        ]
      }
    },
    {
      "type": "Feature",
      "properties": {
        "id": "osm_node_11084973150",
        "osm_type": "node",
        "osm_id": 11084973150,
        "name": "Perón y Bouche",
        "amenity": null,
        "shop": null,
        "leisure": null,
        "landuse": null,
        "highway": "bus_stop",
        "railway": null,
        "waterway": null,
        "public_transport": "platform",
        "source_name": "OpenStreetMap Overpass API",
        "source_url": "https://overpass-api.de/api/interpreter",
        "generated_at": "2026-06-13T00:57:25.261787+00:00",
        "data_confidence": "medium",
        "assigned_zone_name": "El Libertador",
        "source_geometry_type": "Point"
      },
      "geometry": {
        "type": "Point",
        "coordinates": [
          -58.6459073,
          -34.6309204
        ]
      }
    },
    {
      "type": "Feature",
      "properties": {
        "id": "osm_node_11084973151",
        "osm_type": "node",
        "osm_id": 11084973151,
        "name": "Perón y Cellini",
        "amenity": null,
        "shop": null,
        "leisure": null,
        "landuse": null,
        "highway": null,
        "railway": null,
        "waterway": null,
        "public_transport": "stop_position",
        "source_name": "OpenStreetMap Overpass API",
        "source_url": "https://overpass-api.de/api/interpreter",
        "generated_at": "2026-06-13T00:57:25.261787+00:00",
        "data_confidence": "medium",
        "assigned_zone_name": "El Porvenir",
        "source_geometry_type": "Point"
      },
      "geometry": {
        "type": "Point",
        "coordinates": [
          -58.6372861,
          -34.6317142
        ]
      }
    },
    {
      "type": "Feature",
      "properties": {
        "id": "osm_node_11090815657",
        "osm_type": "node",
        "osm_id": 11090815657,
        "name": "Pedro Díaz y Pilcomayo",
        "amenity": null,
        "shop": null,
        "leisure": null,
        "landuse": null,
        "highway": "bus_stop",
        "railway": null,
        "waterway": null,
        "public_transport": "platform",
        "source_name": "OpenStreetMap Overpass API",
        "source_url": "https://overpass-api.de/api/interpreter",
        "generated_at": "2026-06-13T00:57:25.261787+00:00",
        "data_confidence": "medium",
        "assigned_zone_name": "Villa Tesei Centro",
        "source_geometry_type": "Point"
      },
      "geometry": {
        "type": "Point",
        "coordinates": [
          -58.635002,
          -34.6151809
        ]
      }
    },
    {
      "type": "Feature",
      "properties": {
        "id": "osm_node_11090815658",
        "osm_type": "node",
        "osm_id": 11090815658,
        "name": "Pedro Díaz y Navarro",
        "amenity": null,
        "shop": null,
        "leisure": null,
        "landuse": null,
        "highway": "bus_stop",
        "railway": null,
        "waterway": null,
        "public_transport": "platform",
        "source_name": "OpenStreetMap Overpass API",
        "source_url": "https://overpass-api.de/api/interpreter",
        "generated_at": "2026-06-13T00:57:25.261787+00:00",
        "data_confidence": "medium",
        "assigned_zone_name": "Villa Tesei Centro",
        "source_geometry_type": "Point"
      },
      "geometry": {
        "type": "Point",
        "coordinates": [
          -58.6380563,
          -34.6126905
        ]
      }
    },
    {
      "type": "Feature",
      "properties": {
        "id": "osm_node_11090815659",
        "osm_type": "node",
        "osm_id": 11090815659,
        "name": "Pedro Díaz y Frías",
        "amenity": null,
        "shop": null,
        "leisure": null,
        "landuse": null,
        "highway": "bus_stop",
        "railway": null,
        "waterway": null,
        "public_transport": "platform",
        "source_name": "OpenStreetMap Overpass API",
        "source_url": "https://overpass-api.de/api/interpreter",
        "generated_at": "2026-06-13T00:57:25.261787+00:00",
        "data_confidence": "medium",
        "assigned_zone_name": "Villa Tesei Centro",
        "source_geometry_type": "Point"
      },
      "geometry": {
        "type": "Point",
        "coordinates": [
          -58.6427033,
          -34.6089911
        ]
      }
    },
    {
      "type": "Feature",
      "properties": {
        "id": "osm_node_11090815660",
        "osm_type": "node",
        "osm_id": 11090815660,
        "name": "Pedro Díaz y Verdi",
        "amenity": null,
        "shop": null,
        "leisure": null,
        "landuse": null,
        "highway": "bus_stop",
        "railway": null,
        "waterway": null,
        "public_transport": "platform",
        "source_name": "OpenStreetMap Overpass API",
        "source_url": "https://overpass-api.de/api/interpreter",
        "generated_at": "2026-06-13T00:57:25.261787+00:00",
        "data_confidence": "medium",
        "assigned_zone_name": "Luna",
        "source_geometry_type": "Point"
      },
      "geometry": {
        "type": "Point",
        "coordinates": [
          -58.6442782,
          -34.6077444
        ]
      }
    },
    {
      "type": "Feature",
      "properties": {
        "id": "osm_node_11090815661",
        "osm_type": "node",
        "osm_id": 11090815661,
        "name": "Pedro Díaz y Génova",
        "amenity": null,
        "shop": null,
        "leisure": null,
        "landuse": null,
        "highway": "bus_stop",
        "railway": null,
        "waterway": null,
        "public_transport": "platform",
        "source_name": "OpenStreetMap Overpass API",
        "source_url": "https://overpass-api.de/api/interpreter",
        "generated_at": "2026-06-13T00:57:25.261787+00:00",
        "data_confidence": "medium",
        "assigned_zone_name": "Luna",
        "source_geometry_type": "Point"
      },
      "geometry": {
        "type": "Point",
        "coordinates": [
          -58.6460549,
          -34.6062967
        ]
      }
    },
    {
      "type": "Feature",
      "properties": {
        "id": "osm_node_11090815662",
        "osm_type": "node",
        "osm_id": 11090815662,
        "name": "Pedro Díaz y Bizet",
        "amenity": null,
        "shop": null,
        "leisure": null,
        "landuse": null,
        "highway": "bus_stop",
        "railway": null,
        "waterway": null,
        "public_transport": "platform",
        "source_name": "OpenStreetMap Overpass API",
        "source_url": "https://overpass-api.de/api/interpreter",
        "generated_at": "2026-06-13T00:57:25.261787+00:00",
        "data_confidence": "medium",
        "assigned_zone_name": "Luna",
        "source_geometry_type": "Point"
      },
      "geometry": {
        "type": "Point",
        "coordinates": [
          -58.6481289,
          -34.6046683
        ]
      }
    },
    {
      "type": "Feature",
      "properties": {
        "id": "osm_node_11090815663",
        "osm_type": "node",
        "osm_id": 11090815663,
        "name": "Pedro Díaz y Mascagni",
        "amenity": null,
        "shop": null,
        "leisure": null,
        "landuse": null,
        "highway": "bus_stop",
        "railway": null,
        "waterway": null,
        "public_transport": "platform",
        "source_name": "OpenStreetMap Overpass API",
        "source_url": "https://overpass-api.de/api/interpreter",
        "generated_at": "2026-06-13T00:57:25.261787+00:00",
        "data_confidence": "medium",
        "assigned_zone_name": "Luna",
        "source_geometry_type": "Point"
      },
      "geometry": {
        "type": "Point",
        "coordinates": [
          -58.6498914,
          -34.6032347
        ]
      }
    },
    {
      "type": "Feature",
      "properties": {
        "id": "osm_node_11090815664",
        "osm_type": "node",
        "osm_id": 11090815664,
        "name": "Pedro Díaz y Williams",
        "amenity": null,
        "shop": null,
        "leisure": null,
        "landuse": null,
        "highway": "bus_stop",
        "railway": null,
        "waterway": null,
        "public_transport": "platform",
        "source_name": "OpenStreetMap Overpass API",
        "source_url": "https://overpass-api.de/api/interpreter",
        "generated_at": "2026-06-13T00:57:25.261787+00:00",
        "data_confidence": "medium",
        "assigned_zone_name": "Luna",
        "source_geometry_type": "Point"
      },
      "geometry": {
        "type": "Point",
        "coordinates": [
          -58.6518587,
          -34.601613
        ]
      }
    },
    {
      "type": "Feature",
      "properties": {
        "id": "osm_node_11090815667",
        "osm_type": "node",
        "osm_id": 11090815667,
        "name": "Pedro Díaz y Torello",
        "amenity": null,
        "shop": null,
        "leisure": null,
        "landuse": null,
        "highway": "bus_stop",
        "railway": null,
        "waterway": null,
        "public_transport": "platform",
        "source_name": "OpenStreetMap Overpass API",
        "source_url": "https://overpass-api.de/api/interpreter",
        "generated_at": "2026-06-13T00:57:25.261787+00:00",
        "data_confidence": "medium",
        "assigned_zone_name": "Santa Leonor",
        "source_geometry_type": "Point"
      },
      "geometry": {
        "type": "Point",
        "coordinates": [
          -58.6569487,
          -34.5974935
        ]
      }
    },
    {
      "type": "Feature",
      "properties": {
        "id": "osm_node_11090815668",
        "osm_type": "node",
        "osm_id": 11090815668,
        "name": "Pedro Díaz y Tokio",
        "amenity": null,
        "shop": null,
        "leisure": null,
        "landuse": null,
        "highway": "bus_stop",
        "railway": null,
        "waterway": null,
        "public_transport": "platform",
        "source_name": "OpenStreetMap Overpass API",
        "source_url": "https://overpass-api.de/api/interpreter",
        "generated_at": "2026-06-13T00:57:25.261787+00:00",
        "data_confidence": "medium",
        "assigned_zone_name": "Santa Leonor",
        "source_geometry_type": "Point"
      },
      "geometry": {
        "type": "Point",
        "coordinates": [
          -58.6587985,
          -34.5959909
        ]
      }
    },
    {
      "type": "Feature",
      "properties": {
        "id": "osm_node_11090815669",
        "osm_type": "node",
        "osm_id": 11090815669,
        "name": "Pedro Díaz y Avilés",
        "amenity": null,
        "shop": null,
        "leisure": null,
        "landuse": null,
        "highway": "bus_stop",
        "railway": null,
        "waterway": null,
        "public_transport": "platform",
        "source_name": "OpenStreetMap Overpass API",
        "source_url": "https://overpass-api.de/api/interpreter",
        "generated_at": "2026-06-13T00:57:25.261787+00:00",
        "data_confidence": "medium",
        "assigned_zone_name": "Santa Leonor",
        "source_geometry_type": "Point"
      },
      "geometry": {
        "type": "Point",
        "coordinates": [
          -58.6600262,
          -34.595007
        ]
      }
    },
    {
      "type": "Feature",
      "properties": {
        "id": "osm_node_11090815670",
        "osm_type": "node",
        "osm_id": 11090815670,
        "name": "Pedro Díaz y El Jagüel",
        "amenity": null,
        "shop": null,
        "leisure": null,
        "landuse": null,
        "highway": "bus_stop",
        "railway": null,
        "waterway": null,
        "public_transport": "platform",
        "source_name": "OpenStreetMap Overpass API",
        "source_url": "https://overpass-api.de/api/interpreter",
        "generated_at": "2026-06-13T00:57:25.261787+00:00",
        "data_confidence": "medium",
        "assigned_zone_name": "La Leonor",
        "source_geometry_type": "Point"
      },
      "geometry": {
        "type": "Point",
        "coordinates": [
          -58.6622663,
          -34.5931663
        ]
      }
    },
    {
      "type": "Feature",
      "properties": {
        "id": "osm_node_11090815671",
        "osm_type": "node",
        "osm_id": 11090815671,
        "name": "Pedro Díaz y Farina",
        "amenity": null,
        "shop": null,
        "leisure": null,
        "landuse": null,
        "highway": "bus_stop",
        "railway": null,
        "waterway": null,
        "public_transport": "platform",
        "source_name": "OpenStreetMap Overpass API",
        "source_url": "https://overpass-api.de/api/interpreter",
        "generated_at": "2026-06-13T00:57:25.261787+00:00",
        "data_confidence": "medium",
        "assigned_zone_name": "La Leonor",
        "source_geometry_type": "Point"
      },
      "geometry": {
        "type": "Point",
        "coordinates": [
          -58.6646893,
          -34.591262
        ]
      }
    },
    {
      "type": "Feature",
      "properties": {
        "id": "osm_node_11090815672",
        "osm_type": "node",
        "osm_id": 11090815672,
        "name": "Pedro Díaz y Villegas",
        "amenity": null,
        "shop": null,
        "leisure": null,
        "landuse": null,
        "highway": "bus_stop",
        "railway": null,
        "waterway": null,
        "public_transport": "platform",
        "source_name": "OpenStreetMap Overpass API",
        "source_url": "https://overpass-api.de/api/interpreter",
        "generated_at": "2026-06-13T00:57:25.261787+00:00",
        "data_confidence": "medium",
        "assigned_zone_name": "La Leonor",
        "source_geometry_type": "Point"
      },
      "geometry": {
        "type": "Point",
        "coordinates": [
          -58.6667708,
          -34.5895585
        ]
      }
    },
    {
      "type": "Feature",
      "properties": {
        "id": "osm_node_11090815673",
        "osm_type": "node",
        "osm_id": 11090815673,
        "name": "Escuela 503",
        "amenity": null,
        "shop": null,
        "leisure": null,
        "landuse": null,
        "highway": "bus_stop",
        "railway": null,
        "waterway": null,
        "public_transport": "platform",
        "source_name": "OpenStreetMap Overpass API",
        "source_url": "https://overpass-api.de/api/interpreter",
        "generated_at": "2026-06-13T00:57:25.261787+00:00",
        "data_confidence": "medium",
        "assigned_zone_name": "San Damián",
        "source_geometry_type": "Point"
      },
      "geometry": {
        "type": "Point",
        "coordinates": [
          -58.6708444,
          -34.588782
        ]
      }
    },
    {
      "type": "Feature",
      "properties": {
        "id": "osm_node_11090815674",
        "osm_type": "node",
        "osm_id": 11090815674,
        "name": "Gorriti y El Chasque",
        "amenity": null,
        "shop": null,
        "leisure": null,
        "landuse": null,
        "highway": "bus_stop",
        "railway": null,
        "waterway": null,
        "public_transport": "platform",
        "source_name": "OpenStreetMap Overpass API",
        "source_url": "https://overpass-api.de/api/interpreter",
        "generated_at": "2026-06-13T00:57:25.261787+00:00",
        "data_confidence": "medium",
        "assigned_zone_name": "San Damián",
        "source_geometry_type": "Point"
      },
      "geometry": {
        "type": "Point",
        "coordinates": [
          -58.6737388,
          -34.5864668
        ]
      }
    },
    {
      "type": "Feature",
      "properties": {
        "id": "osm_node_11679117419",
        "osm_type": "node",
        "osm_id": 11679117419,
        "name": "Roca y Necochea",
        "amenity": null,
        "shop": null,
        "leisure": null,
        "landuse": null,
        "highway": "bus_stop",
        "railway": null,
        "waterway": null,
        "public_transport": "platform",
        "source_name": "OpenStreetMap Overpass API",
        "source_url": "https://overpass-api.de/api/interpreter",
        "generated_at": "2026-06-13T00:57:25.261787+00:00",
        "data_confidence": "medium",
        "assigned_zone_name": "Jorge Newbery",
        "source_geometry_type": "Point"
      },
      "geometry": {
        "type": "Point",
        "coordinates": [
          -58.6246665,
          -34.591756
        ]
      }
    },
    {
      "type": "Feature",
      "properties": {
        "id": "osm_node_11679117420",
        "osm_type": "node",
        "osm_id": 11679117420,
        "name": "Roca y Necochea",
        "amenity": null,
        "shop": null,
        "leisure": null,
        "landuse": null,
        "highway": "bus_stop",
        "railway": null,
        "waterway": null,
        "public_transport": "platform",
        "source_name": "OpenStreetMap Overpass API",
        "source_url": "https://overpass-api.de/api/interpreter",
        "generated_at": "2026-06-13T00:57:25.261787+00:00",
        "data_confidence": "medium",
        "assigned_zone_name": "Hurlingham Centro",
        "source_geometry_type": "Point"
      },
      "geometry": {
        "type": "Point",
        "coordinates": [
          -58.6250608,
          -34.5916875
        ]
      }
    },
    {
      "type": "Feature",
      "properties": {
        "id": "osm_node_11679117421",
        "osm_type": "node",
        "osm_id": 11679117421,
        "name": "Plaza John Ravencroft",
        "amenity": null,
        "shop": null,
        "leisure": null,
        "landuse": null,
        "highway": "bus_stop",
        "railway": null,
        "waterway": null,
        "public_transport": "platform",
        "source_name": "OpenStreetMap Overpass API",
        "source_url": "https://overpass-api.de/api/interpreter",
        "generated_at": "2026-06-13T00:57:25.261787+00:00",
        "data_confidence": "medium",
        "assigned_zone_name": "Jorge Newbery",
        "source_geometry_type": "Point"
      },
      "geometry": {
        "type": "Point",
        "coordinates": [
          -58.6272675,
          -34.5897168
        ]
      }
    },
    {
      "type": "Feature",
      "properties": {
        "id": "osm_node_11679117423",
        "osm_type": "node",
        "osm_id": 11679117423,
        "name": "Estación Rubén Darío",
        "amenity": null,
        "shop": null,
        "leisure": null,
        "landuse": null,
        "highway": "bus_stop",
        "railway": null,
        "waterway": null,
        "public_transport": "platform",
        "source_name": "OpenStreetMap Overpass API",
        "source_url": "https://overpass-api.de/api/interpreter",
        "generated_at": "2026-06-13T00:57:25.261787+00:00",
        "data_confidence": "medium",
        "assigned_zone_name": "Hurlingham Centro",
        "source_geometry_type": "Point"
      },
      "geometry": {
        "type": "Point",
        "coordinates": [
          -58.6292328,
          -34.588464
        ]
      }
    },
    {
      "type": "Feature",
      "properties": {
        "id": "osm_node_11679117424",
        "osm_type": "node",
        "osm_id": 11679117424,
        "name": "Taller Rubén Darío",
        "amenity": null,
        "shop": null,
        "leisure": null,
        "landuse": null,
        "highway": "bus_stop",
        "railway": null,
        "waterway": null,
        "public_transport": "platform",
        "source_name": "OpenStreetMap Overpass API",
        "source_url": "https://overpass-api.de/api/interpreter",
        "generated_at": "2026-06-13T00:57:25.261787+00:00",
        "data_confidence": "medium",
        "assigned_zone_name": "Hurlingham Centro",
        "source_geometry_type": "Point"
      },
      "geometry": {
        "type": "Point",
        "coordinates": [
          -58.6353434,
          -34.5881258
        ]
      }
    },
    {
      "type": "Feature",
      "properties": {
        "id": "osm_node_11679117426",
        "osm_type": "node",
        "osm_id": 11679117426,
        "name": "Estación Juan B. de Lasalle",
        "amenity": null,
        "shop": null,
        "leisure": null,
        "landuse": null,
        "highway": "bus_stop",
        "railway": null,
        "waterway": null,
        "public_transport": "platform",
        "source_name": "OpenStreetMap Overpass API",
        "source_url": "https://overpass-api.de/api/interpreter",
        "generated_at": "2026-06-13T00:57:25.261787+00:00",
        "data_confidence": "medium",
        "assigned_zone_name": "Juan B. de Lasalle",
        "source_geometry_type": "Point"
      },
      "geometry": {
        "type": "Point",
        "coordinates": [
          -58.6461038,
          -34.5749476
        ]
      }
    },
    {
      "type": "Feature",
      "properties": {
        "id": "osm_node_11679117427",
        "osm_type": "node",
        "osm_id": 11679117427,
        "name": "Roca y Villegas",
        "amenity": null,
        "shop": null,
        "leisure": null,
        "landuse": null,
        "highway": "bus_stop",
        "railway": null,
        "waterway": null,
        "public_transport": "platform",
        "source_name": "OpenStreetMap Overpass API",
        "source_url": "https://overpass-api.de/api/interpreter",
        "generated_at": "2026-06-13T00:57:25.261787+00:00",
        "data_confidence": "medium",
        "assigned_zone_name": "Juan B. de Lasalle",
        "source_geometry_type": "Point"
      },
      "geometry": {
        "type": "Point",
        "coordinates": [
          -58.6489525,
          -34.5727
        ]
      }
    },
    {
      "type": "Feature",
      "properties": {
        "id": "osm_node_11679117428",
        "osm_type": "node",
        "osm_id": 11679117428,
        "name": "Roca y Cellini",
        "amenity": null,
        "shop": null,
        "leisure": null,
        "landuse": null,
        "highway": "bus_stop",
        "railway": null,
        "waterway": null,
        "public_transport": "platform",
        "source_name": "OpenStreetMap Overpass API",
        "source_url": "https://overpass-api.de/api/interpreter",
        "generated_at": "2026-06-13T00:57:25.261787+00:00",
        "data_confidence": "medium",
        "assigned_zone_name": "Juan B. de Lasalle",
        "source_geometry_type": "Point"
      },
      "geometry": {
        "type": "Point",
        "coordinates": [
          -58.6503325,
          -34.5716329
        ]
      }
    },
    {
      "type": "Feature",
      "properties": {
        "id": "osm_node_11696303381",
        "osm_type": "node",
        "osm_id": 11696303381,
        "name": "Roca y Piovano",
        "amenity": null,
        "shop": null,
        "leisure": null,
        "landuse": null,
        "highway": "bus_stop",
        "railway": null,
        "waterway": null,
        "public_transport": "platform",
        "source_name": "OpenStreetMap Overpass API",
        "source_url": "https://overpass-api.de/api/interpreter",
        "generated_at": "2026-06-13T00:57:25.261787+00:00",
        "data_confidence": "medium",
        "assigned_zone_name": "Roca 2",
        "source_geometry_type": "Point"
      },
      "geometry": {
        "type": "Point",
        "coordinates": [
          -58.6434126,
          -34.5773574
        ]
      }
    },
    {
      "type": "Feature",
      "properties": {
        "id": "osm_node_11696303382",
        "osm_type": "node",
        "osm_id": 11696303382,
        "name": "Vergara y Mustoni",
        "amenity": null,
        "shop": null,
        "leisure": null,
        "landuse": null,
        "highway": "bus_stop",
        "railway": null,
        "waterway": null,
        "public_transport": "platform",
        "source_name": "OpenStreetMap Overpass API",
        "source_url": "https://overpass-api.de/api/interpreter",
        "generated_at": "2026-06-13T00:57:25.261787+00:00",
        "data_confidence": "medium",
        "assigned_zone_name": "Cosmopolita",
        "source_geometry_type": "Point"
      },
      "geometry": {
        "type": "Point",
        "coordinates": [
          -58.6387993,
          -34.5856595
        ]
      }
    },
    {
      "type": "Feature",
      "properties": {
        "id": "osm_node_11696303383",
        "osm_type": "node",
        "osm_id": 11696303383,
        "name": "Taller Rubén Darío",
        "amenity": null,
        "shop": null,
        "leisure": null,
        "landuse": null,
        "highway": "bus_stop",
        "railway": null,
        "waterway": null,
        "public_transport": "platform",
        "source_name": "OpenStreetMap Overpass API",
        "source_url": "https://overpass-api.de/api/interpreter",
        "generated_at": "2026-06-13T00:57:25.261787+00:00",
        "data_confidence": "medium",
        "assigned_zone_name": "Hurlingham Centro",
        "source_geometry_type": "Point"
      },
      "geometry": {
        "type": "Point",
        "coordinates": [
          -58.6358244,
          -34.5881741
        ]
      }
    },
    {
      "type": "Feature",
      "properties": {
        "id": "osm_node_11707460495",
        "osm_type": "node",
        "osm_id": 11707460495,
        "name": "Roca y Ocampo",
        "amenity": null,
        "shop": null,
        "leisure": null,
        "landuse": null,
        "highway": null,
        "railway": null,
        "waterway": null,
        "public_transport": "stop_position",
        "source_name": "OpenStreetMap Overpass API",
        "source_url": "https://overpass-api.de/api/interpreter",
        "generated_at": "2026-06-13T00:57:25.261787+00:00",
        "data_confidence": "medium",
        "assigned_zone_name": "Villa Alemania",
        "source_geometry_type": "Point"
      },
      "geometry": {
        "type": "Point",
        "coordinates": [
          -58.623272,
          -34.5930073
        ]
      }
    },
    {
      "type": "Feature",
      "properties": {
        "id": "osm_node_11707460496",
        "osm_type": "node",
        "osm_id": 11707460496,
        "name": "Fábrica 3M",
        "amenity": null,
        "shop": null,
        "leisure": null,
        "landuse": null,
        "highway": null,
        "railway": null,
        "waterway": null,
        "public_transport": "stop_position",
        "source_name": "OpenStreetMap Overpass API",
        "source_url": "https://overpass-api.de/api/interpreter",
        "generated_at": "2026-06-13T00:57:25.261787+00:00",
        "data_confidence": "medium",
        "assigned_zone_name": "Villa Alemania",
        "source_geometry_type": "Point"
      },
      "geometry": {
        "type": "Point",
        "coordinates": [
          -58.62037,
          -34.5953195
        ]
      }
    },
    {
      "type": "Feature",
      "properties": {
        "id": "osm_node_11714929386",
        "osm_type": "node",
        "osm_id": 11714929386,
        "name": "Plaza John Ravencroft",
        "amenity": null,
        "shop": null,
        "leisure": null,
        "landuse": null,
        "highway": null,
        "railway": null,
        "waterway": null,
        "public_transport": "stop_position",
        "source_name": "OpenStreetMap Overpass API",
        "source_url": "https://overpass-api.de/api/interpreter",
        "generated_at": "2026-06-13T00:57:25.261787+00:00",
        "data_confidence": "medium",
        "assigned_zone_name": "Jorge Newbery",
        "source_geometry_type": "Point"
      },
      "geometry": {
        "type": "Point",
        "coordinates": [
          -58.6272973,
          -34.5897426
        ]
      }
    },
    {
      "type": "Feature",
      "properties": {
        "id": "osm_node_11720566513",
        "osm_type": "node",
        "osm_id": 11720566513,
        "name": "Pedro Díaz y Gluck",
        "amenity": null,
        "shop": null,
        "leisure": null,
        "landuse": null,
        "highway": "bus_stop",
        "railway": null,
        "waterway": null,
        "public_transport": "platform",
        "source_name": "OpenStreetMap Overpass API",
        "source_url": "https://overpass-api.de/api/interpreter",
        "generated_at": "2026-06-13T00:57:25.261787+00:00",
        "data_confidence": "medium",
        "assigned_zone_name": "Mitre",
        "source_geometry_type": "Point"
      },
      "geometry": {
        "type": "Point",
        "coordinates": [
          -58.6404722,
          -34.6109084
        ]
      }
    },
    {
      "type": "Feature",
      "properties": {
        "id": "osm_node_11720566515",
        "osm_type": "node",
        "osm_id": 11720566515,
        "name": "Pedro Díaz y Génova",
        "amenity": null,
        "shop": null,
        "leisure": null,
        "landuse": null,
        "highway": "bus_stop",
        "railway": null,
        "waterway": null,
        "public_transport": "platform",
        "source_name": "OpenStreetMap Overpass API",
        "source_url": "https://overpass-api.de/api/interpreter",
        "generated_at": "2026-06-13T00:57:25.261787+00:00",
        "data_confidence": "medium",
        "assigned_zone_name": "Los Pinos",
        "source_geometry_type": "Point"
      },
      "geometry": {
        "type": "Point",
        "coordinates": [
          -58.6464176,
          -34.6061525
        ]
      }
    },
    {
      "type": "Feature",
      "properties": {
        "id": "osm_node_11720566516",
        "osm_type": "node",
        "osm_id": 11720566516,
        "name": "Coraceros y Pedro Díaz",
        "amenity": null,
        "shop": null,
        "leisure": null,
        "landuse": null,
        "highway": "bus_stop",
        "railway": null,
        "waterway": null,
        "public_transport": "platform",
        "source_name": "OpenStreetMap Overpass API",
        "source_url": "https://overpass-api.de/api/interpreter",
        "generated_at": "2026-06-13T00:57:25.261787+00:00",
        "data_confidence": "medium",
        "assigned_zone_name": "Luna",
        "source_geometry_type": "Point"
      },
      "geometry": {
        "type": "Point",
        "coordinates": [
          -58.6472576,
          -34.605278
        ]
      }
    },
    {
      "type": "Feature",
      "properties": {
        "id": "osm_node_11720566517",
        "osm_type": "node",
        "osm_id": 11720566517,
        "name": "Coraceros y Pedro Díaz",
        "amenity": null,
        "shop": null,
        "leisure": null,
        "landuse": null,
        "highway": "bus_stop",
        "railway": null,
        "waterway": null,
        "public_transport": "platform",
        "source_name": "OpenStreetMap Overpass API",
        "source_url": "https://overpass-api.de/api/interpreter",
        "generated_at": "2026-06-13T00:57:25.261787+00:00",
        "data_confidence": "medium",
        "assigned_zone_name": "Luna",
        "source_geometry_type": "Point"
      },
      "geometry": {
        "type": "Point",
        "coordinates": [
          -58.6471735,
          -34.6053491
        ]
      }
    },
    {
      "type": "Feature",
      "properties": {
        "id": "osm_node_11720566520",
        "osm_type": "node",
        "osm_id": 11720566520,
        "name": "Mascagni y Pedro Díaz",
        "amenity": null,
        "shop": null,
        "leisure": null,
        "landuse": null,
        "highway": "bus_stop",
        "railway": null,
        "waterway": null,
        "public_transport": "platform",
        "source_name": "OpenStreetMap Overpass API",
        "source_url": "https://overpass-api.de/api/interpreter",
        "generated_at": "2026-06-13T00:57:25.261787+00:00",
        "data_confidence": "medium",
        "assigned_zone_name": "Luna",
        "source_geometry_type": "Point"
      },
      "geometry": {
        "type": "Point",
        "coordinates": [
          -58.6500046,
          -34.6030837
        ]
      }
    },
    {
      "type": "Feature",
      "properties": {
        "id": "osm_node_11722107708",
        "osm_type": "node",
        "osm_id": 11722107708,
        "name": "Stepinac",
        "amenity": null,
        "shop": null,
        "leisure": null,
        "landuse": null,
        "highway": "bus_stop",
        "railway": null,
        "waterway": null,
        "public_transport": "platform",
        "source_name": "OpenStreetMap Overpass API",
        "source_url": "https://overpass-api.de/api/interpreter",
        "generated_at": "2026-06-13T00:57:25.261787+00:00",
        "data_confidence": "medium",
        "assigned_zone_name": "San Alberto",
        "source_geometry_type": "Point"
      },
      "geometry": {
        "type": "Point",
        "coordinates": [
          -58.6539353,
          -34.6000451
        ]
      }
    },
    {
      "type": "Feature",
      "properties": {
        "id": "osm_node_11722107709",
        "osm_type": "node",
        "osm_id": 11722107709,
        "name": "Pedro Díaz y Haydin",
        "amenity": null,
        "shop": null,
        "leisure": null,
        "landuse": null,
        "highway": "bus_stop",
        "railway": null,
        "waterway": null,
        "public_transport": "platform",
        "source_name": "OpenStreetMap Overpass API",
        "source_url": "https://overpass-api.de/api/interpreter",
        "generated_at": "2026-06-13T00:57:25.261787+00:00",
        "data_confidence": "medium",
        "assigned_zone_name": "Los Patitos",
        "source_geometry_type": "Point"
      },
      "geometry": {
        "type": "Point",
        "coordinates": [
          -58.6556315,
          -34.5987099
        ]
      }
    },
    {
      "type": "Feature",
      "properties": {
        "id": "osm_node_11722107711",
        "osm_type": "node",
        "osm_id": 11722107711,
        "name": "Pedro Díaz y Paderwski",
        "amenity": null,
        "shop": null,
        "leisure": null,
        "landuse": null,
        "highway": "bus_stop",
        "railway": null,
        "waterway": null,
        "public_transport": "platform",
        "source_name": "OpenStreetMap Overpass API",
        "source_url": "https://overpass-api.de/api/interpreter",
        "generated_at": "2026-06-13T00:57:25.261787+00:00",
        "data_confidence": "medium",
        "assigned_zone_name": "Los Patitos",
        "source_geometry_type": "Point"
      },
      "geometry": {
        "type": "Point",
        "coordinates": [
          -58.6572085,
          -34.5974292
        ]
      }
    },
    {
      "type": "Feature",
      "properties": {
        "id": "osm_node_11722107712",
        "osm_type": "node",
        "osm_id": 11722107712,
        "name": "Pedro Díaz y Tokio",
        "amenity": null,
        "shop": null,
        "leisure": null,
        "landuse": null,
        "highway": "bus_stop",
        "railway": null,
        "waterway": null,
        "public_transport": "platform",
        "source_name": "OpenStreetMap Overpass API",
        "source_url": "https://overpass-api.de/api/interpreter",
        "generated_at": "2026-06-13T00:57:25.261787+00:00",
        "data_confidence": "medium",
        "assigned_zone_name": "El Destino",
        "source_geometry_type": "Point"
      },
      "geometry": {
        "type": "Point",
        "coordinates": [
          -58.6591218,
          -34.5958897
        ]
      }
    },
    {
      "type": "Feature",
      "properties": {
        "id": "osm_node_11722107713",
        "osm_type": "node",
        "osm_id": 11722107713,
        "name": "Malaspina y Coraceros",
        "amenity": null,
        "shop": null,
        "leisure": null,
        "landuse": null,
        "highway": "bus_stop",
        "railway": null,
        "waterway": null,
        "public_transport": "platform",
        "source_name": "OpenStreetMap Overpass API",
        "source_url": "https://overpass-api.de/api/interpreter",
        "generated_at": "2026-06-13T00:57:25.261787+00:00",
        "data_confidence": "medium",
        "assigned_zone_name": "Luna",
        "source_geometry_type": "Point"
      },
      "geometry": {
        "type": "Point",
        "coordinates": [
          -58.6437789,
          -34.6025117
        ]
      }
    },
    {
      "type": "Feature",
      "properties": {
        "id": "osm_node_11722107714",
        "osm_type": "node",
        "osm_id": 11722107714,
        "name": "Malaspina y Coraceros",
        "amenity": null,
        "shop": null,
        "leisure": null,
        "landuse": null,
        "highway": "bus_stop",
        "railway": null,
        "waterway": null,
        "public_transport": "platform",
        "source_name": "OpenStreetMap Overpass API",
        "source_url": "https://overpass-api.de/api/interpreter",
        "generated_at": "2026-06-13T00:57:25.261787+00:00",
        "data_confidence": "medium",
        "assigned_zone_name": "Luna",
        "source_geometry_type": "Point"
      },
      "geometry": {
        "type": "Point",
        "coordinates": [
          -58.644029,
          -34.6024146
        ]
      }
    },
    {
      "type": "Feature",
      "properties": {
        "id": "osm_node_11722107715",
        "osm_type": "node",
        "osm_id": 11722107715,
        "name": "Félix Frías y Amberes",
        "amenity": null,
        "shop": null,
        "leisure": null,
        "landuse": null,
        "highway": "bus_stop",
        "railway": null,
        "waterway": null,
        "public_transport": "platform",
        "source_name": "OpenStreetMap Overpass API",
        "source_url": "https://overpass-api.de/api/interpreter",
        "generated_at": "2026-06-13T00:57:25.261787+00:00",
        "data_confidence": "medium",
        "assigned_zone_name": "Mitre",
        "source_geometry_type": "Point"
      },
      "geometry": {
        "type": "Point",
        "coordinates": [
          -58.6488284,
          -34.6132463
        ]
      }
    },
    {
      "type": "Feature",
      "properties": {
        "id": "osm_node_11722107716",
        "osm_type": "node",
        "osm_id": 11722107716,
        "name": "Félix Frías y Amberes",
        "amenity": null,
        "shop": null,
        "leisure": null,
        "landuse": null,
        "highway": "bus_stop",
        "railway": null,
        "waterway": null,
        "public_transport": "platform",
        "source_name": "OpenStreetMap Overpass API",
        "source_url": "https://overpass-api.de/api/interpreter",
        "generated_at": "2026-06-13T00:57:25.261787+00:00",
        "data_confidence": "medium",
        "assigned_zone_name": "Mitre",
        "source_geometry_type": "Point"
      },
      "geometry": {
        "type": "Point",
        "coordinates": [
          -58.6489382,
          -34.6135073
        ]
      }
    },
    {
      "type": "Feature",
      "properties": {
        "id": "osm_node_11722107718",
        "osm_type": "node",
        "osm_id": 11722107718,
        "name": "Bustamante y Guevara, y Mascagni",
        "amenity": null,
        "shop": null,
        "leisure": null,
        "landuse": null,
        "highway": "bus_stop",
        "railway": null,
        "waterway": null,
        "public_transport": "platform",
        "source_name": "OpenStreetMap Overpass API",
        "source_url": "https://overpass-api.de/api/interpreter",
        "generated_at": "2026-06-13T00:57:25.261787+00:00",
        "data_confidence": "medium",
        "assigned_zone_name": "Parque Jhonston",
        "source_geometry_type": "Point"
      },
      "geometry": {
        "type": "Point",
        "coordinates": [
          -58.6437869,
          -34.5979231
        ]
      }
    },
    {
      "type": "Feature",
      "properties": {
        "id": "osm_node_11722107719",
        "osm_type": "node",
        "osm_id": 11722107719,
        "name": "Bustamante y Guevara, y Mascagni",
        "amenity": null,
        "shop": null,
        "leisure": null,
        "landuse": null,
        "highway": "bus_stop",
        "railway": null,
        "waterway": null,
        "public_transport": "platform",
        "source_name": "OpenStreetMap Overpass API",
        "source_url": "https://overpass-api.de/api/interpreter",
        "generated_at": "2026-06-13T00:57:25.261787+00:00",
        "data_confidence": "medium",
        "assigned_zone_name": "Parque Jhonston",
        "source_geometry_type": "Point"
      },
      "geometry": {
        "type": "Point",
        "coordinates": [
          -58.6440149,
          -34.5978702
        ]
      }
    },
    {
      "type": "Feature",
      "properties": {
        "id": "osm_node_11722107720",
        "osm_type": "node",
        "osm_id": 11722107720,
        "name": "Eva Perón y Santa Ana",
        "amenity": null,
        "shop": null,
        "leisure": null,
        "landuse": null,
        "highway": "bus_stop",
        "railway": null,
        "waterway": null,
        "public_transport": "platform",
        "source_name": "OpenStreetMap Overpass API",
        "source_url": "https://overpass-api.de/api/interpreter",
        "generated_at": "2026-06-13T00:57:25.261787+00:00",
        "data_confidence": "medium",
        "assigned_zone_name": "Cartero",
        "source_geometry_type": "Point"
      },
      "geometry": {
        "type": "Point",
        "coordinates": [
          -58.6482797,
          -34.5943945
        ]
      }
    },
    {
      "type": "Feature",
      "properties": {
        "id": "osm_node_11722107721",
        "osm_type": "node",
        "osm_id": 11722107721,
        "name": "Eva Perón y Santa Ana",
        "amenity": null,
        "shop": null,
        "leisure": null,
        "landuse": null,
        "highway": "bus_stop",
        "railway": null,
        "waterway": null,
        "public_transport": "platform",
        "source_name": "OpenStreetMap Overpass API",
        "source_url": "https://overpass-api.de/api/interpreter",
        "generated_at": "2026-06-13T00:57:25.261787+00:00",
        "data_confidence": "medium",
        "assigned_zone_name": "Virgen Esperanza",
        "source_geometry_type": "Point"
      },
      "geometry": {
        "type": "Point",
        "coordinates": [
          -58.6521848,
          -34.5912976
        ]
      }
    },
    {
      "type": "Feature",
      "properties": {
        "id": "osm_node_11722107722",
        "osm_type": "node",
        "osm_id": 11722107722,
        "name": "Eva Perón y Marqués de Avilés",
        "amenity": null,
        "shop": null,
        "leisure": null,
        "landuse": null,
        "highway": "bus_stop",
        "railway": null,
        "waterway": null,
        "public_transport": "platform",
        "source_name": "OpenStreetMap Overpass API",
        "source_url": "https://overpass-api.de/api/interpreter",
        "generated_at": "2026-06-13T00:57:25.261787+00:00",
        "data_confidence": "medium",
        "assigned_zone_name": "Curapaytí",
        "source_geometry_type": "Point"
      },
      "geometry": {
        "type": "Point",
        "coordinates": [
          -58.6539383,
          -34.5897768
        ]
      }
    },
    {
      "type": "Feature",
      "properties": {
        "id": "osm_node_11722107723",
        "osm_type": "node",
        "osm_id": 11722107723,
        "name": "Eva Perón y Marqués de Avilés",
        "amenity": null,
        "shop": null,
        "leisure": null,
        "landuse": null,
        "highway": "bus_stop",
        "railway": null,
        "waterway": null,
        "public_transport": "platform",
        "source_name": "OpenStreetMap Overpass API",
        "source_url": "https://overpass-api.de/api/interpreter",
        "generated_at": "2026-06-13T00:57:25.261787+00:00",
        "data_confidence": "medium",
        "assigned_zone_name": "La Leonor",
        "source_geometry_type": "Point"
      },
      "geometry": {
        "type": "Point",
        "coordinates": [
          -58.6541207,
          -34.5897304
        ]
      }
    },
    {
      "type": "Feature",
      "properties": {
        "id": "osm_node_11722107724",
        "osm_type": "node",
        "osm_id": 11722107724,
        "name": "Eva Perón y 4 de Septiembre",
        "amenity": null,
        "shop": null,
        "leisure": null,
        "landuse": null,
        "highway": "bus_stop",
        "railway": null,
        "waterway": null,
        "public_transport": "platform",
        "source_name": "OpenStreetMap Overpass API",
        "source_url": "https://overpass-api.de/api/interpreter",
        "generated_at": "2026-06-13T00:57:25.261787+00:00",
        "data_confidence": "medium",
        "assigned_zone_name": "Primero de Mayo",
        "source_geometry_type": "Point"
      },
      "geometry": {
        "type": "Point",
        "coordinates": [
          -58.6552553,
          -34.5887301
        ]
      }
    },
    {
      "type": "Feature",
      "properties": {
        "id": "osm_node_11722107725",
        "osm_type": "node",
        "osm_id": 11722107725,
        "name": "Eva Perón y Minoguye",
        "amenity": null,
        "shop": null,
        "leisure": null,
        "landuse": null,
        "highway": "bus_stop",
        "railway": null,
        "waterway": null,
        "public_transport": "platform",
        "source_name": "OpenStreetMap Overpass API",
        "source_url": "https://overpass-api.de/api/interpreter",
        "generated_at": "2026-06-13T00:57:25.261787+00:00",
        "data_confidence": "medium",
        "assigned_zone_name": "La Leonor",
        "source_geometry_type": "Point"
      },
      "geometry": {
        "type": "Point",
        "coordinates": [
          -58.6568887,
          -34.5875333
        ]
      }
    },
    {
      "type": "Feature",
      "properties": {
        "id": "osm_node_11722107726",
        "osm_type": "node",
        "osm_id": 11722107726,
        "name": "Eva Perón y Farina",
        "amenity": null,
        "shop": null,
        "leisure": null,
        "landuse": null,
        "highway": "bus_stop",
        "railway": null,
        "waterway": null,
        "public_transport": "platform",
        "source_name": "OpenStreetMap Overpass API",
        "source_url": "https://overpass-api.de/api/interpreter",
        "generated_at": "2026-06-13T00:57:25.261787+00:00",
        "data_confidence": "medium",
        "assigned_zone_name": "La Leonor",
        "source_geometry_type": "Point"
      },
      "geometry": {
        "type": "Point",
        "coordinates": [
          -58.6584042,
          -34.5863166
        ]
      }
    },
    {
      "type": "Feature",
      "properties": {
        "id": "osm_node_11722107727",
        "osm_type": "node",
        "osm_id": 11722107727,
        "name": "El Maestro Argentino y Eva Perón",
        "amenity": null,
        "shop": null,
        "leisure": null,
        "landuse": null,
        "highway": "bus_stop",
        "railway": null,
        "waterway": null,
        "public_transport": "platform",
        "source_name": "OpenStreetMap Overpass API",
        "source_url": "https://overpass-api.de/api/interpreter",
        "generated_at": "2026-06-13T00:57:25.261787+00:00",
        "data_confidence": "medium",
        "assigned_zone_name": "Primero de Mayo",
        "source_geometry_type": "Point"
      },
      "geometry": {
        "type": "Point",
        "coordinates": [
          -58.6590345,
          -34.5855703
        ]
      }
    },
    {
      "type": "Feature",
      "properties": {
        "id": "osm_node_11722107728",
        "osm_type": "node",
        "osm_id": 11722107728,
        "name": "La Calandria y Eva Perón",
        "amenity": null,
        "shop": null,
        "leisure": null,
        "landuse": null,
        "highway": "bus_stop",
        "railway": null,
        "waterway": null,
        "public_transport": "platform",
        "source_name": "OpenStreetMap Overpass API",
        "source_url": "https://overpass-api.de/api/interpreter",
        "generated_at": "2026-06-13T00:57:25.261787+00:00",
        "data_confidence": "medium",
        "assigned_zone_name": "San Damián",
        "source_geometry_type": "Point"
      },
      "geometry": {
        "type": "Point",
        "coordinates": [
          -58.6638715,
          -34.5818107
        ]
      }
    },
    {
      "type": "Feature",
      "properties": {
        "id": "osm_node_11722107729",
        "osm_type": "node",
        "osm_id": 11722107729,
        "name": "La Calandria y Eva Perón",
        "amenity": null,
        "shop": null,
        "leisure": null,
        "landuse": null,
        "highway": "bus_stop",
        "railway": null,
        "waterway": null,
        "public_transport": "platform",
        "source_name": "OpenStreetMap Overpass API",
        "source_url": "https://overpass-api.de/api/interpreter",
        "generated_at": "2026-06-13T00:57:25.261787+00:00",
        "data_confidence": "medium",
        "assigned_zone_name": "San Damián",
        "source_geometry_type": "Point"
      },
      "geometry": {
        "type": "Point",
        "coordinates": [
          -58.6639305,
          -34.5819874
        ]
      }
    },
    {
      "type": "Feature",
      "properties": {
        "id": "osm_node_11722107730",
        "osm_type": "node",
        "osm_id": 11722107730,
        "name": "Marqués de Avilés y Río Colorado",
        "amenity": null,
        "shop": null,
        "leisure": null,
        "landuse": null,
        "highway": "bus_stop",
        "railway": null,
        "waterway": null,
        "public_transport": "platform",
        "source_name": "OpenStreetMap Overpass API",
        "source_url": "https://overpass-api.de/api/interpreter",
        "generated_at": "2026-06-13T00:57:25.261787+00:00",
        "data_confidence": "medium",
        "assigned_zone_name": "Curapaytí",
        "source_geometry_type": "Point"
      },
      "geometry": {
        "type": "Point",
        "coordinates": [
          -58.647824,
          -34.585075
        ]
      }
    },
    {
      "type": "Feature",
      "properties": {
        "id": "osm_node_11722107731",
        "osm_type": "node",
        "osm_id": 11722107731,
        "name": "Marqués de Avilés y Río Colorado",
        "amenity": null,
        "shop": null,
        "leisure": null,
        "landuse": null,
        "highway": "bus_stop",
        "railway": null,
        "waterway": null,
        "public_transport": "platform",
        "source_name": "OpenStreetMap Overpass API",
        "source_url": "https://overpass-api.de/api/interpreter",
        "generated_at": "2026-06-13T00:57:25.261787+00:00",
        "data_confidence": "medium",
        "assigned_zone_name": "Santa Clara",
        "source_geometry_type": "Point"
      },
      "geometry": {
        "type": "Point",
        "coordinates": [
          -58.6477224,
          -34.5848746
        ]
      }
    },
    {
      "type": "Feature",
      "properties": {
        "id": "osm_node_11722107732",
        "osm_type": "node",
        "osm_id": 11722107732,
        "name": "Marqués de Avilés y Argerich",
        "amenity": null,
        "shop": null,
        "leisure": null,
        "landuse": null,
        "highway": "bus_stop",
        "railway": null,
        "waterway": null,
        "public_transport": "platform",
        "source_name": "OpenStreetMap Overpass API",
        "source_url": "https://overpass-api.de/api/interpreter",
        "generated_at": "2026-06-13T00:57:25.261787+00:00",
        "data_confidence": "medium",
        "assigned_zone_name": "Santa Clara",
        "source_geometry_type": "Point"
      },
      "geometry": {
        "type": "Point",
        "coordinates": [
          -58.6469213,
          -34.584347
        ]
      }
    },
    {
      "type": "Feature",
      "properties": {
        "id": "osm_node_11722107733",
        "osm_type": "node",
        "osm_id": 11722107733,
        "name": "Marqués de Avilés y Garibaldi",
        "amenity": null,
        "shop": null,
        "leisure": null,
        "landuse": null,
        "highway": "bus_stop",
        "railway": null,
        "waterway": null,
        "public_transport": "platform",
        "source_name": "OpenStreetMap Overpass API",
        "source_url": "https://overpass-api.de/api/interpreter",
        "generated_at": "2026-06-13T00:57:25.261787+00:00",
        "data_confidence": "medium",
        "assigned_zone_name": "Cosmopolita",
        "source_geometry_type": "Point"
      },
      "geometry": {
        "type": "Point",
        "coordinates": [
          -58.6447214,
          -34.5825079
        ]
      }
    },
    {
      "type": "Feature",
      "properties": {
        "id": "osm_node_11722107734",
        "osm_type": "node",
        "osm_id": 11722107734,
        "name": "Risso y Acoyte",
        "amenity": null,
        "shop": null,
        "leisure": null,
        "landuse": null,
        "highway": "bus_stop",
        "railway": null,
        "waterway": null,
        "public_transport": "platform",
        "source_name": "OpenStreetMap Overpass API",
        "source_url": "https://overpass-api.de/api/interpreter",
        "generated_at": "2026-06-13T00:57:25.261787+00:00",
        "data_confidence": "medium",
        "assigned_zone_name": "La Leonor",
        "source_geometry_type": "Point"
      },
      "geometry": {
        "type": "Point",
        "coordinates": [
          -58.6621497,
          -34.5907051
        ]
      }
    },
    {
      "type": "Feature",
      "properties": {
        "id": "osm_node_11722107735",
        "osm_type": "node",
        "osm_id": 11722107735,
        "name": "Risso y El Maestro Argentino",
        "amenity": null,
        "shop": null,
        "leisure": null,
        "landuse": null,
        "highway": "bus_stop",
        "railway": null,
        "waterway": null,
        "public_transport": "platform",
        "source_name": "OpenStreetMap Overpass API",
        "source_url": "https://overpass-api.de/api/interpreter",
        "generated_at": "2026-06-13T00:57:25.261787+00:00",
        "data_confidence": "medium",
        "assigned_zone_name": "La Leonor",
        "source_geometry_type": "Point"
      },
      "geometry": {
        "type": "Point",
        "coordinates": [
          -58.6636021,
          -34.5895364
        ]
      }
    },
    {
      "type": "Feature",
      "properties": {
        "id": "osm_node_11722107736",
        "osm_type": "node",
        "osm_id": 11722107736,
        "name": "Mascagni y Risso",
        "amenity": null,
        "shop": null,
        "leisure": null,
        "landuse": null,
        "highway": "bus_stop",
        "railway": null,
        "waterway": null,
        "public_transport": "platform",
        "source_name": "OpenStreetMap Overpass API",
        "source_url": "https://overpass-api.de/api/interpreter",
        "generated_at": "2026-06-13T00:57:25.261787+00:00",
        "data_confidence": "medium",
        "assigned_zone_name": "Luna",
        "source_geometry_type": "Point"
      },
      "geometry": {
        "type": "Point",
        "coordinates": [
          -58.6483627,
          -34.6017767
        ]
      }
    },
    {
      "type": "Feature",
      "properties": {
        "id": "osm_node_11722107737",
        "osm_type": "node",
        "osm_id": 11722107737,
        "name": "Huici y Albariños",
        "amenity": null,
        "shop": null,
        "leisure": null,
        "landuse": null,
        "highway": "bus_stop",
        "railway": null,
        "waterway": null,
        "public_transport": "platform",
        "source_name": "OpenStreetMap Overpass API",
        "source_url": "https://overpass-api.de/api/interpreter",
        "generated_at": "2026-06-13T00:57:25.261787+00:00",
        "data_confidence": "medium",
        "assigned_zone_name": "Santa Clara",
        "source_geometry_type": "Point"
      },
      "geometry": {
        "type": "Point",
        "coordinates": [
          -58.649741,
          -34.5860021
        ]
      }
    },
    {
      "type": "Feature",
      "properties": {
        "id": "osm_node_12088311965",
        "osm_type": "node",
        "osm_id": 12088311965,
        "name": "Gorriti y Farina",
        "amenity": null,
        "shop": null,
        "leisure": null,
        "landuse": null,
        "highway": "bus_stop",
        "railway": null,
        "waterway": null,
        "public_transport": "platform",
        "source_name": "OpenStreetMap Overpass API",
        "source_url": "https://overpass-api.de/api/interpreter",
        "generated_at": "2026-06-13T00:57:25.261787+00:00",
        "data_confidence": "medium",
        "assigned_zone_name": "El Destino",
        "source_geometry_type": "Point"
      },
      "geometry": {
        "type": "Point",
        "coordinates": [
          -58.6664083,
          -34.5924812
        ]
      }
    },
    {
      "type": "Feature",
      "properties": {
        "id": "osm_node_12088311966",
        "osm_type": "node",
        "osm_id": 12088311966,
        "name": "Pedro Díaz y Acoyte",
        "amenity": null,
        "shop": null,
        "leisure": null,
        "landuse": null,
        "highway": "bus_stop",
        "railway": null,
        "waterway": null,
        "public_transport": "platform",
        "source_name": "OpenStreetMap Overpass API",
        "source_url": "https://overpass-api.de/api/interpreter",
        "generated_at": "2026-06-13T00:57:25.261787+00:00",
        "data_confidence": "medium",
        "assigned_zone_name": "El Destino",
        "source_geometry_type": "Point"
      },
      "geometry": {
        "type": "Point",
        "coordinates": [
          -58.6638284,
          -34.5921222
        ]
      }
    },
    {
      "type": "Feature",
      "properties": {
        "id": "osm_node_12088311967",
        "osm_type": "node",
        "osm_id": 12088311967,
        "name": "Pedro Díaz y Acoyte",
        "amenity": null,
        "shop": null,
        "leisure": null,
        "landuse": null,
        "highway": "bus_stop",
        "railway": null,
        "waterway": null,
        "public_transport": "platform",
        "source_name": "OpenStreetMap Overpass API",
        "source_url": "https://overpass-api.de/api/interpreter",
        "generated_at": "2026-06-13T00:57:25.261787+00:00",
        "data_confidence": "medium",
        "assigned_zone_name": "La Leonor",
        "source_geometry_type": "Point"
      },
      "geometry": {
        "type": "Point",
        "coordinates": [
          -58.6624497,
          -34.5921399
        ]
      }
    },
    {
      "type": "Feature",
      "properties": {
        "id": "osm_node_12088311968",
        "osm_type": "node",
        "osm_id": 12088311968,
        "name": "Pedro Díaz y El Jagüel",
        "amenity": null,
        "shop": null,
        "leisure": null,
        "landuse": null,
        "highway": "bus_stop",
        "railway": null,
        "waterway": null,
        "public_transport": "platform",
        "source_name": "OpenStreetMap Overpass API",
        "source_url": "https://overpass-api.de/api/interpreter",
        "generated_at": "2026-06-13T00:57:25.261787+00:00",
        "data_confidence": "medium",
        "assigned_zone_name": "El Destino",
        "source_geometry_type": "Point"
      },
      "geometry": {
        "type": "Point",
        "coordinates": [
          -58.6625087,
          -34.5931335
        ]
      }
    },
    {
      "type": "Feature",
      "properties": {
        "id": "osm_node_12088314769",
        "osm_type": "node",
        "osm_id": 12088314769,
        "name": "Pedro Díaz y Avilés",
        "amenity": null,
        "shop": null,
        "leisure": null,
        "landuse": null,
        "highway": "bus_stop",
        "railway": null,
        "waterway": null,
        "public_transport": "platform",
        "source_name": "OpenStreetMap Overpass API",
        "source_url": "https://overpass-api.de/api/interpreter",
        "generated_at": "2026-06-13T00:57:25.261787+00:00",
        "data_confidence": "medium",
        "assigned_zone_name": "El Destino",
        "source_geometry_type": "Point"
      },
      "geometry": {
        "type": "Point",
        "coordinates": [
          -58.6602986,
          -34.594922
        ]
      }
    },
    {
      "type": "Feature",
      "properties": {
        "id": "osm_node_12088314771",
        "osm_type": "node",
        "osm_id": 12088314771,
        "name": "Pedro Díaz y Verdi",
        "amenity": null,
        "shop": null,
        "leisure": null,
        "landuse": null,
        "highway": "bus_stop",
        "railway": null,
        "waterway": null,
        "public_transport": "platform",
        "source_name": "OpenStreetMap Overpass API",
        "source_url": "https://overpass-api.de/api/interpreter",
        "generated_at": "2026-06-13T00:57:25.261787+00:00",
        "data_confidence": "medium",
        "assigned_zone_name": "Los Pinos",
        "source_geometry_type": "Point"
      },
      "geometry": {
        "type": "Point",
        "coordinates": [
          -58.6444776,
          -34.6077191
        ]
      }
    },
    {
      "type": "Feature",
      "properties": {
        "id": "osm_node_12088314772",
        "osm_type": "node",
        "osm_id": 12088314772,
        "name": "Pedro Díaz y Frías",
        "amenity": null,
        "shop": null,
        "leisure": null,
        "landuse": null,
        "highway": "bus_stop",
        "railway": null,
        "waterway": null,
        "public_transport": "platform",
        "source_name": "OpenStreetMap Overpass API",
        "source_url": "https://overpass-api.de/api/interpreter",
        "generated_at": "2026-06-13T00:57:25.261787+00:00",
        "data_confidence": "medium",
        "assigned_zone_name": "Mitre",
        "source_geometry_type": "Point"
      },
      "geometry": {
        "type": "Point",
        "coordinates": [
          -58.6429876,
          -34.6089222
        ]
      }
    },
    {
      "type": "Feature",
      "properties": {
        "id": "osm_node_12088314773",
        "osm_type": "node",
        "osm_id": 12088314773,
        "name": "Pedro Díaz y Navarro",
        "amenity": null,
        "shop": null,
        "leisure": null,
        "landuse": null,
        "highway": "bus_stop",
        "railway": null,
        "waterway": null,
        "public_transport": "platform",
        "source_name": "OpenStreetMap Overpass API",
        "source_url": "https://overpass-api.de/api/interpreter",
        "generated_at": "2026-06-13T00:57:25.261787+00:00",
        "data_confidence": "medium",
        "assigned_zone_name": "Mitre",
        "source_geometry_type": "Point"
      },
      "geometry": {
        "type": "Point",
        "coordinates": [
          -58.6383279,
          -34.6126636
        ]
      }
    },
    {
      "type": "Feature",
      "properties": {
        "id": "osm_node_12088314774",
        "osm_type": "node",
        "osm_id": 12088314774,
        "name": "Pedro Díaz y La Patria",
        "amenity": null,
        "shop": null,
        "leisure": null,
        "landuse": null,
        "highway": "bus_stop",
        "railway": null,
        "waterway": null,
        "public_transport": "platform",
        "source_name": "OpenStreetMap Overpass API",
        "source_url": "https://overpass-api.de/api/interpreter",
        "generated_at": "2026-06-13T00:57:25.261787+00:00",
        "data_confidence": "medium",
        "assigned_zone_name": "Villa Tesei Centro",
        "source_geometry_type": "Point"
      },
      "geometry": {
        "type": "Point",
        "coordinates": [
          -58.6364772,
          -34.614147
        ]
      }
    },
    {
      "type": "Feature",
      "properties": {
        "id": "osm_node_12088314775",
        "osm_type": "node",
        "osm_id": 12088314775,
        "name": "Pedro Díaz y Vergara",
        "amenity": null,
        "shop": null,
        "leisure": null,
        "landuse": null,
        "highway": "bus_stop",
        "railway": null,
        "waterway": null,
        "public_transport": "platform",
        "source_name": "OpenStreetMap Overpass API",
        "source_url": "https://overpass-api.de/api/interpreter",
        "generated_at": "2026-06-13T00:57:25.261787+00:00",
        "data_confidence": "medium",
        "assigned_zone_name": "Villa Tesei Centro",
        "source_geometry_type": "Point"
      },
      "geometry": {
        "type": "Point",
        "coordinates": [
          -58.6344763,
          -34.6157496
        ]
      }
    },
    {
      "type": "Feature",
      "properties": {
        "id": "osm_node_12611802065",
        "osm_type": "node",
        "osm_id": 12611802065,
        "name": "Estación Hurlingham",
        "amenity": null,
        "shop": null,
        "leisure": null,
        "landuse": null,
        "highway": null,
        "railway": null,
        "waterway": null,
        "public_transport": "stop_position",
        "source_name": "OpenStreetMap Overpass API",
        "source_url": "https://overpass-api.de/api/interpreter",
        "generated_at": "2026-06-13T00:57:25.261787+00:00",
        "data_confidence": "medium",
        "assigned_zone_name": "Hurlingham Centro",
        "source_geometry_type": "Point"
      },
      "geometry": {
        "type": "Point",
        "coordinates": [
          -58.6323783,
          -34.5904956
        ]
      }
    },
    {
      "type": "Feature",
      "properties": {
        "id": "osm_node_12612179620",
        "osm_type": "node",
        "osm_id": 12612179620,
        "name": "Perón y San Juan",
        "amenity": null,
        "shop": null,
        "leisure": null,
        "landuse": null,
        "highway": null,
        "railway": null,
        "waterway": null,
        "public_transport": "stop_position",
        "source_name": "OpenStreetMap Overpass API",
        "source_url": "https://overpass-api.de/api/interpreter",
        "generated_at": "2026-06-13T00:57:25.261787+00:00",
        "data_confidence": "medium",
        "assigned_zone_name": "El Libertador",
        "source_geometry_type": "Point"
      },
      "geometry": {
        "type": "Point",
        "coordinates": [
          -58.648725,
          -34.6308837
        ]
      }
    },
    {
      "type": "Feature",
      "properties": {
        "id": "osm_node_12612179621",
        "osm_type": "node",
        "osm_id": 12612179621,
        "name": "Perón y San Pedro",
        "amenity": null,
        "shop": null,
        "leisure": null,
        "landuse": null,
        "highway": null,
        "railway": null,
        "waterway": null,
        "public_transport": "stop_position",
        "source_name": "OpenStreetMap Overpass API",
        "source_url": "https://overpass-api.de/api/interpreter",
        "generated_at": "2026-06-13T00:57:25.261787+00:00",
        "data_confidence": "medium",
        "assigned_zone_name": "El Libertador",
        "source_geometry_type": "Point"
      },
      "geometry": {
        "type": "Point",
        "coordinates": [
          -58.6412187,
          -34.6313902
        ]
      }
    },
    {
      "type": "Feature",
      "properties": {
        "id": "osm_node_12612183696",
        "osm_type": "node",
        "osm_id": 12612183696,
        "name": "Hurlingham",
        "amenity": null,
        "shop": null,
        "leisure": null,
        "landuse": null,
        "highway": null,
        "railway": null,
        "waterway": null,
        "public_transport": "stop_position",
        "source_name": "OpenStreetMap Overpass API",
        "source_url": "https://overpass-api.de/api/interpreter",
        "generated_at": "2026-06-13T00:57:25.261787+00:00",
        "data_confidence": "medium",
        "assigned_zone_name": "Hurlingham Centro",
        "source_geometry_type": "Point"
      },
      "geometry": {
        "type": "Point",
        "coordinates": [
          -58.6342064,
          -34.5909842
        ]
      }
    },
    {
      "type": "Feature",
      "properties": {
        "id": "osm_node_12612183697",
        "osm_type": "node",
        "osm_id": 12612183697,
        "name": "Jauretche y Newbery",
        "amenity": null,
        "shop": null,
        "leisure": null,
        "landuse": null,
        "highway": null,
        "railway": null,
        "waterway": null,
        "public_transport": "stop_position",
        "source_name": "OpenStreetMap Overpass API",
        "source_url": "https://overpass-api.de/api/interpreter",
        "generated_at": "2026-06-13T00:57:25.261787+00:00",
        "data_confidence": "medium",
        "assigned_zone_name": "Hurlingham Centro",
        "source_geometry_type": "Point"
      },
      "geometry": {
        "type": "Point",
        "coordinates": [
          -58.6324239,
          -34.5894115
        ]
      }
    },
    {
      "type": "Feature",
      "properties": {
        "id": "osm_node_12612183698",
        "osm_type": "node",
        "osm_id": 12612183698,
        "name": "Estación Rubén Darío",
        "amenity": null,
        "shop": null,
        "leisure": null,
        "landuse": null,
        "highway": null,
        "railway": null,
        "waterway": null,
        "public_transport": "stop_position",
        "source_name": "OpenStreetMap Overpass API",
        "source_url": "https://overpass-api.de/api/interpreter",
        "generated_at": "2026-06-13T00:57:25.261787+00:00",
        "data_confidence": "medium",
        "assigned_zone_name": "Hurlingham Centro",
        "source_geometry_type": "Point"
      },
      "geometry": {
        "type": "Point",
        "coordinates": [
          -58.6307772,
          -34.5879724
        ]
      }
    },
    {
      "type": "Feature",
      "properties": {
        "id": "osm_node_12612196764",
        "osm_type": "node",
        "osm_id": 12612196764,
        "name": "Jauretche y Garay",
        "amenity": null,
        "shop": null,
        "leisure": null,
        "landuse": null,
        "highway": null,
        "railway": null,
        "waterway": null,
        "public_transport": "stop_position",
        "source_name": "OpenStreetMap Overpass API",
        "source_url": "https://overpass-api.de/api/interpreter",
        "generated_at": "2026-06-13T00:57:25.261787+00:00",
        "data_confidence": "medium",
        "assigned_zone_name": "Hurlingham Centro",
        "source_geometry_type": "Point"
      },
      "geometry": {
        "type": "Point",
        "coordinates": [
          -58.6346067,
          -34.5913341
        ]
      }
    },
    {
      "type": "Feature",
      "properties": {
        "id": "osm_node_12612196765",
        "osm_type": "node",
        "osm_id": 12612196765,
        "name": "Verdi / Kiernan",
        "amenity": null,
        "shop": null,
        "leisure": null,
        "landuse": null,
        "highway": null,
        "railway": null,
        "waterway": null,
        "public_transport": "stop_position",
        "source_name": "OpenStreetMap Overpass API",
        "source_url": "https://overpass-api.de/api/interpreter",
        "generated_at": "2026-06-13T00:57:25.261787+00:00",
        "data_confidence": "medium",
        "assigned_zone_name": "Hurlingham Centro",
        "source_geometry_type": "Point"
      },
      "geometry": {
        "type": "Point",
        "coordinates": [
          -58.6355922,
          -34.6009527
        ]
      }
    },
    {
      "type": "Feature",
      "properties": {
        "id": "osm_node_13176101831",
        "osm_type": "node",
        "osm_id": 13176101831,
        "name": "William C. Morris",
        "amenity": null,
        "shop": null,
        "leisure": null,
        "landuse": null,
        "highway": "bus_stop",
        "railway": null,
        "waterway": null,
        "public_transport": "platform",
        "source_name": "OpenStreetMap Overpass API",
        "source_url": "https://overpass-api.de/api/interpreter",
        "generated_at": "2026-06-13T00:57:25.261787+00:00",
        "data_confidence": "medium",
        "assigned_zone_name": "Belgrano",
        "source_geometry_type": "Point"
      },
      "geometry": {
        "type": "Point",
        "coordinates": [
          -58.6564136,
          -34.5787239
        ]
      }
    },
    {
      "type": "Feature",
      "properties": {
        "id": "osm_node_13176101832",
        "osm_type": "node",
        "osm_id": 13176101832,
        "name": "William C. Morris",
        "amenity": null,
        "shop": null,
        "leisure": null,
        "landuse": null,
        "highway": "bus_stop",
        "railway": null,
        "waterway": null,
        "public_transport": "platform",
        "source_name": "OpenStreetMap Overpass API",
        "source_url": "https://overpass-api.de/api/interpreter",
        "generated_at": "2026-06-13T00:57:25.261787+00:00",
        "data_confidence": "medium",
        "assigned_zone_name": "Belgrano",
        "source_geometry_type": "Point"
      },
      "geometry": {
        "type": "Point",
        "coordinates": [
          -58.6562741,
          -34.5787945
        ]
      }
    },
    {
      "type": "Feature",
      "properties": {
        "id": "osm_node_13176101833",
        "osm_type": "node",
        "osm_id": 13176101833,
        "name": "William C. Morris",
        "amenity": null,
        "shop": null,
        "leisure": null,
        "landuse": null,
        "highway": "bus_stop",
        "railway": null,
        "waterway": null,
        "public_transport": "platform",
        "source_name": "OpenStreetMap Overpass API",
        "source_url": "https://overpass-api.de/api/interpreter",
        "generated_at": "2026-06-13T00:57:25.261787+00:00",
        "data_confidence": "medium",
        "assigned_zone_name": "Belgrano",
        "source_geometry_type": "Point"
      },
      "geometry": {
        "type": "Point",
        "coordinates": [
          -58.6562057,
          -34.57883
        ]
      }
    },
    {
      "type": "Feature",
      "properties": {
        "id": "osm_node_13176101834",
        "osm_type": "node",
        "osm_id": 13176101834,
        "name": "William C. Morris",
        "amenity": null,
        "shop": null,
        "leisure": null,
        "landuse": null,
        "highway": "bus_stop",
        "railway": null,
        "waterway": null,
        "public_transport": "platform",
        "source_name": "OpenStreetMap Overpass API",
        "source_url": "https://overpass-api.de/api/interpreter",
        "generated_at": "2026-06-13T00:57:25.261787+00:00",
        "data_confidence": "medium",
        "assigned_zone_name": "Belgrano",
        "source_geometry_type": "Point"
      },
      "geometry": {
        "type": "Point",
        "coordinates": [
          -58.6560431,
          -34.5789171
        ]
      }
    },
    {
      "type": "Feature",
      "properties": {
        "id": "osm_node_13176126872",
        "osm_type": "node",
        "osm_id": 13176126872,
        "name": "Hospital PAMI",
        "amenity": null,
        "shop": null,
        "leisure": null,
        "landuse": null,
        "highway": "bus_stop",
        "railway": null,
        "waterway": null,
        "public_transport": "platform",
        "source_name": "OpenStreetMap Overpass API",
        "source_url": "https://overpass-api.de/api/interpreter",
        "generated_at": "2026-06-13T00:57:25.261787+00:00",
        "data_confidence": "medium",
        "assigned_zone_name": "Jorge Newbery",
        "source_geometry_type": "Point"
      },
      "geometry": {
        "type": "Point",
        "coordinates": [
          -58.6221245,
          -34.5850559
        ]
      }
    },
    {
      "type": "Feature",
      "properties": {
        "id": "osm_node_13237908833",
        "osm_type": "node",
        "osm_id": 13237908833,
        "name": "Hurlingham",
        "amenity": null,
        "shop": null,
        "leisure": null,
        "landuse": null,
        "highway": "bus_stop",
        "railway": null,
        "waterway": null,
        "public_transport": "platform",
        "source_name": "OpenStreetMap Overpass API",
        "source_url": "https://overpass-api.de/api/interpreter",
        "generated_at": "2026-06-13T00:57:25.261787+00:00",
        "data_confidence": "medium",
        "assigned_zone_name": "Hurlingham Centro",
        "source_geometry_type": "Point"
      },
      "geometry": {
        "type": "Point",
        "coordinates": [
          -58.6344415,
          -34.5911051
        ]
      }
    },
    {
      "type": "Feature",
      "properties": {
        "id": "osm_node_13472486743",
        "osm_type": "node",
        "osm_id": 13472486743,
        "name": "Finochietto y Argerich",
        "amenity": null,
        "shop": null,
        "leisure": null,
        "landuse": null,
        "highway": "bus_stop",
        "railway": null,
        "waterway": null,
        "public_transport": "platform",
        "source_name": "OpenStreetMap Overpass API",
        "source_url": "https://overpass-api.de/api/interpreter",
        "generated_at": "2026-06-13T00:57:25.261787+00:00",
        "data_confidence": "medium",
        "assigned_zone_name": "Parque Jhonston",
        "source_geometry_type": "Point"
      },
      "geometry": {
        "type": "Point",
        "coordinates": [
          -58.640024,
          -34.5899727
        ]
      }
    },
    {
      "type": "Feature",
      "properties": {
        "id": "osm_node_13472486744",
        "osm_type": "node",
        "osm_id": 13472486744,
        "name": "Finochietto y Argerich",
        "amenity": null,
        "shop": null,
        "leisure": null,
        "landuse": null,
        "highway": "bus_stop",
        "railway": null,
        "waterway": null,
        "public_transport": "platform",
        "source_name": "OpenStreetMap Overpass API",
        "source_url": "https://overpass-api.de/api/interpreter",
        "generated_at": "2026-06-13T00:57:25.261787+00:00",
        "data_confidence": "medium",
        "assigned_zone_name": "Parque Jhonston",
        "source_geometry_type": "Point"
      },
      "geometry": {
        "type": "Point",
        "coordinates": [
          -58.6401087,
          -34.5899245
        ]
      }
    },
    {
      "type": "Feature",
      "properties": {
        "id": "osm_node_13472486745",
        "osm_type": "node",
        "osm_id": 13472486745,
        "name": "Patricios y Argerich",
        "amenity": null,
        "shop": null,
        "leisure": null,
        "landuse": null,
        "highway": "bus_stop",
        "railway": null,
        "waterway": null,
        "public_transport": "platform",
        "source_name": "OpenStreetMap Overpass API",
        "source_url": "https://overpass-api.de/api/interpreter",
        "generated_at": "2026-06-13T00:57:25.261787+00:00",
        "data_confidence": "medium",
        "assigned_zone_name": "Parque Jhonston",
        "source_geometry_type": "Point"
      },
      "geometry": {
        "type": "Point",
        "coordinates": [
          -58.6408295,
          -34.5893474
        ]
      }
    },
    {
      "type": "Feature",
      "properties": {
        "id": "osm_node_13543172010",
        "osm_type": "node",
        "osm_id": 13543172010,
        "name": "Plaza Granaderos de San Martín",
        "amenity": null,
        "shop": null,
        "leisure": null,
        "landuse": null,
        "highway": "bus_stop",
        "railway": null,
        "waterway": null,
        "public_transport": "platform",
        "source_name": "OpenStreetMap Overpass API",
        "source_url": "https://overpass-api.de/api/interpreter",
        "generated_at": "2026-06-13T00:57:25.261787+00:00",
        "data_confidence": "medium",
        "assigned_zone_name": "Villa Club",
        "source_geometry_type": "Point"
      },
      "geometry": {
        "type": "Point",
        "coordinates": [
          -58.6366182,
          -34.5724973
        ]
      }
    },
    {
      "type": "Feature",
      "properties": {
        "id": "osm_node_13543172011",
        "osm_type": "node",
        "osm_id": 13543172011,
        "name": "Plaza Granaderos de San Martín",
        "amenity": null,
        "shop": null,
        "leisure": null,
        "landuse": null,
        "highway": "bus_stop",
        "railway": null,
        "waterway": null,
        "public_transport": "platform",
        "source_name": "OpenStreetMap Overpass API",
        "source_url": "https://overpass-api.de/api/interpreter",
        "generated_at": "2026-06-13T00:57:25.261787+00:00",
        "data_confidence": "medium",
        "assigned_zone_name": "Villa Club",
        "source_geometry_type": "Point"
      },
      "geometry": {
        "type": "Point",
        "coordinates": [
          -58.6372862,
          -34.5720831
        ]
      }
    },
    {
      "type": "Feature",
      "properties": {
        "id": "osm_node_13543172012",
        "osm_type": "node",
        "osm_id": 13543172012,
        "name": "Paso Morales y Pueyrredón",
        "amenity": null,
        "shop": null,
        "leisure": null,
        "landuse": null,
        "highway": "bus_stop",
        "railway": null,
        "waterway": null,
        "public_transport": "platform",
        "source_name": "OpenStreetMap Overpass API",
        "source_url": "https://overpass-api.de/api/interpreter",
        "generated_at": "2026-06-13T00:57:25.261787+00:00",
        "data_confidence": "medium",
        "assigned_zone_name": "Villa Club",
        "source_geometry_type": "Point"
      },
      "geometry": {
        "type": "Point",
        "coordinates": [
          -58.6409854,
          -34.5703517
        ]
      }
    },
    {
      "type": "Feature",
      "properties": {
        "id": "osm_node_13543172013",
        "osm_type": "node",
        "osm_id": 13543172013,
        "name": "Paso Morales y Pueyrredón",
        "amenity": null,
        "shop": null,
        "leisure": null,
        "landuse": null,
        "highway": "bus_stop",
        "railway": null,
        "waterway": null,
        "public_transport": "platform",
        "source_name": "OpenStreetMap Overpass API",
        "source_url": "https://overpass-api.de/api/interpreter",
        "generated_at": "2026-06-13T00:57:25.261787+00:00",
        "data_confidence": "medium",
        "assigned_zone_name": "Villa Club",
        "source_geometry_type": "Point"
      },
      "geometry": {
        "type": "Point",
        "coordinates": [
          -58.640865,
          -34.5701108
        ]
      }
    },
    {
      "type": "Feature",
      "properties": {
        "id": "osm_node_13543172014",
        "osm_type": "node",
        "osm_id": 13543172014,
        "name": "Paso Morales y Aconcagua",
        "amenity": null,
        "shop": null,
        "leisure": null,
        "landuse": null,
        "highway": "bus_stop",
        "railway": null,
        "waterway": null,
        "public_transport": "platform",
        "source_name": "OpenStreetMap Overpass API",
        "source_url": "https://overpass-api.de/api/interpreter",
        "generated_at": "2026-06-13T00:57:25.261787+00:00",
        "data_confidence": "medium",
        "assigned_zone_name": "Villa Club",
        "source_geometry_type": "Point"
      },
      "geometry": {
        "type": "Point",
        "coordinates": [
          -58.6424952,
          -34.5717093
        ]
      }
    },
    {
      "type": "Feature",
      "properties": {
        "id": "osm_node_13543172015",
        "osm_type": "node",
        "osm_id": 13543172015,
        "name": "Paso Morales y Aconcagua",
        "amenity": null,
        "shop": null,
        "leisure": null,
        "landuse": null,
        "highway": "bus_stop",
        "railway": null,
        "waterway": null,
        "public_transport": "platform",
        "source_name": "OpenStreetMap Overpass API",
        "source_url": "https://overpass-api.de/api/interpreter",
        "generated_at": "2026-06-13T00:57:25.261787+00:00",
        "data_confidence": "medium",
        "assigned_zone_name": "Villa Club",
        "source_geometry_type": "Point"
      },
      "geometry": {
        "type": "Point",
        "coordinates": [
          -58.6423712,
          -34.5714666
        ]
      }
    },
    {
      "type": "Feature",
      "properties": {
        "id": "osm_node_13543172016",
        "osm_type": "node",
        "osm_id": 13543172016,
        "name": "Uspallata y Epecuén",
        "amenity": null,
        "shop": null,
        "leisure": null,
        "landuse": null,
        "highway": "bus_stop",
        "railway": null,
        "waterway": null,
        "public_transport": "platform",
        "source_name": "OpenStreetMap Overpass API",
        "source_url": "https://overpass-api.de/api/interpreter",
        "generated_at": "2026-06-13T00:57:25.261787+00:00",
        "data_confidence": "medium",
        "assigned_zone_name": "Villa Club",
        "source_geometry_type": "Point"
      },
      "geometry": {
        "type": "Point",
        "coordinates": [
          -58.640359,
          -34.5745114
        ]
      }
    },
    {
      "type": "Feature",
      "properties": {
        "id": "osm_node_13543172017",
        "osm_type": "node",
        "osm_id": 13543172017,
        "name": "Vergara y Granaderos",
        "amenity": null,
        "shop": null,
        "leisure": null,
        "landuse": null,
        "highway": "bus_stop",
        "railway": null,
        "waterway": null,
        "public_transport": "platform",
        "source_name": "OpenStreetMap Overpass API",
        "source_url": "https://overpass-api.de/api/interpreter",
        "generated_at": "2026-06-13T00:57:25.261787+00:00",
        "data_confidence": "medium",
        "assigned_zone_name": "Villa Club",
        "source_geometry_type": "Point"
      },
      "geometry": {
        "type": "Point",
        "coordinates": [
          -58.6407658,
          -34.5787289
        ]
      }
    },
    {
      "type": "Feature",
      "properties": {
        "id": "osm_node_13911104369",
        "osm_type": "node",
        "osm_id": 13911104369,
        "name": "Hurlingham",
        "amenity": null,
        "shop": null,
        "leisure": null,
        "landuse": null,
        "highway": null,
        "railway": null,
        "waterway": null,
        "public_transport": "stop_position",
        "source_name": "OpenStreetMap Overpass API",
        "source_url": "https://overpass-api.de/api/interpreter",
        "generated_at": "2026-06-13T00:57:25.261787+00:00",
        "data_confidence": "medium",
        "assigned_zone_name": "Hurlingham Centro",
        "source_geometry_type": "Point"
      },
      "geometry": {
        "type": "Point",
        "coordinates": [
          -58.6343865,
          -34.5911415
        ]
      }
    },
    {
      "type": "Feature",
      "properties": {
        "id": "osm_node_13911104370",
        "osm_type": "node",
        "osm_id": 13911104370,
        "name": "Estación Rubén Darío",
        "amenity": null,
        "shop": null,
        "leisure": null,
        "landuse": null,
        "highway": null,
        "railway": null,
        "waterway": null,
        "public_transport": "stop_position",
        "source_name": "OpenStreetMap Overpass API",
        "source_url": "https://overpass-api.de/api/interpreter",
        "generated_at": "2026-06-13T00:57:25.261787+00:00",
        "data_confidence": "medium",
        "assigned_zone_name": "Hurlingham Centro",
        "source_geometry_type": "Point"
      },
      "geometry": {
        "type": "Point",
        "coordinates": [
          -58.6309902,
          -34.5881598
        ]
      }
    },
    {
      "type": "Feature",
      "properties": {
        "id": "osm_node_13911104371",
        "osm_type": "node",
        "osm_id": 13911104371,
        "name": "La Calandria y Eva Perón",
        "amenity": null,
        "shop": null,
        "leisure": null,
        "landuse": null,
        "highway": null,
        "railway": null,
        "waterway": null,
        "public_transport": "stop_position",
        "source_name": "OpenStreetMap Overpass API",
        "source_url": "https://overpass-api.de/api/interpreter",
        "generated_at": "2026-06-13T00:57:25.261787+00:00",
        "data_confidence": "medium",
        "assigned_zone_name": "San Damián",
        "source_geometry_type": "Point"
      },
      "geometry": {
        "type": "Point",
        "coordinates": [
          -58.663967,
          -34.5819577
        ]
      }
    },
    {
      "type": "Feature",
      "properties": {
        "id": "osm_node_13911104372",
        "osm_type": "node",
        "osm_id": 13911104372,
        "name": "La Calandria y Eva Perón",
        "amenity": null,
        "shop": null,
        "leisure": null,
        "landuse": null,
        "highway": null,
        "railway": null,
        "waterway": null,
        "public_transport": "stop_position",
        "source_name": "OpenStreetMap Overpass API",
        "source_url": "https://overpass-api.de/api/interpreter",
        "generated_at": "2026-06-13T00:57:25.261787+00:00",
        "data_confidence": "medium",
        "assigned_zone_name": "San Damián",
        "source_geometry_type": "Point"
      },
      "geometry": {
        "type": "Point",
        "coordinates": [
          -58.6638311,
          -34.5818427
        ]
      }
    }
  ]
}
