{
  "type": "FeatureCollection",
  "name": "transport_routes_hurlingham",
  "metadata": {
    "generated_at": "2026-06-13T02:11:01.209890+00:00",
    "crs": "EPSG:4326",
    "scope": "Partido de Hurlingham, Buenos Aires, Argentina",
    "source_name": "Datos Transporte - Recorridos de servicios de colectivos AMBA",
    "source_url": "https://datos.transporte.gob.ar/dataset/recorridos-de-servicios-de-colectivos-amba",
    "license": "Creative Commons Attribution 4.0",
    "data_confidence": "medium",
    "source_format": "KML"
  },
  "features": [
    {
      "type": "Feature",
      "properties": {
        "Linea": "053",
        "Recorrido": "A",
        "Sentido": "IDA",
        "Razon_soci": "LINEA 213 SA DE TRANSPORTE",
        "Jurisdicci": "NACIONAL",
        "assigned_zone_name": "Hurlingham Centro",
        "source_name": "Datos Transporte - Recorridos de servicios de colectivos AMBA",
        "source_url": "https://datos.transporte.gob.ar/dataset/recorridos-de-servicios-de-colectivos-amba",
        "license": "Creative Commons Attribution 4.0",
        "generated_at": "2026-06-13T02:11:01.209890+00:00",
        "data_confidence": "medium"
      },
      "geometry": {
        "type": "LineString",
        "coordinates": [
          [
            -58.367207,
            -34.642725
          ],
          [
            -58.365769,
            -34.642489
          ],
          [
            -58.365211,
            -34.642403
          ],
          [
            -58.363718,
            -34.642159
          ],
          [
            -58.362465,
            -34.641674
          ],
          [
            -58.361082,
            -34.640945
          ],
          [
            -58.361508,
            -34.640621
          ],
          [
            -58.361688,
            -34.640208
          ],
          [
            -58.361656,
            -34.639662
          ],
          [
            -58.361366,
            -34.639222
          ],
          [
            -58.36087,
            -34.639057
          ],
          [
            -58.360341,
            -34.63897
          ],
          [
            -58.358441,
            -34.638983
          ],
          [
            -58.357725,
            -34.638692
          ],
          [
            -58.357143,
            -34.638412
          ],
          [
            -58.357036,
            -34.638197
          ],
          [
            -58.356929,
            -34.637961
          ],
          [
            -58.356972,
            -34.637897
          ],
          [
            -58.3571,
            -34.637876
          ],
          [
            -58.357229,
            -34.637961
          ],
          [
            -58.357401,
            -34.637768
          ],
          [
            -58.357916,
            -34.636867
          ],
          [
            -58.358388,
            -34.636116
          ],
          [
            -58.358881,
            -34.635301
          ],
          [
            -58.359396,
            -34.634507
          ],
          [
            -58.359632,
            -34.63412
          ],
          [
            -58.359783,
            -34.633842
          ],
          [
            -58.35989,
            -34.63367
          ],
          [
            -58.360341,
            -34.632833
          ],
          [
            -58.360856,
            -34.632039
          ],
          [
            -58.362401,
            -34.630966
          ],
          [
            -58.363388,
            -34.630344
          ],
          [
            -58.364139,
            -34.62985
          ],
          [
            -58.364804,
            -34.629421
          ],
          [
            -58.365576,
            -34.628906
          ],
          [
            -58.366585,
            -34.628241
          ],
          [
            -58.367465,
            -34.627683
          ],
          [
            -58.367572,
            -34.627619
          ],
          [
            -58.367872,
            -34.62719
          ],
          [
            -58.368022,
            -34.627125
          ],
          [
            -58.368151,
            -34.627147
          ],
          [
            -58.368473,
            -34.627469
          ],
          [
            -58.369439,
            -34.628305
          ],
          [
            -58.37064,
            -34.629464
          ],
          [
            -58.370662,
            -34.629185
          ],
          [
            -58.370769,
            -34.628091
          ],
          [
            -58.370962,
            -34.62661
          ],
          [
            -58.371069,
            -34.625344
          ],
          [
            -58.371198,
            -34.624228
          ],
          [
            -58.372702,
            -34.624338
          ],
          [
            -58.374009,
            -34.624422
          ],
          [
            -58.37549,
            -34.62455
          ],
          [
            -58.376756,
            -34.625108
          ],
          [
            -58.378,
            -34.625645
          ],
          [
            -58.378966,
            -34.626052
          ],
          [
            -58.380232,
            -34.626353
          ],
          [
            -58.382206,
            -34.626911
          ],
          [
            -58.382249,
            -34.625945
          ],
          [
            -58.38227,
            -34.624658
          ],
          [
            -58.382936,
            -34.624658
          ],
          [
            -58.384395,
            -34.624701
          ],
          [
            -58.385789,
            -34.624743
          ],
          [
            -58.387184,
            -34.624829
          ],
          [
            -58.387184,
            -34.624014
          ],
          [
            -58.387184,
            -34.623778
          ],
          [
            -58.387184,
            -34.623306
          ],
          [
            -58.387163,
            -34.622447
          ],
          [
            -58.387206,
            -34.621246
          ],
          [
            -58.388729,
            -34.621375
          ],
          [
            -58.390038,
            -34.621439
          ],
          [
            -58.391562,
            -34.621546
          ],
          [
            -58.393106,
            -34.621611
          ],
          [
            -58.393943,
            -34.621654
          ],
          [
            -58.394458,
            -34.621675
          ],
          [
            -58.395638,
            -34.621739
          ],
          [
            -58.396776,
            -34.621782
          ],
          [
            -58.398192,
            -34.62189
          ],
          [
            -58.399587,
            -34.622061
          ],
          [
            -58.400617,
            -34.622211
          ],
          [
            -58.401368,
            -34.622297
          ],
          [
            -58.402483,
            -34.622426
          ],
          [
            -58.404307,
            -34.622726
          ],
          [
            -58.405981,
            -34.623005
          ],
          [
            -58.407207,
            -34.623241
          ],
          [
            -58.408955,
            -34.623522
          ],
          [
            -58.410544,
            -34.623753
          ],
          [
            -58.411453,
            -34.623885
          ],
          [
            -58.412225,
            -34.623971
          ],
          [
            -58.413663,
            -34.624186
          ],
          [
            -58.414757,
            -34.624357
          ],
          [
            -58.4148,
            -34.623585
          ],
          [
            -58.416066,
            -34.623928
          ],
          [
            -58.416216,
            -34.624014
          ],
          [
            -58.417053,
            -34.624465
          ],
          [
            -58.417761,
            -34.624507
          ],
          [
            -58.419113,
            -34.624593
          ],
          [
            -58.420529,
            -34.624701
          ],
          [
            -58.42113,
            -34.624722
          ],
          [
            -58.42186,
            -34.624765
          ],
          [
            -58.422525,
            -34.624808
          ],
          [
            -58.423212,
            -34.624872
          ],
          [
            -58.42452,
            -34.624937
          ],
          [
            -58.42598,
            -34.625044
          ],
          [
            -58.427181,
            -34.625108
          ],
          [
            -58.428597,
            -34.625258
          ],
          [
            -58.430078,
            -34.62543
          ],
          [
            -58.431408,
            -34.625559
          ],
          [
            -58.432825,
            -34.625709
          ],
          [
            -58.433125,
            -34.624293
          ],
          [
            -58.433254,
            -34.623671
          ],
          [
            -58.433425,
            -34.62292
          ],
          [
            -58.434649,
            -34.623027
          ],
          [
            -58.436258,
            -34.623211
          ],
          [
            -58.436937,
            -34.623253
          ],
          [
            -58.437746,
            -34.623222
          ],
          [
            -58.437932,
            -34.622576
          ],
          [
            -58.438275,
            -34.621568
          ],
          [
            -58.438722,
            -34.620164
          ],
          [
            -58.438982,
            -34.619457
          ],
          [
            -58.440239,
            -34.620005
          ],
          [
            -58.441229,
            -34.620432
          ],
          [
            -58.441381,
            -34.620477
          ],
          [
            -58.442867,
            -34.621139
          ],
          [
            -58.443511,
            -34.621418
          ],
          [
            -58.444324,
            -34.621858
          ],
          [
            -58.445163,
            -34.622147
          ],
          [
            -58.445807,
            -34.622426
          ],
          [
            -58.447008,
            -34.622877
          ],
          [
            -58.447266,
            -34.622984
          ],
          [
            -58.44821,
            -34.623349
          ],
          [
            -58.448725,
            -34.623542
          ],
          [
            -58.449411,
            -34.623799
          ],
          [
            -58.449883,
            -34.624014
          ],
          [
            -58.450677,
            -34.624314
          ],
          [
            -58.452029,
            -34.624872
          ],
          [
            -58.452973,
            -34.625237
          ],
          [
            -58.454046,
            -34.625645
          ],
          [
            -58.455377,
            -34.626138
          ],
          [
            -58.456707,
            -34.626653
          ],
          [
            -58.457844,
            -34.627125
          ],
          [
            -58.458853,
            -34.627533
          ],
          [
            -58.459883,
            -34.627941
          ],
          [
            -58.461213,
            -34.628391
          ],
          [
            -58.462715,
            -34.628842
          ],
          [
            -58.463252,
            -34.628971
          ],
          [
            -58.463536,
            -34.629087
          ],
          [
            -58.463761,
            -34.62914
          ],
          [
            -58.464096,
            -34.629237
          ],
          [
            -58.465501,
            -34.629661
          ],
          [
            -58.466787,
            -34.629981
          ],
          [
            -58.466883,
            -34.629936
          ],
          [
            -58.466926,
            -34.629919
          ],
          [
            -58.467484,
            -34.630063
          ],
          [
            -58.468339,
            -34.63028
          ],
          [
            -58.469502,
            -34.630589
          ],
          [
            -58.469636,
            -34.630686
          ],
          [
            -58.470225,
            -34.629421
          ],
          [
            -58.47044,
            -34.628906
          ],
          [
            -58.470676,
            -34.628413
          ],
          [
            -58.471127,
            -34.627404
          ],
          [
            -58.471577,
            -34.626353
          ],
          [
            -58.472114,
            -34.625151
          ],
          [
            -58.472564,
            -34.624164
          ],
          [
            -58.473015,
            -34.623177
          ],
          [
            -58.473465,
            -34.622169
          ],
          [
            -58.473916,
            -34.621181
          ],
          [
            -58.472543,
            -34.620752
          ],
          [
            -58.47295,
            -34.619851
          ],
          [
            -58.474216,
            -34.620516
          ],
          [
            -58.475482,
            -34.62116
          ],
          [
            -58.47574,
            -34.621289
          ],
          [
            -58.47677,
            -34.621825
          ],
          [
            -58.4778,
            -34.622383
          ],
          [
            -58.478014,
            -34.622469
          ],
          [
            -58.478808,
            -34.622898
          ],
          [
            -58.479366,
            -34.623199
          ],
          [
            -58.479795,
            -34.623413
          ],
          [
            -58.480847,
            -34.623842
          ],
          [
            -58.481791,
            -34.624228
          ],
          [
            -58.4828,
            -34.624636
          ],
          [
            -58.48413,
            -34.625194
          ],
          [
            -58.484752,
            -34.624679
          ],
          [
            -58.485031,
            -34.624443
          ],
          [
            -58.486125,
            -34.623585
          ],
          [
            -58.487198,
            -34.622726
          ],
          [
            -58.48825,
            -34.621847
          ],
          [
            -58.489323,
            -34.620988
          ],
          [
            -58.490417,
            -34.62013
          ],
          [
            -58.49149,
            -34.619272
          ],
          [
            -58.492563,
            -34.618435
          ],
          [
            -58.493636,
            -34.617555
          ],
          [
            -58.494709,
            -34.616718
          ],
          [
            -58.495781,
            -34.615839
          ],
          [
            -58.49679,
            -34.615023
          ],
          [
            -58.497927,
            -34.615624
          ],
          [
            -58.499043,
            -34.616225
          ],
          [
            -58.500094,
            -34.616783
          ],
          [
            -58.50121,
            -34.617341
          ],
          [
            -58.502433,
            -34.618006
          ],
          [
            -58.503056,
            -34.618328
          ],
          [
            -58.503528,
            -34.618585
          ],
          [
            -58.504364,
            -34.619014
          ],
          [
            -58.504751,
            -34.619207
          ],
          [
            -58.505952,
            -34.61983
          ],
          [
            -58.506896,
            -34.620323
          ],
          [
            -58.507733,
            -34.620795
          ],
          [
            -58.508377,
            -34.621396
          ],
          [
            -58.509021,
            -34.621954
          ],
          [
            -58.509643,
            -34.62249
          ],
          [
            -58.509943,
            -34.622769
          ],
          [
            -58.510265,
            -34.623048
          ],
          [
            -58.510416,
            -34.623177
          ],
          [
            -58.510609,
            -34.623327
          ],
          [
            -58.510952,
            -34.623649
          ],
          [
            -58.511016,
            -34.623713
          ],
          [
            -58.511295,
            -34.62395
          ],
          [
            -58.51166,
            -34.624271
          ],
          [
            -58.512218,
            -34.623842
          ],
          [
            -58.512754,
            -34.623413
          ],
          [
            -58.513291,
            -34.623005
          ],
          [
            -58.513827,
            -34.622576
          ],
          [
            -58.514278,
            -34.622233
          ],
          [
            -58.514814,
            -34.621825
          ],
          [
            -58.51548,
            -34.62131
          ],
          [
            -58.51593,
            -34.620967
          ],
          [
            -58.517003,
            -34.620194
          ],
          [
            -58.517776,
            -34.619594
          ],
          [
            -58.518269,
            -34.61925
          ],
          [
            -58.518591,
            -34.619014
          ],
          [
            -58.518913,
            -34.618714
          ],
          [
            -58.519385,
            -34.618392
          ],
          [
            -58.520179,
            -34.61777
          ],
          [
            -58.521037,
            -34.617105
          ],
          [
            -58.522003,
            -34.616396
          ],
          [
            -58.523161,
            -34.615474
          ],
          [
            -58.52432,
            -34.614594
          ],
          [
            -58.525136,
            -34.613972
          ],
          [
            -58.525758,
            -34.613564
          ],
          [
            -58.526552,
            -34.612985
          ],
          [
            -58.527002,
            -34.612684
          ],
          [
            -58.527367,
            -34.612405
          ],
          [
            -58.527796,
            -34.612083
          ],
          [
            -58.528204,
            -34.611783
          ],
          [
            -58.52859,
            -34.611483
          ],
          [
            -58.529341,
            -34.610946
          ],
          [
            -58.529427,
            -34.611139
          ],
          [
            -58.529835,
            -34.611933
          ],
          [
            -58.529899,
            -34.612041
          ],
          [
            -58.530028,
            -34.612191
          ],
          [
            -58.530124,
            -34.612249
          ],
          [
            -58.531015,
            -34.612792
          ],
          [
            -58.531616,
            -34.613113
          ],
          [
            -58.532474,
            -34.61365
          ],
          [
            -58.533418,
            -34.614186
          ],
          [
            -58.534491,
            -34.614615
          ],
          [
            -58.536036,
            -34.615195
          ],
          [
            -58.536658,
            -34.615409
          ],
          [
            -58.537667,
            -34.615796
          ],
          [
            -58.538954,
            -34.616268
          ],
          [
            -58.540156,
            -34.61674
          ],
          [
            -58.541358,
            -34.617169
          ],
          [
            -58.54228,
            -34.617534
          ],
          [
            -58.542838,
            -34.617748
          ],
          [
            -58.543611,
            -34.618027
          ],
          [
            -58.544877,
            -34.618499
          ],
          [
            -58.546593,
            -34.617426
          ],
          [
            -58.546765,
            -34.617298
          ],
          [
            -58.547323,
            -34.616933
          ],
          [
            -58.547966,
            -34.616504
          ],
          [
            -58.548717,
            -34.616032
          ],
          [
            -58.549469,
            -34.615517
          ],
          [
            -58.550198,
            -34.615045
          ],
          [
            -58.550606,
            -34.614787
          ],
          [
            -58.550928,
            -34.614573
          ],
          [
            -58.551142,
            -34.614444
          ],
          [
            -58.551657,
            -34.6141
          ],
          [
            -58.552666,
            -34.613435
          ],
          [
            -58.553739,
            -34.612727
          ],
          [
            -58.554146,
            -34.61247
          ],
          [
            -58.55479,
            -34.612041
          ],
          [
            -58.555906,
            -34.611332
          ],
          [
            -58.556955,
            -34.610671
          ],
          [
            -58.557494,
            -34.610281
          ],
          [
            -58.559103,
            -34.610217
          ],
          [
            -58.560692,
            -34.610135
          ],
          [
            -58.56064,
            -34.609083
          ],
          [
            -58.560569,
            -34.608058
          ],
          [
            -58.560476,
            -34.607041
          ],
          [
            -58.56039,
            -34.605968
          ],
          [
            -58.562064,
            -34.605904
          ],
          [
            -58.563867,
            -34.605818
          ],
          [
            -58.564811,
            -34.605796
          ],
          [
            -58.565712,
            -34.605753
          ],
          [
            -58.566592,
            -34.605711
          ],
          [
            -58.567514,
            -34.605668
          ],
          [
            -58.56833,
            -34.605625
          ],
          [
            -58.569252,
            -34.605582
          ],
          [
            -58.571055,
            -34.605496
          ],
          [
            -58.571119,
            -34.606569
          ],
          [
            -58.571162,
            -34.607599
          ],
          [
            -58.572965,
            -34.607513
          ],
          [
            -58.574746,
            -34.607427
          ],
          [
            -58.576527,
            -34.607341
          ],
          [
            -58.577449,
            -34.607298
          ],
          [
            -58.578393,
            -34.607255
          ],
          [
            -58.578479,
            -34.608328
          ],
          [
            -58.578522,
            -34.609358
          ],
          [
            -58.578587,
            -34.610367
          ],
          [
            -58.578651,
            -34.61144
          ],
          [
            -58.58041,
            -34.611354
          ],
          [
            -58.582277,
            -34.611268
          ],
          [
            -58.58408,
            -34.611182
          ],
          [
            -58.585153,
            -34.611161
          ],
          [
            -58.586247,
            -34.61144
          ],
          [
            -58.58732,
            -34.611804
          ],
          [
            -58.588307,
            -34.612234
          ],
          [
            -58.589272,
            -34.612684
          ],
          [
            -58.590131,
            -34.611633
          ],
          [
            -58.590388,
            -34.611311
          ],
          [
            -58.590667,
            -34.610925
          ],
          [
            -58.591354,
            -34.610002
          ],
          [
            -58.591504,
            -34.609809
          ],
          [
            -58.592062,
            -34.609015
          ],
          [
            -58.592319,
            -34.608736
          ],
          [
            -58.592877,
            -34.608006
          ],
          [
            -58.593113,
            -34.607813
          ],
          [
            -58.593371,
            -34.60762
          ],
          [
            -58.593564,
            -34.60747
          ],
          [
            -58.594401,
            -34.60674
          ],
          [
            -58.59453,
            -34.606633
          ],
          [
            -58.594615,
            -34.606547
          ],
          [
            -58.595667,
            -34.605604
          ],
          [
            -58.59579,
            -34.605505
          ],
          [
            -58.596997,
            -34.605517
          ],
          [
            -58.597656,
            -34.605342
          ],
          [
            -58.597952,
            -34.605042
          ],
          [
            -58.598205,
            -34.604698
          ],
          [
            -58.598443,
            -34.604263
          ],
          [
            -58.598538,
            -34.603841
          ],
          [
            -58.598713,
            -34.603776
          ],
          [
            -58.598871,
            -34.603854
          ],
          [
            -58.598977,
            -34.604215
          ],
          [
            -58.599162,
            -34.604333
          ],
          [
            -58.599465,
            -34.604402
          ],
          [
            -58.60219,
            -34.604402
          ],
          [
            -58.603045,
            -34.604392
          ],
          [
            -58.604143,
            -34.60438
          ],
          [
            -58.604872,
            -34.604337
          ],
          [
            -58.605602,
            -34.604187
          ],
          [
            -58.60754,
            -34.603561
          ],
          [
            -58.607726,
            -34.6035
          ],
          [
            -58.608348,
            -34.603264
          ],
          [
            -58.60925,
            -34.602857
          ],
          [
            -58.609428,
            -34.602764
          ],
          [
            -58.61028,
            -34.60232
          ],
          [
            -58.61259,
            -34.601029
          ],
          [
            -58.613005,
            -34.600797
          ],
          [
            -58.613498,
            -34.600518
          ],
          [
            -58.614657,
            -34.599895
          ],
          [
            -58.615472,
            -34.599359
          ],
          [
            -58.616652,
            -34.598286
          ],
          [
            -58.616889,
            -34.598093
          ],
          [
            -58.616985,
            -34.598012
          ],
          [
            -58.617146,
            -34.597878
          ],
          [
            -58.618584,
            -34.596634
          ],
          [
            -58.618927,
            -34.596334
          ],
          [
            -58.619485,
            -34.595883
          ],
          [
            -58.620214,
            -34.595368
          ],
          [
            -58.621352,
            -34.594488
          ],
          [
            -58.622575,
            -34.593544
          ],
          [
            -58.623111,
            -34.593115
          ],
          [
            -58.623712,
            -34.592643
          ],
          [
            -58.624012,
            -34.592428
          ],
          [
            -58.624892,
            -34.59172
          ],
          [
            -58.625472,
            -34.591269
          ],
          [
            -58.626008,
            -34.59084
          ],
          [
            -58.626738,
            -34.590282
          ],
          [
            -58.627081,
            -34.590003
          ],
          [
            -58.627553,
            -34.589596
          ],
          [
            -58.628132,
            -34.589167
          ],
          [
            -58.628304,
            -34.589038
          ],
          [
            -58.628948,
            -34.588523
          ],
          [
            -58.629162,
            -34.588351
          ],
          [
            -58.629974,
            -34.587777
          ],
          [
            -58.630042,
            -34.587729
          ],
          [
            -58.630342,
            -34.58745
          ],
          [
            -58.630557,
            -34.587278
          ],
          [
            -58.631587,
            -34.586463
          ],
          [
            -58.633904,
            -34.584639
          ],
          [
            -58.6356,
            -34.583287
          ],
          [
            -58.636115,
            -34.582944
          ],
          [
            -58.637102,
            -34.582171
          ],
          [
            -58.638282,
            -34.581249
          ],
          [
            -58.639483,
            -34.580326
          ],
          [
            -58.640769,
            -34.579216
          ],
          [
            -58.6409,
            -34.579103
          ],
          [
            -58.6409,
            -34.579017
          ],
          [
            -58.641822,
            -34.577751
          ],
          [
            -58.642037,
            -34.577644
          ],
          [
            -58.642209,
            -34.577644
          ],
          [
            -58.642552,
            -34.577837
          ],
          [
            -58.643196,
            -34.577343
          ],
          [
            -58.64459,
            -34.576228
          ],
          [
            -58.645427,
            -34.575562
          ],
          [
            -58.645749,
            -34.575305
          ],
          [
            -58.6462,
            -34.574962
          ],
          [
            -58.64635,
            -34.574833
          ],
          [
            -58.647187,
            -34.574168
          ],
          [
            -58.64738,
            -34.573996
          ],
          [
            -58.648024,
            -34.573503
          ],
          [
            -58.648517,
            -34.573116
          ],
          [
            -58.64886,
            -34.572837
          ],
          [
            -58.649504,
            -34.572322
          ],
          [
            -58.649783,
            -34.572108
          ],
          [
            -58.650513,
            -34.571593
          ],
          [
            -58.65077,
            -34.571314
          ],
          [
            -58.651071,
            -34.571078
          ],
          [
            -58.65165,
            -34.57052
          ],
          [
            -58.652101,
            -34.570026
          ],
          [
            -58.652404,
            -34.569676
          ],
          [
            -58.652658,
            -34.569383
          ],
          [
            -58.653125,
            -34.568823
          ],
          [
            -58.654163,
            -34.567577
          ],
          [
            -58.654268,
            -34.567451
          ],
          [
            -58.654869,
            -34.566743
          ],
          [
            -58.655319,
            -34.566314
          ],
          [
            -58.655469,
            -34.566143
          ],
          [
            -58.655601,
            -34.566033
          ],
          [
            -58.65622,
            -34.56552
          ],
          [
            -58.656502,
            -34.565316
          ],
          [
            -58.657165,
            -34.564834
          ],
          [
            -58.658022,
            -34.56422
          ],
          [
            -58.658903,
            -34.563589
          ],
          [
            -58.660346,
            -34.562544
          ],
          [
            -58.661628,
            -34.561615
          ],
          [
            -58.662106,
            -34.561265
          ],
          [
            -58.663878,
            -34.559967
          ],
          [
            -58.664353,
            -34.559619
          ],
          [
            -58.665984,
            -34.558439
          ],
          [
            -58.666177,
            -34.558289
          ],
          [
            -58.668902,
            -34.556293
          ],
          [
            -58.669995,
            -34.555502
          ],
          [
            -58.671627,
            -34.554319
          ],
          [
            -58.672056,
            -34.553998
          ],
          [
            -58.672185,
            -34.553976
          ],
          [
            -58.672915,
            -34.55462
          ],
          [
            -58.673065,
            -34.55477
          ],
          [
            -58.673601,
            -34.555264
          ],
          [
            -58.673837,
            -34.555478
          ],
          [
            -58.674245,
            -34.555864
          ],
          [
            -58.674631,
            -34.556229
          ],
          [
            -58.674889,
            -34.556444
          ],
          [
            -58.675468,
            -34.557023
          ],
          [
            -58.676133,
            -34.557645
          ],
          [
            -58.676519,
            -34.55801
          ],
          [
            -58.676777,
            -34.558246
          ],
          [
            -58.677163,
            -34.558611
          ],
          [
            -58.677399,
            -34.558847
          ],
          [
            -58.678043,
            -34.559448
          ],
          [
            -58.678665,
            -34.560027
          ],
          [
            -58.679287,
            -34.560628
          ],
          [
            -58.679395,
            -34.560735
          ],
          [
            -58.680081,
            -34.561357
          ],
          [
            -58.680747,
            -34.56198
          ],
          [
            -58.682098,
            -34.563224
          ],
          [
            -58.682742,
            -34.562752
          ],
          [
            -58.6836,
            -34.562109
          ],
          [
            -58.684351,
            -34.561572
          ],
          [
            -58.684995,
            -34.562173
          ],
          [
            -58.685639,
            -34.562795
          ],
          [
            -58.68639,
            -34.56228
          ],
          [
            -58.686454,
            -34.562216
          ],
          [
            -58.687935,
            -34.561121
          ],
          [
            -58.689415,
            -34.560049
          ],
          [
            -58.690445,
            -34.559298
          ],
          [
            -58.690982,
            -34.558911
          ],
          [
            -58.691432,
            -34.558568
          ],
          [
            -58.691626,
            -34.558439
          ],
          [
            -58.692441,
            -34.557838
          ],
          [
            -58.6936,
            -34.55698
          ],
          [
            -58.694737,
            -34.556143
          ],
          [
            -58.69581,
            -34.555349
          ],
          [
            -58.696711,
            -34.554706
          ],
          [
            -58.696024,
            -34.553976
          ],
          [
            -58.696969,
            -34.553289
          ],
          [
            -58.698213,
            -34.552367
          ],
          [
            -58.698471,
            -34.552152
          ],
          [
            -58.698986,
            -34.551787
          ],
          [
            -58.6992,
            -34.551637
          ],
          [
            -58.699565,
            -34.551358
          ],
          [
            -58.699951,
            -34.551058
          ],
          [
            -58.700895,
            -34.550371
          ],
          [
            -58.701839,
            -34.549685
          ],
          [
            -58.702762,
            -34.549019
          ],
          [
            -58.70362,
            -34.548376
          ],
          [
            -58.704436,
            -34.547775
          ],
          [
            -58.705208,
            -34.547238
          ],
          [
            -58.705595,
            -34.546938
          ],
          [
            -58.706517,
            -34.546273
          ],
          [
            -58.707633,
            -34.545436
          ],
          [
            -58.708749,
            -34.544621
          ],
          [
            -58.709886,
            -34.543784
          ],
          [
            -58.711023,
            -34.542947
          ],
          [
            -58.712053,
            -34.542217
          ],
          [
            -58.713491,
            -34.541166
          ],
          [
            -58.714907,
            -34.540136
          ],
          [
            -58.714135,
            -34.539406
          ],
          [
            -58.713405,
            -34.53872
          ],
          [
            -58.711989,
            -34.539771
          ],
          [
            -58.712718,
            -34.540458
          ]
        ]
      }
    },
    {
      "type": "Feature",
      "properties": {
        "Linea": "053",
        "Recorrido": "A",
        "Sentido": "VUELTA",
        "Razon_soci": "LINEA 213 SA DE TRANSPORTE",
        "Jurisdicci": "NACIONAL",
        "assigned_zone_name": "Hurlingham Centro",
        "source_name": "Datos Transporte - Recorridos de servicios de colectivos AMBA",
        "source_url": "https://datos.transporte.gob.ar/dataset/recorridos-de-servicios-de-colectivos-amba",
        "license": "Creative Commons Attribution 4.0",
        "generated_at": "2026-06-13T02:11:01.209890+00:00",
        "data_confidence": "medium"
      },
      "geometry": {
        "type": "LineString",
        "coordinates": [
          [
            -58.712718,
            -34.540458
          ],
          [
            -58.713491,
            -34.541166
          ],
          [
            -58.714328,
            -34.54196
          ],
          [
            -58.712869,
            -34.54299
          ],
          [
            -58.711882,
            -34.543741
          ],
          [
            -58.710744,
            -34.544556
          ],
          [
            -58.709586,
            -34.545414
          ],
          [
            -58.70847,
            -34.546208
          ],
          [
            -58.707333,
            -34.547045
          ],
          [
            -58.70641,
            -34.54771
          ],
          [
            -58.705208,
            -34.54859
          ],
          [
            -58.704436,
            -34.547775
          ],
          [
            -58.70362,
            -34.548376
          ],
          [
            -58.702762,
            -34.549019
          ],
          [
            -58.701839,
            -34.549685
          ],
          [
            -58.700895,
            -34.550371
          ],
          [
            -58.699951,
            -34.551058
          ],
          [
            -58.699565,
            -34.551358
          ],
          [
            -58.6992,
            -34.551637
          ],
          [
            -58.698986,
            -34.551787
          ],
          [
            -58.698471,
            -34.552152
          ],
          [
            -58.698213,
            -34.552367
          ],
          [
            -58.696969,
            -34.553289
          ],
          [
            -58.697698,
            -34.553998
          ],
          [
            -58.696711,
            -34.554706
          ],
          [
            -58.69581,
            -34.555349
          ],
          [
            -58.694737,
            -34.556143
          ],
          [
            -58.6936,
            -34.55698
          ],
          [
            -58.692441,
            -34.557838
          ],
          [
            -58.691626,
            -34.558439
          ],
          [
            -58.691432,
            -34.558568
          ],
          [
            -58.690982,
            -34.558911
          ],
          [
            -58.690445,
            -34.559298
          ],
          [
            -58.689415,
            -34.560049
          ],
          [
            -58.687935,
            -34.561121
          ],
          [
            -58.686454,
            -34.562216
          ],
          [
            -58.686368,
            -34.56228
          ],
          [
            -58.685639,
            -34.562795
          ],
          [
            -58.684909,
            -34.563332
          ],
          [
            -58.683901,
            -34.563847
          ],
          [
            -58.68315,
            -34.564211
          ],
          [
            -58.682098,
            -34.563224
          ],
          [
            -58.680747,
            -34.56198
          ],
          [
            -58.680081,
            -34.561357
          ],
          [
            -58.679395,
            -34.560735
          ],
          [
            -58.679287,
            -34.560628
          ],
          [
            -58.678665,
            -34.560027
          ],
          [
            -58.678043,
            -34.559448
          ],
          [
            -58.677399,
            -34.558847
          ],
          [
            -58.677163,
            -34.558611
          ],
          [
            -58.676777,
            -34.558246
          ],
          [
            -58.676519,
            -34.55801
          ],
          [
            -58.676133,
            -34.557645
          ],
          [
            -58.675468,
            -34.557023
          ],
          [
            -58.674889,
            -34.556444
          ],
          [
            -58.674631,
            -34.556229
          ],
          [
            -58.674245,
            -34.555864
          ],
          [
            -58.673837,
            -34.555478
          ],
          [
            -58.673601,
            -34.555264
          ],
          [
            -58.673065,
            -34.55477
          ],
          [
            -58.672915,
            -34.55462
          ],
          [
            -58.672185,
            -34.553976
          ],
          [
            -58.672142,
            -34.55404
          ],
          [
            -58.670726,
            -34.555113
          ],
          [
            -58.670085,
            -34.555587
          ],
          [
            -58.669331,
            -34.556143
          ],
          [
            -58.667872,
            -34.557195
          ],
          [
            -58.666327,
            -34.558332
          ],
          [
            -58.665254,
            -34.559104
          ],
          [
            -58.663945,
            -34.560049
          ],
          [
            -58.662636,
            -34.561014
          ],
          [
            -58.661263,
            -34.562001
          ],
          [
            -58.65989,
            -34.562967
          ],
          [
            -58.658559,
            -34.563932
          ],
          [
            -58.657186,
            -34.564898
          ],
          [
            -58.656714,
            -34.565284
          ],
          [
            -58.655984,
            -34.565842
          ],
          [
            -58.655598,
            -34.566207
          ],
          [
            -58.655427,
            -34.5664
          ],
          [
            -58.655062,
            -34.566743
          ],
          [
            -58.654439,
            -34.56743
          ],
          [
            -58.653431,
            -34.56861
          ],
          [
            -58.652937,
            -34.56919
          ],
          [
            -58.652616,
            -34.569597
          ],
          [
            -58.652442,
            -34.56981
          ],
          [
            -58.652036,
            -34.570305
          ],
          [
            -58.650835,
            -34.571378
          ],
          [
            -58.650513,
            -34.571593
          ],
          [
            -58.649783,
            -34.572108
          ],
          [
            -58.649504,
            -34.572322
          ],
          [
            -58.64886,
            -34.572837
          ],
          [
            -58.648517,
            -34.573116
          ],
          [
            -58.648024,
            -34.573503
          ],
          [
            -58.64738,
            -34.573996
          ],
          [
            -58.647187,
            -34.574168
          ],
          [
            -58.64635,
            -34.574833
          ],
          [
            -58.6462,
            -34.574962
          ],
          [
            -58.645749,
            -34.575305
          ],
          [
            -58.645427,
            -34.575562
          ],
          [
            -58.64459,
            -34.576228
          ],
          [
            -58.643196,
            -34.577343
          ],
          [
            -58.642552,
            -34.577837
          ],
          [
            -58.64238,
            -34.577987
          ],
          [
            -58.641629,
            -34.578567
          ],
          [
            -58.6409,
            -34.579103
          ],
          [
            -58.639483,
            -34.580326
          ],
          [
            -58.638282,
            -34.581249
          ],
          [
            -58.637102,
            -34.582171
          ],
          [
            -58.636115,
            -34.582944
          ],
          [
            -58.6356,
            -34.583287
          ],
          [
            -58.633904,
            -34.584639
          ],
          [
            -58.631587,
            -34.586463
          ],
          [
            -58.630557,
            -34.587278
          ],
          [
            -58.630342,
            -34.58745
          ],
          [
            -58.630042,
            -34.587729
          ],
          [
            -58.629162,
            -34.588351
          ],
          [
            -58.628948,
            -34.588523
          ],
          [
            -58.628304,
            -34.589038
          ],
          [
            -58.628132,
            -34.589167
          ],
          [
            -58.627553,
            -34.589596
          ],
          [
            -58.627081,
            -34.590003
          ],
          [
            -58.626738,
            -34.590282
          ],
          [
            -58.626008,
            -34.59084
          ],
          [
            -58.625472,
            -34.591269
          ],
          [
            -58.624892,
            -34.59172
          ],
          [
            -58.624012,
            -34.592428
          ],
          [
            -58.623712,
            -34.592643
          ],
          [
            -58.623111,
            -34.593115
          ],
          [
            -58.622575,
            -34.593544
          ],
          [
            -58.621352,
            -34.594488
          ],
          [
            -58.620214,
            -34.595368
          ],
          [
            -58.619592,
            -34.595947
          ],
          [
            -58.619421,
            -34.596097
          ],
          [
            -58.61867,
            -34.59672
          ],
          [
            -58.617961,
            -34.597321
          ],
          [
            -58.617146,
            -34.598029
          ],
          [
            -58.616695,
            -34.598436
          ],
          [
            -58.61588,
            -34.599144
          ],
          [
            -58.615322,
            -34.599595
          ],
          [
            -58.614743,
            -34.599981
          ],
          [
            -58.612997,
            -34.600896
          ],
          [
            -58.61028,
            -34.60232
          ],
          [
            -58.60925,
            -34.602857
          ],
          [
            -58.609103,
            -34.602923
          ],
          [
            -58.608348,
            -34.603264
          ],
          [
            -58.607726,
            -34.6035
          ],
          [
            -58.605602,
            -34.604187
          ],
          [
            -58.604882,
            -34.604335
          ],
          [
            -58.604143,
            -34.60438
          ],
          [
            -58.60219,
            -34.604402
          ],
          [
            -58.599465,
            -34.604402
          ],
          [
            -58.599162,
            -34.604333
          ],
          [
            -58.598977,
            -34.604215
          ],
          [
            -58.598707,
            -34.604198
          ],
          [
            -58.598528,
            -34.604298
          ],
          [
            -58.598205,
            -34.604698
          ],
          [
            -58.597952,
            -34.605042
          ],
          [
            -58.597656,
            -34.605342
          ],
          [
            -58.596997,
            -34.605517
          ],
          [
            -58.59579,
            -34.605505
          ],
          [
            -58.595667,
            -34.605604
          ],
          [
            -58.595692,
            -34.606539
          ],
          [
            -58.595709,
            -34.607622
          ],
          [
            -58.594421,
            -34.607622
          ],
          [
            -58.593371,
            -34.60762
          ],
          [
            -58.593113,
            -34.607813
          ],
          [
            -58.592877,
            -34.608006
          ],
          [
            -58.592319,
            -34.608736
          ],
          [
            -58.592062,
            -34.609015
          ],
          [
            -58.591504,
            -34.609809
          ],
          [
            -58.591354,
            -34.610002
          ],
          [
            -58.590667,
            -34.610925
          ],
          [
            -58.590388,
            -34.611311
          ],
          [
            -58.590131,
            -34.611633
          ],
          [
            -58.589272,
            -34.612684
          ],
          [
            -58.588307,
            -34.612234
          ],
          [
            -58.58732,
            -34.611804
          ],
          [
            -58.586247,
            -34.61144
          ],
          [
            -58.585153,
            -34.611161
          ],
          [
            -58.58408,
            -34.611182
          ],
          [
            -58.582277,
            -34.611268
          ],
          [
            -58.58041,
            -34.611354
          ],
          [
            -58.578651,
            -34.61144
          ],
          [
            -58.578587,
            -34.610367
          ],
          [
            -58.578522,
            -34.609358
          ],
          [
            -58.578479,
            -34.608328
          ],
          [
            -58.576591,
            -34.608414
          ],
          [
            -58.57481,
            -34.608479
          ],
          [
            -58.573029,
            -34.608564
          ],
          [
            -58.572965,
            -34.607513
          ],
          [
            -58.5729,
            -34.606504
          ],
          [
            -58.571119,
            -34.606569
          ],
          [
            -58.569317,
            -34.606655
          ],
          [
            -58.569252,
            -34.605582
          ],
          [
            -58.56833,
            -34.605625
          ],
          [
            -58.567514,
            -34.605668
          ],
          [
            -58.566592,
            -34.605711
          ],
          [
            -58.565712,
            -34.605753
          ],
          [
            -58.564811,
            -34.605796
          ],
          [
            -58.563867,
            -34.605818
          ],
          [
            -58.562043,
            -34.605904
          ],
          [
            -58.562129,
            -34.606977
          ],
          [
            -58.562173,
            -34.608007
          ],
          [
            -58.563079,
            -34.607982
          ],
          [
            -58.563158,
            -34.608983
          ],
          [
            -58.563219,
            -34.610019
          ],
          [
            -58.562283,
            -34.610054
          ],
          [
            -58.560692,
            -34.610135
          ],
          [
            -58.559103,
            -34.610217
          ],
          [
            -58.557494,
            -34.610281
          ],
          [
            -58.556955,
            -34.610671
          ],
          [
            -58.555906,
            -34.611332
          ],
          [
            -58.55479,
            -34.612041
          ],
          [
            -58.554146,
            -34.61247
          ],
          [
            -58.553739,
            -34.612727
          ],
          [
            -58.552666,
            -34.613435
          ],
          [
            -58.551657,
            -34.6141
          ],
          [
            -58.551142,
            -34.614444
          ],
          [
            -58.550928,
            -34.614573
          ],
          [
            -58.550606,
            -34.614787
          ],
          [
            -58.550198,
            -34.615045
          ],
          [
            -58.549469,
            -34.615517
          ],
          [
            -58.548717,
            -34.616032
          ],
          [
            -58.547966,
            -34.616504
          ],
          [
            -58.547323,
            -34.616933
          ],
          [
            -58.546765,
            -34.617298
          ],
          [
            -58.546593,
            -34.617426
          ],
          [
            -58.544877,
            -34.618499
          ],
          [
            -58.543611,
            -34.618027
          ],
          [
            -58.542838,
            -34.617748
          ],
          [
            -58.54228,
            -34.617534
          ],
          [
            -58.541358,
            -34.617169
          ],
          [
            -58.540156,
            -34.61674
          ],
          [
            -58.538954,
            -34.616268
          ],
          [
            -58.537667,
            -34.615796
          ],
          [
            -58.536658,
            -34.615409
          ],
          [
            -58.536036,
            -34.615195
          ],
          [
            -58.534491,
            -34.614615
          ],
          [
            -58.533418,
            -34.614186
          ],
          [
            -58.532774,
            -34.614637
          ],
          [
            -58.531852,
            -34.6141
          ],
          [
            -58.530972,
            -34.613543
          ],
          [
            -58.530436,
            -34.613178
          ],
          [
            -58.53035,
            -34.61307
          ],
          [
            -58.530414,
            -34.613221
          ],
          [
            -58.53065,
            -34.613736
          ],
          [
            -58.531101,
            -34.614701
          ],
          [
            -58.530242,
            -34.615023
          ],
          [
            -58.530092,
            -34.614809
          ],
          [
            -58.529878,
            -34.614336
          ],
          [
            -58.529685,
            -34.613907
          ],
          [
            -58.529127,
            -34.612663
          ],
          [
            -58.528891,
            -34.612191
          ],
          [
            -58.528204,
            -34.611783
          ],
          [
            -58.527796,
            -34.612083
          ],
          [
            -58.527367,
            -34.612405
          ],
          [
            -58.527002,
            -34.612684
          ],
          [
            -58.526552,
            -34.612985
          ],
          [
            -58.525758,
            -34.613564
          ],
          [
            -58.525136,
            -34.613972
          ],
          [
            -58.52432,
            -34.614594
          ],
          [
            -58.523161,
            -34.615474
          ],
          [
            -58.522003,
            -34.616396
          ],
          [
            -58.521037,
            -34.617105
          ],
          [
            -58.520179,
            -34.61777
          ],
          [
            -58.519385,
            -34.618392
          ],
          [
            -58.518913,
            -34.618714
          ],
          [
            -58.518591,
            -34.619014
          ],
          [
            -58.518269,
            -34.61925
          ],
          [
            -58.517776,
            -34.619594
          ],
          [
            -58.517003,
            -34.620194
          ],
          [
            -58.51593,
            -34.620967
          ],
          [
            -58.51548,
            -34.62131
          ],
          [
            -58.514814,
            -34.621825
          ],
          [
            -58.514278,
            -34.622233
          ],
          [
            -58.513827,
            -34.622576
          ],
          [
            -58.513291,
            -34.623005
          ],
          [
            -58.512754,
            -34.623413
          ],
          [
            -58.512132,
            -34.622877
          ],
          [
            -58.51151,
            -34.622319
          ],
          [
            -58.511016,
            -34.62189
          ],
          [
            -58.510115,
            -34.621117
          ],
          [
            -58.508828,
            -34.61998
          ],
          [
            -58.507905,
            -34.619486
          ],
          [
            -58.506939,
            -34.618928
          ],
          [
            -58.505695,
            -34.618306
          ],
          [
            -58.505137,
            -34.618006
          ],
          [
            -58.504429,
            -34.617662
          ],
          [
            -58.503807,
            -34.617341
          ],
          [
            -58.503313,
            -34.617083
          ],
          [
            -58.502648,
            -34.61674
          ],
          [
            -58.501961,
            -34.616354
          ],
          [
            -58.500953,
            -34.615796
          ],
          [
            -58.499901,
            -34.615152
          ],
          [
            -58.49885,
            -34.614573
          ],
          [
            -58.497777,
            -34.61395
          ],
          [
            -58.496554,
            -34.613242
          ],
          [
            -58.495567,
            -34.614358
          ],
          [
            -58.494794,
            -34.615002
          ],
          [
            -58.493721,
            -34.61586
          ],
          [
            -58.492649,
            -34.616718
          ],
          [
            -58.491554,
            -34.617577
          ],
          [
            -58.490481,
            -34.618435
          ],
          [
            -58.48943,
            -34.619293
          ],
          [
            -58.488336,
            -34.62013
          ],
          [
            -58.487284,
            -34.621031
          ],
          [
            -58.486211,
            -34.62189
          ],
          [
            -58.48516,
            -34.622748
          ],
          [
            -58.484066,
            -34.623606
          ],
          [
            -58.483422,
            -34.624121
          ],
          [
            -58.482649,
            -34.623499
          ],
          [
            -58.481877,
            -34.62292
          ],
          [
            -58.480847,
            -34.622083
          ],
          [
            -58.479452,
            -34.620667
          ],
          [
            -58.479173,
            -34.620345
          ],
          [
            -58.479002,
            -34.620173
          ],
          [
            -58.478336,
            -34.61983
          ],
          [
            -58.47707,
            -34.619164
          ],
          [
            -58.476899,
            -34.619014
          ],
          [
            -58.475869,
            -34.618456
          ],
          [
            -58.475053,
            -34.619465
          ],
          [
            -58.474216,
            -34.620516
          ],
          [
            -58.473916,
            -34.621181
          ],
          [
            -58.473465,
            -34.622169
          ],
          [
            -58.473015,
            -34.623177
          ],
          [
            -58.472564,
            -34.624164
          ],
          [
            -58.472114,
            -34.625151
          ],
          [
            -58.471577,
            -34.626353
          ],
          [
            -58.471127,
            -34.627404
          ],
          [
            -58.470676,
            -34.628413
          ],
          [
            -58.47044,
            -34.628906
          ],
          [
            -58.470225,
            -34.629421
          ],
          [
            -58.471792,
            -34.629829
          ],
          [
            -58.471191,
            -34.631116
          ],
          [
            -58.469636,
            -34.630686
          ],
          [
            -58.469542,
            -34.630659
          ],
          [
            -58.468315,
            -34.630339
          ],
          [
            -58.467008,
            -34.630006
          ],
          [
            -58.466907,
            -34.630046
          ],
          [
            -58.466858,
            -34.630062
          ],
          [
            -58.465465,
            -34.629732
          ],
          [
            -58.464947,
            -34.629576
          ],
          [
            -58.464785,
            -34.629501
          ],
          [
            -58.464074,
            -34.629296
          ],
          [
            -58.463536,
            -34.629087
          ],
          [
            -58.463252,
            -34.628971
          ],
          [
            -58.462715,
            -34.628842
          ],
          [
            -58.461213,
            -34.628391
          ],
          [
            -58.459883,
            -34.627941
          ],
          [
            -58.458853,
            -34.627533
          ],
          [
            -58.457844,
            -34.627125
          ],
          [
            -58.456707,
            -34.626653
          ],
          [
            -58.455377,
            -34.626138
          ],
          [
            -58.454046,
            -34.625645
          ],
          [
            -58.452973,
            -34.625237
          ],
          [
            -58.452029,
            -34.624872
          ],
          [
            -58.450677,
            -34.624314
          ],
          [
            -58.449883,
            -34.624014
          ],
          [
            -58.449411,
            -34.623799
          ],
          [
            -58.448725,
            -34.623542
          ],
          [
            -58.44821,
            -34.623349
          ],
          [
            -58.447266,
            -34.622984
          ],
          [
            -58.447008,
            -34.622877
          ],
          [
            -58.445807,
            -34.622426
          ],
          [
            -58.445163,
            -34.622147
          ],
          [
            -58.444324,
            -34.621858
          ],
          [
            -58.442275,
            -34.621109
          ],
          [
            -58.441052,
            -34.620807
          ],
          [
            -58.440921,
            -34.621921
          ],
          [
            -58.440934,
            -34.622205
          ],
          [
            -58.440858,
            -34.622917
          ],
          [
            -58.440742,
            -34.623821
          ],
          [
            -58.440635,
            -34.624979
          ],
          [
            -58.440549,
            -34.625688
          ],
          [
            -58.440433,
            -34.626432
          ],
          [
            -58.439133,
            -34.626285
          ],
          [
            -58.438187,
            -34.626172
          ],
          [
            -58.437685,
            -34.62611
          ],
          [
            -58.436172,
            -34.625967
          ],
          [
            -58.435271,
            -34.625902
          ],
          [
            -58.434327,
            -34.625859
          ],
          [
            -58.432825,
            -34.625709
          ],
          [
            -58.431408,
            -34.625559
          ],
          [
            -58.431215,
            -34.626331
          ],
          [
            -58.430958,
            -34.627576
          ],
          [
            -58.429627,
            -34.627404
          ],
          [
            -58.428168,
            -34.627168
          ],
          [
            -58.426752,
            -34.626997
          ],
          [
            -58.425572,
            -34.626803
          ],
          [
            -58.424134,
            -34.626589
          ],
          [
            -58.422847,
            -34.626439
          ],
          [
            -58.421516,
            -34.626203
          ],
          [
            -58.42025,
            -34.626009
          ],
          [
            -58.418834,
            -34.625816
          ],
          [
            -58.417697,
            -34.625645
          ],
          [
            -58.416109,
            -34.625409
          ],
          [
            -58.414693,
            -34.625258
          ],
          [
            -58.413577,
            -34.625108
          ],
          [
            -58.412097,
            -34.624958
          ],
          [
            -58.410401,
            -34.624786
          ],
          [
            -58.409736,
            -34.624679
          ],
          [
            -58.408878,
            -34.624615
          ],
          [
            -58.407075,
            -34.624379
          ],
          [
            -58.405809,
            -34.624207
          ],
          [
            -58.404007,
            -34.623992
          ],
          [
            -58.403471,
            -34.623928
          ],
          [
            -58.402162,
            -34.623756
          ],
          [
            -58.401282,
            -34.623671
          ],
          [
            -58.40096,
            -34.623606
          ],
          [
            -58.400424,
            -34.623542
          ],
          [
            -58.399286,
            -34.623392
          ],
          [
            -58.397827,
            -34.62322
          ],
          [
            -58.396368,
            -34.623048
          ],
          [
            -58.39536,
            -34.622962
          ],
          [
            -58.394952,
            -34.62292
          ],
          [
            -58.393772,
            -34.622855
          ],
          [
            -58.392935,
            -34.622812
          ],
          [
            -58.391497,
            -34.622726
          ],
          [
            -58.389888,
            -34.622619
          ],
          [
            -58.389502,
            -34.622598
          ],
          [
            -58.388643,
            -34.622512
          ],
          [
            -58.387163,
            -34.622447
          ],
          [
            -58.385811,
            -34.622362
          ],
          [
            -58.384373,
            -34.622276
          ],
          [
            -58.382957,
            -34.622211
          ],
          [
            -58.381433,
            -34.62219
          ],
          [
            -58.381412,
            -34.622769
          ],
          [
            -58.381391,
            -34.622941
          ],
          [
            -58.381394,
            -34.623004
          ],
          [
            -58.381433,
            -34.623778
          ],
          [
            -58.381452,
            -34.624102
          ],
          [
            -58.381447,
            -34.624618
          ],
          [
            -58.38227,
            -34.624658
          ],
          [
            -58.382249,
            -34.625945
          ],
          [
            -58.382206,
            -34.626911
          ],
          [
            -58.382206,
            -34.627233
          ],
          [
            -58.382142,
            -34.627812
          ],
          [
            -58.381433,
            -34.62779
          ],
          [
            -58.379588,
            -34.627705
          ],
          [
            -58.378472,
            -34.627426
          ],
          [
            -58.377249,
            -34.626825
          ],
          [
            -58.376584,
            -34.627876
          ],
          [
            -58.375576,
            -34.627297
          ],
          [
            -58.374567,
            -34.626803
          ],
          [
            -58.373859,
            -34.62676
          ],
          [
            -58.372571,
            -34.626739
          ],
          [
            -58.372421,
            -34.62779
          ],
          [
            -58.372314,
            -34.628198
          ],
          [
            -58.372078,
            -34.629035
          ],
          [
            -58.371992,
            -34.629378
          ],
          [
            -58.37167,
            -34.630516
          ],
          [
            -58.37064,
            -34.629464
          ],
          [
            -58.369439,
            -34.628305
          ],
          [
            -58.368473,
            -34.627469
          ],
          [
            -58.36813,
            -34.627426
          ],
          [
            -58.367572,
            -34.627619
          ],
          [
            -58.367465,
            -34.627683
          ],
          [
            -58.366585,
            -34.628241
          ],
          [
            -58.365576,
            -34.628906
          ],
          [
            -58.364804,
            -34.629421
          ],
          [
            -58.364139,
            -34.62985
          ],
          [
            -58.363388,
            -34.630344
          ],
          [
            -58.362401,
            -34.630966
          ],
          [
            -58.360856,
            -34.632039
          ],
          [
            -58.360341,
            -34.632833
          ],
          [
            -58.35989,
            -34.63367
          ],
          [
            -58.359783,
            -34.633842
          ],
          [
            -58.359632,
            -34.63412
          ],
          [
            -58.359396,
            -34.634507
          ],
          [
            -58.358881,
            -34.635301
          ],
          [
            -58.358388,
            -34.636116
          ],
          [
            -58.357916,
            -34.636867
          ],
          [
            -58.357401,
            -34.637768
          ],
          [
            -58.357229,
            -34.637961
          ],
          [
            -58.357036,
            -34.638197
          ],
          [
            -58.357143,
            -34.638412
          ],
          [
            -58.357725,
            -34.638692
          ],
          [
            -58.358441,
            -34.638983
          ],
          [
            -58.360341,
            -34.63897
          ],
          [
            -58.36087,
            -34.639057
          ],
          [
            -58.361366,
            -34.639222
          ],
          [
            -58.361656,
            -34.639662
          ],
          [
            -58.361688,
            -34.640208
          ],
          [
            -58.361508,
            -34.640621
          ],
          [
            -58.361082,
            -34.640945
          ],
          [
            -58.360219,
            -34.641257
          ],
          [
            -58.361037,
            -34.641734
          ],
          [
            -58.361978,
            -34.642259
          ],
          [
            -58.362455,
            -34.64253
          ],
          [
            -58.363254,
            -34.642948
          ],
          [
            -58.364684,
            -34.643462
          ],
          [
            -58.365598,
            -34.64354
          ],
          [
            -58.367078,
            -34.643669
          ],
          [
            -58.368686,
            -34.643824
          ],
          [
            -58.368816,
            -34.642918
          ],
          [
            -58.367207,
            -34.642725
          ]
        ]
      }
    },
    {
      "type": "Feature",
      "properties": {
        "Linea": "053",
        "Recorrido": "C",
        "Sentido": "IDA",
        "Razon_soci": "LINEA 213 SA DE TRANSPORTE",
        "Jurisdicci": "NACIONAL",
        "assigned_zone_name": "Hurlingham Centro",
        "source_name": "Datos Transporte - Recorridos de servicios de colectivos AMBA",
        "source_url": "https://datos.transporte.gob.ar/dataset/recorridos-de-servicios-de-colectivos-amba",
        "license": "Creative Commons Attribution 4.0",
        "generated_at": "2026-06-13T02:11:01.209890+00:00",
        "data_confidence": "medium"
      },
      "geometry": {
        "type": "LineString",
        "coordinates": [
          [
            -58.367207,
            -34.642725
          ],
          [
            -58.365769,
            -34.642489
          ],
          [
            -58.365211,
            -34.642403
          ],
          [
            -58.363718,
            -34.642159
          ],
          [
            -58.362465,
            -34.641674
          ],
          [
            -58.361082,
            -34.640945
          ],
          [
            -58.361508,
            -34.640621
          ],
          [
            -58.361688,
            -34.640208
          ],
          [
            -58.361656,
            -34.639662
          ],
          [
            -58.361366,
            -34.639222
          ],
          [
            -58.36087,
            -34.639057
          ],
          [
            -58.360341,
            -34.63897
          ],
          [
            -58.358441,
            -34.638983
          ],
          [
            -58.357725,
            -34.638692
          ],
          [
            -58.357143,
            -34.638412
          ],
          [
            -58.357036,
            -34.638197
          ],
          [
            -58.356929,
            -34.637961
          ],
          [
            -58.356972,
            -34.637897
          ],
          [
            -58.3571,
            -34.637876
          ],
          [
            -58.357229,
            -34.637961
          ],
          [
            -58.357401,
            -34.637768
          ],
          [
            -58.357916,
            -34.636867
          ],
          [
            -58.358388,
            -34.636116
          ],
          [
            -58.358881,
            -34.635301
          ],
          [
            -58.359396,
            -34.634507
          ],
          [
            -58.359632,
            -34.63412
          ],
          [
            -58.359783,
            -34.633842
          ],
          [
            -58.35989,
            -34.63367
          ],
          [
            -58.360341,
            -34.632833
          ],
          [
            -58.360856,
            -34.632039
          ],
          [
            -58.362401,
            -34.630966
          ],
          [
            -58.363388,
            -34.630344
          ],
          [
            -58.364139,
            -34.62985
          ],
          [
            -58.364804,
            -34.629421
          ],
          [
            -58.365576,
            -34.628906
          ],
          [
            -58.366585,
            -34.628241
          ],
          [
            -58.367465,
            -34.627683
          ],
          [
            -58.367572,
            -34.627619
          ],
          [
            -58.367872,
            -34.62719
          ],
          [
            -58.368022,
            -34.627125
          ],
          [
            -58.368151,
            -34.627147
          ],
          [
            -58.368473,
            -34.627469
          ],
          [
            -58.369439,
            -34.628305
          ],
          [
            -58.37064,
            -34.629464
          ],
          [
            -58.370662,
            -34.629185
          ],
          [
            -58.370769,
            -34.628091
          ],
          [
            -58.370962,
            -34.62661
          ],
          [
            -58.371069,
            -34.625344
          ],
          [
            -58.371198,
            -34.624228
          ],
          [
            -58.372702,
            -34.624338
          ],
          [
            -58.374009,
            -34.624422
          ],
          [
            -58.37549,
            -34.62455
          ],
          [
            -58.376756,
            -34.625108
          ],
          [
            -58.378,
            -34.625645
          ],
          [
            -58.378966,
            -34.626052
          ],
          [
            -58.380232,
            -34.626353
          ],
          [
            -58.382206,
            -34.626911
          ],
          [
            -58.382249,
            -34.625945
          ],
          [
            -58.38227,
            -34.624658
          ],
          [
            -58.382936,
            -34.624658
          ],
          [
            -58.384395,
            -34.624701
          ],
          [
            -58.385789,
            -34.624743
          ],
          [
            -58.387184,
            -34.624829
          ],
          [
            -58.387184,
            -34.624014
          ],
          [
            -58.387184,
            -34.623778
          ],
          [
            -58.387184,
            -34.623306
          ],
          [
            -58.387163,
            -34.622447
          ],
          [
            -58.387206,
            -34.621246
          ],
          [
            -58.388729,
            -34.621375
          ],
          [
            -58.390038,
            -34.621439
          ],
          [
            -58.391562,
            -34.621546
          ],
          [
            -58.393106,
            -34.621611
          ],
          [
            -58.393943,
            -34.621654
          ],
          [
            -58.394458,
            -34.621675
          ],
          [
            -58.395638,
            -34.621739
          ],
          [
            -58.396776,
            -34.621782
          ],
          [
            -58.398192,
            -34.62189
          ],
          [
            -58.399587,
            -34.622061
          ],
          [
            -58.400617,
            -34.622211
          ],
          [
            -58.401368,
            -34.622297
          ],
          [
            -58.402483,
            -34.622426
          ],
          [
            -58.404307,
            -34.622726
          ],
          [
            -58.405981,
            -34.623005
          ],
          [
            -58.407207,
            -34.623241
          ],
          [
            -58.408955,
            -34.623522
          ],
          [
            -58.410544,
            -34.623753
          ],
          [
            -58.411453,
            -34.623885
          ],
          [
            -58.412225,
            -34.623971
          ],
          [
            -58.413663,
            -34.624186
          ],
          [
            -58.414757,
            -34.624357
          ],
          [
            -58.4148,
            -34.623585
          ],
          [
            -58.416066,
            -34.623928
          ],
          [
            -58.416216,
            -34.624014
          ],
          [
            -58.417053,
            -34.624465
          ],
          [
            -58.417761,
            -34.624507
          ],
          [
            -58.419113,
            -34.624593
          ],
          [
            -58.420529,
            -34.624701
          ],
          [
            -58.42113,
            -34.624722
          ],
          [
            -58.42186,
            -34.624765
          ],
          [
            -58.422525,
            -34.624808
          ],
          [
            -58.423212,
            -34.624872
          ],
          [
            -58.42452,
            -34.624937
          ],
          [
            -58.42598,
            -34.625044
          ],
          [
            -58.427181,
            -34.625108
          ],
          [
            -58.428597,
            -34.625258
          ],
          [
            -58.430078,
            -34.62543
          ],
          [
            -58.431408,
            -34.625559
          ],
          [
            -58.432825,
            -34.625709
          ],
          [
            -58.433125,
            -34.624293
          ],
          [
            -58.433254,
            -34.623671
          ],
          [
            -58.433425,
            -34.62292
          ],
          [
            -58.434649,
            -34.623027
          ],
          [
            -58.436258,
            -34.623211
          ],
          [
            -58.436937,
            -34.623253
          ],
          [
            -58.437746,
            -34.623222
          ],
          [
            -58.437932,
            -34.622576
          ],
          [
            -58.438275,
            -34.621568
          ],
          [
            -58.438722,
            -34.620164
          ],
          [
            -58.438982,
            -34.619457
          ],
          [
            -58.440239,
            -34.620005
          ],
          [
            -58.441229,
            -34.620432
          ],
          [
            -58.441381,
            -34.620477
          ],
          [
            -58.442867,
            -34.621139
          ],
          [
            -58.443511,
            -34.621418
          ],
          [
            -58.444324,
            -34.621858
          ],
          [
            -58.445163,
            -34.622147
          ],
          [
            -58.445807,
            -34.622426
          ],
          [
            -58.447008,
            -34.622877
          ],
          [
            -58.447266,
            -34.622984
          ],
          [
            -58.44821,
            -34.623349
          ],
          [
            -58.448725,
            -34.623542
          ],
          [
            -58.449411,
            -34.623799
          ],
          [
            -58.449883,
            -34.624014
          ],
          [
            -58.450677,
            -34.624314
          ],
          [
            -58.452029,
            -34.624872
          ],
          [
            -58.452973,
            -34.625237
          ],
          [
            -58.454046,
            -34.625645
          ],
          [
            -58.455377,
            -34.626138
          ],
          [
            -58.456707,
            -34.626653
          ],
          [
            -58.457844,
            -34.627125
          ],
          [
            -58.458853,
            -34.627533
          ],
          [
            -58.459883,
            -34.627941
          ],
          [
            -58.461213,
            -34.628391
          ],
          [
            -58.462715,
            -34.628842
          ],
          [
            -58.463252,
            -34.628971
          ],
          [
            -58.463536,
            -34.629087
          ],
          [
            -58.463761,
            -34.62914
          ],
          [
            -58.464096,
            -34.629237
          ],
          [
            -58.465501,
            -34.629661
          ],
          [
            -58.466787,
            -34.629981
          ],
          [
            -58.466883,
            -34.629936
          ],
          [
            -58.466926,
            -34.629919
          ],
          [
            -58.467484,
            -34.630063
          ],
          [
            -58.468339,
            -34.63028
          ],
          [
            -58.469502,
            -34.630589
          ],
          [
            -58.469636,
            -34.630686
          ],
          [
            -58.470225,
            -34.629421
          ],
          [
            -58.47044,
            -34.628906
          ],
          [
            -58.470676,
            -34.628413
          ],
          [
            -58.471127,
            -34.627404
          ],
          [
            -58.471577,
            -34.626353
          ],
          [
            -58.472114,
            -34.625151
          ],
          [
            -58.472564,
            -34.624164
          ],
          [
            -58.473015,
            -34.623177
          ],
          [
            -58.473465,
            -34.622169
          ],
          [
            -58.473916,
            -34.621181
          ],
          [
            -58.472543,
            -34.620752
          ],
          [
            -58.47295,
            -34.619851
          ],
          [
            -58.474216,
            -34.620516
          ],
          [
            -58.475482,
            -34.62116
          ],
          [
            -58.47574,
            -34.621289
          ],
          [
            -58.47677,
            -34.621825
          ],
          [
            -58.4778,
            -34.622383
          ],
          [
            -58.478014,
            -34.622469
          ],
          [
            -58.478808,
            -34.622898
          ],
          [
            -58.479366,
            -34.623199
          ],
          [
            -58.479795,
            -34.623413
          ],
          [
            -58.480847,
            -34.623842
          ],
          [
            -58.481791,
            -34.624228
          ],
          [
            -58.4828,
            -34.624636
          ],
          [
            -58.48413,
            -34.625194
          ],
          [
            -58.484752,
            -34.624679
          ],
          [
            -58.485031,
            -34.624443
          ],
          [
            -58.486125,
            -34.623585
          ],
          [
            -58.487198,
            -34.622726
          ],
          [
            -58.48825,
            -34.621847
          ],
          [
            -58.489323,
            -34.620988
          ],
          [
            -58.490417,
            -34.62013
          ],
          [
            -58.49149,
            -34.619272
          ],
          [
            -58.492563,
            -34.618435
          ],
          [
            -58.493636,
            -34.617555
          ],
          [
            -58.494709,
            -34.616718
          ],
          [
            -58.495781,
            -34.615839
          ],
          [
            -58.49679,
            -34.615023
          ],
          [
            -58.497927,
            -34.615624
          ],
          [
            -58.499043,
            -34.616225
          ],
          [
            -58.500094,
            -34.616783
          ],
          [
            -58.50121,
            -34.617341
          ],
          [
            -58.502433,
            -34.618006
          ],
          [
            -58.503056,
            -34.618328
          ],
          [
            -58.503528,
            -34.618585
          ],
          [
            -58.504364,
            -34.619014
          ],
          [
            -58.504751,
            -34.619207
          ],
          [
            -58.505952,
            -34.61983
          ],
          [
            -58.506896,
            -34.620323
          ],
          [
            -58.507733,
            -34.620795
          ],
          [
            -58.508377,
            -34.621396
          ],
          [
            -58.509021,
            -34.621954
          ],
          [
            -58.509643,
            -34.62249
          ],
          [
            -58.509943,
            -34.622769
          ],
          [
            -58.510265,
            -34.623048
          ],
          [
            -58.510416,
            -34.623177
          ],
          [
            -58.510609,
            -34.623327
          ],
          [
            -58.510952,
            -34.623649
          ],
          [
            -58.511016,
            -34.623713
          ],
          [
            -58.511295,
            -34.62395
          ],
          [
            -58.51166,
            -34.624271
          ],
          [
            -58.512218,
            -34.623842
          ],
          [
            -58.512754,
            -34.623413
          ],
          [
            -58.513291,
            -34.623005
          ],
          [
            -58.513827,
            -34.622576
          ],
          [
            -58.514278,
            -34.622233
          ],
          [
            -58.514814,
            -34.621825
          ],
          [
            -58.51548,
            -34.62131
          ],
          [
            -58.51593,
            -34.620967
          ],
          [
            -58.517003,
            -34.620194
          ],
          [
            -58.517776,
            -34.619594
          ],
          [
            -58.518269,
            -34.61925
          ],
          [
            -58.518591,
            -34.619014
          ],
          [
            -58.518913,
            -34.618714
          ],
          [
            -58.519385,
            -34.618392
          ],
          [
            -58.520179,
            -34.61777
          ],
          [
            -58.521037,
            -34.617105
          ],
          [
            -58.522003,
            -34.616396
          ],
          [
            -58.523161,
            -34.615474
          ],
          [
            -58.52432,
            -34.614594
          ],
          [
            -58.525136,
            -34.613972
          ],
          [
            -58.525758,
            -34.613564
          ],
          [
            -58.526552,
            -34.612985
          ],
          [
            -58.527002,
            -34.612684
          ],
          [
            -58.527367,
            -34.612405
          ],
          [
            -58.527796,
            -34.612083
          ],
          [
            -58.528204,
            -34.611783
          ],
          [
            -58.52859,
            -34.611483
          ],
          [
            -58.529341,
            -34.610946
          ],
          [
            -58.529427,
            -34.611139
          ],
          [
            -58.529835,
            -34.611933
          ],
          [
            -58.529899,
            -34.612041
          ],
          [
            -58.530028,
            -34.612191
          ],
          [
            -58.530124,
            -34.612249
          ],
          [
            -58.531015,
            -34.612792
          ],
          [
            -58.531616,
            -34.613113
          ],
          [
            -58.532474,
            -34.61365
          ],
          [
            -58.533418,
            -34.614186
          ],
          [
            -58.534491,
            -34.614615
          ],
          [
            -58.536036,
            -34.615195
          ],
          [
            -58.536658,
            -34.615409
          ],
          [
            -58.537667,
            -34.615796
          ],
          [
            -58.538954,
            -34.616268
          ],
          [
            -58.540156,
            -34.61674
          ],
          [
            -58.541358,
            -34.617169
          ],
          [
            -58.54228,
            -34.617534
          ],
          [
            -58.542838,
            -34.617748
          ],
          [
            -58.543611,
            -34.618027
          ],
          [
            -58.544877,
            -34.618499
          ],
          [
            -58.546593,
            -34.617426
          ],
          [
            -58.546765,
            -34.617298
          ],
          [
            -58.547323,
            -34.616933
          ],
          [
            -58.547966,
            -34.616504
          ],
          [
            -58.548717,
            -34.616032
          ],
          [
            -58.549469,
            -34.615517
          ],
          [
            -58.550198,
            -34.615045
          ],
          [
            -58.550606,
            -34.614787
          ],
          [
            -58.550928,
            -34.614573
          ],
          [
            -58.551142,
            -34.614444
          ],
          [
            -58.551657,
            -34.6141
          ],
          [
            -58.552666,
            -34.613435
          ],
          [
            -58.553739,
            -34.612727
          ],
          [
            -58.554146,
            -34.61247
          ],
          [
            -58.55479,
            -34.612041
          ],
          [
            -58.555906,
            -34.611332
          ],
          [
            -58.556955,
            -34.610671
          ],
          [
            -58.557494,
            -34.610281
          ],
          [
            -58.559103,
            -34.610217
          ],
          [
            -58.560692,
            -34.610135
          ],
          [
            -58.56064,
            -34.609083
          ],
          [
            -58.560569,
            -34.608058
          ],
          [
            -58.560476,
            -34.607041
          ],
          [
            -58.56039,
            -34.605968
          ],
          [
            -58.562064,
            -34.605904
          ],
          [
            -58.563867,
            -34.605818
          ],
          [
            -58.564811,
            -34.605796
          ],
          [
            -58.565712,
            -34.605753
          ],
          [
            -58.566592,
            -34.605711
          ],
          [
            -58.567514,
            -34.605668
          ],
          [
            -58.56833,
            -34.605625
          ],
          [
            -58.569252,
            -34.605582
          ],
          [
            -58.571055,
            -34.605496
          ],
          [
            -58.571119,
            -34.606569
          ],
          [
            -58.571162,
            -34.607599
          ],
          [
            -58.572965,
            -34.607513
          ],
          [
            -58.574746,
            -34.607427
          ],
          [
            -58.576527,
            -34.607341
          ],
          [
            -58.577449,
            -34.607298
          ],
          [
            -58.578393,
            -34.607255
          ],
          [
            -58.578479,
            -34.608328
          ],
          [
            -58.578522,
            -34.609358
          ],
          [
            -58.578587,
            -34.610367
          ],
          [
            -58.578651,
            -34.61144
          ],
          [
            -58.58041,
            -34.611354
          ],
          [
            -58.582277,
            -34.611268
          ],
          [
            -58.58408,
            -34.611182
          ],
          [
            -58.585153,
            -34.611161
          ],
          [
            -58.586247,
            -34.61144
          ],
          [
            -58.58732,
            -34.611804
          ],
          [
            -58.588307,
            -34.612234
          ],
          [
            -58.589272,
            -34.612684
          ],
          [
            -58.590131,
            -34.611633
          ],
          [
            -58.590388,
            -34.611311
          ],
          [
            -58.590667,
            -34.610925
          ],
          [
            -58.591354,
            -34.610002
          ],
          [
            -58.591504,
            -34.609809
          ],
          [
            -58.592062,
            -34.609015
          ],
          [
            -58.592319,
            -34.608736
          ],
          [
            -58.592877,
            -34.608006
          ],
          [
            -58.593113,
            -34.607813
          ],
          [
            -58.593371,
            -34.60762
          ],
          [
            -58.593564,
            -34.60747
          ],
          [
            -58.594401,
            -34.60674
          ],
          [
            -58.59453,
            -34.606633
          ],
          [
            -58.594615,
            -34.606547
          ],
          [
            -58.595667,
            -34.605604
          ],
          [
            -58.59579,
            -34.605505
          ],
          [
            -58.596997,
            -34.605517
          ],
          [
            -58.597656,
            -34.605342
          ],
          [
            -58.597952,
            -34.605042
          ],
          [
            -58.598205,
            -34.604698
          ],
          [
            -58.598443,
            -34.604263
          ],
          [
            -58.598538,
            -34.603841
          ],
          [
            -58.598713,
            -34.603776
          ],
          [
            -58.598871,
            -34.603854
          ],
          [
            -58.598977,
            -34.604215
          ],
          [
            -58.599162,
            -34.604333
          ],
          [
            -58.599465,
            -34.604402
          ],
          [
            -58.60219,
            -34.604402
          ],
          [
            -58.603045,
            -34.604392
          ],
          [
            -58.604143,
            -34.60438
          ],
          [
            -58.604872,
            -34.604337
          ],
          [
            -58.605602,
            -34.604187
          ],
          [
            -58.60754,
            -34.603561
          ],
          [
            -58.607726,
            -34.6035
          ],
          [
            -58.608348,
            -34.603264
          ],
          [
            -58.60925,
            -34.602857
          ],
          [
            -58.609428,
            -34.602764
          ],
          [
            -58.61028,
            -34.60232
          ],
          [
            -58.61259,
            -34.601029
          ],
          [
            -58.613005,
            -34.600797
          ],
          [
            -58.613498,
            -34.600518
          ],
          [
            -58.614657,
            -34.599895
          ],
          [
            -58.615472,
            -34.599359
          ],
          [
            -58.616652,
            -34.598286
          ],
          [
            -58.616889,
            -34.598093
          ],
          [
            -58.616985,
            -34.598012
          ],
          [
            -58.617146,
            -34.597878
          ],
          [
            -58.618584,
            -34.596634
          ],
          [
            -58.618927,
            -34.596334
          ],
          [
            -58.619485,
            -34.595883
          ],
          [
            -58.620214,
            -34.595368
          ],
          [
            -58.621352,
            -34.594488
          ],
          [
            -58.622575,
            -34.593544
          ],
          [
            -58.623111,
            -34.593115
          ],
          [
            -58.623712,
            -34.592643
          ],
          [
            -58.624012,
            -34.592428
          ],
          [
            -58.624892,
            -34.59172
          ],
          [
            -58.625472,
            -34.591269
          ],
          [
            -58.626008,
            -34.59084
          ],
          [
            -58.626738,
            -34.590282
          ],
          [
            -58.627081,
            -34.590003
          ],
          [
            -58.627553,
            -34.589596
          ],
          [
            -58.628132,
            -34.589167
          ],
          [
            -58.628304,
            -34.589038
          ],
          [
            -58.628948,
            -34.588523
          ],
          [
            -58.629162,
            -34.588351
          ],
          [
            -58.629974,
            -34.587777
          ],
          [
            -58.630042,
            -34.587729
          ],
          [
            -58.630342,
            -34.58745
          ],
          [
            -58.630557,
            -34.587278
          ],
          [
            -58.631587,
            -34.586463
          ],
          [
            -58.633904,
            -34.584639
          ],
          [
            -58.6356,
            -34.583287
          ],
          [
            -58.636115,
            -34.582944
          ],
          [
            -58.637102,
            -34.582171
          ],
          [
            -58.638282,
            -34.581249
          ],
          [
            -58.639483,
            -34.580326
          ],
          [
            -58.640769,
            -34.579216
          ],
          [
            -58.6409,
            -34.579103
          ],
          [
            -58.6409,
            -34.579017
          ],
          [
            -58.641822,
            -34.577751
          ],
          [
            -58.642037,
            -34.577644
          ],
          [
            -58.642209,
            -34.577644
          ],
          [
            -58.642552,
            -34.577837
          ],
          [
            -58.643196,
            -34.577343
          ],
          [
            -58.64459,
            -34.576228
          ],
          [
            -58.645427,
            -34.575562
          ],
          [
            -58.645749,
            -34.575305
          ],
          [
            -58.6462,
            -34.574962
          ],
          [
            -58.64635,
            -34.574833
          ],
          [
            -58.647187,
            -34.574168
          ],
          [
            -58.64738,
            -34.573996
          ],
          [
            -58.648024,
            -34.573503
          ],
          [
            -58.648517,
            -34.573116
          ],
          [
            -58.64886,
            -34.572837
          ],
          [
            -58.649504,
            -34.572322
          ],
          [
            -58.649783,
            -34.572108
          ],
          [
            -58.650513,
            -34.571593
          ],
          [
            -58.65077,
            -34.571314
          ],
          [
            -58.651071,
            -34.571078
          ],
          [
            -58.65165,
            -34.57052
          ],
          [
            -58.652101,
            -34.570026
          ],
          [
            -58.652404,
            -34.569676
          ],
          [
            -58.652658,
            -34.569383
          ],
          [
            -58.653125,
            -34.568823
          ],
          [
            -58.654163,
            -34.567577
          ],
          [
            -58.654268,
            -34.567451
          ],
          [
            -58.654869,
            -34.566743
          ],
          [
            -58.655319,
            -34.566314
          ],
          [
            -58.655469,
            -34.566143
          ],
          [
            -58.655601,
            -34.566033
          ],
          [
            -58.65622,
            -34.56552
          ],
          [
            -58.656502,
            -34.565316
          ],
          [
            -58.657165,
            -34.564834
          ],
          [
            -58.658022,
            -34.56422
          ],
          [
            -58.658903,
            -34.563589
          ],
          [
            -58.660346,
            -34.562544
          ],
          [
            -58.661628,
            -34.561615
          ],
          [
            -58.662106,
            -34.561265
          ],
          [
            -58.663878,
            -34.559967
          ],
          [
            -58.664353,
            -34.559619
          ],
          [
            -58.665984,
            -34.558439
          ],
          [
            -58.666177,
            -34.558289
          ],
          [
            -58.668902,
            -34.556293
          ],
          [
            -58.669995,
            -34.555502
          ],
          [
            -58.671627,
            -34.554319
          ],
          [
            -58.672056,
            -34.553998
          ],
          [
            -58.672185,
            -34.553976
          ],
          [
            -58.672915,
            -34.55462
          ],
          [
            -58.673065,
            -34.55477
          ],
          [
            -58.673601,
            -34.555264
          ],
          [
            -58.673837,
            -34.555478
          ],
          [
            -58.674245,
            -34.555864
          ],
          [
            -58.674631,
            -34.556229
          ],
          [
            -58.674889,
            -34.556444
          ],
          [
            -58.675468,
            -34.557023
          ],
          [
            -58.676133,
            -34.557645
          ],
          [
            -58.676519,
            -34.55801
          ],
          [
            -58.676777,
            -34.558246
          ],
          [
            -58.677163,
            -34.558611
          ],
          [
            -58.677399,
            -34.558847
          ],
          [
            -58.678043,
            -34.559448
          ],
          [
            -58.678665,
            -34.560027
          ],
          [
            -58.679287,
            -34.560628
          ],
          [
            -58.679395,
            -34.560735
          ],
          [
            -58.680081,
            -34.561357
          ],
          [
            -58.680747,
            -34.56198
          ],
          [
            -58.682098,
            -34.563224
          ],
          [
            -58.682742,
            -34.562752
          ],
          [
            -58.6836,
            -34.562109
          ],
          [
            -58.684351,
            -34.561572
          ],
          [
            -58.684995,
            -34.562173
          ],
          [
            -58.685639,
            -34.562795
          ],
          [
            -58.686368,
            -34.56228
          ],
          [
            -58.686454,
            -34.562216
          ],
          [
            -58.687935,
            -34.561121
          ],
          [
            -58.689415,
            -34.560049
          ],
          [
            -58.690445,
            -34.559298
          ],
          [
            -58.690982,
            -34.558911
          ],
          [
            -58.691432,
            -34.558568
          ],
          [
            -58.691626,
            -34.558439
          ],
          [
            -58.692441,
            -34.557838
          ],
          [
            -58.6936,
            -34.55698
          ],
          [
            -58.694737,
            -34.556143
          ],
          [
            -58.69581,
            -34.555349
          ],
          [
            -58.696711,
            -34.554706
          ],
          [
            -58.696024,
            -34.553976
          ],
          [
            -58.696969,
            -34.553289
          ],
          [
            -58.698213,
            -34.552367
          ],
          [
            -58.698471,
            -34.552152
          ],
          [
            -58.698986,
            -34.551787
          ],
          [
            -58.6992,
            -34.551637
          ],
          [
            -58.699565,
            -34.551358
          ],
          [
            -58.699951,
            -34.551058
          ],
          [
            -58.700895,
            -34.550371
          ],
          [
            -58.701839,
            -34.549685
          ],
          [
            -58.702762,
            -34.549019
          ],
          [
            -58.70362,
            -34.548376
          ],
          [
            -58.704436,
            -34.547775
          ],
          [
            -58.705208,
            -34.547238
          ],
          [
            -58.705595,
            -34.546938
          ],
          [
            -58.706517,
            -34.546273
          ],
          [
            -58.707633,
            -34.545436
          ],
          [
            -58.708749,
            -34.544621
          ],
          [
            -58.709886,
            -34.543784
          ],
          [
            -58.711023,
            -34.542947
          ],
          [
            -58.713491,
            -34.541166
          ],
          [
            -58.714907,
            -34.540136
          ],
          [
            -58.714135,
            -34.539406
          ],
          [
            -58.713405,
            -34.53872
          ],
          [
            -58.711989,
            -34.539771
          ],
          [
            -58.710551,
            -34.540823
          ],
          [
            -58.711281,
            -34.541509
          ],
          [
            -58.712053,
            -34.542217
          ],
          [
            -58.712869,
            -34.54299
          ],
          [
            -58.713512,
            -34.543591
          ],
          [
            -58.714328,
            -34.544384
          ],
          [
            -58.715336,
            -34.545329
          ],
          [
            -58.716345,
            -34.546251
          ],
          [
            -58.717353,
            -34.547174
          ],
          [
            -58.71834,
            -34.548097
          ],
          [
            -58.719349,
            -34.549041
          ],
          [
            -58.720164,
            -34.549813
          ],
          [
            -58.720937,
            -34.550543
          ],
          [
            -58.72143,
            -34.551015
          ],
          [
            -58.721645,
            -34.551358
          ],
          [
            -58.723168,
            -34.550242
          ],
          [
            -58.724563,
            -34.549212
          ],
          [
            -58.725636,
            -34.54844
          ],
          [
            -58.726666,
            -34.547689
          ],
          [
            -58.727267,
            -34.54726
          ],
          [
            -58.728189,
            -34.546595
          ],
          [
            -58.729177,
            -34.545887
          ],
          [
            -58.730121,
            -34.545221
          ],
          [
            -58.730936,
            -34.544621
          ],
          [
            -58.731859,
            -34.543955
          ],
          [
            -58.732824,
            -34.543247
          ],
          [
            -58.73349,
            -34.542754
          ],
          [
            -58.733811,
            -34.542539
          ],
          [
            -58.734863,
            -34.541767
          ],
          [
            -58.7357,
            -34.541144
          ],
          [
            -58.736558,
            -34.540522
          ],
          [
            -58.736944,
            -34.540243
          ],
          [
            -58.737373,
            -34.539921
          ],
          [
            -58.738167,
            -34.539342
          ],
          [
            -58.738339,
            -34.539213
          ],
          [
            -58.738854,
            -34.538848
          ],
          [
            -58.739197,
            -34.538591
          ],
          [
            -58.740892,
            -34.537346
          ],
          [
            -58.74145,
            -34.536939
          ],
          [
            -58.741922,
            -34.536595
          ],
          [
            -58.742073,
            -34.536488
          ],
          [
            -58.742909,
            -34.535887
          ],
          [
            -58.743896,
            -34.535158
          ],
          [
            -58.744926,
            -34.534428
          ],
          [
            -58.745871,
            -34.533741
          ],
          [
            -58.745999,
            -34.533656
          ],
          [
            -58.7466,
            -34.533226
          ],
          [
            -58.747287,
            -34.532733
          ],
          [
            -58.747802,
            -34.532325
          ],
          [
            -58.747931,
            -34.532218
          ],
          [
            -58.748724,
            -34.53166
          ],
          [
            -58.749089,
            -34.531381
          ],
          [
            -58.749669,
            -34.530931
          ],
          [
            -58.750003,
            -34.530486
          ],
          [
            -58.751055,
            -34.529208
          ],
          [
            -58.751415,
            -34.528718
          ],
          [
            -58.752054,
            -34.527877
          ],
          [
            -58.752806,
            -34.526943
          ],
          [
            -58.753561,
            -34.525974
          ],
          [
            -58.752448,
            -34.525352
          ],
          [
            -58.751281,
            -34.524723
          ],
          [
            -58.750417,
            -34.524224
          ],
          [
            -58.749329,
            -34.523632
          ],
          [
            -58.750015,
            -34.522743
          ],
          [
            -58.750764,
            -34.52178
          ],
          [
            -58.751771,
            -34.522347
          ],
          [
            -58.753853,
            -34.523463
          ],
          [
            -58.75503,
            -34.524079
          ],
          [
            -58.755802,
            -34.523115
          ],
          [
            -58.756514,
            -34.522154
          ],
          [
            -58.757222,
            -34.521232
          ],
          [
            -58.757286,
            -34.521167
          ],
          [
            -58.757415,
            -34.521253
          ],
          [
            -58.758466,
            -34.521704
          ],
          [
            -58.759732,
            -34.52224
          ],
          [
            -58.76044,
            -34.522562
          ],
          [
            -58.760912,
            -34.522712
          ],
          [
            -58.761234,
            -34.522841
          ],
          [
            -58.761728,
            -34.523034
          ],
          [
            -58.762007,
            -34.523206
          ],
          [
            -58.762468,
            -34.523485
          ]
        ]
      }
    },
    {
      "type": "Feature",
      "properties": {
        "Linea": "053",
        "Recorrido": "C",
        "Sentido": "VUELTA",
        "Razon_soci": "LINEA 213 SA DE TRANSPORTE",
        "Jurisdicci": "NACIONAL",
        "assigned_zone_name": "Hurlingham Centro",
        "source_name": "Datos Transporte - Recorridos de servicios de colectivos AMBA",
        "source_url": "https://datos.transporte.gob.ar/dataset/recorridos-de-servicios-de-colectivos-amba",
        "license": "Creative Commons Attribution 4.0",
        "generated_at": "2026-06-13T02:11:01.209890+00:00",
        "data_confidence": "medium"
      },
      "geometry": {
        "type": "LineString",
        "coordinates": [
          [
            -58.762468,
            -34.523485
          ],
          [
            -58.762007,
            -34.523206
          ],
          [
            -58.761728,
            -34.523034
          ],
          [
            -58.761234,
            -34.522841
          ],
          [
            -58.760912,
            -34.522712
          ],
          [
            -58.76044,
            -34.522562
          ],
          [
            -58.759732,
            -34.52224
          ],
          [
            -58.758466,
            -34.521704
          ],
          [
            -58.757415,
            -34.521253
          ],
          [
            -58.757222,
            -34.521232
          ],
          [
            -58.756084,
            -34.52076
          ],
          [
            -58.75587,
            -34.520717
          ],
          [
            -58.754818,
            -34.520288
          ],
          [
            -58.754153,
            -34.520009
          ],
          [
            -58.753831,
            -34.51988
          ],
          [
            -58.751364,
            -34.520545
          ],
          [
            -58.749883,
            -34.520953
          ],
          [
            -58.749669,
            -34.521232
          ],
          [
            -58.749796,
            -34.521278
          ],
          [
            -58.750764,
            -34.52178
          ],
          [
            -58.751771,
            -34.522347
          ],
          [
            -58.752737,
            -34.522862
          ],
          [
            -58.753853,
            -34.523463
          ],
          [
            -58.75503,
            -34.524079
          ],
          [
            -58.754251,
            -34.525096
          ],
          [
            -58.753561,
            -34.525974
          ],
          [
            -58.752806,
            -34.526943
          ],
          [
            -58.752054,
            -34.527877
          ],
          [
            -58.751415,
            -34.528718
          ],
          [
            -58.751055,
            -34.529208
          ],
          [
            -58.750003,
            -34.530486
          ],
          [
            -58.749669,
            -34.530931
          ],
          [
            -58.749089,
            -34.531381
          ],
          [
            -58.748724,
            -34.53166
          ],
          [
            -58.748338,
            -34.531939
          ],
          [
            -58.747931,
            -34.532218
          ],
          [
            -58.747802,
            -34.532325
          ],
          [
            -58.747287,
            -34.532733
          ],
          [
            -58.7466,
            -34.533226
          ],
          [
            -58.745999,
            -34.533656
          ],
          [
            -58.745871,
            -34.533741
          ],
          [
            -58.744926,
            -34.534428
          ],
          [
            -58.743896,
            -34.535158
          ],
          [
            -58.742909,
            -34.535887
          ],
          [
            -58.742073,
            -34.536488
          ],
          [
            -58.741922,
            -34.536595
          ],
          [
            -58.74145,
            -34.536939
          ],
          [
            -58.740892,
            -34.537346
          ],
          [
            -58.739197,
            -34.538591
          ],
          [
            -58.738339,
            -34.539213
          ],
          [
            -58.738167,
            -34.539342
          ],
          [
            -58.737373,
            -34.539921
          ],
          [
            -58.736944,
            -34.540243
          ],
          [
            -58.736558,
            -34.540522
          ],
          [
            -58.7357,
            -34.541144
          ],
          [
            -58.734863,
            -34.541767
          ],
          [
            -58.733811,
            -34.542539
          ],
          [
            -58.73349,
            -34.542754
          ],
          [
            -58.732824,
            -34.543247
          ],
          [
            -58.731859,
            -34.543955
          ],
          [
            -58.730936,
            -34.544621
          ],
          [
            -58.730121,
            -34.545221
          ],
          [
            -58.729177,
            -34.545887
          ],
          [
            -58.728189,
            -34.546595
          ],
          [
            -58.727267,
            -34.54726
          ],
          [
            -58.726666,
            -34.547689
          ],
          [
            -58.725636,
            -34.54844
          ],
          [
            -58.724563,
            -34.549212
          ],
          [
            -58.723168,
            -34.550242
          ],
          [
            -58.721645,
            -34.551358
          ],
          [
            -58.72143,
            -34.551015
          ],
          [
            -58.720937,
            -34.550543
          ],
          [
            -58.720164,
            -34.549813
          ],
          [
            -58.719349,
            -34.549041
          ],
          [
            -58.71834,
            -34.548097
          ],
          [
            -58.717353,
            -34.547174
          ],
          [
            -58.716345,
            -34.546251
          ],
          [
            -58.715336,
            -34.545329
          ],
          [
            -58.714328,
            -34.544384
          ],
          [
            -58.713512,
            -34.543591
          ],
          [
            -58.712869,
            -34.54299
          ],
          [
            -58.711882,
            -34.543741
          ],
          [
            -58.710744,
            -34.544556
          ],
          [
            -58.709586,
            -34.545414
          ],
          [
            -58.70847,
            -34.546208
          ],
          [
            -58.707333,
            -34.547045
          ],
          [
            -58.70641,
            -34.54771
          ],
          [
            -58.705208,
            -34.54859
          ],
          [
            -58.704436,
            -34.547775
          ],
          [
            -58.70362,
            -34.548376
          ],
          [
            -58.702762,
            -34.549019
          ],
          [
            -58.701839,
            -34.549685
          ],
          [
            -58.700895,
            -34.550371
          ],
          [
            -58.699951,
            -34.551058
          ],
          [
            -58.699565,
            -34.551358
          ],
          [
            -58.6992,
            -34.551637
          ],
          [
            -58.698986,
            -34.551787
          ],
          [
            -58.698471,
            -34.552152
          ],
          [
            -58.698213,
            -34.552367
          ],
          [
            -58.696969,
            -34.553289
          ],
          [
            -58.697698,
            -34.553998
          ],
          [
            -58.696711,
            -34.554706
          ],
          [
            -58.69581,
            -34.555349
          ],
          [
            -58.694737,
            -34.556143
          ],
          [
            -58.6936,
            -34.55698
          ],
          [
            -58.692441,
            -34.557838
          ],
          [
            -58.691626,
            -34.558439
          ],
          [
            -58.691432,
            -34.558568
          ],
          [
            -58.690982,
            -34.558911
          ],
          [
            -58.690445,
            -34.559298
          ],
          [
            -58.689415,
            -34.560049
          ],
          [
            -58.687935,
            -34.561121
          ],
          [
            -58.686454,
            -34.562216
          ],
          [
            -58.686368,
            -34.56228
          ],
          [
            -58.685639,
            -34.562795
          ],
          [
            -58.684909,
            -34.563332
          ],
          [
            -58.683901,
            -34.563847
          ],
          [
            -58.68315,
            -34.564211
          ],
          [
            -58.682098,
            -34.563224
          ],
          [
            -58.680747,
            -34.56198
          ],
          [
            -58.680081,
            -34.561357
          ],
          [
            -58.679395,
            -34.560735
          ],
          [
            -58.679287,
            -34.560628
          ],
          [
            -58.678665,
            -34.560027
          ],
          [
            -58.678043,
            -34.559448
          ],
          [
            -58.677399,
            -34.558847
          ],
          [
            -58.677163,
            -34.558611
          ],
          [
            -58.676777,
            -34.558246
          ],
          [
            -58.676519,
            -34.55801
          ],
          [
            -58.676133,
            -34.557645
          ],
          [
            -58.675468,
            -34.557023
          ],
          [
            -58.674889,
            -34.556444
          ],
          [
            -58.674631,
            -34.556229
          ],
          [
            -58.674245,
            -34.555864
          ],
          [
            -58.673837,
            -34.555478
          ],
          [
            -58.673601,
            -34.555264
          ],
          [
            -58.673065,
            -34.55477
          ],
          [
            -58.672915,
            -34.55462
          ],
          [
            -58.672185,
            -34.553976
          ],
          [
            -58.672142,
            -34.55404
          ],
          [
            -58.670726,
            -34.555113
          ],
          [
            -58.670085,
            -34.555587
          ],
          [
            -58.669331,
            -34.556143
          ],
          [
            -58.667872,
            -34.557195
          ],
          [
            -58.666327,
            -34.558332
          ],
          [
            -58.665254,
            -34.559104
          ],
          [
            -58.663945,
            -34.560049
          ],
          [
            -58.662636,
            -34.561014
          ],
          [
            -58.661263,
            -34.562001
          ],
          [
            -58.65989,
            -34.562967
          ],
          [
            -58.658559,
            -34.563932
          ],
          [
            -58.657186,
            -34.564898
          ],
          [
            -58.656714,
            -34.565284
          ],
          [
            -58.655984,
            -34.565842
          ],
          [
            -58.655598,
            -34.566207
          ],
          [
            -58.655427,
            -34.5664
          ],
          [
            -58.655062,
            -34.566743
          ],
          [
            -58.654439,
            -34.56743
          ],
          [
            -58.653431,
            -34.56861
          ],
          [
            -58.652937,
            -34.56919
          ],
          [
            -58.652616,
            -34.569597
          ],
          [
            -58.652442,
            -34.56981
          ],
          [
            -58.652036,
            -34.570305
          ],
          [
            -58.650835,
            -34.571378
          ],
          [
            -58.650513,
            -34.571593
          ],
          [
            -58.649783,
            -34.572108
          ],
          [
            -58.649504,
            -34.572322
          ],
          [
            -58.64886,
            -34.572837
          ],
          [
            -58.648517,
            -34.573116
          ],
          [
            -58.648024,
            -34.573503
          ],
          [
            -58.64738,
            -34.573996
          ],
          [
            -58.647187,
            -34.574168
          ],
          [
            -58.64635,
            -34.574833
          ],
          [
            -58.6462,
            -34.574962
          ],
          [
            -58.645749,
            -34.575305
          ],
          [
            -58.645427,
            -34.575562
          ],
          [
            -58.64459,
            -34.576228
          ],
          [
            -58.643196,
            -34.577343
          ],
          [
            -58.642552,
            -34.577837
          ],
          [
            -58.64238,
            -34.577987
          ],
          [
            -58.641629,
            -34.578567
          ],
          [
            -58.6409,
            -34.579103
          ],
          [
            -58.639483,
            -34.580326
          ],
          [
            -58.638282,
            -34.581249
          ],
          [
            -58.637102,
            -34.582171
          ],
          [
            -58.636115,
            -34.582944
          ],
          [
            -58.6356,
            -34.583287
          ],
          [
            -58.633904,
            -34.584639
          ],
          [
            -58.631587,
            -34.586463
          ],
          [
            -58.630557,
            -34.587278
          ],
          [
            -58.630342,
            -34.58745
          ],
          [
            -58.630042,
            -34.587729
          ],
          [
            -58.629162,
            -34.588351
          ],
          [
            -58.628948,
            -34.588523
          ],
          [
            -58.628304,
            -34.589038
          ],
          [
            -58.628132,
            -34.589167
          ],
          [
            -58.627553,
            -34.589596
          ],
          [
            -58.627081,
            -34.590003
          ],
          [
            -58.626738,
            -34.590282
          ],
          [
            -58.626008,
            -34.59084
          ],
          [
            -58.625472,
            -34.591269
          ],
          [
            -58.624892,
            -34.59172
          ],
          [
            -58.624012,
            -34.592428
          ],
          [
            -58.623712,
            -34.592643
          ],
          [
            -58.623111,
            -34.593115
          ],
          [
            -58.622575,
            -34.593544
          ],
          [
            -58.621352,
            -34.594488
          ],
          [
            -58.620214,
            -34.595368
          ],
          [
            -58.619592,
            -34.595947
          ],
          [
            -58.619421,
            -34.596097
          ],
          [
            -58.61867,
            -34.59672
          ],
          [
            -58.617961,
            -34.597321
          ],
          [
            -58.617146,
            -34.598029
          ],
          [
            -58.616695,
            -34.598436
          ],
          [
            -58.61588,
            -34.599144
          ],
          [
            -58.615322,
            -34.599595
          ],
          [
            -58.614743,
            -34.599981
          ],
          [
            -58.612997,
            -34.600896
          ],
          [
            -58.61028,
            -34.60232
          ],
          [
            -58.60925,
            -34.602857
          ],
          [
            -58.609103,
            -34.602923
          ],
          [
            -58.608348,
            -34.603264
          ],
          [
            -58.607726,
            -34.6035
          ],
          [
            -58.605602,
            -34.604187
          ],
          [
            -58.604882,
            -34.604335
          ],
          [
            -58.604143,
            -34.60438
          ],
          [
            -58.60219,
            -34.604402
          ],
          [
            -58.599465,
            -34.604402
          ],
          [
            -58.599162,
            -34.604333
          ],
          [
            -58.598977,
            -34.604215
          ],
          [
            -58.598707,
            -34.604198
          ],
          [
            -58.598528,
            -34.604298
          ],
          [
            -58.598205,
            -34.604698
          ],
          [
            -58.597952,
            -34.605042
          ],
          [
            -58.597656,
            -34.605342
          ],
          [
            -58.596997,
            -34.605517
          ],
          [
            -58.59579,
            -34.605505
          ],
          [
            -58.595667,
            -34.605604
          ],
          [
            -58.595692,
            -34.606539
          ],
          [
            -58.595709,
            -34.607622
          ],
          [
            -58.594421,
            -34.607622
          ],
          [
            -58.593371,
            -34.60762
          ],
          [
            -58.593113,
            -34.607813
          ],
          [
            -58.592877,
            -34.608006
          ],
          [
            -58.592319,
            -34.608736
          ],
          [
            -58.592062,
            -34.609015
          ],
          [
            -58.591504,
            -34.609809
          ],
          [
            -58.591354,
            -34.610002
          ],
          [
            -58.590667,
            -34.610925
          ],
          [
            -58.590388,
            -34.611311
          ],
          [
            -58.590131,
            -34.611633
          ],
          [
            -58.589272,
            -34.612684
          ],
          [
            -58.588307,
            -34.612234
          ],
          [
            -58.58732,
            -34.611804
          ],
          [
            -58.586247,
            -34.61144
          ],
          [
            -58.585153,
            -34.611161
          ],
          [
            -58.58408,
            -34.611182
          ],
          [
            -58.582277,
            -34.611268
          ],
          [
            -58.58041,
            -34.611354
          ],
          [
            -58.578651,
            -34.61144
          ],
          [
            -58.578587,
            -34.610367
          ],
          [
            -58.578522,
            -34.609358
          ],
          [
            -58.578479,
            -34.608328
          ],
          [
            -58.576591,
            -34.608414
          ],
          [
            -58.57481,
            -34.608479
          ],
          [
            -58.573029,
            -34.608564
          ],
          [
            -58.572965,
            -34.607513
          ],
          [
            -58.5729,
            -34.606504
          ],
          [
            -58.571119,
            -34.606569
          ],
          [
            -58.569317,
            -34.606655
          ],
          [
            -58.569252,
            -34.605582
          ],
          [
            -58.56833,
            -34.605625
          ],
          [
            -58.567514,
            -34.605668
          ],
          [
            -58.566592,
            -34.605711
          ],
          [
            -58.565712,
            -34.605753
          ],
          [
            -58.564811,
            -34.605796
          ],
          [
            -58.563867,
            -34.605818
          ],
          [
            -58.562043,
            -34.605904
          ],
          [
            -58.562129,
            -34.606977
          ],
          [
            -58.562173,
            -34.608007
          ],
          [
            -58.563079,
            -34.607982
          ],
          [
            -58.563158,
            -34.608983
          ],
          [
            -58.563219,
            -34.610019
          ],
          [
            -58.562283,
            -34.610054
          ],
          [
            -58.560692,
            -34.610135
          ],
          [
            -58.559103,
            -34.610217
          ],
          [
            -58.557494,
            -34.610281
          ],
          [
            -58.556955,
            -34.610671
          ],
          [
            -58.555906,
            -34.611332
          ],
          [
            -58.55479,
            -34.612041
          ],
          [
            -58.554146,
            -34.61247
          ],
          [
            -58.553739,
            -34.612727
          ],
          [
            -58.552666,
            -34.613435
          ],
          [
            -58.551657,
            -34.6141
          ],
          [
            -58.551142,
            -34.614444
          ],
          [
            -58.550928,
            -34.614573
          ],
          [
            -58.550606,
            -34.614787
          ],
          [
            -58.550198,
            -34.615045
          ],
          [
            -58.549469,
            -34.615517
          ],
          [
            -58.548717,
            -34.616032
          ],
          [
            -58.547966,
            -34.616504
          ],
          [
            -58.547323,
            -34.616933
          ],
          [
            -58.546765,
            -34.617298
          ],
          [
            -58.546593,
            -34.617426
          ],
          [
            -58.544877,
            -34.618499
          ],
          [
            -58.543611,
            -34.618027
          ],
          [
            -58.542838,
            -34.617748
          ],
          [
            -58.54228,
            -34.617534
          ],
          [
            -58.541358,
            -34.617169
          ],
          [
            -58.540156,
            -34.61674
          ],
          [
            -58.538954,
            -34.616268
          ],
          [
            -58.537667,
            -34.615796
          ],
          [
            -58.536658,
            -34.615409
          ],
          [
            -58.536036,
            -34.615195
          ],
          [
            -58.534491,
            -34.614615
          ],
          [
            -58.533418,
            -34.614186
          ],
          [
            -58.532774,
            -34.614637
          ],
          [
            -58.531852,
            -34.6141
          ],
          [
            -58.530972,
            -34.613543
          ],
          [
            -58.530436,
            -34.613178
          ],
          [
            -58.53035,
            -34.61307
          ],
          [
            -58.530414,
            -34.613221
          ],
          [
            -58.53065,
            -34.613736
          ],
          [
            -58.531101,
            -34.614701
          ],
          [
            -58.530242,
            -34.615023
          ],
          [
            -58.530092,
            -34.614809
          ],
          [
            -58.529878,
            -34.614336
          ],
          [
            -58.529685,
            -34.613907
          ],
          [
            -58.529127,
            -34.612663
          ],
          [
            -58.528891,
            -34.612191
          ],
          [
            -58.528204,
            -34.611783
          ],
          [
            -58.527796,
            -34.612083
          ],
          [
            -58.527367,
            -34.612405
          ],
          [
            -58.527002,
            -34.612684
          ],
          [
            -58.526552,
            -34.612985
          ],
          [
            -58.525758,
            -34.613564
          ],
          [
            -58.525136,
            -34.613972
          ],
          [
            -58.52432,
            -34.614594
          ],
          [
            -58.523161,
            -34.615474
          ],
          [
            -58.522003,
            -34.616396
          ],
          [
            -58.521037,
            -34.617105
          ],
          [
            -58.520179,
            -34.61777
          ],
          [
            -58.519385,
            -34.618392
          ],
          [
            -58.518913,
            -34.618714
          ],
          [
            -58.518591,
            -34.619014
          ],
          [
            -58.518269,
            -34.61925
          ],
          [
            -58.517776,
            -34.619594
          ],
          [
            -58.517003,
            -34.620194
          ],
          [
            -58.51593,
            -34.620967
          ],
          [
            -58.51548,
            -34.62131
          ],
          [
            -58.514814,
            -34.621825
          ],
          [
            -58.514278,
            -34.622233
          ],
          [
            -58.513827,
            -34.622576
          ],
          [
            -58.513291,
            -34.623005
          ],
          [
            -58.512754,
            -34.623413
          ],
          [
            -58.512132,
            -34.622877
          ],
          [
            -58.51151,
            -34.622319
          ],
          [
            -58.511016,
            -34.62189
          ],
          [
            -58.510115,
            -34.621117
          ],
          [
            -58.508828,
            -34.61998
          ],
          [
            -58.507905,
            -34.619486
          ],
          [
            -58.506939,
            -34.618928
          ],
          [
            -58.505695,
            -34.618306
          ],
          [
            -58.505137,
            -34.618006
          ],
          [
            -58.504429,
            -34.617662
          ],
          [
            -58.503807,
            -34.617341
          ],
          [
            -58.503313,
            -34.617083
          ],
          [
            -58.502648,
            -34.61674
          ],
          [
            -58.501961,
            -34.616354
          ],
          [
            -58.500953,
            -34.615796
          ],
          [
            -58.499901,
            -34.615152
          ],
          [
            -58.49885,
            -34.614573
          ],
          [
            -58.497777,
            -34.61395
          ],
          [
            -58.496554,
            -34.613242
          ],
          [
            -58.495567,
            -34.614358
          ],
          [
            -58.494794,
            -34.615002
          ],
          [
            -58.493721,
            -34.61586
          ],
          [
            -58.492649,
            -34.616718
          ],
          [
            -58.491554,
            -34.617577
          ],
          [
            -58.490481,
            -34.618435
          ],
          [
            -58.48943,
            -34.619293
          ],
          [
            -58.488336,
            -34.62013
          ],
          [
            -58.487284,
            -34.621031
          ],
          [
            -58.486211,
            -34.62189
          ],
          [
            -58.48516,
            -34.622748
          ],
          [
            -58.484066,
            -34.623606
          ],
          [
            -58.483422,
            -34.624121
          ],
          [
            -58.482649,
            -34.623499
          ],
          [
            -58.481877,
            -34.62292
          ],
          [
            -58.480847,
            -34.622083
          ],
          [
            -58.479452,
            -34.620667
          ],
          [
            -58.479173,
            -34.620345
          ],
          [
            -58.479002,
            -34.620173
          ],
          [
            -58.478336,
            -34.61983
          ],
          [
            -58.47707,
            -34.619164
          ],
          [
            -58.476899,
            -34.619014
          ],
          [
            -58.475869,
            -34.618456
          ],
          [
            -58.475053,
            -34.619465
          ],
          [
            -58.474216,
            -34.620516
          ],
          [
            -58.473916,
            -34.621181
          ],
          [
            -58.473465,
            -34.622169
          ],
          [
            -58.473015,
            -34.623177
          ],
          [
            -58.472564,
            -34.624164
          ],
          [
            -58.472114,
            -34.625151
          ],
          [
            -58.471577,
            -34.626353
          ],
          [
            -58.471127,
            -34.627404
          ],
          [
            -58.470676,
            -34.628413
          ],
          [
            -58.47044,
            -34.628906
          ],
          [
            -58.470225,
            -34.629421
          ],
          [
            -58.471792,
            -34.629829
          ],
          [
            -58.471191,
            -34.631116
          ],
          [
            -58.469636,
            -34.630686
          ],
          [
            -58.469542,
            -34.630659
          ],
          [
            -58.468315,
            -34.630339
          ],
          [
            -58.467008,
            -34.630006
          ],
          [
            -58.466907,
            -34.630046
          ],
          [
            -58.466858,
            -34.630062
          ],
          [
            -58.465465,
            -34.629732
          ],
          [
            -58.464947,
            -34.629576
          ],
          [
            -58.464785,
            -34.629501
          ],
          [
            -58.464074,
            -34.629296
          ],
          [
            -58.463536,
            -34.629087
          ],
          [
            -58.463252,
            -34.628971
          ],
          [
            -58.462715,
            -34.628842
          ],
          [
            -58.461213,
            -34.628391
          ],
          [
            -58.459883,
            -34.627941
          ],
          [
            -58.458853,
            -34.627533
          ],
          [
            -58.457844,
            -34.627125
          ],
          [
            -58.456707,
            -34.626653
          ],
          [
            -58.455377,
            -34.626138
          ],
          [
            -58.454046,
            -34.625645
          ],
          [
            -58.452973,
            -34.625237
          ],
          [
            -58.452029,
            -34.624872
          ],
          [
            -58.450677,
            -34.624314
          ],
          [
            -58.449883,
            -34.624014
          ],
          [
            -58.449411,
            -34.623799
          ],
          [
            -58.448725,
            -34.623542
          ],
          [
            -58.44821,
            -34.623349
          ],
          [
            -58.447266,
            -34.622984
          ],
          [
            -58.447008,
            -34.622877
          ],
          [
            -58.445807,
            -34.622426
          ],
          [
            -58.445163,
            -34.622147
          ],
          [
            -58.444324,
            -34.621858
          ],
          [
            -58.442275,
            -34.621109
          ],
          [
            -58.441052,
            -34.620807
          ],
          [
            -58.440921,
            -34.621921
          ],
          [
            -58.440934,
            -34.622205
          ],
          [
            -58.440858,
            -34.622917
          ],
          [
            -58.440742,
            -34.623821
          ],
          [
            -58.440635,
            -34.624979
          ],
          [
            -58.440549,
            -34.625688
          ],
          [
            -58.440433,
            -34.626432
          ],
          [
            -58.439133,
            -34.626285
          ],
          [
            -58.438187,
            -34.626172
          ],
          [
            -58.437685,
            -34.62611
          ],
          [
            -58.436172,
            -34.625967
          ],
          [
            -58.435271,
            -34.625902
          ],
          [
            -58.434327,
            -34.625859
          ],
          [
            -58.432825,
            -34.625709
          ],
          [
            -58.431408,
            -34.625559
          ],
          [
            -58.431215,
            -34.626331
          ],
          [
            -58.430958,
            -34.627576
          ],
          [
            -58.429627,
            -34.627404
          ],
          [
            -58.428168,
            -34.627168
          ],
          [
            -58.426752,
            -34.626997
          ],
          [
            -58.425572,
            -34.626803
          ],
          [
            -58.424134,
            -34.626589
          ],
          [
            -58.422847,
            -34.626439
          ],
          [
            -58.421516,
            -34.626203
          ],
          [
            -58.42025,
            -34.626009
          ],
          [
            -58.418834,
            -34.625816
          ],
          [
            -58.417697,
            -34.625645
          ],
          [
            -58.416109,
            -34.625409
          ],
          [
            -58.414693,
            -34.625258
          ],
          [
            -58.413577,
            -34.625108
          ],
          [
            -58.412097,
            -34.624958
          ],
          [
            -58.410401,
            -34.624786
          ],
          [
            -58.409736,
            -34.624679
          ],
          [
            -58.408878,
            -34.624615
          ],
          [
            -58.407075,
            -34.624379
          ],
          [
            -58.405809,
            -34.624207
          ],
          [
            -58.404007,
            -34.623992
          ],
          [
            -58.403471,
            -34.623928
          ],
          [
            -58.402162,
            -34.623756
          ],
          [
            -58.401282,
            -34.623671
          ],
          [
            -58.40096,
            -34.623606
          ],
          [
            -58.400424,
            -34.623542
          ],
          [
            -58.399286,
            -34.623392
          ],
          [
            -58.397827,
            -34.62322
          ],
          [
            -58.396368,
            -34.623048
          ],
          [
            -58.39536,
            -34.622962
          ],
          [
            -58.394952,
            -34.62292
          ],
          [
            -58.393772,
            -34.622855
          ],
          [
            -58.392935,
            -34.622812
          ],
          [
            -58.391497,
            -34.622726
          ],
          [
            -58.389888,
            -34.622619
          ],
          [
            -58.389502,
            -34.622598
          ],
          [
            -58.388643,
            -34.622512
          ],
          [
            -58.387163,
            -34.622447
          ],
          [
            -58.385811,
            -34.622362
          ],
          [
            -58.384373,
            -34.622276
          ],
          [
            -58.382957,
            -34.622211
          ],
          [
            -58.381433,
            -34.62219
          ],
          [
            -58.381412,
            -34.622769
          ],
          [
            -58.381391,
            -34.622941
          ],
          [
            -58.381394,
            -34.623004
          ],
          [
            -58.381433,
            -34.623778
          ],
          [
            -58.381452,
            -34.624102
          ],
          [
            -58.381447,
            -34.624618
          ],
          [
            -58.38227,
            -34.624658
          ],
          [
            -58.382249,
            -34.625945
          ],
          [
            -58.382206,
            -34.626911
          ],
          [
            -58.382206,
            -34.627233
          ],
          [
            -58.382142,
            -34.627812
          ],
          [
            -58.381433,
            -34.62779
          ],
          [
            -58.379588,
            -34.627705
          ],
          [
            -58.378472,
            -34.627426
          ],
          [
            -58.377249,
            -34.626825
          ],
          [
            -58.376584,
            -34.627876
          ],
          [
            -58.375576,
            -34.627297
          ],
          [
            -58.374567,
            -34.626803
          ],
          [
            -58.373859,
            -34.62676
          ],
          [
            -58.372571,
            -34.626739
          ],
          [
            -58.372421,
            -34.62779
          ],
          [
            -58.372314,
            -34.628198
          ],
          [
            -58.372078,
            -34.629035
          ],
          [
            -58.371992,
            -34.629378
          ],
          [
            -58.37167,
            -34.630516
          ],
          [
            -58.37064,
            -34.629464
          ],
          [
            -58.369439,
            -34.628305
          ],
          [
            -58.368473,
            -34.627469
          ],
          [
            -58.36813,
            -34.627426
          ],
          [
            -58.367572,
            -34.627619
          ],
          [
            -58.367465,
            -34.627683
          ],
          [
            -58.366585,
            -34.628241
          ],
          [
            -58.365576,
            -34.628906
          ],
          [
            -58.364804,
            -34.629421
          ],
          [
            -58.364139,
            -34.62985
          ],
          [
            -58.363388,
            -34.630344
          ],
          [
            -58.362401,
            -34.630966
          ],
          [
            -58.360856,
            -34.632039
          ],
          [
            -58.360341,
            -34.632833
          ],
          [
            -58.35989,
            -34.63367
          ],
          [
            -58.359783,
            -34.633842
          ],
          [
            -58.359632,
            -34.63412
          ],
          [
            -58.359396,
            -34.634507
          ],
          [
            -58.358881,
            -34.635301
          ],
          [
            -58.358388,
            -34.636116
          ],
          [
            -58.357916,
            -34.636867
          ],
          [
            -58.357401,
            -34.637768
          ],
          [
            -58.357229,
            -34.637961
          ],
          [
            -58.357036,
            -34.638197
          ],
          [
            -58.357143,
            -34.638412
          ],
          [
            -58.357725,
            -34.638692
          ],
          [
            -58.358441,
            -34.638983
          ],
          [
            -58.360341,
            -34.63897
          ],
          [
            -58.36087,
            -34.639057
          ],
          [
            -58.361366,
            -34.639222
          ],
          [
            -58.361656,
            -34.639662
          ],
          [
            -58.361688,
            -34.640208
          ],
          [
            -58.361508,
            -34.640621
          ],
          [
            -58.361082,
            -34.640945
          ],
          [
            -58.360219,
            -34.641257
          ],
          [
            -58.361037,
            -34.641734
          ],
          [
            -58.361978,
            -34.642259
          ],
          [
            -58.362455,
            -34.64253
          ],
          [
            -58.363254,
            -34.642948
          ],
          [
            -58.364684,
            -34.643462
          ],
          [
            -58.365598,
            -34.64354
          ],
          [
            -58.367078,
            -34.643669
          ],
          [
            -58.368686,
            -34.643824
          ],
          [
            -58.368816,
            -34.642918
          ],
          [
            -58.367207,
            -34.642725
          ]
        ]
      }
    },
    {
      "type": "Feature",
      "properties": {
        "Linea": "053",
        "Recorrido": "E",
        "Sentido": "IDA",
        "Razon_soci": "LINEA 213 SA DE TRANSPORTE",
        "Jurisdicci": "NACIONAL",
        "assigned_zone_name": "Hurlingham Centro",
        "source_name": "Datos Transporte - Recorridos de servicios de colectivos AMBA",
        "source_url": "https://datos.transporte.gob.ar/dataset/recorridos-de-servicios-de-colectivos-amba",
        "license": "Creative Commons Attribution 4.0",
        "generated_at": "2026-06-13T02:11:01.209890+00:00",
        "data_confidence": "medium"
      },
      "geometry": {
        "type": "LineString",
        "coordinates": [
          [
            -58.382206,
            -34.626911
          ],
          [
            -58.382249,
            -34.625945
          ],
          [
            -58.38227,
            -34.624658
          ],
          [
            -58.381447,
            -34.624618
          ],
          [
            -58.38094,
            -34.624615
          ],
          [
            -58.380854,
            -34.624701
          ],
          [
            -58.380768,
            -34.624894
          ],
          [
            -58.380232,
            -34.626353
          ],
          [
            -58.379588,
            -34.627705
          ],
          [
            -58.378472,
            -34.627426
          ],
          [
            -58.378966,
            -34.626052
          ],
          [
            -58.379581,
            -34.624358
          ],
          [
            -58.379781,
            -34.623671
          ],
          [
            -58.37991,
            -34.623048
          ],
          [
            -58.379927,
            -34.622971
          ],
          [
            -58.379954,
            -34.622827
          ],
          [
            -58.379974,
            -34.622728
          ],
          [
            -58.380039,
            -34.622576
          ],
          [
            -58.38016,
            -34.622384
          ],
          [
            -58.380416,
            -34.622301
          ],
          [
            -58.380609,
            -34.622277
          ],
          [
            -58.380714,
            -34.622291
          ],
          [
            -58.38085,
            -34.622318
          ],
          [
            -58.381029,
            -34.622436
          ],
          [
            -58.381105,
            -34.622489
          ],
          [
            -58.381286,
            -34.622553
          ],
          [
            -58.381419,
            -34.622598
          ],
          [
            -58.381712,
            -34.622705
          ],
          [
            -58.381972,
            -34.622769
          ],
          [
            -58.383629,
            -34.622773
          ],
          [
            -58.384566,
            -34.622791
          ],
          [
            -58.386047,
            -34.62292
          ],
          [
            -58.386902,
            -34.622984
          ],
          [
            -58.389932,
            -34.623348
          ],
          [
            -58.391368,
            -34.62352
          ],
          [
            -58.392613,
            -34.623713
          ],
          [
            -58.393067,
            -34.623817
          ],
          [
            -58.396224,
            -34.624536
          ],
          [
            -58.396947,
            -34.624701
          ],
          [
            -58.399909,
            -34.62542
          ],
          [
            -58.399951,
            -34.62543
          ],
          [
            -58.401539,
            -34.625773
          ],
          [
            -58.403471,
            -34.626074
          ],
          [
            -58.40441,
            -34.626195
          ],
          [
            -58.407633,
            -34.62661
          ],
          [
            -58.407882,
            -34.62662
          ],
          [
            -58.410539,
            -34.626729
          ],
          [
            -58.410788,
            -34.626739
          ],
          [
            -58.412311,
            -34.626868
          ],
          [
            -58.413537,
            -34.627029
          ],
          [
            -58.415895,
            -34.62734
          ],
          [
            -58.418334,
            -34.627712
          ],
          [
            -58.421237,
            -34.628155
          ],
          [
            -58.422214,
            -34.628272
          ],
          [
            -58.425722,
            -34.628692
          ],
          [
            -58.425846,
            -34.628708
          ],
          [
            -58.43036,
            -34.629303
          ],
          [
            -58.43158,
            -34.629464
          ],
          [
            -58.433962,
            -34.629829
          ],
          [
            -58.434869,
            -34.629974
          ],
          [
            -58.4357,
            -34.630108
          ],
          [
            -58.437159,
            -34.630301
          ],
          [
            -58.437846,
            -34.630451
          ],
          [
            -58.43821,
            -34.630558
          ],
          [
            -58.438919,
            -34.630859
          ],
          [
            -58.439148,
            -34.63098
          ],
          [
            -58.439326,
            -34.631073
          ],
          [
            -58.440592,
            -34.631846
          ],
          [
            -58.441306,
            -34.632254
          ],
          [
            -58.442545,
            -34.632962
          ],
          [
            -58.444275,
            -34.634144
          ],
          [
            -58.445935,
            -34.635279
          ],
          [
            -58.446879,
            -34.635816
          ],
          [
            -58.447802,
            -34.636159
          ],
          [
            -58.448374,
            -34.636252
          ],
          [
            -58.448725,
            -34.636309
          ],
          [
            -58.451428,
            -34.636245
          ],
          [
            -58.452394,
            -34.636331
          ],
          [
            -58.452449,
            -34.636345
          ],
          [
            -58.452802,
            -34.636438
          ],
          [
            -58.453724,
            -34.63676
          ],
          [
            -58.455291,
            -34.637704
          ],
          [
            -58.455553,
            -34.637886
          ],
          [
            -58.456342,
            -34.638433
          ],
          [
            -58.457587,
            -34.639506
          ],
          [
            -58.458003,
            -34.63983
          ],
          [
            -58.458939,
            -34.640558
          ],
          [
            -58.460351,
            -34.641559
          ],
          [
            -58.460634,
            -34.641759
          ],
          [
            -58.461213,
            -34.642296
          ],
          [
            -58.461642,
            -34.642811
          ],
          [
            -58.461814,
            -34.64309
          ],
          [
            -58.462029,
            -34.643455
          ],
          [
            -58.462082,
            -34.643597
          ],
          [
            -58.462222,
            -34.64397
          ],
          [
            -58.46235,
            -34.64412
          ],
          [
            -58.462737,
            -34.645193
          ],
          [
            -58.46293,
            -34.645665
          ],
          [
            -58.463101,
            -34.645987
          ],
          [
            -58.463638,
            -34.646716
          ],
          [
            -58.465097,
            -34.648283
          ],
          [
            -58.465505,
            -34.648626
          ],
          [
            -58.465846,
            -34.648858
          ],
          [
            -58.466041,
            -34.648991
          ],
          [
            -58.466685,
            -34.649248
          ],
          [
            -58.467607,
            -34.649355
          ],
          [
            -58.468852,
            -34.649377
          ],
          [
            -58.469011,
            -34.64937
          ],
          [
            -58.470268,
            -34.649312
          ],
          [
            -58.472435,
            -34.649141
          ],
          [
            -58.473508,
            -34.649055
          ],
          [
            -58.475118,
            -34.648819
          ],
          [
            -58.475676,
            -34.648626
          ],
          [
            -58.475721,
            -34.648602
          ],
          [
            -58.47662,
            -34.648132
          ],
          [
            -58.476963,
            -34.647896
          ],
          [
            -58.478186,
            -34.647532
          ],
          [
            -58.47883,
            -34.647489
          ],
          [
            -58.479989,
            -34.647467
          ],
          [
            -58.480398,
            -34.647422
          ],
          [
            -58.480568,
            -34.647403
          ],
          [
            -58.4828,
            -34.646673
          ],
          [
            -58.484998,
            -34.645857
          ],
          [
            -58.485053,
            -34.645836
          ],
          [
            -58.485482,
            -34.645643
          ],
          [
            -58.486705,
            -34.645021
          ],
          [
            -58.48767,
            -34.644485
          ],
          [
            -58.488314,
            -34.644077
          ],
          [
            -58.488563,
            -34.64389
          ],
          [
            -58.489087,
            -34.643497
          ],
          [
            -58.491254,
            -34.641674
          ],
          [
            -58.492413,
            -34.640515
          ],
          [
            -58.493636,
            -34.639056
          ],
          [
            -58.494451,
            -34.637961
          ],
          [
            -58.494923,
            -34.637382
          ],
          [
            -58.495438,
            -34.636846
          ],
          [
            -58.495563,
            -34.636735
          ],
          [
            -58.495803,
            -34.636524
          ],
          [
            -58.496661,
            -34.636009
          ],
          [
            -58.49782,
            -34.635644
          ],
          [
            -58.498185,
            -34.63558
          ],
          [
            -58.498743,
            -34.635537
          ],
          [
            -58.499223,
            -34.635552
          ],
          [
            -58.499408,
            -34.635558
          ],
          [
            -58.50003,
            -34.635623
          ],
          [
            -58.503013,
            -34.63603
          ],
          [
            -58.5036,
            -34.636088
          ],
          [
            -58.504107,
            -34.636137
          ],
          [
            -58.504815,
            -34.636202
          ],
          [
            -58.505931,
            -34.636223
          ],
          [
            -58.506725,
            -34.636159
          ],
          [
            -58.507862,
            -34.635944
          ],
          [
            -58.509134,
            -34.635579
          ],
          [
            -58.510029,
            -34.635322
          ],
          [
            -58.511145,
            -34.635108
          ],
          [
            -58.512282,
            -34.635086
          ],
          [
            -58.513377,
            -34.635129
          ],
          [
            -58.5149,
            -34.635279
          ],
          [
            -58.515519,
            -34.635379
          ],
          [
            -58.517432,
            -34.635687
          ],
          [
            -58.519042,
            -34.636116
          ],
          [
            -58.519428,
            -34.636266
          ],
          [
            -58.520608,
            -34.63661
          ],
          [
            -58.520875,
            -34.636665
          ],
          [
            -58.521123,
            -34.636717
          ],
          [
            -58.52196,
            -34.636781
          ],
          [
            -58.522797,
            -34.636717
          ],
          [
            -58.523676,
            -34.636545
          ],
          [
            -58.524191,
            -34.636352
          ],
          [
            -58.52494,
            -34.635978
          ],
          [
            -58.52505,
            -34.635923
          ],
          [
            -58.525801,
            -34.635558
          ],
          [
            -58.526638,
            -34.635215
          ],
          [
            -58.526981,
            -34.635022
          ],
          [
            -58.527367,
            -34.634893
          ],
          [
            -58.528242,
            -34.634677
          ],
          [
            -58.529019,
            -34.634485
          ],
          [
            -58.529406,
            -34.634142
          ],
          [
            -58.529513,
            -34.633949
          ],
          [
            -58.529577,
            -34.633734
          ],
          [
            -58.529693,
            -34.63252
          ],
          [
            -58.529749,
            -34.631932
          ],
          [
            -58.529942,
            -34.630859
          ],
          [
            -58.529963,
            -34.630451
          ],
          [
            -58.530114,
            -34.629829
          ],
          [
            -58.530114,
            -34.628949
          ],
          [
            -58.5302,
            -34.627876
          ],
          [
            -58.529942,
            -34.626074
          ],
          [
            -58.529878,
            -34.625816
          ],
          [
            -58.529878,
            -34.625688
          ],
          [
            -58.529942,
            -34.625323
          ],
          [
            -58.529963,
            -34.625044
          ],
          [
            -58.529985,
            -34.6244
          ],
          [
            -58.530049,
            -34.623563
          ],
          [
            -58.530092,
            -34.622834
          ],
          [
            -58.530178,
            -34.621782
          ],
          [
            -58.530239,
            -34.619885
          ],
          [
            -58.530285,
            -34.619358
          ],
          [
            -58.53031,
            -34.619169
          ],
          [
            -58.530311,
            -34.61902
          ],
          [
            -58.530328,
            -34.618757
          ],
          [
            -58.53035,
            -34.618306
          ],
          [
            -58.53035,
            -34.618177
          ],
          [
            -58.530365,
            -34.617997
          ],
          [
            -58.530378,
            -34.617761
          ],
          [
            -58.530456,
            -34.616417
          ],
          [
            -58.530457,
            -34.61601
          ],
          [
            -58.530457,
            -34.615602
          ],
          [
            -58.530242,
            -34.615023
          ],
          [
            -58.530092,
            -34.614809
          ],
          [
            -58.529878,
            -34.614336
          ],
          [
            -58.529513,
            -34.614058
          ],
          [
            -58.52844,
            -34.613199
          ],
          [
            -58.527367,
            -34.612405
          ],
          [
            -58.527796,
            -34.612083
          ],
          [
            -58.528204,
            -34.611783
          ],
          [
            -58.52859,
            -34.611483
          ],
          [
            -58.529341,
            -34.610946
          ],
          [
            -58.529427,
            -34.611139
          ],
          [
            -58.529693,
            -34.611657
          ],
          [
            -58.529835,
            -34.611933
          ],
          [
            -58.529899,
            -34.612041
          ],
          [
            -58.530028,
            -34.612191
          ],
          [
            -58.531015,
            -34.612792
          ],
          [
            -58.531616,
            -34.613113
          ],
          [
            -58.532474,
            -34.61365
          ],
          [
            -58.533418,
            -34.614186
          ],
          [
            -58.534491,
            -34.614615
          ],
          [
            -58.536036,
            -34.615195
          ],
          [
            -58.536658,
            -34.615409
          ],
          [
            -58.537667,
            -34.615796
          ],
          [
            -58.538954,
            -34.616268
          ],
          [
            -58.539855,
            -34.615495
          ],
          [
            -58.540714,
            -34.614787
          ],
          [
            -58.541572,
            -34.614079
          ],
          [
            -58.54243,
            -34.613349
          ],
          [
            -58.543246,
            -34.612663
          ],
          [
            -58.54389,
            -34.612126
          ],
          [
            -58.544769,
            -34.611719
          ],
          [
            -58.545864,
            -34.611247
          ],
          [
            -58.546851,
            -34.610796
          ],
          [
            -58.54773,
            -34.610388
          ],
          [
            -58.548803,
            -34.609916
          ],
          [
            -58.549941,
            -34.609401
          ],
          [
            -58.551121,
            -34.608865
          ],
          [
            -58.552322,
            -34.608328
          ],
          [
            -58.553481,
            -34.607792
          ],
          [
            -58.554661,
            -34.607255
          ],
          [
            -58.55582,
            -34.60674
          ],
          [
            -58.557258,
            -34.606118
          ],
          [
            -58.558824,
            -34.606032
          ],
          [
            -58.56039,
            -34.605968
          ],
          [
            -58.562043,
            -34.605904
          ],
          [
            -58.563867,
            -34.605818
          ],
          [
            -58.564811,
            -34.605796
          ],
          [
            -58.565712,
            -34.605753
          ],
          [
            -58.566592,
            -34.605711
          ],
          [
            -58.567514,
            -34.605668
          ],
          [
            -58.56833,
            -34.605625
          ],
          [
            -58.569252,
            -34.605582
          ],
          [
            -58.569231,
            -34.604981
          ],
          [
            -58.569682,
            -34.605002
          ],
          [
            -58.571033,
            -34.605024
          ],
          [
            -58.572814,
            -34.605088
          ],
          [
            -58.574617,
            -34.605153
          ],
          [
            -58.576398,
            -34.605238
          ],
          [
            -58.577321,
            -34.605303
          ],
          [
            -58.578265,
            -34.605432
          ],
          [
            -58.579788,
            -34.605646
          ],
          [
            -58.58011,
            -34.605603
          ],
          [
            -58.58011,
            -34.605539
          ],
          [
            -58.580239,
            -34.60541
          ],
          [
            -58.580475,
            -34.605346
          ],
          [
            -58.580647,
            -34.605346
          ],
          [
            -58.581097,
            -34.605324
          ],
          [
            -58.582037,
            -34.605324
          ],
          [
            -58.582578,
            -34.605324
          ],
          [
            -58.583694,
            -34.605303
          ],
          [
            -58.58438,
            -34.605281
          ],
          [
            -58.586311,
            -34.60526
          ],
          [
            -58.587685,
            -34.605238
          ],
          [
            -58.588371,
            -34.605238
          ],
          [
            -58.590024,
            -34.605238
          ],
          [
            -58.591504,
            -34.605217
          ],
          [
            -58.593307,
            -34.605238
          ],
          [
            -58.595235,
            -34.605233
          ],
          [
            -58.595473,
            -34.605302
          ],
          [
            -58.59579,
            -34.605505
          ],
          [
            -58.596997,
            -34.605517
          ],
          [
            -58.597656,
            -34.605342
          ],
          [
            -58.597952,
            -34.605042
          ],
          [
            -58.598205,
            -34.604698
          ],
          [
            -58.598443,
            -34.604263
          ],
          [
            -58.598538,
            -34.603841
          ],
          [
            -58.598713,
            -34.603776
          ],
          [
            -58.598871,
            -34.603854
          ],
          [
            -58.598977,
            -34.604215
          ],
          [
            -58.599162,
            -34.604333
          ],
          [
            -58.599465,
            -34.604402
          ],
          [
            -58.60219,
            -34.604402
          ],
          [
            -58.603045,
            -34.604392
          ],
          [
            -58.604143,
            -34.60438
          ],
          [
            -58.604872,
            -34.604337
          ],
          [
            -58.605602,
            -34.604187
          ],
          [
            -58.60754,
            -34.603561
          ],
          [
            -58.607726,
            -34.6035
          ],
          [
            -58.608348,
            -34.603264
          ],
          [
            -58.60925,
            -34.602857
          ],
          [
            -58.609428,
            -34.602764
          ],
          [
            -58.61028,
            -34.60232
          ],
          [
            -58.61259,
            -34.601029
          ],
          [
            -58.613005,
            -34.600797
          ],
          [
            -58.613498,
            -34.600518
          ],
          [
            -58.614657,
            -34.599895
          ],
          [
            -58.615472,
            -34.599359
          ],
          [
            -58.616652,
            -34.598286
          ],
          [
            -58.616889,
            -34.598093
          ],
          [
            -58.616985,
            -34.598012
          ],
          [
            -58.617146,
            -34.597878
          ],
          [
            -58.618584,
            -34.596634
          ],
          [
            -58.618927,
            -34.596334
          ],
          [
            -58.619485,
            -34.595883
          ],
          [
            -58.620214,
            -34.595368
          ],
          [
            -58.621352,
            -34.594488
          ],
          [
            -58.622575,
            -34.593544
          ],
          [
            -58.623111,
            -34.593115
          ],
          [
            -58.623712,
            -34.592643
          ],
          [
            -58.624012,
            -34.592428
          ],
          [
            -58.624892,
            -34.59172
          ],
          [
            -58.625472,
            -34.591269
          ],
          [
            -58.626008,
            -34.59084
          ],
          [
            -58.626738,
            -34.590282
          ],
          [
            -58.627081,
            -34.590003
          ],
          [
            -58.627553,
            -34.589596
          ],
          [
            -58.628132,
            -34.589167
          ],
          [
            -58.628304,
            -34.589038
          ],
          [
            -58.628948,
            -34.588523
          ],
          [
            -58.629162,
            -34.588351
          ],
          [
            -58.629974,
            -34.587777
          ],
          [
            -58.630042,
            -34.587729
          ],
          [
            -58.630235,
            -34.587643
          ],
          [
            -58.630428,
            -34.587665
          ],
          [
            -58.630536,
            -34.587729
          ],
          [
            -58.631244,
            -34.588351
          ],
          [
            -58.632467,
            -34.588265
          ],
          [
            -58.633196,
            -34.588244
          ],
          [
            -58.63414,
            -34.588201
          ],
          [
            -58.635728,
            -34.58818
          ],
          [
            -58.635921,
            -34.588051
          ],
          [
            -58.63678,
            -34.587364
          ],
          [
            -58.638282,
            -34.586205
          ],
          [
            -58.638604,
            -34.585969
          ],
          [
            -58.639162,
            -34.584296
          ],
          [
            -58.639247,
            -34.584038
          ],
          [
            -58.639762,
            -34.582558
          ],
          [
            -58.640256,
            -34.581077
          ],
          [
            -58.64032,
            -34.580905
          ],
          [
            -58.6409,
            -34.579103
          ],
          [
            -58.6409,
            -34.579017
          ],
          [
            -58.641822,
            -34.577751
          ],
          [
            -58.642037,
            -34.577644
          ],
          [
            -58.642137,
            -34.577644
          ],
          [
            -58.642209,
            -34.577644
          ],
          [
            -58.642552,
            -34.577837
          ],
          [
            -58.643196,
            -34.577343
          ],
          [
            -58.64459,
            -34.576228
          ],
          [
            -58.645427,
            -34.575562
          ],
          [
            -58.645749,
            -34.575305
          ],
          [
            -58.6462,
            -34.574962
          ],
          [
            -58.64635,
            -34.574833
          ],
          [
            -58.647187,
            -34.574168
          ],
          [
            -58.64738,
            -34.573996
          ],
          [
            -58.648024,
            -34.573503
          ],
          [
            -58.648517,
            -34.573116
          ],
          [
            -58.64886,
            -34.572837
          ],
          [
            -58.649504,
            -34.572322
          ],
          [
            -58.649783,
            -34.572108
          ],
          [
            -58.650513,
            -34.571593
          ],
          [
            -58.65077,
            -34.571314
          ],
          [
            -58.651071,
            -34.571078
          ],
          [
            -58.65165,
            -34.57052
          ],
          [
            -58.652101,
            -34.570026
          ],
          [
            -58.652404,
            -34.569676
          ],
          [
            -58.652658,
            -34.569383
          ],
          [
            -58.653125,
            -34.568823
          ],
          [
            -58.654163,
            -34.567577
          ],
          [
            -58.654268,
            -34.567451
          ],
          [
            -58.654869,
            -34.566743
          ],
          [
            -58.655319,
            -34.566314
          ],
          [
            -58.655469,
            -34.566143
          ],
          [
            -58.655601,
            -34.566033
          ],
          [
            -58.65622,
            -34.56552
          ],
          [
            -58.656502,
            -34.565316
          ],
          [
            -58.657165,
            -34.564834
          ],
          [
            -58.658022,
            -34.56422
          ],
          [
            -58.658903,
            -34.563589
          ],
          [
            -58.660346,
            -34.562544
          ],
          [
            -58.661628,
            -34.561615
          ],
          [
            -58.662106,
            -34.561265
          ],
          [
            -58.663878,
            -34.559967
          ],
          [
            -58.664353,
            -34.559619
          ],
          [
            -58.665984,
            -34.558439
          ],
          [
            -58.666177,
            -34.558289
          ],
          [
            -58.668902,
            -34.556293
          ],
          [
            -58.669995,
            -34.555502
          ],
          [
            -58.671627,
            -34.554319
          ],
          [
            -58.672056,
            -34.553998
          ],
          [
            -58.672185,
            -34.553976
          ],
          [
            -58.672915,
            -34.55462
          ],
          [
            -58.673065,
            -34.55477
          ],
          [
            -58.673601,
            -34.555264
          ],
          [
            -58.673837,
            -34.555478
          ],
          [
            -58.674245,
            -34.555864
          ],
          [
            -58.674631,
            -34.556229
          ],
          [
            -58.674889,
            -34.556444
          ],
          [
            -58.675468,
            -34.557023
          ],
          [
            -58.676133,
            -34.557645
          ],
          [
            -58.676519,
            -34.55801
          ],
          [
            -58.676777,
            -34.558246
          ],
          [
            -58.677163,
            -34.558611
          ],
          [
            -58.677399,
            -34.558847
          ],
          [
            -58.678043,
            -34.559448
          ],
          [
            -58.678665,
            -34.560027
          ],
          [
            -58.679287,
            -34.560628
          ],
          [
            -58.679395,
            -34.560735
          ],
          [
            -58.680081,
            -34.561357
          ],
          [
            -58.680747,
            -34.56198
          ],
          [
            -58.682098,
            -34.563224
          ],
          [
            -58.682742,
            -34.562752
          ],
          [
            -58.6836,
            -34.562109
          ],
          [
            -58.684351,
            -34.561572
          ],
          [
            -58.684995,
            -34.562173
          ],
          [
            -58.685639,
            -34.562795
          ],
          [
            -58.686368,
            -34.56228
          ],
          [
            -58.686454,
            -34.562216
          ],
          [
            -58.687935,
            -34.561121
          ],
          [
            -58.689415,
            -34.560049
          ],
          [
            -58.690445,
            -34.559298
          ],
          [
            -58.690982,
            -34.558911
          ],
          [
            -58.691432,
            -34.558568
          ],
          [
            -58.691626,
            -34.558439
          ],
          [
            -58.692441,
            -34.557838
          ],
          [
            -58.6936,
            -34.55698
          ],
          [
            -58.694737,
            -34.556143
          ],
          [
            -58.69581,
            -34.555349
          ],
          [
            -58.696711,
            -34.554706
          ],
          [
            -58.696024,
            -34.553976
          ],
          [
            -58.696969,
            -34.553289
          ],
          [
            -58.698213,
            -34.552367
          ],
          [
            -58.698471,
            -34.552152
          ],
          [
            -58.698986,
            -34.551787
          ],
          [
            -58.6992,
            -34.551637
          ],
          [
            -58.699565,
            -34.551358
          ],
          [
            -58.699951,
            -34.551058
          ],
          [
            -58.700895,
            -34.550371
          ],
          [
            -58.701839,
            -34.549685
          ],
          [
            -58.702762,
            -34.549019
          ],
          [
            -58.70362,
            -34.548376
          ],
          [
            -58.704436,
            -34.547775
          ],
          [
            -58.705208,
            -34.547238
          ],
          [
            -58.705595,
            -34.546938
          ],
          [
            -58.706517,
            -34.546273
          ],
          [
            -58.707633,
            -34.545436
          ],
          [
            -58.708749,
            -34.544621
          ],
          [
            -58.709886,
            -34.543784
          ],
          [
            -58.711023,
            -34.542947
          ],
          [
            -58.712053,
            -34.542217
          ],
          [
            -58.713491,
            -34.541166
          ],
          [
            -58.714907,
            -34.540136
          ],
          [
            -58.71598,
            -34.539342
          ],
          [
            -58.71701,
            -34.538591
          ],
          [
            -58.71819,
            -34.537733
          ],
          [
            -58.719327,
            -34.536896
          ],
          [
            -58.718534,
            -34.536188
          ],
          [
            -58.719606,
            -34.535394
          ],
          [
            -58.720379,
            -34.536123
          ],
          [
            -58.721194,
            -34.536874
          ],
          [
            -58.721516,
            -34.537175
          ],
          [
            -58.721859,
            -34.537497
          ],
          [
            -58.722503,
            -34.538097
          ],
          [
            -58.722804,
            -34.538376
          ],
          [
            -58.723683,
            -34.539192
          ],
          [
            -58.72467,
            -34.540114
          ],
          [
            -58.725336,
            -34.540737
          ],
          [
            -58.725679,
            -34.54108
          ],
          [
            -58.726323,
            -34.541681
          ],
          [
            -58.727095,
            -34.542389
          ],
          [
            -58.727803,
            -34.543054
          ],
          [
            -58.727868,
            -34.543097
          ],
          [
            -58.728576,
            -34.543762
          ],
          [
            -58.730121,
            -34.545221
          ],
          [
            -58.730936,
            -34.544621
          ],
          [
            -58.731859,
            -34.543955
          ],
          [
            -58.732824,
            -34.543247
          ],
          [
            -58.73349,
            -34.542754
          ],
          [
            -58.733811,
            -34.542539
          ],
          [
            -58.734863,
            -34.541767
          ],
          [
            -58.7357,
            -34.541144
          ],
          [
            -58.736558,
            -34.540522
          ],
          [
            -58.736944,
            -34.540243
          ],
          [
            -58.737373,
            -34.539921
          ],
          [
            -58.738167,
            -34.539342
          ],
          [
            -58.738339,
            -34.539213
          ],
          [
            -58.739197,
            -34.538591
          ],
          [
            -58.740892,
            -34.537346
          ],
          [
            -58.74145,
            -34.536939
          ],
          [
            -58.741922,
            -34.536595
          ],
          [
            -58.742073,
            -34.536488
          ],
          [
            -58.742909,
            -34.535887
          ],
          [
            -58.743896,
            -34.535158
          ],
          [
            -58.744926,
            -34.534428
          ],
          [
            -58.745871,
            -34.533741
          ],
          [
            -58.745999,
            -34.533656
          ],
          [
            -58.7466,
            -34.533226
          ],
          [
            -58.747287,
            -34.532733
          ],
          [
            -58.747802,
            -34.532325
          ],
          [
            -58.747931,
            -34.532218
          ],
          [
            -58.748724,
            -34.53166
          ],
          [
            -58.749089,
            -34.531381
          ],
          [
            -58.749669,
            -34.530931
          ],
          [
            -58.750003,
            -34.530486
          ],
          [
            -58.751055,
            -34.529208
          ],
          [
            -58.751415,
            -34.528718
          ],
          [
            -58.752054,
            -34.527877
          ],
          [
            -58.752806,
            -34.526943
          ],
          [
            -58.753561,
            -34.525974
          ],
          [
            -58.752448,
            -34.525352
          ],
          [
            -58.751281,
            -34.524723
          ],
          [
            -58.750417,
            -34.524224
          ],
          [
            -58.749329,
            -34.523632
          ],
          [
            -58.750015,
            -34.522743
          ],
          [
            -58.750764,
            -34.52178
          ],
          [
            -58.751771,
            -34.522347
          ],
          [
            -58.753853,
            -34.523463
          ],
          [
            -58.754991,
            -34.524063
          ],
          [
            -58.755802,
            -34.523115
          ],
          [
            -58.756514,
            -34.522154
          ],
          [
            -58.757222,
            -34.521232
          ],
          [
            -58.757286,
            -34.521167
          ],
          [
            -58.757415,
            -34.521253
          ],
          [
            -58.758466,
            -34.521704
          ],
          [
            -58.759732,
            -34.52224
          ],
          [
            -58.76044,
            -34.522562
          ],
          [
            -58.760912,
            -34.522712
          ],
          [
            -58.761234,
            -34.522841
          ],
          [
            -58.761728,
            -34.523034
          ],
          [
            -58.762007,
            -34.523206
          ],
          [
            -58.762468,
            -34.523485
          ]
        ]
      }
    },
    {
      "type": "Feature",
      "properties": {
        "Linea": "053",
        "Recorrido": "E",
        "Sentido": "VUELTA",
        "Razon_soci": "LINEA 213 SA DE TRANSPORTE",
        "Jurisdicci": "NACIONAL",
        "assigned_zone_name": "Hurlingham Centro",
        "source_name": "Datos Transporte - Recorridos de servicios de colectivos AMBA",
        "source_url": "https://datos.transporte.gob.ar/dataset/recorridos-de-servicios-de-colectivos-amba",
        "license": "Creative Commons Attribution 4.0",
        "generated_at": "2026-06-13T02:11:01.209890+00:00",
        "data_confidence": "medium"
      },
      "geometry": {
        "type": "LineString",
        "coordinates": [
          [
            -58.762468,
            -34.523485
          ],
          [
            -58.762007,
            -34.523206
          ],
          [
            -58.761728,
            -34.523034
          ],
          [
            -58.761234,
            -34.522841
          ],
          [
            -58.760912,
            -34.522712
          ],
          [
            -58.76044,
            -34.522562
          ],
          [
            -58.759732,
            -34.52224
          ],
          [
            -58.758466,
            -34.521704
          ],
          [
            -58.757415,
            -34.521253
          ],
          [
            -58.757222,
            -34.521232
          ],
          [
            -58.756084,
            -34.52076
          ],
          [
            -58.75587,
            -34.520717
          ],
          [
            -58.754818,
            -34.520288
          ],
          [
            -58.754153,
            -34.520009
          ],
          [
            -58.753831,
            -34.51988
          ],
          [
            -58.751364,
            -34.520545
          ],
          [
            -58.749883,
            -34.520953
          ],
          [
            -58.749669,
            -34.521232
          ],
          [
            -58.749796,
            -34.521278
          ],
          [
            -58.750764,
            -34.52178
          ],
          [
            -58.751771,
            -34.522347
          ],
          [
            -58.752737,
            -34.522862
          ],
          [
            -58.753853,
            -34.523463
          ],
          [
            -58.75503,
            -34.524079
          ],
          [
            -58.754251,
            -34.525096
          ],
          [
            -58.753561,
            -34.525974
          ],
          [
            -58.752806,
            -34.526943
          ],
          [
            -58.752054,
            -34.527877
          ],
          [
            -58.751415,
            -34.528718
          ],
          [
            -58.751055,
            -34.529208
          ],
          [
            -58.750003,
            -34.530486
          ],
          [
            -58.749669,
            -34.530931
          ],
          [
            -58.749089,
            -34.531381
          ],
          [
            -58.748724,
            -34.53166
          ],
          [
            -58.748338,
            -34.531939
          ],
          [
            -58.747931,
            -34.532218
          ],
          [
            -58.747802,
            -34.532325
          ],
          [
            -58.747287,
            -34.532733
          ],
          [
            -58.7466,
            -34.533226
          ],
          [
            -58.745999,
            -34.533656
          ],
          [
            -58.745871,
            -34.533741
          ],
          [
            -58.744926,
            -34.534428
          ],
          [
            -58.743896,
            -34.535158
          ],
          [
            -58.742909,
            -34.535887
          ],
          [
            -58.742073,
            -34.536488
          ],
          [
            -58.741922,
            -34.536595
          ],
          [
            -58.74145,
            -34.536939
          ],
          [
            -58.740892,
            -34.537346
          ],
          [
            -58.739197,
            -34.538591
          ],
          [
            -58.738339,
            -34.539213
          ],
          [
            -58.738167,
            -34.539342
          ],
          [
            -58.737373,
            -34.539921
          ],
          [
            -58.736944,
            -34.540243
          ],
          [
            -58.736558,
            -34.540522
          ],
          [
            -58.7357,
            -34.541144
          ],
          [
            -58.734863,
            -34.541767
          ],
          [
            -58.733811,
            -34.542539
          ],
          [
            -58.73349,
            -34.542754
          ],
          [
            -58.732824,
            -34.543247
          ],
          [
            -58.731859,
            -34.543955
          ],
          [
            -58.730936,
            -34.544621
          ],
          [
            -58.730121,
            -34.545221
          ],
          [
            -58.728576,
            -34.543762
          ],
          [
            -58.727868,
            -34.543097
          ],
          [
            -58.727803,
            -34.543054
          ],
          [
            -58.727095,
            -34.542389
          ],
          [
            -58.726323,
            -34.541681
          ],
          [
            -58.725679,
            -34.54108
          ],
          [
            -58.725336,
            -34.540737
          ],
          [
            -58.72467,
            -34.540114
          ],
          [
            -58.723683,
            -34.539192
          ],
          [
            -58.722804,
            -34.538376
          ],
          [
            -58.722503,
            -34.538097
          ],
          [
            -58.721859,
            -34.537497
          ],
          [
            -58.721516,
            -34.537175
          ],
          [
            -58.721194,
            -34.536874
          ],
          [
            -58.720143,
            -34.537647
          ],
          [
            -58.719006,
            -34.538505
          ],
          [
            -58.717825,
            -34.539385
          ],
          [
            -58.716795,
            -34.540136
          ],
          [
            -58.715723,
            -34.540908
          ],
          [
            -58.715695,
            -34.540929
          ],
          [
            -58.714328,
            -34.54196
          ],
          [
            -58.712869,
            -34.54299
          ],
          [
            -58.711882,
            -34.543741
          ],
          [
            -58.710744,
            -34.544556
          ],
          [
            -58.709586,
            -34.545414
          ],
          [
            -58.70847,
            -34.546208
          ],
          [
            -58.707333,
            -34.547045
          ],
          [
            -58.70641,
            -34.54771
          ],
          [
            -58.705208,
            -34.54859
          ],
          [
            -58.704436,
            -34.547775
          ],
          [
            -58.70362,
            -34.548376
          ],
          [
            -58.702762,
            -34.549019
          ],
          [
            -58.701839,
            -34.549685
          ],
          [
            -58.700895,
            -34.550371
          ],
          [
            -58.699951,
            -34.551058
          ],
          [
            -58.699565,
            -34.551358
          ],
          [
            -58.6992,
            -34.551637
          ],
          [
            -58.698986,
            -34.551787
          ],
          [
            -58.698471,
            -34.552152
          ],
          [
            -58.698213,
            -34.552367
          ],
          [
            -58.696969,
            -34.553289
          ],
          [
            -58.697698,
            -34.553998
          ],
          [
            -58.696711,
            -34.554706
          ],
          [
            -58.69581,
            -34.555349
          ],
          [
            -58.694737,
            -34.556143
          ],
          [
            -58.6936,
            -34.55698
          ],
          [
            -58.692441,
            -34.557838
          ],
          [
            -58.691626,
            -34.558439
          ],
          [
            -58.691432,
            -34.558568
          ],
          [
            -58.690982,
            -34.558911
          ],
          [
            -58.690445,
            -34.559298
          ],
          [
            -58.689415,
            -34.560049
          ],
          [
            -58.687935,
            -34.561121
          ],
          [
            -58.686454,
            -34.562216
          ],
          [
            -58.686368,
            -34.56228
          ],
          [
            -58.685639,
            -34.562795
          ],
          [
            -58.684909,
            -34.563332
          ],
          [
            -58.683901,
            -34.563847
          ],
          [
            -58.68315,
            -34.564211
          ],
          [
            -58.682098,
            -34.563224
          ],
          [
            -58.680747,
            -34.56198
          ],
          [
            -58.680081,
            -34.561357
          ],
          [
            -58.679395,
            -34.560735
          ],
          [
            -58.679287,
            -34.560628
          ],
          [
            -58.678665,
            -34.560027
          ],
          [
            -58.678043,
            -34.559448
          ],
          [
            -58.677399,
            -34.558847
          ],
          [
            -58.677163,
            -34.558611
          ],
          [
            -58.676777,
            -34.558246
          ],
          [
            -58.676519,
            -34.55801
          ],
          [
            -58.676133,
            -34.557645
          ],
          [
            -58.675468,
            -34.557023
          ],
          [
            -58.674889,
            -34.556444
          ],
          [
            -58.674631,
            -34.556229
          ],
          [
            -58.674245,
            -34.555864
          ],
          [
            -58.673837,
            -34.555478
          ],
          [
            -58.673601,
            -34.555264
          ],
          [
            -58.673065,
            -34.55477
          ],
          [
            -58.672915,
            -34.55462
          ],
          [
            -58.672185,
            -34.553976
          ],
          [
            -58.672142,
            -34.55404
          ],
          [
            -58.670726,
            -34.555113
          ],
          [
            -58.670085,
            -34.555587
          ],
          [
            -58.669331,
            -34.556143
          ],
          [
            -58.667872,
            -34.557195
          ],
          [
            -58.666327,
            -34.558332
          ],
          [
            -58.665254,
            -34.559104
          ],
          [
            -58.663945,
            -34.560049
          ],
          [
            -58.662636,
            -34.561014
          ],
          [
            -58.661263,
            -34.562001
          ],
          [
            -58.65989,
            -34.562967
          ],
          [
            -58.658559,
            -34.563932
          ],
          [
            -58.657186,
            -34.564898
          ],
          [
            -58.656714,
            -34.565284
          ],
          [
            -58.655984,
            -34.565842
          ],
          [
            -58.655598,
            -34.566207
          ],
          [
            -58.655427,
            -34.5664
          ],
          [
            -58.655062,
            -34.566743
          ],
          [
            -58.654439,
            -34.56743
          ],
          [
            -58.653431,
            -34.56861
          ],
          [
            -58.652937,
            -34.56919
          ],
          [
            -58.652616,
            -34.569597
          ],
          [
            -58.652442,
            -34.56981
          ],
          [
            -58.652036,
            -34.570305
          ],
          [
            -58.650835,
            -34.571378
          ],
          [
            -58.650513,
            -34.571593
          ],
          [
            -58.649783,
            -34.572108
          ],
          [
            -58.649504,
            -34.572322
          ],
          [
            -58.64886,
            -34.572837
          ],
          [
            -58.648517,
            -34.573116
          ],
          [
            -58.648024,
            -34.573503
          ],
          [
            -58.64738,
            -34.573996
          ],
          [
            -58.647187,
            -34.574168
          ],
          [
            -58.64635,
            -34.574833
          ],
          [
            -58.6462,
            -34.574962
          ],
          [
            -58.645749,
            -34.575305
          ],
          [
            -58.645427,
            -34.575562
          ],
          [
            -58.64459,
            -34.576228
          ],
          [
            -58.643196,
            -34.577343
          ],
          [
            -58.642552,
            -34.577837
          ],
          [
            -58.64238,
            -34.577987
          ],
          [
            -58.641629,
            -34.578567
          ],
          [
            -58.6409,
            -34.579103
          ],
          [
            -58.64032,
            -34.580905
          ],
          [
            -58.640256,
            -34.581077
          ],
          [
            -58.639762,
            -34.582558
          ],
          [
            -58.639247,
            -34.584038
          ],
          [
            -58.639162,
            -34.584296
          ],
          [
            -58.638604,
            -34.585969
          ],
          [
            -58.638282,
            -34.586205
          ],
          [
            -58.63678,
            -34.587364
          ],
          [
            -58.635921,
            -34.588051
          ],
          [
            -58.635728,
            -34.58818
          ],
          [
            -58.63486,
            -34.588191
          ],
          [
            -58.63414,
            -34.588201
          ],
          [
            -58.634012,
            -34.588308
          ],
          [
            -58.63251,
            -34.589489
          ],
          [
            -58.631458,
            -34.590347
          ],
          [
            -58.630686,
            -34.58966
          ],
          [
            -58.629162,
            -34.588351
          ],
          [
            -58.628948,
            -34.588523
          ],
          [
            -58.628304,
            -34.589038
          ],
          [
            -58.628132,
            -34.589167
          ],
          [
            -58.627553,
            -34.589596
          ],
          [
            -58.627081,
            -34.590003
          ],
          [
            -58.626738,
            -34.590282
          ],
          [
            -58.626008,
            -34.59084
          ],
          [
            -58.625472,
            -34.591269
          ],
          [
            -58.624892,
            -34.59172
          ],
          [
            -58.624012,
            -34.592428
          ],
          [
            -58.623712,
            -34.592643
          ],
          [
            -58.623111,
            -34.593115
          ],
          [
            -58.622575,
            -34.593544
          ],
          [
            -58.621352,
            -34.594488
          ],
          [
            -58.620214,
            -34.595368
          ],
          [
            -58.619592,
            -34.595947
          ],
          [
            -58.619421,
            -34.596097
          ],
          [
            -58.61867,
            -34.59672
          ],
          [
            -58.617961,
            -34.597321
          ],
          [
            -58.617146,
            -34.598029
          ],
          [
            -58.616695,
            -34.598436
          ],
          [
            -58.61588,
            -34.599144
          ],
          [
            -58.615322,
            -34.599595
          ],
          [
            -58.614743,
            -34.599981
          ],
          [
            -58.612997,
            -34.600896
          ],
          [
            -58.61028,
            -34.60232
          ],
          [
            -58.60925,
            -34.602857
          ],
          [
            -58.609103,
            -34.602923
          ],
          [
            -58.608348,
            -34.603264
          ],
          [
            -58.607726,
            -34.6035
          ],
          [
            -58.605602,
            -34.604187
          ],
          [
            -58.604882,
            -34.604335
          ],
          [
            -58.604143,
            -34.60438
          ],
          [
            -58.60219,
            -34.604402
          ],
          [
            -58.599465,
            -34.604402
          ],
          [
            -58.599162,
            -34.604333
          ],
          [
            -58.598977,
            -34.604215
          ],
          [
            -58.598707,
            -34.604198
          ],
          [
            -58.598528,
            -34.604298
          ],
          [
            -58.598205,
            -34.604698
          ],
          [
            -58.597952,
            -34.605042
          ],
          [
            -58.597656,
            -34.605342
          ],
          [
            -58.596997,
            -34.605517
          ],
          [
            -58.59579,
            -34.605505
          ],
          [
            -58.595667,
            -34.605604
          ],
          [
            -58.595692,
            -34.606539
          ],
          [
            -58.595709,
            -34.607622
          ],
          [
            -58.595721,
            -34.608688
          ],
          [
            -58.59574,
            -34.609771
          ],
          [
            -58.59576,
            -34.610836
          ],
          [
            -58.595763,
            -34.612253
          ],
          [
            -58.594659,
            -34.611697
          ],
          [
            -58.594446,
            -34.611578
          ],
          [
            -58.593101,
            -34.610901
          ],
          [
            -58.591354,
            -34.610002
          ],
          [
            -58.590335,
            -34.609496
          ],
          [
            -58.589377,
            -34.609002
          ],
          [
            -58.588361,
            -34.608494
          ],
          [
            -58.587419,
            -34.608014
          ],
          [
            -58.586511,
            -34.607212
          ],
          [
            -58.585912,
            -34.606691
          ],
          [
            -58.585245,
            -34.606115
          ],
          [
            -58.58438,
            -34.605281
          ],
          [
            -58.583694,
            -34.605303
          ],
          [
            -58.582578,
            -34.605324
          ],
          [
            -58.582037,
            -34.605324
          ],
          [
            -58.581097,
            -34.605324
          ],
          [
            -58.580647,
            -34.605346
          ],
          [
            -58.580475,
            -34.605346
          ],
          [
            -58.580239,
            -34.60541
          ],
          [
            -58.58011,
            -34.605539
          ],
          [
            -58.58011,
            -34.605603
          ],
          [
            -58.579788,
            -34.605646
          ],
          [
            -58.578265,
            -34.605432
          ],
          [
            -58.577321,
            -34.605303
          ],
          [
            -58.576398,
            -34.605238
          ],
          [
            -58.574617,
            -34.605153
          ],
          [
            -58.574681,
            -34.606419
          ],
          [
            -58.57378,
            -34.606462
          ],
          [
            -58.5729,
            -34.606504
          ],
          [
            -58.571119,
            -34.606569
          ],
          [
            -58.569317,
            -34.606655
          ],
          [
            -58.568394,
            -34.606698
          ],
          [
            -58.567493,
            -34.60674
          ],
          [
            -58.567514,
            -34.605668
          ],
          [
            -58.566592,
            -34.605711
          ],
          [
            -58.565712,
            -34.605753
          ],
          [
            -58.564811,
            -34.605796
          ],
          [
            -58.563867,
            -34.605818
          ],
          [
            -58.562043,
            -34.605904
          ],
          [
            -58.56039,
            -34.605968
          ],
          [
            -58.559509,
            -34.606004
          ],
          [
            -58.558824,
            -34.606032
          ],
          [
            -58.558888,
            -34.607105
          ],
          [
            -58.557322,
            -34.60717
          ],
          [
            -58.556378,
            -34.607556
          ],
          [
            -58.55582,
            -34.60674
          ],
          [
            -58.554661,
            -34.607255
          ],
          [
            -58.553481,
            -34.607792
          ],
          [
            -58.552322,
            -34.608328
          ],
          [
            -58.551121,
            -34.608865
          ],
          [
            -58.549941,
            -34.609401
          ],
          [
            -58.54876,
            -34.609938
          ],
          [
            -58.548052,
            -34.610925
          ],
          [
            -58.547494,
            -34.61174
          ],
          [
            -58.546786,
            -34.612684
          ],
          [
            -58.546057,
            -34.613714
          ],
          [
            -58.545628,
            -34.61395
          ],
          [
            -58.545198,
            -34.614251
          ],
          [
            -58.543997,
            -34.614658
          ],
          [
            -58.542774,
            -34.615045
          ],
          [
            -58.541572,
            -34.615431
          ],
          [
            -58.540306,
            -34.615839
          ],
          [
            -58.538954,
            -34.616268
          ],
          [
            -58.537667,
            -34.615796
          ],
          [
            -58.536658,
            -34.615409
          ],
          [
            -58.536036,
            -34.615195
          ],
          [
            -58.534491,
            -34.614615
          ],
          [
            -58.533418,
            -34.614186
          ],
          [
            -58.532774,
            -34.614637
          ],
          [
            -58.531852,
            -34.6141
          ],
          [
            -58.53138,
            -34.614444
          ],
          [
            -58.531208,
            -34.614573
          ],
          [
            -58.531101,
            -34.614701
          ],
          [
            -58.530242,
            -34.615023
          ],
          [
            -58.530092,
            -34.614809
          ],
          [
            -58.529878,
            -34.614336
          ],
          [
            -58.529685,
            -34.613907
          ],
          [
            -58.529127,
            -34.612663
          ],
          [
            -58.528891,
            -34.612191
          ],
          [
            -58.528204,
            -34.611783
          ],
          [
            -58.527796,
            -34.612083
          ],
          [
            -58.527367,
            -34.612405
          ],
          [
            -58.527002,
            -34.612684
          ],
          [
            -58.526552,
            -34.612985
          ],
          [
            -58.525758,
            -34.613564
          ],
          [
            -58.525136,
            -34.613972
          ],
          [
            -58.525414,
            -34.614186
          ],
          [
            -58.525797,
            -34.614509
          ],
          [
            -58.526271,
            -34.614875
          ],
          [
            -58.526831,
            -34.615281
          ],
          [
            -58.527367,
            -34.615731
          ],
          [
            -58.527839,
            -34.616096
          ],
          [
            -58.528311,
            -34.616461
          ],
          [
            -58.528783,
            -34.616826
          ],
          [
            -58.529295,
            -34.617235
          ],
          [
            -58.529706,
            -34.617534
          ],
          [
            -58.530117,
            -34.617883
          ],
          [
            -58.530365,
            -34.617997
          ],
          [
            -58.530765,
            -34.618025
          ],
          [
            -58.530907,
            -34.618041
          ],
          [
            -58.531121,
            -34.618059
          ],
          [
            -58.531294,
            -34.618156
          ],
          [
            -58.531272,
            -34.618692
          ],
          [
            -58.531221,
            -34.619191
          ],
          [
            -58.531227,
            -34.619315
          ],
          [
            -58.531092,
            -34.619917
          ],
          [
            -58.530878,
            -34.620762
          ],
          [
            -58.530715,
            -34.621482
          ],
          [
            -58.53065,
            -34.622769
          ],
          [
            -58.530586,
            -34.62337
          ],
          [
            -58.5305,
            -34.625001
          ],
          [
            -58.530478,
            -34.625366
          ],
          [
            -58.530457,
            -34.625709
          ],
          [
            -58.530393,
            -34.626632
          ],
          [
            -58.530371,
            -34.627683
          ],
          [
            -58.53033,
            -34.628524
          ],
          [
            -58.530285,
            -34.629421
          ],
          [
            -58.530303,
            -34.631288
          ],
          [
            -58.530307,
            -34.631717
          ],
          [
            -58.530242,
            -34.63309
          ],
          [
            -58.530242,
            -34.63352
          ],
          [
            -58.530307,
            -34.633713
          ],
          [
            -58.530521,
            -34.634142
          ],
          [
            -58.530715,
            -34.634421
          ],
          [
            -58.530822,
            -34.634657
          ],
          [
            -58.530822,
            -34.634936
          ],
          [
            -58.530736,
            -34.635129
          ],
          [
            -58.530669,
            -34.635218
          ],
          [
            -58.530607,
            -34.635301
          ],
          [
            -58.530478,
            -34.635408
          ],
          [
            -58.5302,
            -34.635537
          ],
          [
            -58.530006,
            -34.63558
          ],
          [
            -58.52962,
            -34.635558
          ],
          [
            -58.529406,
            -34.635494
          ],
          [
            -58.52859,
            -34.635129
          ],
          [
            -58.528354,
            -34.635108
          ],
          [
            -58.528011,
            -34.635108
          ],
          [
            -58.527153,
            -34.635193
          ],
          [
            -58.526552,
            -34.635386
          ],
          [
            -58.526209,
            -34.635549
          ],
          [
            -58.525286,
            -34.635987
          ],
          [
            -58.524191,
            -34.636481
          ],
          [
            -58.523526,
            -34.636717
          ],
          [
            -58.523204,
            -34.636803
          ],
          [
            -58.523043,
            -34.636826
          ],
          [
            -58.522453,
            -34.63691
          ],
          [
            -58.521981,
            -34.636931
          ],
          [
            -58.521531,
            -34.63691
          ],
          [
            -58.521101,
            -34.636846
          ],
          [
            -58.519921,
            -34.636588
          ],
          [
            -58.518934,
            -34.636288
          ],
          [
            -58.518205,
            -34.63603
          ],
          [
            -58.517175,
            -34.635773
          ],
          [
            -58.51593,
            -34.635558
          ],
          [
            -58.5146,
            -34.635365
          ],
          [
            -58.513548,
            -34.635258
          ],
          [
            -58.513006,
            -34.635213
          ],
          [
            -58.512518,
            -34.635172
          ],
          [
            -58.511789,
            -34.635172
          ],
          [
            -58.510802,
            -34.635258
          ],
          [
            -58.509772,
            -34.635515
          ],
          [
            -58.508392,
            -34.635931
          ],
          [
            -58.507776,
            -34.636116
          ],
          [
            -58.50636,
            -34.636331
          ],
          [
            -58.505008,
            -34.636352
          ],
          [
            -58.503702,
            -34.636255
          ],
          [
            -58.503571,
            -34.636245
          ],
          [
            -58.501768,
            -34.63603
          ],
          [
            -58.49988,
            -34.635751
          ],
          [
            -58.498871,
            -34.635687
          ],
          [
            -58.498056,
            -34.635751
          ],
          [
            -58.497657,
            -34.635842
          ],
          [
            -58.497584,
            -34.635859
          ],
          [
            -58.497047,
            -34.63603
          ],
          [
            -58.496318,
            -34.636416
          ],
          [
            -58.49591,
            -34.636674
          ],
          [
            -58.495502,
            -34.637017
          ],
          [
            -58.495159,
            -34.637361
          ],
          [
            -58.49472,
            -34.637934
          ],
          [
            -58.493335,
            -34.639742
          ],
          [
            -58.492455,
            -34.640729
          ],
          [
            -58.492338,
            -34.640844
          ],
          [
            -58.491039,
            -34.642103
          ],
          [
            -58.489848,
            -34.643084
          ],
          [
            -58.488851,
            -34.643905
          ],
          [
            -58.488142,
            -34.644399
          ],
          [
            -58.487113,
            -34.645042
          ],
          [
            -58.486839,
            -34.645176
          ],
          [
            -58.48561,
            -34.645772
          ],
          [
            -58.48345,
            -34.646582
          ],
          [
            -58.482692,
            -34.646866
          ],
          [
            -58.481512,
            -34.647274
          ],
          [
            -58.480611,
            -34.647532
          ],
          [
            -58.479571,
            -34.647761
          ],
          [
            -58.478959,
            -34.647896
          ],
          [
            -58.478079,
            -34.648111
          ],
          [
            -58.475654,
            -34.648883
          ],
          [
            -58.475111,
            -34.649015
          ],
          [
            -58.474946,
            -34.649055
          ],
          [
            -58.4725,
            -34.649355
          ],
          [
            -58.47132,
            -34.649441
          ],
          [
            -58.468944,
            -34.649469
          ],
          [
            -58.467629,
            -34.649484
          ],
          [
            -58.4672,
            -34.649484
          ],
          [
            -58.465698,
            -34.649377
          ],
          [
            -58.46499,
            -34.649141
          ],
          [
            -58.464518,
            -34.648905
          ],
          [
            -58.464239,
            -34.648712
          ],
          [
            -58.46396,
            -34.648454
          ],
          [
            -58.463883,
            -34.648364
          ],
          [
            -58.463702,
            -34.648154
          ],
          [
            -58.463488,
            -34.64781
          ],
          [
            -58.46308,
            -34.646995
          ],
          [
            -58.462865,
            -34.64648
          ],
          [
            -58.462651,
            -34.645815
          ],
          [
            -58.462372,
            -34.645171
          ],
          [
            -58.462228,
            -34.644761
          ],
          [
            -58.461943,
            -34.643948
          ],
          [
            -58.461664,
            -34.643283
          ],
          [
            -58.461192,
            -34.642618
          ],
          [
            -58.460805,
            -34.64221
          ],
          [
            -58.460064,
            -34.64158
          ],
          [
            -58.459947,
            -34.64148
          ],
          [
            -58.457479,
            -34.639635
          ],
          [
            -58.456987,
            -34.639232
          ],
          [
            -58.456171,
            -34.638562
          ],
          [
            -58.455784,
            -34.63824
          ],
          [
            -58.454754,
            -34.637575
          ],
          [
            -58.453833,
            -34.637053
          ],
          [
            -58.453467,
            -34.636846
          ],
          [
            -58.453102,
            -34.636695
          ],
          [
            -58.452201,
            -34.636481
          ],
          [
            -58.451471,
            -34.636416
          ],
          [
            -58.450415,
            -34.636434
          ],
          [
            -58.448939,
            -34.636459
          ],
          [
            -58.447909,
            -34.636331
          ],
          [
            -58.447437,
            -34.636202
          ],
          [
            -58.446643,
            -34.635901
          ],
          [
            -58.446107,
            -34.635603
          ],
          [
            -58.446064,
            -34.63558
          ],
          [
            -58.445485,
            -34.635172
          ],
          [
            -58.442976,
            -34.63346
          ],
          [
            -58.442717,
            -34.633284
          ],
          [
            -58.441901,
            -34.632769
          ],
          [
            -58.440272,
            -34.631823
          ],
          [
            -58.43924,
            -34.631224
          ],
          [
            -58.438575,
            -34.63088
          ],
          [
            -58.437471,
            -34.630533
          ],
          [
            -58.437417,
            -34.630516
          ],
          [
            -58.433825,
            -34.630011
          ],
          [
            -58.433597,
            -34.629979
          ],
          [
            -58.433254,
            -34.629893
          ],
          [
            -58.431044,
            -34.62955
          ],
          [
            -58.428771,
            -34.629255
          ],
          [
            -58.424606,
            -34.628713
          ],
          [
            -58.424189,
            -34.628665
          ],
          [
            -58.421259,
            -34.628327
          ],
          [
            -58.420041,
            -34.628116
          ],
          [
            -58.419027,
            -34.627941
          ],
          [
            -58.416261,
            -34.627557
          ],
          [
            -58.415465,
            -34.627447
          ],
          [
            -58.412185,
            -34.627044
          ],
          [
            -58.411453,
            -34.626954
          ],
          [
            -58.409264,
            -34.626825
          ],
          [
            -58.408492,
            -34.626825
          ],
          [
            -58.407511,
            -34.626748
          ],
          [
            -58.407397,
            -34.626739
          ],
          [
            -58.403814,
            -34.626288
          ],
          [
            -58.402706,
            -34.62612
          ],
          [
            -58.401561,
            -34.625945
          ],
          [
            -58.400788,
            -34.625795
          ],
          [
            -58.397769,
            -34.625067
          ],
          [
            -58.397226,
            -34.624937
          ],
          [
            -58.397119,
            -34.624915
          ],
          [
            -58.39312,
            -34.623958
          ],
          [
            -58.393085,
            -34.62395
          ],
          [
            -58.391712,
            -34.623713
          ],
          [
            -58.38869,
            -34.623362
          ],
          [
            -58.386369,
            -34.623091
          ],
          [
            -58.384652,
            -34.62301
          ],
          [
            -58.383644,
            -34.622962
          ],
          [
            -58.383322,
            -34.623027
          ],
          [
            -58.38285,
            -34.623027
          ],
          [
            -58.38212,
            -34.623091
          ],
          [
            -58.381958,
            -34.623124
          ],
          [
            -58.381906,
            -34.623134
          ],
          [
            -58.381712,
            -34.62322
          ],
          [
            -58.381391,
            -34.623435
          ],
          [
            -58.381026,
            -34.623821
          ],
          [
            -58.380725,
            -34.624228
          ],
          [
            -58.380468,
            -34.624701
          ],
          [
            -58.380468,
            -34.624851
          ],
          [
            -58.380253,
            -34.625859
          ],
          [
            -58.380232,
            -34.626353
          ],
          [
            -58.379588,
            -34.627705
          ],
          [
            -58.378472,
            -34.627426
          ],
          [
            -58.378966,
            -34.626052
          ],
          [
            -58.382206,
            -34.626911
          ]
        ]
      }
    },
    {
      "type": "Feature",
      "properties": {
        "Linea": "136",
        "Recorrido": "G",
        "Sentido": "IDA",
        "Razon_soci": "SARGENTO CABRAL SA DE TRANSPORTE",
        "Jurisdicci": "NACIONAL",
        "assigned_zone_name": "Atepam Italia",
        "source_name": "Datos Transporte - Recorridos de servicios de colectivos AMBA",
        "source_url": "https://datos.transporte.gob.ar/dataset/recorridos-de-servicios-de-colectivos-amba",
        "license": "Creative Commons Attribution 4.0",
        "generated_at": "2026-06-13T02:11:01.209890+00:00",
        "data_confidence": "medium"
      },
      "geometry": {
        "type": "LineString",
        "coordinates": [
          [
            -58.44192,
            -34.619284
          ],
          [
            -58.441381,
            -34.620477
          ],
          [
            -58.442867,
            -34.621139
          ],
          [
            -58.443511,
            -34.621418
          ],
          [
            -58.444324,
            -34.621858
          ],
          [
            -58.445163,
            -34.622147
          ],
          [
            -58.445807,
            -34.622426
          ],
          [
            -58.447008,
            -34.622877
          ],
          [
            -58.447266,
            -34.622984
          ],
          [
            -58.44821,
            -34.623349
          ],
          [
            -58.448725,
            -34.623542
          ],
          [
            -58.449411,
            -34.623799
          ],
          [
            -58.449883,
            -34.624014
          ],
          [
            -58.450677,
            -34.624314
          ],
          [
            -58.452029,
            -34.624872
          ],
          [
            -58.452973,
            -34.625237
          ],
          [
            -58.454046,
            -34.625645
          ],
          [
            -58.455377,
            -34.626138
          ],
          [
            -58.456707,
            -34.626653
          ],
          [
            -58.456192,
            -34.62779
          ],
          [
            -58.456042,
            -34.628112
          ],
          [
            -58.455484,
            -34.629292
          ],
          [
            -58.454926,
            -34.630387
          ],
          [
            -58.454368,
            -34.631481
          ],
          [
            -58.453875,
            -34.632511
          ],
          [
            -58.453381,
            -34.633498
          ],
          [
            -58.452909,
            -34.634485
          ],
          [
            -58.452415,
            -34.635472
          ],
          [
            -58.452148,
            -34.636007
          ],
          [
            -58.452072,
            -34.636159
          ],
          [
            -58.453295,
            -34.636481
          ],
          [
            -58.45381,
            -34.636695
          ],
          [
            -58.454497,
            -34.63706
          ],
          [
            -58.454572,
            -34.637108
          ],
          [
            -58.455205,
            -34.637511
          ],
          [
            -58.456342,
            -34.638433
          ],
          [
            -58.457415,
            -34.639359
          ],
          [
            -58.457587,
            -34.639506
          ],
          [
            -58.458899,
            -34.640527
          ],
          [
            -58.458939,
            -34.640558
          ],
          [
            -58.460633,
            -34.641759
          ],
          [
            -58.461213,
            -34.642296
          ],
          [
            -58.461642,
            -34.642811
          ],
          [
            -58.461814,
            -34.64309
          ],
          [
            -58.462029,
            -34.643455
          ],
          [
            -58.462222,
            -34.64397
          ],
          [
            -58.46235,
            -34.64412
          ],
          [
            -58.462737,
            -34.645193
          ],
          [
            -58.46293,
            -34.645665
          ],
          [
            -58.463101,
            -34.645987
          ],
          [
            -58.463638,
            -34.646716
          ],
          [
            -58.46389,
            -34.646987
          ],
          [
            -58.465097,
            -34.648283
          ],
          [
            -58.465505,
            -34.648626
          ],
          [
            -58.466041,
            -34.648991
          ],
          [
            -58.466685,
            -34.649248
          ],
          [
            -58.467607,
            -34.649355
          ],
          [
            -58.468852,
            -34.649377
          ],
          [
            -58.469224,
            -34.64936
          ],
          [
            -58.470268,
            -34.649312
          ],
          [
            -58.472435,
            -34.649141
          ],
          [
            -58.473508,
            -34.649055
          ],
          [
            -58.475118,
            -34.648819
          ],
          [
            -58.475676,
            -34.648626
          ],
          [
            -58.47662,
            -34.648132
          ],
          [
            -58.476963,
            -34.647896
          ],
          [
            -58.478186,
            -34.647532
          ],
          [
            -58.47883,
            -34.647489
          ],
          [
            -58.479989,
            -34.647467
          ],
          [
            -58.480568,
            -34.647403
          ],
          [
            -58.4828,
            -34.646673
          ],
          [
            -58.484039,
            -34.646213
          ],
          [
            -58.485053,
            -34.645836
          ],
          [
            -58.485482,
            -34.645643
          ],
          [
            -58.486705,
            -34.645021
          ],
          [
            -58.48767,
            -34.644485
          ],
          [
            -58.488314,
            -34.644077
          ],
          [
            -58.489087,
            -34.643497
          ],
          [
            -58.490164,
            -34.642591
          ],
          [
            -58.491254,
            -34.641674
          ],
          [
            -58.492413,
            -34.640515
          ],
          [
            -58.493636,
            -34.639056
          ],
          [
            -58.49415,
            -34.638366
          ],
          [
            -58.494451,
            -34.637961
          ],
          [
            -58.494923,
            -34.637382
          ],
          [
            -58.495438,
            -34.636846
          ],
          [
            -58.495803,
            -34.636524
          ],
          [
            -58.496661,
            -34.636009
          ],
          [
            -58.49782,
            -34.635644
          ],
          [
            -58.498185,
            -34.63558
          ],
          [
            -58.498743,
            -34.635537
          ],
          [
            -58.49902,
            -34.635546
          ],
          [
            -58.499408,
            -34.635558
          ],
          [
            -58.50003,
            -34.635623
          ],
          [
            -58.503013,
            -34.63603
          ],
          [
            -58.504107,
            -34.636137
          ],
          [
            -58.504815,
            -34.636202
          ],
          [
            -58.505931,
            -34.636223
          ],
          [
            -58.506725,
            -34.636159
          ],
          [
            -58.507061,
            -34.636096
          ],
          [
            -58.507862,
            -34.635944
          ],
          [
            -58.510029,
            -34.635322
          ],
          [
            -58.511145,
            -34.635108
          ],
          [
            -58.512282,
            -34.635086
          ],
          [
            -58.513377,
            -34.635129
          ],
          [
            -58.5149,
            -34.635279
          ],
          [
            -58.515019,
            -34.635298
          ],
          [
            -58.517432,
            -34.635687
          ],
          [
            -58.519042,
            -34.636116
          ],
          [
            -58.519428,
            -34.636266
          ],
          [
            -58.520608,
            -34.63661
          ],
          [
            -58.521123,
            -34.636717
          ],
          [
            -58.52196,
            -34.636781
          ],
          [
            -58.522135,
            -34.636768
          ],
          [
            -58.522797,
            -34.636717
          ],
          [
            -58.523676,
            -34.636545
          ],
          [
            -58.524191,
            -34.636352
          ],
          [
            -58.52505,
            -34.635923
          ],
          [
            -58.525801,
            -34.635558
          ],
          [
            -58.526638,
            -34.635215
          ],
          [
            -58.527281,
            -34.635
          ],
          [
            -58.527579,
            -34.634928
          ],
          [
            -58.528526,
            -34.6347
          ],
          [
            -58.529599,
            -34.634593
          ],
          [
            -58.530693,
            -34.63455
          ],
          [
            -58.532732,
            -34.634464
          ],
          [
            -58.534084,
            -34.634534
          ],
          [
            -58.534384,
            -34.63455
          ],
          [
            -58.535929,
            -34.634678
          ],
          [
            -58.536551,
            -34.634657
          ],
          [
            -58.537152,
            -34.63455
          ],
          [
            -58.537517,
            -34.634442
          ],
          [
            -58.538675,
            -34.634035
          ],
          [
            -58.539963,
            -34.633563
          ],
          [
            -58.541942,
            -34.632869
          ],
          [
            -58.549275,
            -34.630301
          ],
          [
            -58.549703,
            -34.630206
          ],
          [
            -58.551207,
            -34.629872
          ],
          [
            -58.552516,
            -34.629657
          ],
          [
            -58.553975,
            -34.62955
          ],
          [
            -58.556783,
            -34.62955
          ],
          [
            -58.556871,
            -34.62955
          ],
          [
            -58.56039,
            -34.629936
          ],
          [
            -58.561785,
            -34.630108
          ],
          [
            -58.564018,
            -34.630338
          ],
          [
            -58.566356,
            -34.63058
          ],
          [
            -58.567171,
            -34.630687
          ],
          [
            -58.570497,
            -34.631052
          ],
          [
            -58.571396,
            -34.631105
          ],
          [
            -58.572321,
            -34.631159
          ],
          [
            -58.578229,
            -34.631063
          ],
          [
            -58.578887,
            -34.631052
          ],
          [
            -58.582191,
            -34.631031
          ],
          [
            -58.582964,
            -34.631052
          ],
          [
            -58.583779,
            -34.631138
          ],
          [
            -58.584649,
            -34.631289
          ],
          [
            -58.587985,
            -34.631867
          ],
          [
            -58.589938,
            -34.632018
          ],
          [
            -58.590894,
            -34.632038
          ],
          [
            -58.592942,
            -34.632082
          ],
          [
            -58.595302,
            -34.632125
          ],
          [
            -58.59751,
            -34.632161
          ],
          [
            -58.604593,
            -34.632275
          ],
          [
            -58.604686,
            -34.632277
          ],
          [
            -58.607662,
            -34.632339
          ],
          [
            -58.611975,
            -34.632425
          ],
          [
            -58.612293,
            -34.632432
          ],
          [
            -58.617275,
            -34.632533
          ],
          [
            -58.618956,
            -34.632557
          ],
          [
            -58.620257,
            -34.632576
          ],
          [
            -58.621223,
            -34.63249
          ],
          [
            -58.621674,
            -34.63249
          ],
          [
            -58.623277,
            -34.63251
          ],
          [
            -58.625085,
            -34.632533
          ],
          [
            -58.625836,
            -34.632468
          ],
          [
            -58.626974,
            -34.632468
          ],
          [
            -58.627038,
            -34.632468
          ],
          [
            -58.627682,
            -34.632361
          ],
          [
            -58.627853,
            -34.632254
          ],
          [
            -58.628089,
            -34.632039
          ],
          [
            -58.628819,
            -34.631331
          ],
          [
            -58.629591,
            -34.631181
          ],
          [
            -58.629935,
            -34.631116
          ],
          [
            -58.629999,
            -34.631095
          ],
          [
            -58.630042,
            -34.631138
          ],
          [
            -58.629898,
            -34.631538
          ],
          [
            -58.629742,
            -34.631975
          ],
          [
            -58.629441,
            -34.63264
          ],
          [
            -58.62927,
            -34.633005
          ],
          [
            -58.629162,
            -34.633327
          ],
          [
            -58.628798,
            -34.63412
          ],
          [
            -58.628454,
            -34.634871
          ],
          [
            -58.628111,
            -34.635558
          ],
          [
            -58.627918,
            -34.635901
          ],
          [
            -58.627553,
            -34.636502
          ],
          [
            -58.62751,
            -34.636588
          ],
          [
            -58.627124,
            -34.637253
          ],
          [
            -58.626673,
            -34.63794
          ],
          [
            -58.626351,
            -34.638476
          ],
          [
            -58.626266,
            -34.638648
          ],
          [
            -58.625729,
            -34.639592
          ],
          [
            -58.625085,
            -34.640579
          ],
          [
            -58.624527,
            -34.641073
          ],
          [
            -58.624077,
            -34.641416
          ],
          [
            -58.623068,
            -34.64221
          ],
          [
            -58.622746,
            -34.642403
          ],
          [
            -58.622489,
            -34.64251
          ],
          [
            -58.622339,
            -34.64251
          ],
          [
            -58.62221,
            -34.642575
          ],
          [
            -58.62103,
            -34.64354
          ],
          [
            -58.620515,
            -34.643948
          ],
          [
            -58.619785,
            -34.644549
          ],
          [
            -58.61912,
            -34.645042
          ],
          [
            -58.618498,
            -34.645536
          ],
          [
            -58.618498,
            -34.646459
          ],
          [
            -58.618476,
            -34.647017
          ],
          [
            -58.618476,
            -34.647381
          ],
          [
            -58.618498,
            -34.647918
          ],
          [
            -58.618498,
            -34.648089
          ],
          [
            -58.618519,
            -34.648347
          ],
          [
            -58.618519,
            -34.648497
          ],
          [
            -58.618519,
            -34.648862
          ],
          [
            -58.618519,
            -34.649248
          ],
          [
            -58.619828,
            -34.649227
          ],
          [
            -58.621094,
            -34.649205
          ],
          [
            -58.622682,
            -34.649184
          ],
          [
            -58.622725,
            -34.650407
          ],
          [
            -58.622725,
            -34.650879
          ],
          [
            -58.622725,
            -34.65163
          ],
          [
            -58.624184,
            -34.65163
          ],
          [
            -58.625343,
            -34.65163
          ],
          [
            -58.626459,
            -34.651608
          ],
          [
            -58.627574,
            -34.651566
          ],
          [
            -58.627617,
            -34.652853
          ],
          [
            -58.627617,
            -34.653754
          ],
          [
            -58.628776,
            -34.653754
          ],
          [
            -58.62987,
            -34.653754
          ],
          [
            -58.629849,
            -34.65296
          ],
          [
            -58.629806,
            -34.65281
          ],
          [
            -58.630149,
            -34.652832
          ],
          [
            -58.630707,
            -34.653196
          ],
          [
            -58.631029,
            -34.653239
          ],
          [
            -58.631372,
            -34.653239
          ],
          [
            -58.63178,
            -34.653175
          ],
          [
            -58.632617,
            -34.653025
          ],
          [
            -58.633304,
            -34.652939
          ],
          [
            -58.634162,
            -34.65281
          ],
          [
            -58.634505,
            -34.652746
          ],
          [
            -58.6356,
            -34.652574
          ],
          [
            -58.63605,
            -34.65251
          ],
          [
            -58.636823,
            -34.652381
          ],
          [
            -58.637552,
            -34.652252
          ],
          [
            -58.637938,
            -34.652188
          ],
          [
            -58.639011,
            -34.651995
          ],
          [
            -58.640363,
            -34.65178
          ],
          [
            -58.640685,
            -34.651887
          ],
          [
            -58.640771,
            -34.651909
          ],
          [
            -58.642616,
            -34.652531
          ]
        ]
      }
    },
    {
      "type": "Feature",
      "properties": {
        "Linea": "163",
        "Recorrido": "A",
        "Sentido": "IDA",
        "Razon_soci": "SARGENTO CABRAL SA DE TRANSPORTE",
        "Jurisdicci": "NACIONAL",
        "assigned_zone_name": "Villa Tesei Centro",
        "source_name": "Datos Transporte - Recorridos de servicios de colectivos AMBA",
        "source_url": "https://datos.transporte.gob.ar/dataset/recorridos-de-servicios-de-colectivos-amba",
        "license": "Creative Commons Attribution 4.0",
        "generated_at": "2026-06-13T02:11:01.209890+00:00",
        "data_confidence": "medium"
      },
      "geometry": {
        "type": "LineString",
        "coordinates": [
          [
            -58.44192,
            -34.619284
          ],
          [
            -58.441381,
            -34.620477
          ],
          [
            -58.442867,
            -34.621139
          ],
          [
            -58.443511,
            -34.621418
          ],
          [
            -58.444324,
            -34.621858
          ],
          [
            -58.445163,
            -34.622147
          ],
          [
            -58.445807,
            -34.622426
          ],
          [
            -58.447008,
            -34.622877
          ],
          [
            -58.447266,
            -34.622984
          ],
          [
            -58.44821,
            -34.623349
          ],
          [
            -58.448725,
            -34.623542
          ],
          [
            -58.449411,
            -34.623799
          ],
          [
            -58.449883,
            -34.624014
          ],
          [
            -58.450677,
            -34.624314
          ],
          [
            -58.452029,
            -34.624872
          ],
          [
            -58.452973,
            -34.625237
          ],
          [
            -58.454046,
            -34.625645
          ],
          [
            -58.455377,
            -34.626138
          ],
          [
            -58.456707,
            -34.626653
          ],
          [
            -58.457844,
            -34.627125
          ],
          [
            -58.458853,
            -34.627533
          ],
          [
            -58.459883,
            -34.627941
          ],
          [
            -58.461213,
            -34.628391
          ],
          [
            -58.462715,
            -34.628842
          ],
          [
            -58.463252,
            -34.628971
          ],
          [
            -58.463536,
            -34.629087
          ],
          [
            -58.463761,
            -34.62914
          ],
          [
            -58.464096,
            -34.629237
          ],
          [
            -58.465501,
            -34.629661
          ],
          [
            -58.466787,
            -34.629981
          ],
          [
            -58.466883,
            -34.629936
          ],
          [
            -58.466926,
            -34.629919
          ],
          [
            -58.467484,
            -34.630063
          ],
          [
            -58.468339,
            -34.63028
          ],
          [
            -58.469502,
            -34.630589
          ],
          [
            -58.469636,
            -34.630686
          ],
          [
            -58.471191,
            -34.631116
          ],
          [
            -58.472371,
            -34.63146
          ],
          [
            -58.473487,
            -34.63176
          ],
          [
            -58.474603,
            -34.632061
          ],
          [
            -58.475654,
            -34.632339
          ],
          [
            -58.476727,
            -34.632618
          ],
          [
            -58.477821,
            -34.632876
          ],
          [
            -58.478916,
            -34.633133
          ],
          [
            -58.480353,
            -34.633477
          ],
          [
            -58.481705,
            -34.633799
          ],
          [
            -58.482349,
            -34.633949
          ],
          [
            -58.483272,
            -34.634163
          ],
          [
            -58.484173,
            -34.634399
          ],
          [
            -58.484859,
            -34.63455
          ],
          [
            -58.485439,
            -34.634678
          ],
          [
            -58.486683,
            -34.634979
          ],
          [
            -58.487649,
            -34.635193
          ],
          [
            -58.48943,
            -34.635623
          ],
          [
            -58.491061,
            -34.63603
          ],
          [
            -58.491747,
            -34.636202
          ],
          [
            -58.492134,
            -34.636288
          ],
          [
            -58.493099,
            -34.636481
          ],
          [
            -58.493657,
            -34.63661
          ],
          [
            -58.495116,
            -34.636824
          ],
          [
            -58.495932,
            -34.636931
          ],
          [
            -58.496575,
            -34.637017
          ],
          [
            -58.498013,
            -34.63721
          ],
          [
            -58.499472,
            -34.637425
          ],
          [
            -58.500931,
            -34.637618
          ],
          [
            -58.502069,
            -34.63779
          ],
          [
            -58.50342,
            -34.637983
          ],
          [
            -58.503957,
            -34.638069
          ],
          [
            -58.504536,
            -34.638155
          ],
          [
            -58.505931,
            -34.638369
          ],
          [
            -58.507347,
            -34.638627
          ],
          [
            -58.508699,
            -34.638863
          ],
          [
            -58.510051,
            -34.639099
          ],
          [
            -58.511424,
            -34.639335
          ],
          [
            -58.51299,
            -34.63927
          ],
          [
            -58.514299,
            -34.639227
          ],
          [
            -58.515823,
            -34.639184
          ],
          [
            -58.516273,
            -34.639184
          ],
          [
            -58.517411,
            -34.63912
          ],
          [
            -58.518763,
            -34.639056
          ],
          [
            -58.51975,
            -34.638991
          ],
          [
            -58.52123,
            -34.638927
          ],
          [
            -58.522561,
            -34.63882
          ],
          [
            -58.523719,
            -34.638927
          ],
          [
            -58.525093,
            -34.639034
          ],
          [
            -58.526423,
            -34.63912
          ],
          [
            -58.527732,
            -34.639227
          ],
          [
            -58.528869,
            -34.639313
          ],
          [
            -58.529298,
            -34.639335
          ],
          [
            -58.529942,
            -34.639356
          ],
          [
            -58.530242,
            -34.639378
          ],
          [
            -58.530736,
            -34.639421
          ],
          [
            -58.531106,
            -34.639466
          ],
          [
            -58.53221,
            -34.639551
          ],
          [
            -58.533311,
            -34.639635
          ],
          [
            -58.535092,
            -34.639742
          ],
          [
            -58.535843,
            -34.639828
          ],
          [
            -58.537281,
            -34.639914
          ],
          [
            -58.538611,
            -34.640021
          ],
          [
            -58.539984,
            -34.640129
          ],
          [
            -58.5414,
            -34.640172
          ],
          [
            -58.542881,
            -34.64015
          ],
          [
            -58.543503,
            -34.640129
          ],
          [
            -58.544083,
            -34.640107
          ],
          [
            -58.544726,
            -34.640107
          ],
          [
            -58.545134,
            -34.640107
          ],
          [
            -58.546228,
            -34.640086
          ],
          [
            -58.548954,
            -34.640043
          ],
          [
            -58.54949,
            -34.640021
          ],
          [
            -58.551099,
            -34.64
          ],
          [
            -58.552644,
            -34.639957
          ],
          [
            -58.553224,
            -34.639957
          ],
          [
            -58.554254,
            -34.639935
          ],
          [
            -58.556035,
            -34.639914
          ],
          [
            -58.557065,
            -34.639914
          ],
          [
            -58.557236,
            -34.639914
          ],
          [
            -58.558202,
            -34.639893
          ],
          [
            -58.558674,
            -34.639914
          ],
          [
            -58.560133,
            -34.640043
          ],
          [
            -58.56097,
            -34.640129
          ],
          [
            -58.561592,
            -34.640214
          ],
          [
            -58.562665,
            -34.640365
          ],
          [
            -58.562781,
            -34.640381
          ],
          [
            -58.563266,
            -34.64045
          ],
          [
            -58.563502,
            -34.640558
          ],
          [
            -58.564339,
            -34.640687
          ],
          [
            -58.565491,
            -34.640875
          ],
          [
            -58.565905,
            -34.640858
          ],
          [
            -58.566055,
            -34.640858
          ],
          [
            -58.566291,
            -34.640923
          ],
          [
            -58.567214,
            -34.641094
          ],
          [
            -58.567343,
            -34.641116
          ],
          [
            -58.568759,
            -34.641309
          ],
          [
            -58.570261,
            -34.641523
          ],
          [
            -58.57172,
            -34.641759
          ],
          [
            -58.573201,
            -34.642017
          ],
          [
            -58.574595,
            -34.642253
          ],
          [
            -58.576119,
            -34.642467
          ],
          [
            -58.577535,
            -34.642704
          ],
          [
            -58.578994,
            -34.642961
          ],
          [
            -58.580453,
            -34.643197
          ],
          [
            -58.581891,
            -34.643412
          ],
          [
            -58.583329,
            -34.643648
          ],
          [
            -58.584123,
            -34.643755
          ],
          [
            -58.585088,
            -34.643905
          ],
          [
            -58.586118,
            -34.644055
          ],
          [
            -58.587191,
            -34.644184
          ],
          [
            -58.588307,
            -34.644356
          ],
          [
            -58.589358,
            -34.644506
          ],
          [
            -58.590088,
            -34.64457
          ],
          [
            -58.590217,
            -34.644635
          ],
          [
            -58.590324,
            -34.644742
          ],
          [
            -58.590474,
            -34.644978
          ],
          [
            -58.590689,
            -34.645493
          ],
          [
            -58.590817,
            -34.645751
          ],
          [
            -58.590925,
            -34.645793
          ],
          [
            -58.591762,
            -34.645879
          ],
          [
            -58.592513,
            -34.645965
          ],
          [
            -58.593199,
            -34.646051
          ],
          [
            -58.59395,
            -34.646115
          ],
          [
            -58.594744,
            -34.646223
          ],
          [
            -58.597019,
            -34.64648
          ],
          [
            -58.598628,
            -34.646695
          ],
          [
            -58.600001,
            -34.646888
          ],
          [
            -58.600709,
            -34.646974
          ],
          [
            -58.601954,
            -34.647102
          ],
          [
            -58.603392,
            -34.647274
          ],
          [
            -58.604465,
            -34.647403
          ],
          [
            -58.605645,
            -34.647553
          ],
          [
            -58.606954,
            -34.647703
          ],
          [
            -58.607876,
            -34.647832
          ],
          [
            -58.609464,
            -34.648175
          ],
          [
            -58.610215,
            -34.648347
          ],
          [
            -58.61043,
            -34.64839
          ],
          [
            -58.610988,
            -34.648561
          ],
          [
            -58.611245,
            -34.648626
          ],
          [
            -58.612018,
            -34.648798
          ],
          [
            -58.612468,
            -34.648905
          ],
          [
            -58.613992,
            -34.649291
          ],
          [
            -58.615022,
            -34.649291
          ],
          [
            -58.616138,
            -34.64927
          ],
          [
            -58.617318,
            -34.649248
          ],
          [
            -58.618519,
            -34.649248
          ],
          [
            -58.619828,
            -34.649227
          ],
          [
            -58.621094,
            -34.649205
          ],
          [
            -58.621073,
            -34.648347
          ],
          [
            -58.621073,
            -34.648175
          ],
          [
            -58.621073,
            -34.648025
          ],
          [
            -58.621051,
            -34.64736
          ],
          [
            -58.621051,
            -34.646974
          ],
          [
            -58.621051,
            -34.646416
          ],
          [
            -58.621051,
            -34.645429
          ],
          [
            -58.62103,
            -34.644527
          ],
          [
            -58.62103,
            -34.64354
          ],
          [
            -58.62221,
            -34.642575
          ],
          [
            -58.622339,
            -34.64251
          ],
          [
            -58.622489,
            -34.64251
          ],
          [
            -58.622575,
            -34.642403
          ],
          [
            -58.622961,
            -34.642124
          ],
          [
            -58.624055,
            -34.64118
          ],
          [
            -58.624463,
            -34.640923
          ],
          [
            -58.625042,
            -34.640408
          ],
          [
            -58.62545,
            -34.639678
          ],
          [
            -58.625515,
            -34.639571
          ],
          [
            -58.626137,
            -34.638584
          ],
          [
            -58.626587,
            -34.637897
          ],
          [
            -58.626995,
            -34.63721
          ],
          [
            -58.627403,
            -34.636545
          ],
          [
            -58.62781,
            -34.63588
          ],
          [
            -58.628025,
            -34.635537
          ],
          [
            -58.628347,
            -34.634871
          ],
          [
            -58.628647,
            -34.634099
          ],
          [
            -58.628783,
            -34.633773
          ],
          [
            -58.628969,
            -34.633327
          ],
          [
            -58.629313,
            -34.632661
          ],
          [
            -58.629506,
            -34.632211
          ],
          [
            -58.62957,
            -34.631996
          ],
          [
            -58.629935,
            -34.631116
          ],
          [
            -58.630342,
            -34.630086
          ],
          [
            -58.630707,
            -34.629056
          ],
          [
            -58.630986,
            -34.628263
          ],
          [
            -58.631072,
            -34.627984
          ],
          [
            -58.631385,
            -34.627169
          ],
          [
            -58.631716,
            -34.62631
          ],
          [
            -58.632317,
            -34.624486
          ],
          [
            -58.632638,
            -34.623628
          ],
          [
            -58.63296,
            -34.622705
          ],
          [
            -58.633304,
            -34.621761
          ],
          [
            -58.63354,
            -34.62101
          ],
          [
            -58.633626,
            -34.620688
          ],
          [
            -58.633883,
            -34.618692
          ],
          [
            -58.633883,
            -34.618435
          ],
          [
            -58.633947,
            -34.618199
          ],
          [
            -58.634033,
            -34.61719
          ],
          [
            -58.634205,
            -34.615903
          ],
          [
            -58.634291,
            -34.615774
          ],
          [
            -58.635085,
            -34.615173
          ],
          [
            -58.636072,
            -34.614401
          ],
          [
            -58.636329,
            -34.614186
          ],
          [
            -58.637059,
            -34.613585
          ],
          [
            -58.637187,
            -34.613478
          ],
          [
            -58.638217,
            -34.612663
          ],
          [
            -58.638926,
            -34.612105
          ],
          [
            -58.638957,
            -34.61208
          ],
          [
            -58.639677,
            -34.611504
          ],
          [
            -58.640385,
            -34.610925
          ],
          [
            -58.641071,
            -34.610367
          ],
          [
            -58.641758,
            -34.609787
          ],
          [
            -58.642874,
            -34.608908
          ],
          [
            -58.643582,
            -34.60835
          ],
          [
            -58.644376,
            -34.607706
          ],
          [
            -58.645148,
            -34.607084
          ],
          [
            -58.645942,
            -34.60644
          ],
          [
            -58.6462,
            -34.606225
          ],
          [
            -58.64665,
            -34.605861
          ],
          [
            -58.647294,
            -34.605346
          ],
          [
            -58.648238,
            -34.604616
          ],
          [
            -58.649118,
            -34.603908
          ],
          [
            -58.650041,
            -34.603157
          ],
          [
            -58.650985,
            -34.602406
          ],
          [
            -58.651886,
            -34.601698
          ],
          [
            -58.651972,
            -34.601548
          ],
          [
            -58.653173,
            -34.600561
          ],
          [
            -58.653989,
            -34.599917
          ],
          [
            -58.654761,
            -34.599295
          ],
          [
            -58.655233,
            -34.598908
          ],
          [
            -58.655448,
            -34.598737
          ],
          [
            -58.655663,
            -34.598565
          ],
          [
            -58.656092,
            -34.598222
          ],
          [
            -58.656607,
            -34.597814
          ],
          [
            -58.657057,
            -34.597449
          ],
          [
            -58.658023,
            -34.596655
          ],
          [
            -58.658967,
            -34.595904
          ],
          [
            -58.660169,
            -34.594939
          ],
          [
            -58.661242,
            -34.594059
          ],
          [
            -58.662357,
            -34.593136
          ],
          [
            -58.662937,
            -34.592686
          ],
          [
            -58.663602,
            -34.592149
          ],
          [
            -58.664739,
            -34.591227
          ],
          [
            -58.666863,
            -34.58951
          ],
          [
            -58.668387,
            -34.59084
          ],
          [
            -58.668537,
            -34.590669
          ],
          [
            -58.673987,
            -34.586334
          ],
          [
            -58.675725,
            -34.584918
          ],
          [
            -58.676283,
            -34.584467
          ],
          [
            -58.676605,
            -34.58421
          ],
          [
            -58.677077,
            -34.583802
          ],
          [
            -58.677571,
            -34.583416
          ],
          [
            -58.678687,
            -34.582686
          ],
          [
            -58.680618,
            -34.581292
          ],
          [
            -58.681047,
            -34.581013
          ],
          [
            -58.681026,
            -34.580948
          ],
          [
            -58.682334,
            -34.580047
          ],
          [
            -58.6828,
            -34.579694
          ],
          [
            -58.682957,
            -34.579575
          ],
          [
            -58.683815,
            -34.578974
          ],
          [
            -58.684416,
            -34.578524
          ],
          [
            -58.68506,
            -34.578073
          ],
          [
            -58.68566,
            -34.577622
          ],
          [
            -58.686283,
            -34.57715
          ],
          [
            -58.686905,
            -34.576721
          ],
          [
            -58.687527,
            -34.576271
          ],
          [
            -58.688107,
            -34.575863
          ],
          [
            -58.688407,
            -34.575605
          ],
          [
            -58.688858,
            -34.575284
          ],
          [
            -58.689308,
            -34.57494
          ],
          [
            -58.690574,
            -34.57406
          ],
          [
            -58.691304,
            -34.573503
          ],
          [
            -58.692291,
            -34.572794
          ],
          [
            -58.691497,
            -34.572043
          ],
          [
            -58.691304,
            -34.571872
          ],
          [
            -58.690917,
            -34.571507
          ],
          [
            -58.69036,
            -34.570971
          ],
          [
            -58.689287,
            -34.569983
          ],
          [
            -58.688986,
            -34.569705
          ],
          [
            -58.687634,
            -34.568417
          ],
          [
            -58.686261,
            -34.567108
          ],
          [
            -58.685081,
            -34.566014
          ],
          [
            -58.684909,
            -34.565842
          ],
          [
            -58.684738,
            -34.565692
          ],
          [
            -58.683965,
            -34.564962
          ],
          [
            -58.683751,
            -34.564769
          ],
          [
            -58.683515,
            -34.564533
          ],
          [
            -58.68315,
            -34.564211
          ],
          [
            -58.682098,
            -34.563224
          ],
          [
            -58.682742,
            -34.562752
          ],
          [
            -58.6836,
            -34.562109
          ],
          [
            -58.684244,
            -34.562731
          ],
          [
            -58.684909,
            -34.563332
          ],
          [
            -58.685639,
            -34.562795
          ],
          [
            -58.686368,
            -34.56228
          ],
          [
            -58.686454,
            -34.562216
          ],
          [
            -58.687935,
            -34.561121
          ],
          [
            -58.689415,
            -34.560049
          ],
          [
            -58.690445,
            -34.559298
          ],
          [
            -58.690982,
            -34.558911
          ],
          [
            -58.691432,
            -34.558568
          ],
          [
            -58.691626,
            -34.558439
          ],
          [
            -58.692441,
            -34.557838
          ],
          [
            -58.6936,
            -34.55698
          ],
          [
            -58.694737,
            -34.556143
          ],
          [
            -58.69581,
            -34.555349
          ],
          [
            -58.696711,
            -34.554706
          ],
          [
            -58.696024,
            -34.553976
          ],
          [
            -58.696969,
            -34.553289
          ],
          [
            -58.698213,
            -34.552367
          ],
          [
            -58.698471,
            -34.552152
          ],
          [
            -58.698986,
            -34.551787
          ],
          [
            -58.6992,
            -34.551637
          ],
          [
            -58.699565,
            -34.551358
          ],
          [
            -58.699951,
            -34.551058
          ],
          [
            -58.700895,
            -34.550371
          ],
          [
            -58.701839,
            -34.549685
          ],
          [
            -58.702762,
            -34.549019
          ],
          [
            -58.70362,
            -34.548376
          ],
          [
            -58.704436,
            -34.547775
          ],
          [
            -58.705208,
            -34.547238
          ],
          [
            -58.705595,
            -34.546938
          ],
          [
            -58.706517,
            -34.546273
          ],
          [
            -58.707633,
            -34.545436
          ],
          [
            -58.708749,
            -34.544621
          ],
          [
            -58.709886,
            -34.543784
          ],
          [
            -58.711023,
            -34.542947
          ],
          [
            -58.712053,
            -34.542217
          ],
          [
            -58.713491,
            -34.541166
          ],
          [
            -58.714907,
            -34.540136
          ],
          [
            -58.71598,
            -34.539342
          ],
          [
            -58.71701,
            -34.538591
          ],
          [
            -58.71819,
            -34.537733
          ],
          [
            -58.719327,
            -34.536896
          ],
          [
            -58.720379,
            -34.536123
          ],
          [
            -58.722246,
            -34.534793
          ],
          [
            -58.722889,
            -34.534321
          ],
          [
            -58.723276,
            -34.534042
          ],
          [
            -58.72364,
            -34.533763
          ],
          [
            -58.723662,
            -34.533055
          ],
          [
            -58.72334,
            -34.532754
          ],
          [
            -58.722718,
            -34.532175
          ],
          [
            -58.721559,
            -34.531059
          ],
          [
            -58.721,
            -34.53054
          ],
          [
            -58.720958,
            -34.530501
          ],
          [
            -58.720379,
            -34.529965
          ],
          [
            -58.7198,
            -34.529428
          ],
          [
            -58.719199,
            -34.528871
          ],
          [
            -58.718598,
            -34.528334
          ],
          [
            -58.718019,
            -34.527798
          ],
          [
            -58.717461,
            -34.527261
          ],
          [
            -58.71686,
            -34.526703
          ],
          [
            -58.71716,
            -34.526489
          ],
          [
            -58.716538,
            -34.525888
          ],
          [
            -58.715894,
            -34.525287
          ],
          [
            -58.715336,
            -34.524751
          ],
          [
            -58.714714,
            -34.524171
          ],
          [
            -58.714113,
            -34.523506
          ]
        ]
      }
    },
    {
      "type": "Feature",
      "properties": {
        "Linea": "163",
        "Recorrido": "A",
        "Sentido": "VUELTA",
        "Razon_soci": "SARGENTO CABRAL SA DE TRANSPORTE",
        "Jurisdicci": "NACIONAL",
        "assigned_zone_name": "Villa Tesei Centro",
        "source_name": "Datos Transporte - Recorridos de servicios de colectivos AMBA",
        "source_url": "https://datos.transporte.gob.ar/dataset/recorridos-de-servicios-de-colectivos-amba",
        "license": "Creative Commons Attribution 4.0",
        "generated_at": "2026-06-13T02:11:01.209890+00:00",
        "data_confidence": "medium"
      },
      "geometry": {
        "type": "LineString",
        "coordinates": [
          [
            -58.714113,
            -34.523506
          ],
          [
            -58.714714,
            -34.524171
          ],
          [
            -58.715336,
            -34.524751
          ],
          [
            -58.715894,
            -34.525287
          ],
          [
            -58.716538,
            -34.525888
          ],
          [
            -58.71716,
            -34.526489
          ],
          [
            -58.71686,
            -34.526703
          ],
          [
            -58.717461,
            -34.527261
          ],
          [
            -58.718019,
            -34.527798
          ],
          [
            -58.718598,
            -34.528334
          ],
          [
            -58.719199,
            -34.528871
          ],
          [
            -58.7198,
            -34.529428
          ],
          [
            -58.720379,
            -34.529965
          ],
          [
            -58.720958,
            -34.530501
          ],
          [
            -58.721559,
            -34.531059
          ],
          [
            -58.722718,
            -34.532175
          ],
          [
            -58.72334,
            -34.532754
          ],
          [
            -58.723662,
            -34.533055
          ],
          [
            -58.724542,
            -34.533098
          ],
          [
            -58.72364,
            -34.533763
          ],
          [
            -58.723276,
            -34.534042
          ],
          [
            -58.722889,
            -34.534321
          ],
          [
            -58.722246,
            -34.534793
          ],
          [
            -58.720379,
            -34.536123
          ],
          [
            -58.719327,
            -34.536896
          ],
          [
            -58.71819,
            -34.537733
          ],
          [
            -58.71701,
            -34.538591
          ],
          [
            -58.71598,
            -34.539342
          ],
          [
            -58.716795,
            -34.540136
          ],
          [
            -58.715723,
            -34.540908
          ],
          [
            -58.714328,
            -34.54196
          ],
          [
            -58.712869,
            -34.54299
          ],
          [
            -58.711882,
            -34.543741
          ],
          [
            -58.710744,
            -34.544556
          ],
          [
            -58.709586,
            -34.545414
          ],
          [
            -58.70847,
            -34.546208
          ],
          [
            -58.707333,
            -34.547045
          ],
          [
            -58.70641,
            -34.54771
          ],
          [
            -58.705208,
            -34.54859
          ],
          [
            -58.704436,
            -34.547775
          ],
          [
            -58.70362,
            -34.548376
          ],
          [
            -58.702762,
            -34.549019
          ],
          [
            -58.701839,
            -34.549685
          ],
          [
            -58.700895,
            -34.550371
          ],
          [
            -58.699951,
            -34.551058
          ],
          [
            -58.699565,
            -34.551358
          ],
          [
            -58.6992,
            -34.551637
          ],
          [
            -58.698986,
            -34.551787
          ],
          [
            -58.698471,
            -34.552152
          ],
          [
            -58.698213,
            -34.552367
          ],
          [
            -58.696969,
            -34.553289
          ],
          [
            -58.697698,
            -34.553998
          ],
          [
            -58.696711,
            -34.554706
          ],
          [
            -58.69581,
            -34.555349
          ],
          [
            -58.694737,
            -34.556143
          ],
          [
            -58.6936,
            -34.55698
          ],
          [
            -58.692441,
            -34.557838
          ],
          [
            -58.691626,
            -34.558439
          ],
          [
            -58.691432,
            -34.558568
          ],
          [
            -58.690982,
            -34.558911
          ],
          [
            -58.690445,
            -34.559298
          ],
          [
            -58.689415,
            -34.560049
          ],
          [
            -58.687935,
            -34.561121
          ],
          [
            -58.686454,
            -34.562216
          ],
          [
            -58.686368,
            -34.56228
          ],
          [
            -58.685639,
            -34.562795
          ],
          [
            -58.684909,
            -34.563332
          ],
          [
            -58.683901,
            -34.563847
          ],
          [
            -58.68315,
            -34.564211
          ],
          [
            -58.683515,
            -34.564533
          ],
          [
            -58.683751,
            -34.564769
          ],
          [
            -58.683965,
            -34.564962
          ],
          [
            -58.684738,
            -34.565692
          ],
          [
            -58.684909,
            -34.565842
          ],
          [
            -58.685081,
            -34.566014
          ],
          [
            -58.686261,
            -34.567108
          ],
          [
            -58.687634,
            -34.568417
          ],
          [
            -58.688986,
            -34.569705
          ],
          [
            -58.689287,
            -34.569983
          ],
          [
            -58.69036,
            -34.570971
          ],
          [
            -58.690917,
            -34.571507
          ],
          [
            -58.691304,
            -34.571872
          ],
          [
            -58.691497,
            -34.572043
          ],
          [
            -58.692291,
            -34.572794
          ],
          [
            -58.691304,
            -34.573503
          ],
          [
            -58.690574,
            -34.57406
          ],
          [
            -58.689308,
            -34.57494
          ],
          [
            -58.688858,
            -34.575284
          ],
          [
            -58.688407,
            -34.575605
          ],
          [
            -58.688107,
            -34.575863
          ],
          [
            -58.687527,
            -34.576271
          ],
          [
            -58.686905,
            -34.576721
          ],
          [
            -58.686283,
            -34.57715
          ],
          [
            -58.68566,
            -34.577622
          ],
          [
            -58.68506,
            -34.578073
          ],
          [
            -58.685038,
            -34.578159
          ],
          [
            -58.68448,
            -34.578567
          ],
          [
            -58.683879,
            -34.579017
          ],
          [
            -58.683021,
            -34.579639
          ],
          [
            -58.682399,
            -34.58009
          ],
          [
            -58.681798,
            -34.580541
          ],
          [
            -58.681133,
            -34.580991
          ],
          [
            -58.681047,
            -34.581013
          ],
          [
            -58.680618,
            -34.581292
          ],
          [
            -58.679621,
            -34.582012
          ],
          [
            -58.678687,
            -34.582686
          ],
          [
            -58.677657,
            -34.58348
          ],
          [
            -58.677185,
            -34.583888
          ],
          [
            -58.67667,
            -34.584274
          ],
          [
            -58.676326,
            -34.584532
          ],
          [
            -58.67579,
            -34.584961
          ],
          [
            -58.674031,
            -34.586369
          ],
          [
            -58.66858,
            -34.590733
          ],
          [
            -58.668387,
            -34.59084
          ],
          [
            -58.666863,
            -34.58951
          ],
          [
            -58.665737,
            -34.59042
          ],
          [
            -58.664739,
            -34.591227
          ],
          [
            -58.663602,
            -34.592149
          ],
          [
            -58.662937,
            -34.592686
          ],
          [
            -58.662357,
            -34.593136
          ],
          [
            -58.661242,
            -34.594059
          ],
          [
            -58.660169,
            -34.594939
          ],
          [
            -58.658967,
            -34.595904
          ],
          [
            -58.658023,
            -34.596655
          ],
          [
            -58.657057,
            -34.597449
          ],
          [
            -58.656607,
            -34.597814
          ],
          [
            -58.656092,
            -34.598222
          ],
          [
            -58.655663,
            -34.598565
          ],
          [
            -58.655448,
            -34.598737
          ],
          [
            -58.655233,
            -34.598908
          ],
          [
            -58.654761,
            -34.599295
          ],
          [
            -58.653989,
            -34.599917
          ],
          [
            -58.653173,
            -34.600561
          ],
          [
            -58.651972,
            -34.601548
          ],
          [
            -58.651886,
            -34.601698
          ],
          [
            -58.650985,
            -34.602406
          ],
          [
            -58.650041,
            -34.603157
          ],
          [
            -58.649118,
            -34.603908
          ],
          [
            -58.648238,
            -34.604616
          ],
          [
            -58.647294,
            -34.605346
          ],
          [
            -58.64665,
            -34.605861
          ],
          [
            -58.6462,
            -34.606225
          ],
          [
            -58.645942,
            -34.60644
          ],
          [
            -58.645148,
            -34.607084
          ],
          [
            -58.644376,
            -34.607706
          ],
          [
            -58.643582,
            -34.60835
          ],
          [
            -58.642874,
            -34.608908
          ],
          [
            -58.641758,
            -34.609787
          ],
          [
            -58.641071,
            -34.610367
          ],
          [
            -58.640385,
            -34.610925
          ],
          [
            -58.639677,
            -34.611504
          ],
          [
            -58.638926,
            -34.612105
          ],
          [
            -58.638217,
            -34.612663
          ],
          [
            -58.637187,
            -34.613478
          ],
          [
            -58.637059,
            -34.613585
          ],
          [
            -58.636329,
            -34.614186
          ],
          [
            -58.636072,
            -34.614401
          ],
          [
            -58.635085,
            -34.615173
          ],
          [
            -58.634291,
            -34.615774
          ],
          [
            -58.634312,
            -34.615903
          ],
          [
            -58.634183,
            -34.61689
          ],
          [
            -58.634055,
            -34.618092
          ],
          [
            -58.63399,
            -34.618456
          ],
          [
            -58.633969,
            -34.618757
          ],
          [
            -58.633711,
            -34.620752
          ],
          [
            -58.633647,
            -34.620967
          ],
          [
            -58.633389,
            -34.621761
          ],
          [
            -58.633089,
            -34.622576
          ],
          [
            -58.632853,
            -34.62322
          ],
          [
            -58.632703,
            -34.623628
          ],
          [
            -58.632402,
            -34.624465
          ],
          [
            -58.632123,
            -34.625323
          ],
          [
            -58.63178,
            -34.626267
          ],
          [
            -58.631458,
            -34.627254
          ],
          [
            -58.631072,
            -34.628241
          ],
          [
            -58.63075,
            -34.629142
          ],
          [
            -58.630428,
            -34.630086
          ],
          [
            -58.630042,
            -34.631138
          ],
          [
            -58.629742,
            -34.631975
          ],
          [
            -58.629441,
            -34.63264
          ],
          [
            -58.62927,
            -34.633005
          ],
          [
            -58.629162,
            -34.633327
          ],
          [
            -58.628897,
            -34.633904
          ],
          [
            -58.628798,
            -34.63412
          ],
          [
            -58.628454,
            -34.634871
          ],
          [
            -58.628111,
            -34.635558
          ],
          [
            -58.627918,
            -34.635901
          ],
          [
            -58.627553,
            -34.636502
          ],
          [
            -58.62751,
            -34.636588
          ],
          [
            -58.627124,
            -34.637253
          ],
          [
            -58.626673,
            -34.63794
          ],
          [
            -58.626351,
            -34.638476
          ],
          [
            -58.626266,
            -34.638648
          ],
          [
            -58.625729,
            -34.639592
          ],
          [
            -58.625085,
            -34.640579
          ],
          [
            -58.624527,
            -34.641073
          ],
          [
            -58.624077,
            -34.641416
          ],
          [
            -58.623068,
            -34.64221
          ],
          [
            -58.622746,
            -34.642403
          ],
          [
            -58.622489,
            -34.64251
          ],
          [
            -58.622339,
            -34.64251
          ],
          [
            -58.62221,
            -34.642575
          ],
          [
            -58.62103,
            -34.64354
          ],
          [
            -58.620515,
            -34.643948
          ],
          [
            -58.619785,
            -34.644549
          ],
          [
            -58.619807,
            -34.645472
          ],
          [
            -58.619828,
            -34.646459
          ],
          [
            -58.619828,
            -34.646995
          ],
          [
            -58.619828,
            -34.64736
          ],
          [
            -58.621051,
            -34.64736
          ],
          [
            -58.622661,
            -34.647317
          ],
          [
            -58.622661,
            -34.648154
          ],
          [
            -58.622682,
            -34.649184
          ],
          [
            -58.622725,
            -34.650407
          ],
          [
            -58.621159,
            -34.650471
          ],
          [
            -58.619828,
            -34.650514
          ],
          [
            -58.618541,
            -34.650557
          ],
          [
            -58.617361,
            -34.6506
          ],
          [
            -58.616202,
            -34.650643
          ],
          [
            -58.615065,
            -34.650686
          ],
          [
            -58.613949,
            -34.650707
          ],
          [
            -58.613927,
            -34.649398
          ],
          [
            -58.613992,
            -34.649291
          ],
          [
            -58.612468,
            -34.648905
          ],
          [
            -58.612018,
            -34.648798
          ],
          [
            -58.611245,
            -34.648626
          ],
          [
            -58.610988,
            -34.648561
          ],
          [
            -58.610932,
            -34.648544
          ],
          [
            -58.61043,
            -34.64839
          ],
          [
            -58.610215,
            -34.648347
          ],
          [
            -58.609464,
            -34.648175
          ],
          [
            -58.607876,
            -34.647832
          ],
          [
            -58.606954,
            -34.647703
          ],
          [
            -58.605645,
            -34.647553
          ],
          [
            -58.604465,
            -34.647403
          ],
          [
            -58.603392,
            -34.647274
          ],
          [
            -58.601954,
            -34.647102
          ],
          [
            -58.600709,
            -34.646974
          ],
          [
            -58.600001,
            -34.646888
          ],
          [
            -58.598628,
            -34.646695
          ],
          [
            -58.597019,
            -34.64648
          ],
          [
            -58.594744,
            -34.646223
          ],
          [
            -58.59395,
            -34.646115
          ],
          [
            -58.593199,
            -34.646051
          ],
          [
            -58.592513,
            -34.645965
          ],
          [
            -58.591762,
            -34.645879
          ],
          [
            -58.590925,
            -34.645793
          ],
          [
            -58.590817,
            -34.645751
          ],
          [
            -58.590689,
            -34.645493
          ],
          [
            -58.590474,
            -34.644978
          ],
          [
            -58.590324,
            -34.644742
          ],
          [
            -58.590217,
            -34.644635
          ],
          [
            -58.590088,
            -34.64457
          ],
          [
            -58.589358,
            -34.644506
          ],
          [
            -58.588307,
            -34.644356
          ],
          [
            -58.587191,
            -34.644184
          ],
          [
            -58.586118,
            -34.644055
          ],
          [
            -58.585088,
            -34.643905
          ],
          [
            -58.584123,
            -34.643755
          ],
          [
            -58.583329,
            -34.643648
          ],
          [
            -58.581891,
            -34.643412
          ],
          [
            -58.580453,
            -34.643197
          ],
          [
            -58.578994,
            -34.642961
          ],
          [
            -58.577535,
            -34.642704
          ],
          [
            -58.576119,
            -34.642467
          ],
          [
            -58.574595,
            -34.642253
          ],
          [
            -58.573201,
            -34.642017
          ],
          [
            -58.57172,
            -34.641759
          ],
          [
            -58.570261,
            -34.641523
          ],
          [
            -58.568759,
            -34.641309
          ],
          [
            -58.567343,
            -34.641116
          ],
          [
            -58.567214,
            -34.641094
          ],
          [
            -58.566291,
            -34.640923
          ],
          [
            -58.565948,
            -34.640944
          ],
          [
            -58.565862,
            -34.640987
          ],
          [
            -58.565798,
            -34.641116
          ],
          [
            -58.565562,
            -34.641867
          ],
          [
            -58.564081,
            -34.641652
          ],
          [
            -58.562837,
            -34.641438
          ],
          [
            -58.563051,
            -34.640665
          ],
          [
            -58.562987,
            -34.640472
          ],
          [
            -58.562665,
            -34.640365
          ],
          [
            -58.561592,
            -34.640214
          ],
          [
            -58.56097,
            -34.640129
          ],
          [
            -58.560133,
            -34.640043
          ],
          [
            -58.558674,
            -34.639914
          ],
          [
            -58.558202,
            -34.639893
          ],
          [
            -58.557236,
            -34.639914
          ],
          [
            -58.557065,
            -34.639914
          ],
          [
            -58.556035,
            -34.639914
          ],
          [
            -58.554254,
            -34.639935
          ],
          [
            -58.553224,
            -34.639957
          ],
          [
            -58.552644,
            -34.639957
          ],
          [
            -58.551099,
            -34.64
          ],
          [
            -58.54949,
            -34.640021
          ],
          [
            -58.548954,
            -34.640043
          ],
          [
            -58.546228,
            -34.640086
          ],
          [
            -58.545134,
            -34.640107
          ],
          [
            -58.544726,
            -34.640107
          ],
          [
            -58.544083,
            -34.640107
          ],
          [
            -58.543503,
            -34.640129
          ],
          [
            -58.542881,
            -34.64015
          ],
          [
            -58.5414,
            -34.640172
          ],
          [
            -58.539984,
            -34.640129
          ],
          [
            -58.538611,
            -34.640021
          ],
          [
            -58.537281,
            -34.639914
          ],
          [
            -58.535843,
            -34.639828
          ],
          [
            -58.535092,
            -34.639742
          ],
          [
            -58.533311,
            -34.639635
          ],
          [
            -58.53221,
            -34.639551
          ],
          [
            -58.531106,
            -34.639466
          ],
          [
            -58.531025,
            -34.640658
          ],
          [
            -58.530457,
            -34.640622
          ],
          [
            -58.529943,
            -34.640576
          ],
          [
            -58.529041,
            -34.640515
          ],
          [
            -58.529062,
            -34.640021
          ],
          [
            -58.529105,
            -34.639528
          ],
          [
            -58.528902,
            -34.639343
          ],
          [
            -58.528869,
            -34.639313
          ],
          [
            -58.527732,
            -34.639227
          ],
          [
            -58.526423,
            -34.63912
          ],
          [
            -58.525093,
            -34.639034
          ],
          [
            -58.523719,
            -34.638927
          ],
          [
            -58.522561,
            -34.63882
          ],
          [
            -58.52123,
            -34.638927
          ],
          [
            -58.51975,
            -34.638991
          ],
          [
            -58.518763,
            -34.639056
          ],
          [
            -58.517411,
            -34.63912
          ],
          [
            -58.516273,
            -34.639184
          ],
          [
            -58.515823,
            -34.639184
          ],
          [
            -58.514299,
            -34.639227
          ],
          [
            -58.51299,
            -34.63927
          ],
          [
            -58.511424,
            -34.639335
          ],
          [
            -58.510051,
            -34.639099
          ],
          [
            -58.508699,
            -34.638863
          ],
          [
            -58.507347,
            -34.638627
          ],
          [
            -58.505931,
            -34.638369
          ],
          [
            -58.504536,
            -34.638155
          ],
          [
            -58.503957,
            -34.638069
          ],
          [
            -58.50342,
            -34.637983
          ],
          [
            -58.502069,
            -34.63779
          ],
          [
            -58.500931,
            -34.637618
          ],
          [
            -58.499472,
            -34.637425
          ],
          [
            -58.498013,
            -34.63721
          ],
          [
            -58.496575,
            -34.637017
          ],
          [
            -58.495932,
            -34.636931
          ],
          [
            -58.495116,
            -34.636824
          ],
          [
            -58.493657,
            -34.63661
          ],
          [
            -58.493099,
            -34.636481
          ],
          [
            -58.492134,
            -34.636288
          ],
          [
            -58.491747,
            -34.636202
          ],
          [
            -58.491061,
            -34.63603
          ],
          [
            -58.48943,
            -34.635623
          ],
          [
            -58.487649,
            -34.635193
          ],
          [
            -58.486683,
            -34.634979
          ],
          [
            -58.485439,
            -34.634678
          ],
          [
            -58.484859,
            -34.63455
          ],
          [
            -58.484173,
            -34.634399
          ],
          [
            -58.483272,
            -34.634163
          ],
          [
            -58.482349,
            -34.633949
          ],
          [
            -58.481705,
            -34.633799
          ],
          [
            -58.480353,
            -34.633477
          ],
          [
            -58.478916,
            -34.633133
          ],
          [
            -58.477821,
            -34.632876
          ],
          [
            -58.476727,
            -34.632618
          ],
          [
            -58.475654,
            -34.632339
          ],
          [
            -58.474603,
            -34.632061
          ],
          [
            -58.473487,
            -34.63176
          ],
          [
            -58.472371,
            -34.63146
          ],
          [
            -58.471191,
            -34.631116
          ],
          [
            -58.469636,
            -34.630686
          ],
          [
            -58.469542,
            -34.630659
          ],
          [
            -58.468315,
            -34.630339
          ],
          [
            -58.467008,
            -34.630006
          ],
          [
            -58.466907,
            -34.630046
          ],
          [
            -58.466858,
            -34.630062
          ],
          [
            -58.465465,
            -34.629732
          ],
          [
            -58.464947,
            -34.629576
          ],
          [
            -58.464785,
            -34.629501
          ],
          [
            -58.464074,
            -34.629296
          ],
          [
            -58.463536,
            -34.629087
          ],
          [
            -58.463252,
            -34.628971
          ],
          [
            -58.462715,
            -34.628842
          ],
          [
            -58.461213,
            -34.628391
          ],
          [
            -58.459883,
            -34.627941
          ],
          [
            -58.458853,
            -34.627533
          ],
          [
            -58.457844,
            -34.627125
          ],
          [
            -58.456707,
            -34.626653
          ],
          [
            -58.455377,
            -34.626138
          ],
          [
            -58.454046,
            -34.625645
          ],
          [
            -58.452973,
            -34.625237
          ],
          [
            -58.452029,
            -34.624872
          ],
          [
            -58.450677,
            -34.624314
          ],
          [
            -58.449883,
            -34.624014
          ],
          [
            -58.449411,
            -34.623799
          ],
          [
            -58.448725,
            -34.623542
          ],
          [
            -58.44821,
            -34.623349
          ],
          [
            -58.447266,
            -34.622984
          ],
          [
            -58.447008,
            -34.622877
          ],
          [
            -58.445807,
            -34.622426
          ],
          [
            -58.445163,
            -34.622147
          ],
          [
            -58.444324,
            -34.621858
          ],
          [
            -58.442275,
            -34.621109
          ],
          [
            -58.441052,
            -34.620807
          ],
          [
            -58.438722,
            -34.620164
          ],
          [
            -58.438982,
            -34.619457
          ],
          [
            -58.440239,
            -34.620005
          ],
          [
            -58.440711,
            -34.618739
          ]
        ]
      }
    },
    {
      "type": "Feature",
      "properties": {
        "Linea": "163",
        "Recorrido": "B",
        "Sentido": "IDA",
        "Razon_soci": "SARGENTO CABRAL SA DE TRANSPORTE",
        "Jurisdicci": "NACIONAL",
        "assigned_zone_name": "Villa Tesei Centro",
        "source_name": "Datos Transporte - Recorridos de servicios de colectivos AMBA",
        "source_url": "https://datos.transporte.gob.ar/dataset/recorridos-de-servicios-de-colectivos-amba",
        "license": "Creative Commons Attribution 4.0",
        "generated_at": "2026-06-13T02:11:01.209890+00:00",
        "data_confidence": "medium"
      },
      "geometry": {
        "type": "LineString",
        "coordinates": [
          [
            -58.516273,
            -34.639184
          ],
          [
            -58.517411,
            -34.63912
          ],
          [
            -58.518763,
            -34.639056
          ],
          [
            -58.51975,
            -34.638991
          ],
          [
            -58.52123,
            -34.638927
          ],
          [
            -58.522561,
            -34.63882
          ],
          [
            -58.523719,
            -34.638927
          ],
          [
            -58.525093,
            -34.639034
          ],
          [
            -58.526423,
            -34.63912
          ],
          [
            -58.527732,
            -34.639227
          ],
          [
            -58.528869,
            -34.639313
          ],
          [
            -58.529298,
            -34.639335
          ],
          [
            -58.529942,
            -34.639356
          ],
          [
            -58.530242,
            -34.639378
          ],
          [
            -58.530736,
            -34.639421
          ],
          [
            -58.531106,
            -34.639466
          ],
          [
            -58.53221,
            -34.639551
          ],
          [
            -58.533311,
            -34.639635
          ],
          [
            -58.535092,
            -34.639742
          ],
          [
            -58.535843,
            -34.639828
          ],
          [
            -58.537281,
            -34.639914
          ],
          [
            -58.538611,
            -34.640021
          ],
          [
            -58.539984,
            -34.640129
          ],
          [
            -58.5414,
            -34.640172
          ],
          [
            -58.542881,
            -34.64015
          ],
          [
            -58.543503,
            -34.640129
          ],
          [
            -58.544083,
            -34.640107
          ],
          [
            -58.544726,
            -34.640107
          ],
          [
            -58.545134,
            -34.640107
          ],
          [
            -58.546228,
            -34.640086
          ],
          [
            -58.548954,
            -34.640043
          ],
          [
            -58.54949,
            -34.640021
          ],
          [
            -58.551099,
            -34.64
          ],
          [
            -58.552644,
            -34.639957
          ],
          [
            -58.553224,
            -34.639957
          ],
          [
            -58.554254,
            -34.639935
          ],
          [
            -58.556035,
            -34.639914
          ],
          [
            -58.557065,
            -34.639914
          ],
          [
            -58.557236,
            -34.639914
          ],
          [
            -58.558202,
            -34.639893
          ],
          [
            -58.558674,
            -34.639914
          ],
          [
            -58.560133,
            -34.640043
          ],
          [
            -58.56097,
            -34.640129
          ],
          [
            -58.561592,
            -34.640214
          ],
          [
            -58.562665,
            -34.640365
          ],
          [
            -58.562781,
            -34.640381
          ],
          [
            -58.563266,
            -34.64045
          ],
          [
            -58.563502,
            -34.640558
          ],
          [
            -58.564339,
            -34.640687
          ],
          [
            -58.565491,
            -34.640875
          ],
          [
            -58.565905,
            -34.640858
          ],
          [
            -58.566055,
            -34.640858
          ],
          [
            -58.566291,
            -34.640923
          ],
          [
            -58.567214,
            -34.641094
          ],
          [
            -58.567343,
            -34.641116
          ],
          [
            -58.568759,
            -34.641309
          ],
          [
            -58.570261,
            -34.641523
          ],
          [
            -58.57172,
            -34.641759
          ],
          [
            -58.573201,
            -34.642017
          ],
          [
            -58.574595,
            -34.642253
          ],
          [
            -58.576119,
            -34.642467
          ],
          [
            -58.577535,
            -34.642704
          ],
          [
            -58.578994,
            -34.642961
          ],
          [
            -58.580453,
            -34.643197
          ],
          [
            -58.581891,
            -34.643412
          ],
          [
            -58.583329,
            -34.643648
          ],
          [
            -58.584123,
            -34.643755
          ],
          [
            -58.585088,
            -34.643905
          ],
          [
            -58.586118,
            -34.644055
          ],
          [
            -58.587191,
            -34.644184
          ],
          [
            -58.588307,
            -34.644356
          ],
          [
            -58.589358,
            -34.644506
          ],
          [
            -58.590088,
            -34.64457
          ],
          [
            -58.590217,
            -34.644635
          ],
          [
            -58.590324,
            -34.644742
          ],
          [
            -58.590474,
            -34.644978
          ],
          [
            -58.590689,
            -34.645493
          ],
          [
            -58.590817,
            -34.645751
          ],
          [
            -58.590925,
            -34.645793
          ],
          [
            -58.591762,
            -34.645879
          ],
          [
            -58.592513,
            -34.645965
          ],
          [
            -58.593199,
            -34.646051
          ],
          [
            -58.59395,
            -34.646115
          ],
          [
            -58.594744,
            -34.646223
          ],
          [
            -58.597019,
            -34.64648
          ],
          [
            -58.598628,
            -34.646695
          ],
          [
            -58.600001,
            -34.646888
          ],
          [
            -58.600709,
            -34.646974
          ],
          [
            -58.601954,
            -34.647102
          ],
          [
            -58.603392,
            -34.647274
          ],
          [
            -58.604465,
            -34.647403
          ],
          [
            -58.605645,
            -34.647553
          ],
          [
            -58.606954,
            -34.647703
          ],
          [
            -58.607876,
            -34.647832
          ],
          [
            -58.609464,
            -34.648175
          ],
          [
            -58.610215,
            -34.648347
          ],
          [
            -58.61043,
            -34.64839
          ],
          [
            -58.610988,
            -34.648561
          ],
          [
            -58.611245,
            -34.648626
          ],
          [
            -58.612018,
            -34.648798
          ],
          [
            -58.612468,
            -34.648905
          ],
          [
            -58.613992,
            -34.649291
          ],
          [
            -58.615022,
            -34.649291
          ],
          [
            -58.616138,
            -34.64927
          ],
          [
            -58.617318,
            -34.649248
          ],
          [
            -58.618519,
            -34.649248
          ],
          [
            -58.619828,
            -34.649227
          ],
          [
            -58.621094,
            -34.649205
          ],
          [
            -58.621073,
            -34.648347
          ],
          [
            -58.621073,
            -34.648175
          ],
          [
            -58.621073,
            -34.648025
          ],
          [
            -58.621051,
            -34.64736
          ],
          [
            -58.621051,
            -34.646974
          ],
          [
            -58.621051,
            -34.646416
          ],
          [
            -58.621051,
            -34.645429
          ],
          [
            -58.62103,
            -34.644527
          ],
          [
            -58.62103,
            -34.64354
          ],
          [
            -58.62221,
            -34.642575
          ],
          [
            -58.622339,
            -34.64251
          ],
          [
            -58.622489,
            -34.64251
          ],
          [
            -58.622575,
            -34.642403
          ],
          [
            -58.622961,
            -34.642124
          ],
          [
            -58.624055,
            -34.64118
          ],
          [
            -58.624463,
            -34.640923
          ],
          [
            -58.625042,
            -34.640408
          ],
          [
            -58.62545,
            -34.639678
          ],
          [
            -58.625515,
            -34.639571
          ],
          [
            -58.626137,
            -34.638584
          ],
          [
            -58.626587,
            -34.637897
          ],
          [
            -58.626995,
            -34.63721
          ],
          [
            -58.627403,
            -34.636545
          ],
          [
            -58.62781,
            -34.63588
          ],
          [
            -58.628025,
            -34.635537
          ],
          [
            -58.628347,
            -34.634871
          ],
          [
            -58.628647,
            -34.634099
          ],
          [
            -58.628783,
            -34.633773
          ],
          [
            -58.628969,
            -34.633327
          ],
          [
            -58.629313,
            -34.632661
          ],
          [
            -58.629506,
            -34.632211
          ],
          [
            -58.62957,
            -34.631996
          ],
          [
            -58.629935,
            -34.631116
          ],
          [
            -58.630342,
            -34.630086
          ],
          [
            -58.630707,
            -34.629056
          ],
          [
            -58.630986,
            -34.628263
          ],
          [
            -58.631072,
            -34.627984
          ],
          [
            -58.631385,
            -34.627169
          ],
          [
            -58.631716,
            -34.62631
          ],
          [
            -58.632317,
            -34.624486
          ],
          [
            -58.632638,
            -34.623628
          ],
          [
            -58.63296,
            -34.622705
          ],
          [
            -58.633304,
            -34.621761
          ],
          [
            -58.63354,
            -34.62101
          ],
          [
            -58.633626,
            -34.620688
          ],
          [
            -58.633883,
            -34.618692
          ],
          [
            -58.633883,
            -34.618435
          ],
          [
            -58.633947,
            -34.618199
          ],
          [
            -58.634033,
            -34.61719
          ],
          [
            -58.634205,
            -34.615903
          ],
          [
            -58.634291,
            -34.615774
          ],
          [
            -58.635085,
            -34.615173
          ],
          [
            -58.636072,
            -34.614401
          ],
          [
            -58.636329,
            -34.614186
          ],
          [
            -58.637059,
            -34.613585
          ],
          [
            -58.637187,
            -34.613478
          ],
          [
            -58.638217,
            -34.612663
          ],
          [
            -58.638926,
            -34.612105
          ],
          [
            -58.638957,
            -34.61208
          ],
          [
            -58.639677,
            -34.611504
          ],
          [
            -58.640385,
            -34.610925
          ],
          [
            -58.641071,
            -34.610367
          ],
          [
            -58.641758,
            -34.609787
          ],
          [
            -58.642874,
            -34.608908
          ],
          [
            -58.643582,
            -34.60835
          ],
          [
            -58.644376,
            -34.607706
          ],
          [
            -58.645148,
            -34.607084
          ],
          [
            -58.645942,
            -34.60644
          ],
          [
            -58.6462,
            -34.606225
          ],
          [
            -58.64665,
            -34.605861
          ],
          [
            -58.647294,
            -34.605346
          ],
          [
            -58.648238,
            -34.604616
          ],
          [
            -58.649118,
            -34.603908
          ],
          [
            -58.650041,
            -34.603157
          ],
          [
            -58.650985,
            -34.602406
          ],
          [
            -58.651886,
            -34.601698
          ],
          [
            -58.651972,
            -34.601548
          ],
          [
            -58.653173,
            -34.600561
          ],
          [
            -58.653989,
            -34.599917
          ],
          [
            -58.654761,
            -34.599295
          ],
          [
            -58.655233,
            -34.598908
          ],
          [
            -58.655448,
            -34.598737
          ],
          [
            -58.655663,
            -34.598565
          ],
          [
            -58.656092,
            -34.598222
          ],
          [
            -58.656607,
            -34.597814
          ],
          [
            -58.657057,
            -34.597449
          ],
          [
            -58.658023,
            -34.596655
          ],
          [
            -58.658967,
            -34.595904
          ],
          [
            -58.660169,
            -34.594939
          ],
          [
            -58.661242,
            -34.594059
          ],
          [
            -58.662357,
            -34.593136
          ],
          [
            -58.662937,
            -34.592686
          ],
          [
            -58.663602,
            -34.592149
          ],
          [
            -58.664739,
            -34.591227
          ],
          [
            -58.666863,
            -34.58951
          ],
          [
            -58.668387,
            -34.59084
          ],
          [
            -58.668537,
            -34.590669
          ],
          [
            -58.673987,
            -34.586334
          ],
          [
            -58.675725,
            -34.584918
          ],
          [
            -58.676283,
            -34.584467
          ],
          [
            -58.676605,
            -34.58421
          ],
          [
            -58.677077,
            -34.583802
          ],
          [
            -58.677571,
            -34.583416
          ],
          [
            -58.678687,
            -34.582686
          ],
          [
            -58.680618,
            -34.581292
          ],
          [
            -58.681047,
            -34.581013
          ],
          [
            -58.681026,
            -34.580948
          ],
          [
            -58.682334,
            -34.580047
          ],
          [
            -58.6828,
            -34.579694
          ],
          [
            -58.682957,
            -34.579575
          ],
          [
            -58.683815,
            -34.578974
          ],
          [
            -58.684416,
            -34.578524
          ],
          [
            -58.68506,
            -34.578073
          ],
          [
            -58.68566,
            -34.577622
          ],
          [
            -58.686283,
            -34.57715
          ],
          [
            -58.686905,
            -34.576721
          ],
          [
            -58.687527,
            -34.576271
          ],
          [
            -58.688107,
            -34.575863
          ],
          [
            -58.688407,
            -34.575605
          ],
          [
            -58.688858,
            -34.575284
          ],
          [
            -58.689308,
            -34.57494
          ],
          [
            -58.690574,
            -34.57406
          ],
          [
            -58.691304,
            -34.573503
          ],
          [
            -58.692291,
            -34.572794
          ],
          [
            -58.691497,
            -34.572043
          ],
          [
            -58.691304,
            -34.571872
          ],
          [
            -58.690917,
            -34.571507
          ],
          [
            -58.69036,
            -34.570971
          ],
          [
            -58.689287,
            -34.569983
          ],
          [
            -58.688986,
            -34.569705
          ],
          [
            -58.687634,
            -34.568417
          ],
          [
            -58.686261,
            -34.567108
          ],
          [
            -58.685081,
            -34.566014
          ],
          [
            -58.684909,
            -34.565842
          ],
          [
            -58.684738,
            -34.565692
          ],
          [
            -58.683965,
            -34.564962
          ],
          [
            -58.683751,
            -34.564769
          ],
          [
            -58.683515,
            -34.564533
          ],
          [
            -58.68315,
            -34.564211
          ],
          [
            -58.682098,
            -34.563224
          ],
          [
            -58.682742,
            -34.562752
          ],
          [
            -58.6836,
            -34.562109
          ],
          [
            -58.684244,
            -34.562731
          ],
          [
            -58.684909,
            -34.563332
          ],
          [
            -58.685639,
            -34.562795
          ],
          [
            -58.686368,
            -34.56228
          ],
          [
            -58.686454,
            -34.562216
          ],
          [
            -58.687935,
            -34.561121
          ],
          [
            -58.689415,
            -34.560049
          ],
          [
            -58.690445,
            -34.559298
          ],
          [
            -58.690982,
            -34.558911
          ],
          [
            -58.691432,
            -34.558568
          ],
          [
            -58.691626,
            -34.558439
          ],
          [
            -58.692441,
            -34.557838
          ],
          [
            -58.6936,
            -34.55698
          ],
          [
            -58.694737,
            -34.556143
          ],
          [
            -58.69581,
            -34.555349
          ],
          [
            -58.696711,
            -34.554706
          ],
          [
            -58.696024,
            -34.553976
          ],
          [
            -58.696969,
            -34.553289
          ],
          [
            -58.698213,
            -34.552367
          ],
          [
            -58.698471,
            -34.552152
          ],
          [
            -58.698986,
            -34.551787
          ],
          [
            -58.6992,
            -34.551637
          ],
          [
            -58.699565,
            -34.551358
          ],
          [
            -58.699951,
            -34.551058
          ],
          [
            -58.700895,
            -34.550371
          ],
          [
            -58.701839,
            -34.549685
          ],
          [
            -58.702762,
            -34.549019
          ],
          [
            -58.70362,
            -34.548376
          ],
          [
            -58.704436,
            -34.547775
          ],
          [
            -58.705208,
            -34.547238
          ],
          [
            -58.705595,
            -34.546938
          ],
          [
            -58.706517,
            -34.546273
          ],
          [
            -58.707633,
            -34.545436
          ],
          [
            -58.708749,
            -34.544621
          ],
          [
            -58.709886,
            -34.543784
          ],
          [
            -58.711023,
            -34.542947
          ],
          [
            -58.712053,
            -34.542217
          ],
          [
            -58.713491,
            -34.541166
          ],
          [
            -58.714907,
            -34.540136
          ],
          [
            -58.71598,
            -34.539342
          ],
          [
            -58.71701,
            -34.538591
          ],
          [
            -58.71819,
            -34.537733
          ],
          [
            -58.719327,
            -34.536896
          ],
          [
            -58.720379,
            -34.536123
          ],
          [
            -58.722246,
            -34.534793
          ],
          [
            -58.722889,
            -34.534321
          ],
          [
            -58.723276,
            -34.534042
          ],
          [
            -58.72364,
            -34.533763
          ],
          [
            -58.723662,
            -34.533055
          ],
          [
            -58.72334,
            -34.532754
          ],
          [
            -58.722718,
            -34.532175
          ],
          [
            -58.721559,
            -34.531059
          ],
          [
            -58.721,
            -34.53054
          ],
          [
            -58.720958,
            -34.530501
          ],
          [
            -58.720379,
            -34.529965
          ],
          [
            -58.7198,
            -34.529428
          ],
          [
            -58.719199,
            -34.528871
          ],
          [
            -58.718598,
            -34.528334
          ],
          [
            -58.718019,
            -34.527798
          ],
          [
            -58.717461,
            -34.527261
          ],
          [
            -58.71686,
            -34.526703
          ],
          [
            -58.71716,
            -34.526489
          ],
          [
            -58.716538,
            -34.525888
          ],
          [
            -58.715894,
            -34.525287
          ],
          [
            -58.715336,
            -34.524751
          ],
          [
            -58.714714,
            -34.524171
          ],
          [
            -58.714113,
            -34.523506
          ]
        ]
      }
    },
    {
      "type": "Feature",
      "properties": {
        "Linea": "163",
        "Recorrido": "B",
        "Sentido": "VUELTA",
        "Razon_soci": "SARGENTO CABRAL SA DE TRANSPORTE",
        "Jurisdicci": "NACIONAL",
        "assigned_zone_name": "Villa Tesei Centro",
        "source_name": "Datos Transporte - Recorridos de servicios de colectivos AMBA",
        "source_url": "https://datos.transporte.gob.ar/dataset/recorridos-de-servicios-de-colectivos-amba",
        "license": "Creative Commons Attribution 4.0",
        "generated_at": "2026-06-13T02:11:01.209890+00:00",
        "data_confidence": "medium"
      },
      "geometry": {
        "type": "LineString",
        "coordinates": [
          [
            -58.714113,
            -34.523506
          ],
          [
            -58.714714,
            -34.524171
          ],
          [
            -58.715336,
            -34.524751
          ],
          [
            -58.715894,
            -34.525287
          ],
          [
            -58.716538,
            -34.525888
          ],
          [
            -58.71716,
            -34.526489
          ],
          [
            -58.71686,
            -34.526703
          ],
          [
            -58.717461,
            -34.527261
          ],
          [
            -58.718019,
            -34.527798
          ],
          [
            -58.718598,
            -34.528334
          ],
          [
            -58.719199,
            -34.528871
          ],
          [
            -58.7198,
            -34.529428
          ],
          [
            -58.720379,
            -34.529965
          ],
          [
            -58.720958,
            -34.530501
          ],
          [
            -58.721559,
            -34.531059
          ],
          [
            -58.722718,
            -34.532175
          ],
          [
            -58.72334,
            -34.532754
          ],
          [
            -58.723662,
            -34.533055
          ],
          [
            -58.724542,
            -34.533098
          ],
          [
            -58.72364,
            -34.533763
          ],
          [
            -58.723276,
            -34.534042
          ],
          [
            -58.722889,
            -34.534321
          ],
          [
            -58.722246,
            -34.534793
          ],
          [
            -58.720379,
            -34.536123
          ],
          [
            -58.719327,
            -34.536896
          ],
          [
            -58.71819,
            -34.537733
          ],
          [
            -58.71701,
            -34.538591
          ],
          [
            -58.71598,
            -34.539342
          ],
          [
            -58.716795,
            -34.540136
          ],
          [
            -58.715723,
            -34.540908
          ],
          [
            -58.714328,
            -34.54196
          ],
          [
            -58.712869,
            -34.54299
          ],
          [
            -58.711882,
            -34.543741
          ],
          [
            -58.710744,
            -34.544556
          ],
          [
            -58.709586,
            -34.545414
          ],
          [
            -58.70847,
            -34.546208
          ],
          [
            -58.707333,
            -34.547045
          ],
          [
            -58.70641,
            -34.54771
          ],
          [
            -58.705208,
            -34.54859
          ],
          [
            -58.704436,
            -34.547775
          ],
          [
            -58.70362,
            -34.548376
          ],
          [
            -58.702762,
            -34.549019
          ],
          [
            -58.701839,
            -34.549685
          ],
          [
            -58.700895,
            -34.550371
          ],
          [
            -58.699951,
            -34.551058
          ],
          [
            -58.699565,
            -34.551358
          ],
          [
            -58.6992,
            -34.551637
          ],
          [
            -58.698986,
            -34.551787
          ],
          [
            -58.698471,
            -34.552152
          ],
          [
            -58.698213,
            -34.552367
          ],
          [
            -58.696969,
            -34.553289
          ],
          [
            -58.697698,
            -34.553998
          ],
          [
            -58.696711,
            -34.554706
          ],
          [
            -58.69581,
            -34.555349
          ],
          [
            -58.694737,
            -34.556143
          ],
          [
            -58.6936,
            -34.55698
          ],
          [
            -58.692441,
            -34.557838
          ],
          [
            -58.691626,
            -34.558439
          ],
          [
            -58.691432,
            -34.558568
          ],
          [
            -58.690982,
            -34.558911
          ],
          [
            -58.690445,
            -34.559298
          ],
          [
            -58.689415,
            -34.560049
          ],
          [
            -58.687935,
            -34.561121
          ],
          [
            -58.686454,
            -34.562216
          ],
          [
            -58.686368,
            -34.56228
          ],
          [
            -58.685639,
            -34.562795
          ],
          [
            -58.684909,
            -34.563332
          ],
          [
            -58.683901,
            -34.563847
          ],
          [
            -58.68315,
            -34.564211
          ],
          [
            -58.683515,
            -34.564533
          ],
          [
            -58.683751,
            -34.564769
          ],
          [
            -58.683965,
            -34.564962
          ],
          [
            -58.684738,
            -34.565692
          ],
          [
            -58.684909,
            -34.565842
          ],
          [
            -58.685081,
            -34.566014
          ],
          [
            -58.686261,
            -34.567108
          ],
          [
            -58.687634,
            -34.568417
          ],
          [
            -58.688986,
            -34.569705
          ],
          [
            -58.689287,
            -34.569983
          ],
          [
            -58.69036,
            -34.570971
          ],
          [
            -58.690917,
            -34.571507
          ],
          [
            -58.691304,
            -34.571872
          ],
          [
            -58.691497,
            -34.572043
          ],
          [
            -58.692291,
            -34.572794
          ],
          [
            -58.691304,
            -34.573503
          ],
          [
            -58.690574,
            -34.57406
          ],
          [
            -58.689308,
            -34.57494
          ],
          [
            -58.688858,
            -34.575284
          ],
          [
            -58.688407,
            -34.575605
          ],
          [
            -58.688107,
            -34.575863
          ],
          [
            -58.687527,
            -34.576271
          ],
          [
            -58.686905,
            -34.576721
          ],
          [
            -58.686283,
            -34.57715
          ],
          [
            -58.68566,
            -34.577622
          ],
          [
            -58.68506,
            -34.578073
          ],
          [
            -58.685038,
            -34.578159
          ],
          [
            -58.68448,
            -34.578567
          ],
          [
            -58.683879,
            -34.579017
          ],
          [
            -58.683021,
            -34.579639
          ],
          [
            -58.682399,
            -34.58009
          ],
          [
            -58.681798,
            -34.580541
          ],
          [
            -58.681133,
            -34.580991
          ],
          [
            -58.681047,
            -34.581013
          ],
          [
            -58.680618,
            -34.581292
          ],
          [
            -58.679621,
            -34.582012
          ],
          [
            -58.678687,
            -34.582686
          ],
          [
            -58.677657,
            -34.58348
          ],
          [
            -58.677185,
            -34.583888
          ],
          [
            -58.67667,
            -34.584274
          ],
          [
            -58.676326,
            -34.584532
          ],
          [
            -58.67579,
            -34.584961
          ],
          [
            -58.674031,
            -34.586369
          ],
          [
            -58.66858,
            -34.590733
          ],
          [
            -58.668387,
            -34.59084
          ],
          [
            -58.666863,
            -34.58951
          ],
          [
            -58.665737,
            -34.59042
          ],
          [
            -58.664739,
            -34.591227
          ],
          [
            -58.663602,
            -34.592149
          ],
          [
            -58.662937,
            -34.592686
          ],
          [
            -58.662357,
            -34.593136
          ],
          [
            -58.661242,
            -34.594059
          ],
          [
            -58.660169,
            -34.594939
          ],
          [
            -58.658967,
            -34.595904
          ],
          [
            -58.658023,
            -34.596655
          ],
          [
            -58.657057,
            -34.597449
          ],
          [
            -58.656607,
            -34.597814
          ],
          [
            -58.656092,
            -34.598222
          ],
          [
            -58.655663,
            -34.598565
          ],
          [
            -58.655448,
            -34.598737
          ],
          [
            -58.655233,
            -34.598908
          ],
          [
            -58.654761,
            -34.599295
          ],
          [
            -58.653989,
            -34.599917
          ],
          [
            -58.653173,
            -34.600561
          ],
          [
            -58.651972,
            -34.601548
          ],
          [
            -58.651886,
            -34.601698
          ],
          [
            -58.650985,
            -34.602406
          ],
          [
            -58.650041,
            -34.603157
          ],
          [
            -58.649118,
            -34.603908
          ],
          [
            -58.648238,
            -34.604616
          ],
          [
            -58.647294,
            -34.605346
          ],
          [
            -58.64665,
            -34.605861
          ],
          [
            -58.6462,
            -34.606225
          ],
          [
            -58.645942,
            -34.60644
          ],
          [
            -58.645148,
            -34.607084
          ],
          [
            -58.644376,
            -34.607706
          ],
          [
            -58.643582,
            -34.60835
          ],
          [
            -58.642874,
            -34.608908
          ],
          [
            -58.641758,
            -34.609787
          ],
          [
            -58.641071,
            -34.610367
          ],
          [
            -58.640385,
            -34.610925
          ],
          [
            -58.639677,
            -34.611504
          ],
          [
            -58.638926,
            -34.612105
          ],
          [
            -58.638217,
            -34.612663
          ],
          [
            -58.637187,
            -34.613478
          ],
          [
            -58.637059,
            -34.613585
          ],
          [
            -58.636329,
            -34.614186
          ],
          [
            -58.636072,
            -34.614401
          ],
          [
            -58.635085,
            -34.615173
          ],
          [
            -58.634291,
            -34.615774
          ],
          [
            -58.634312,
            -34.615903
          ],
          [
            -58.634183,
            -34.61689
          ],
          [
            -58.634055,
            -34.618092
          ],
          [
            -58.63399,
            -34.618456
          ],
          [
            -58.633969,
            -34.618757
          ],
          [
            -58.633711,
            -34.620752
          ],
          [
            -58.633647,
            -34.620967
          ],
          [
            -58.633389,
            -34.621761
          ],
          [
            -58.633089,
            -34.622576
          ],
          [
            -58.632853,
            -34.62322
          ],
          [
            -58.632703,
            -34.623628
          ],
          [
            -58.632402,
            -34.624465
          ],
          [
            -58.632123,
            -34.625323
          ],
          [
            -58.63178,
            -34.626267
          ],
          [
            -58.631458,
            -34.627254
          ],
          [
            -58.631072,
            -34.628241
          ],
          [
            -58.63075,
            -34.629142
          ],
          [
            -58.630428,
            -34.630086
          ],
          [
            -58.630042,
            -34.631138
          ],
          [
            -58.629742,
            -34.631975
          ],
          [
            -58.629441,
            -34.63264
          ],
          [
            -58.62927,
            -34.633005
          ],
          [
            -58.629162,
            -34.633327
          ],
          [
            -58.628897,
            -34.633904
          ],
          [
            -58.628798,
            -34.63412
          ],
          [
            -58.628454,
            -34.634871
          ],
          [
            -58.628111,
            -34.635558
          ],
          [
            -58.627918,
            -34.635901
          ],
          [
            -58.627553,
            -34.636502
          ],
          [
            -58.62751,
            -34.636588
          ],
          [
            -58.627124,
            -34.637253
          ],
          [
            -58.626673,
            -34.63794
          ],
          [
            -58.626351,
            -34.638476
          ],
          [
            -58.626266,
            -34.638648
          ],
          [
            -58.625729,
            -34.639592
          ],
          [
            -58.625085,
            -34.640579
          ],
          [
            -58.624527,
            -34.641073
          ],
          [
            -58.624077,
            -34.641416
          ],
          [
            -58.623068,
            -34.64221
          ],
          [
            -58.622746,
            -34.642403
          ],
          [
            -58.622489,
            -34.64251
          ],
          [
            -58.622339,
            -34.64251
          ],
          [
            -58.62221,
            -34.642575
          ],
          [
            -58.62103,
            -34.64354
          ],
          [
            -58.620515,
            -34.643948
          ],
          [
            -58.619785,
            -34.644549
          ],
          [
            -58.619807,
            -34.645472
          ],
          [
            -58.619828,
            -34.646459
          ],
          [
            -58.619828,
            -34.646995
          ],
          [
            -58.619828,
            -34.64736
          ],
          [
            -58.621051,
            -34.64736
          ],
          [
            -58.622661,
            -34.647317
          ],
          [
            -58.622661,
            -34.648154
          ],
          [
            -58.622682,
            -34.649184
          ],
          [
            -58.622725,
            -34.650407
          ],
          [
            -58.621159,
            -34.650471
          ],
          [
            -58.619828,
            -34.650514
          ],
          [
            -58.618541,
            -34.650557
          ],
          [
            -58.617361,
            -34.6506
          ],
          [
            -58.616202,
            -34.650643
          ],
          [
            -58.615065,
            -34.650686
          ],
          [
            -58.613949,
            -34.650707
          ],
          [
            -58.613927,
            -34.649398
          ],
          [
            -58.613992,
            -34.649291
          ],
          [
            -58.612468,
            -34.648905
          ],
          [
            -58.612018,
            -34.648798
          ],
          [
            -58.611245,
            -34.648626
          ],
          [
            -58.610988,
            -34.648561
          ],
          [
            -58.610932,
            -34.648544
          ],
          [
            -58.61043,
            -34.64839
          ],
          [
            -58.610215,
            -34.648347
          ],
          [
            -58.609464,
            -34.648175
          ],
          [
            -58.607876,
            -34.647832
          ],
          [
            -58.606954,
            -34.647703
          ],
          [
            -58.605645,
            -34.647553
          ],
          [
            -58.604465,
            -34.647403
          ],
          [
            -58.603392,
            -34.647274
          ],
          [
            -58.601954,
            -34.647102
          ],
          [
            -58.600709,
            -34.646974
          ],
          [
            -58.600001,
            -34.646888
          ],
          [
            -58.598628,
            -34.646695
          ],
          [
            -58.597019,
            -34.64648
          ],
          [
            -58.594744,
            -34.646223
          ],
          [
            -58.59395,
            -34.646115
          ],
          [
            -58.593199,
            -34.646051
          ],
          [
            -58.592513,
            -34.645965
          ],
          [
            -58.591762,
            -34.645879
          ],
          [
            -58.590925,
            -34.645793
          ],
          [
            -58.590817,
            -34.645751
          ],
          [
            -58.590689,
            -34.645493
          ],
          [
            -58.590474,
            -34.644978
          ],
          [
            -58.590324,
            -34.644742
          ],
          [
            -58.590217,
            -34.644635
          ],
          [
            -58.590088,
            -34.64457
          ],
          [
            -58.589358,
            -34.644506
          ],
          [
            -58.588307,
            -34.644356
          ],
          [
            -58.587191,
            -34.644184
          ],
          [
            -58.586118,
            -34.644055
          ],
          [
            -58.585088,
            -34.643905
          ],
          [
            -58.584123,
            -34.643755
          ],
          [
            -58.583329,
            -34.643648
          ],
          [
            -58.581891,
            -34.643412
          ],
          [
            -58.580453,
            -34.643197
          ],
          [
            -58.578994,
            -34.642961
          ],
          [
            -58.577535,
            -34.642704
          ],
          [
            -58.576119,
            -34.642467
          ],
          [
            -58.574595,
            -34.642253
          ],
          [
            -58.573201,
            -34.642017
          ],
          [
            -58.57172,
            -34.641759
          ],
          [
            -58.570261,
            -34.641523
          ],
          [
            -58.568759,
            -34.641309
          ],
          [
            -58.567343,
            -34.641116
          ],
          [
            -58.567214,
            -34.641094
          ],
          [
            -58.566291,
            -34.640923
          ],
          [
            -58.565948,
            -34.640944
          ],
          [
            -58.565862,
            -34.640987
          ],
          [
            -58.565798,
            -34.641116
          ],
          [
            -58.565562,
            -34.641867
          ],
          [
            -58.564081,
            -34.641652
          ],
          [
            -58.562837,
            -34.641438
          ],
          [
            -58.563051,
            -34.640665
          ],
          [
            -58.562987,
            -34.640472
          ],
          [
            -58.562665,
            -34.640365
          ],
          [
            -58.561592,
            -34.640214
          ],
          [
            -58.56097,
            -34.640129
          ],
          [
            -58.560133,
            -34.640043
          ],
          [
            -58.558674,
            -34.639914
          ],
          [
            -58.558202,
            -34.639893
          ],
          [
            -58.557236,
            -34.639914
          ],
          [
            -58.557065,
            -34.639914
          ],
          [
            -58.556035,
            -34.639914
          ],
          [
            -58.554254,
            -34.639935
          ],
          [
            -58.553224,
            -34.639957
          ],
          [
            -58.552644,
            -34.639957
          ],
          [
            -58.551099,
            -34.64
          ],
          [
            -58.54949,
            -34.640021
          ],
          [
            -58.548954,
            -34.640043
          ],
          [
            -58.546228,
            -34.640086
          ],
          [
            -58.545134,
            -34.640107
          ],
          [
            -58.544726,
            -34.640107
          ],
          [
            -58.544083,
            -34.640107
          ],
          [
            -58.543503,
            -34.640129
          ],
          [
            -58.542881,
            -34.64015
          ],
          [
            -58.5414,
            -34.640172
          ],
          [
            -58.539984,
            -34.640129
          ],
          [
            -58.538611,
            -34.640021
          ],
          [
            -58.537281,
            -34.639914
          ],
          [
            -58.535843,
            -34.639828
          ],
          [
            -58.535092,
            -34.639742
          ],
          [
            -58.533311,
            -34.639635
          ],
          [
            -58.53221,
            -34.639551
          ],
          [
            -58.531106,
            -34.639466
          ],
          [
            -58.531025,
            -34.640658
          ],
          [
            -58.530457,
            -34.640622
          ],
          [
            -58.529943,
            -34.640576
          ],
          [
            -58.529041,
            -34.640515
          ],
          [
            -58.529062,
            -34.640021
          ],
          [
            -58.529105,
            -34.639528
          ],
          [
            -58.528902,
            -34.639343
          ],
          [
            -58.528869,
            -34.639313
          ],
          [
            -58.527732,
            -34.639227
          ],
          [
            -58.526423,
            -34.63912
          ],
          [
            -58.525093,
            -34.639034
          ],
          [
            -58.523719,
            -34.638927
          ],
          [
            -58.522561,
            -34.63882
          ],
          [
            -58.52123,
            -34.638927
          ],
          [
            -58.51975,
            -34.638991
          ],
          [
            -58.518763,
            -34.639056
          ],
          [
            -58.517411,
            -34.63912
          ],
          [
            -58.516273,
            -34.639184
          ]
        ]
      }
    },
    {
      "type": "Feature",
      "properties": {
        "Linea": "166",
        "Recorrido": "A",
        "Sentido": "IDA",
        "Razon_soci": "EMPRESA LINEA 216 SAT",
        "Jurisdicci": "NACIONAL",
        "assigned_zone_name": "Asunción",
        "source_name": "Datos Transporte - Recorridos de servicios de colectivos AMBA",
        "source_url": "https://datos.transporte.gob.ar/dataset/recorridos-de-servicios-de-colectivos-amba",
        "license": "Creative Commons Attribution 4.0",
        "generated_at": "2026-06-13T02:11:01.209890+00:00",
        "data_confidence": "medium"
      },
      "geometry": {
        "type": "LineString",
        "coordinates": [
          [
            -58.424113,
            -34.570863
          ],
          [
            -58.424284,
            -34.571099
          ],
          [
            -58.424628,
            -34.571357
          ],
          [
            -58.427396,
            -34.572902
          ],
          [
            -58.424971,
            -34.574511
          ],
          [
            -58.426559,
            -34.577558
          ],
          [
            -58.426623,
            -34.577794
          ],
          [
            -58.426629,
            -34.577927
          ],
          [
            -58.426649,
            -34.578058
          ],
          [
            -58.426623,
            -34.578266
          ],
          [
            -58.42804,
            -34.579983
          ],
          [
            -58.429005,
            -34.580948
          ],
          [
            -58.430035,
            -34.581871
          ],
          [
            -58.430679,
            -34.582365
          ],
          [
            -58.431666,
            -34.583094
          ],
          [
            -58.43291,
            -34.584017
          ],
          [
            -58.433833,
            -34.584682
          ],
          [
            -58.434756,
            -34.58539
          ],
          [
            -58.4357,
            -34.586098
          ],
          [
            -58.436322,
            -34.586549
          ],
          [
            -58.436639,
            -34.586773
          ],
          [
            -58.437567,
            -34.587429
          ],
          [
            -58.437824,
            -34.587665
          ],
          [
            -58.43791,
            -34.587815
          ],
          [
            -58.438363,
            -34.589174
          ],
          [
            -58.438382,
            -34.589231
          ],
          [
            -58.438833,
            -34.590561
          ],
          [
            -58.439133,
            -34.591033
          ],
          [
            -58.439648,
            -34.591548
          ],
          [
            -58.440678,
            -34.592278
          ],
          [
            -58.44173,
            -34.593008
          ],
          [
            -58.442695,
            -34.593673
          ],
          [
            -58.443532,
            -34.594209
          ],
          [
            -58.444304,
            -34.594746
          ],
          [
            -58.445506,
            -34.595582
          ],
          [
            -58.446579,
            -34.596334
          ],
          [
            -58.447673,
            -34.597085
          ],
          [
            -58.448768,
            -34.597857
          ],
          [
            -58.449841,
            -34.598608
          ],
          [
            -58.450892,
            -34.599316
          ],
          [
            -58.451214,
            -34.599531
          ],
          [
            -58.451986,
            -34.600003
          ],
          [
            -58.452115,
            -34.60011
          ],
          [
            -58.452694,
            -34.600539
          ],
          [
            -58.453102,
            -34.600797
          ],
          [
            -58.454089,
            -34.60144
          ],
          [
            -58.455055,
            -34.602127
          ],
          [
            -58.455999,
            -34.602792
          ],
          [
            -58.457437,
            -34.603758
          ],
          [
            -58.458488,
            -34.604466
          ],
          [
            -58.459625,
            -34.605217
          ],
          [
            -58.460526,
            -34.605861
          ],
          [
            -58.461599,
            -34.60659
          ],
          [
            -58.462157,
            -34.606977
          ],
          [
            -58.462715,
            -34.607341
          ],
          [
            -58.46396,
            -34.608178
          ],
          [
            -58.46441,
            -34.608607
          ],
          [
            -58.464646,
            -34.608843
          ],
          [
            -58.464839,
            -34.609058
          ],
          [
            -58.465354,
            -34.609637
          ],
          [
            -58.465934,
            -34.610281
          ],
          [
            -58.466556,
            -34.610603
          ],
          [
            -58.467844,
            -34.611311
          ],
          [
            -58.468444,
            -34.61159
          ],
          [
            -58.469002,
            -34.61189
          ],
          [
            -58.46956,
            -34.612191
          ],
          [
            -58.470075,
            -34.61247
          ],
          [
            -58.471212,
            -34.61307
          ],
          [
            -58.472328,
            -34.613736
          ],
          [
            -58.473079,
            -34.615088
          ],
          [
            -58.473723,
            -34.615903
          ],
          [
            -58.474066,
            -34.616075
          ],
          [
            -58.47471,
            -34.616439
          ],
          [
            -58.475182,
            -34.61704
          ],
          [
            -58.476126,
            -34.61807
          ],
          [
            -58.476899,
            -34.619014
          ],
          [
            -58.47707,
            -34.619164
          ],
          [
            -58.478336,
            -34.61983
          ],
          [
            -58.479002,
            -34.620173
          ],
          [
            -58.479173,
            -34.620345
          ],
          [
            -58.479452,
            -34.620667
          ],
          [
            -58.480847,
            -34.622083
          ],
          [
            -58.481877,
            -34.62292
          ],
          [
            -58.482649,
            -34.623499
          ],
          [
            -58.483422,
            -34.624121
          ],
          [
            -58.484752,
            -34.624679
          ],
          [
            -58.485954,
            -34.625151
          ],
          [
            -58.486598,
            -34.625366
          ],
          [
            -58.487284,
            -34.625623
          ],
          [
            -58.487864,
            -34.625816
          ],
          [
            -58.488486,
            -34.626031
          ],
          [
            -58.48913,
            -34.626267
          ],
          [
            -58.489752,
            -34.626482
          ],
          [
            -58.491125,
            -34.626997
          ],
          [
            -58.491898,
            -34.627533
          ],
          [
            -58.493056,
            -34.628305
          ],
          [
            -58.493679,
            -34.628735
          ],
          [
            -58.494322,
            -34.629164
          ],
          [
            -58.49443,
            -34.62925
          ],
          [
            -58.494859,
            -34.629529
          ],
          [
            -58.495696,
            -34.630108
          ],
          [
            -58.496211,
            -34.63043
          ],
          [
            -58.497455,
            -34.630859
          ],
          [
            -58.499343,
            -34.63146
          ],
          [
            -58.500009,
            -34.631739
          ],
          [
            -58.500974,
            -34.632168
          ],
          [
            -58.502369,
            -34.632769
          ],
          [
            -58.503571,
            -34.633284
          ],
          [
            -58.504622,
            -34.633756
          ],
          [
            -58.504965,
            -34.633884
          ],
          [
            -58.505609,
            -34.634099
          ],
          [
            -58.505931,
            -34.634206
          ],
          [
            -58.506725,
            -34.634356
          ],
          [
            -58.50842,
            -34.634635
          ],
          [
            -58.5093,
            -34.6347
          ],
          [
            -58.510265,
            -34.634764
          ],
          [
            -58.511102,
            -34.634614
          ],
          [
            -58.511446,
            -34.634464
          ],
          [
            -58.51269,
            -34.633927
          ],
          [
            -58.513892,
            -34.633434
          ],
          [
            -58.514578,
            -34.633241
          ],
          [
            -58.515158,
            -34.633133
          ],
          [
            -58.516059,
            -34.633069
          ],
          [
            -58.516788,
            -34.63309
          ],
          [
            -58.517089,
            -34.633048
          ],
          [
            -58.518119,
            -34.633026
          ],
          [
            -58.518548,
            -34.633026
          ],
          [
            -58.518891,
            -34.633069
          ],
          [
            -58.519557,
            -34.633198
          ],
          [
            -58.519857,
            -34.633198
          ],
          [
            -58.520007,
            -34.633176
          ],
          [
            -58.520286,
            -34.633198
          ],
          [
            -58.520458,
            -34.633241
          ],
          [
            -58.520651,
            -34.633412
          ],
          [
            -58.520994,
            -34.633584
          ],
          [
            -58.521574,
            -34.63382
          ],
          [
            -58.522968,
            -34.634142
          ],
          [
            -58.523226,
            -34.634228
          ],
          [
            -58.524234,
            -34.634464
          ],
          [
            -58.525586,
            -34.634571
          ],
          [
            -58.526874,
            -34.6347
          ],
          [
            -58.528225,
            -34.634829
          ],
          [
            -58.528655,
            -34.634829
          ],
          [
            -58.529491,
            -34.634807
          ],
          [
            -58.529985,
            -34.634721
          ],
          [
            -58.530736,
            -34.634657
          ],
          [
            -58.531079,
            -34.634614
          ],
          [
            -58.531208,
            -34.634442
          ],
          [
            -58.531337,
            -34.634335
          ],
          [
            -58.53168,
            -34.634163
          ],
          [
            -58.532259,
            -34.634142
          ],
          [
            -58.533032,
            -34.63412
          ],
          [
            -58.532903,
            -34.635086
          ],
          [
            -58.532839,
            -34.635901
          ],
          [
            -58.532774,
            -34.636631
          ],
          [
            -58.532925,
            -34.636652
          ],
          [
            -58.532367,
            -34.637082
          ],
          [
            -58.531702,
            -34.637597
          ],
          [
            -58.530393,
            -34.638584
          ],
          [
            -58.530157,
            -34.638777
          ],
          [
            -58.530049,
            -34.638927
          ],
          [
            -58.530049,
            -34.638433
          ],
          [
            -58.530114,
            -34.637489
          ],
          [
            -58.5302,
            -34.636502
          ],
          [
            -58.530242,
            -34.636459
          ],
          [
            -58.53035,
            -34.636438
          ],
          [
            -58.531423,
            -34.636502
          ],
          [
            -58.534148,
            -34.636738
          ],
          [
            -58.535392,
            -34.636803
          ],
          [
            -58.53668,
            -34.63691
          ],
          [
            -58.537903,
            -34.636996
          ],
          [
            -58.538074,
            -34.635687
          ],
          [
            -58.538074,
            -34.634764
          ],
          [
            -58.537023,
            -34.633906
          ],
          [
            -58.537238,
            -34.633842
          ],
          [
            -58.537517,
            -34.633799
          ],
          [
            -58.537774,
            -34.633927
          ],
          [
            -58.537924,
            -34.634035
          ],
          [
            -58.538697,
            -34.634571
          ],
          [
            -58.539062,
            -34.6347
          ],
          [
            -58.539705,
            -34.634721
          ],
          [
            -58.540521,
            -34.634743
          ],
          [
            -58.541379,
            -34.634786
          ],
          [
            -58.542881,
            -34.634829
          ],
          [
            -58.54404,
            -34.634871
          ],
          [
            -58.545306,
            -34.634893
          ],
          [
            -58.546228,
            -34.634721
          ],
          [
            -58.546743,
            -34.634657
          ],
          [
            -58.548481,
            -34.634528
          ],
          [
            -58.550692,
            -34.634743
          ],
          [
            -58.551571,
            -34.634829
          ],
          [
            -58.552215,
            -34.634957
          ],
          [
            -58.552623,
            -34.635065
          ],
          [
            -58.55361,
            -34.635365
          ],
          [
            -58.554533,
            -34.635623
          ],
          [
            -58.554897,
            -34.635708
          ],
          [
            -58.55612,
            -34.636073
          ],
          [
            -58.55715,
            -34.636374
          ],
          [
            -58.558609,
            -34.636824
          ],
          [
            -58.559253,
            -34.636996
          ],
          [
            -58.559639,
            -34.637125
          ],
          [
            -58.56009,
            -34.637253
          ],
          [
            -58.560326,
            -34.637339
          ],
          [
            -58.561399,
            -34.63764
          ],
          [
            -58.561571,
            -34.637704
          ],
          [
            -58.562322,
            -34.637918
          ],
          [
            -58.563416,
            -34.63824
          ],
          [
            -58.563631,
            -34.638047
          ],
          [
            -58.563802,
            -34.63794
          ],
          [
            -58.563995,
            -34.637876
          ],
          [
            -58.564854,
            -34.637983
          ],
          [
            -58.565626,
            -34.638112
          ],
          [
            -58.565369,
            -34.639163
          ],
          [
            -58.565068,
            -34.640257
          ],
          [
            -58.564464,
            -34.640159
          ],
          [
            -58.563888,
            -34.640064
          ],
          [
            -58.564188,
            -34.63897
          ],
          [
            -58.564274,
            -34.638412
          ],
          [
            -58.564403,
            -34.637918
          ],
          [
            -58.566442,
            -34.638219
          ],
          [
            -58.567793,
            -34.638283
          ],
          [
            -58.567944,
            -34.638283
          ],
          [
            -58.569446,
            -34.638305
          ],
          [
            -58.569574,
            -34.638305
          ],
          [
            -58.570969,
            -34.638305
          ],
          [
            -58.572557,
            -34.638348
          ],
          [
            -58.574016,
            -34.638348
          ],
          [
            -58.57511,
            -34.638369
          ],
          [
            -58.57554,
            -34.638348
          ],
          [
            -58.576248,
            -34.638326
          ],
          [
            -58.577037,
            -34.638288
          ],
          [
            -58.577685,
            -34.638283
          ],
          [
            -58.578565,
            -34.63824
          ],
          [
            -58.579123,
            -34.638197
          ],
          [
            -58.580496,
            -34.638133
          ],
          [
            -58.581934,
            -34.638069
          ],
          [
            -58.582921,
            -34.638026
          ],
          [
            -58.583095,
            -34.637987
          ],
          [
            -58.583317,
            -34.63784
          ],
          [
            -58.583487,
            -34.637745
          ],
          [
            -58.58455,
            -34.636931
          ],
          [
            -58.584679,
            -34.636833
          ],
          [
            -58.585607,
            -34.636142
          ],
          [
            -58.585959,
            -34.635917
          ],
          [
            -58.586356,
            -34.635632
          ],
          [
            -58.586427,
            -34.635536
          ],
          [
            -58.586526,
            -34.635392
          ],
          [
            -58.586612,
            -34.635334
          ],
          [
            -58.586716,
            -34.635292
          ],
          [
            -58.586923,
            -34.635265
          ],
          [
            -58.587566,
            -34.635282
          ],
          [
            -58.588603,
            -34.635301
          ],
          [
            -58.589744,
            -34.635324
          ],
          [
            -58.590873,
            -34.635342
          ],
          [
            -58.591736,
            -34.635363
          ],
          [
            -58.591799,
            -34.63537
          ],
          [
            -58.591975,
            -34.63539
          ],
          [
            -58.592139,
            -34.635396
          ],
          [
            -58.5929,
            -34.63543
          ],
          [
            -58.59316,
            -34.635409
          ],
          [
            -58.594173,
            -34.635428
          ],
          [
            -58.595281,
            -34.635448
          ],
          [
            -58.596371,
            -34.635471
          ],
          [
            -58.596683,
            -34.635511
          ],
          [
            -58.597469,
            -34.635515
          ],
          [
            -58.598186,
            -34.635546
          ],
          [
            -58.599261,
            -34.635611
          ],
          [
            -58.599658,
            -34.635632
          ],
          [
            -58.600987,
            -34.635717
          ],
          [
            -58.602249,
            -34.635788
          ],
          [
            -58.602639,
            -34.635757
          ],
          [
            -58.603095,
            -34.63569
          ],
          [
            -58.603459,
            -34.635634
          ],
          [
            -58.604302,
            -34.635461
          ],
          [
            -58.605856,
            -34.635215
          ],
          [
            -58.606392,
            -34.63514
          ],
          [
            -58.606541,
            -34.635138
          ],
          [
            -58.607512,
            -34.634979
          ],
          [
            -58.608019,
            -34.634878
          ],
          [
            -58.609304,
            -34.634686
          ],
          [
            -58.610481,
            -34.634505
          ],
          [
            -58.610977,
            -34.634435
          ],
          [
            -58.611184,
            -34.63444
          ],
          [
            -58.611541,
            -34.634386
          ],
          [
            -58.612814,
            -34.63419
          ],
          [
            -58.613105,
            -34.634113
          ],
          [
            -58.613714,
            -34.634023
          ],
          [
            -58.614701,
            -34.633882
          ],
          [
            -58.615233,
            -34.633813
          ],
          [
            -58.615675,
            -34.633767
          ],
          [
            -58.617394,
            -34.633542
          ],
          [
            -58.61764,
            -34.633477
          ],
          [
            -58.617788,
            -34.633425
          ],
          [
            -58.618148,
            -34.633192
          ],
          [
            -58.618512,
            -34.633104
          ],
          [
            -58.619479,
            -34.633329
          ],
          [
            -58.619732,
            -34.633221
          ],
          [
            -58.619919,
            -34.633033
          ],
          [
            -58.619954,
            -34.632942
          ],
          [
            -58.62001,
            -34.632771
          ],
          [
            -58.620066,
            -34.632571
          ],
          [
            -58.620172,
            -34.632213
          ],
          [
            -58.620106,
            -34.63203
          ],
          [
            -58.619944,
            -34.631913
          ],
          [
            -58.619742,
            -34.631846
          ],
          [
            -58.619485,
            -34.631824
          ],
          [
            -58.619403,
            -34.631855
          ],
          [
            -58.619301,
            -34.631917
          ],
          [
            -58.619205,
            -34.632005
          ],
          [
            -58.61919,
            -34.632146
          ],
          [
            -58.619296,
            -34.632325
          ],
          [
            -58.619484,
            -34.632392
          ],
          [
            -58.619959,
            -34.632396
          ],
          [
            -58.620653,
            -34.632405
          ],
          [
            -58.621746,
            -34.632367
          ],
          [
            -58.622081,
            -34.632318
          ],
          [
            -58.622253,
            -34.632297
          ],
          [
            -58.623133,
            -34.632318
          ],
          [
            -58.624055,
            -34.632361
          ],
          [
            -58.624291,
            -34.632361
          ],
          [
            -58.624957,
            -34.632382
          ],
          [
            -58.625836,
            -34.632468
          ],
          [
            -58.626974,
            -34.632468
          ],
          [
            -58.627038,
            -34.632468
          ],
          [
            -58.627676,
            -34.632362
          ],
          [
            -58.627853,
            -34.632254
          ],
          [
            -58.628089,
            -34.632039
          ],
          [
            -58.628819,
            -34.631331
          ],
          [
            -58.629591,
            -34.631181
          ],
          [
            -58.630042,
            -34.631073
          ],
          [
            -58.630064,
            -34.631224
          ],
          [
            -58.629763,
            -34.631975
          ],
          [
            -58.629441,
            -34.63264
          ],
          [
            -58.62927,
            -34.633005
          ],
          [
            -58.629162,
            -34.633327
          ],
          [
            -58.628798,
            -34.63412
          ],
          [
            -58.628454,
            -34.634871
          ],
          [
            -58.628111,
            -34.635558
          ],
          [
            -58.627918,
            -34.635901
          ],
          [
            -58.627553,
            -34.636502
          ],
          [
            -58.62751,
            -34.636588
          ],
          [
            -58.627124,
            -34.637253
          ],
          [
            -58.626673,
            -34.63794
          ],
          [
            -58.626351,
            -34.638476
          ],
          [
            -58.626266,
            -34.638648
          ],
          [
            -58.625729,
            -34.639592
          ],
          [
            -58.62515,
            -34.640515
          ],
          [
            -58.625021,
            -34.640665
          ],
          [
            -58.624527,
            -34.641073
          ],
          [
            -58.624077,
            -34.641416
          ],
          [
            -58.623068,
            -34.64221
          ],
          [
            -58.622746,
            -34.642403
          ],
          [
            -58.622489,
            -34.64251
          ],
          [
            -58.622339,
            -34.64251
          ],
          [
            -58.62221,
            -34.642575
          ],
          [
            -58.62103,
            -34.64354
          ],
          [
            -58.620515,
            -34.643948
          ],
          [
            -58.619785,
            -34.644549
          ],
          [
            -58.619807,
            -34.645472
          ],
          [
            -58.619828,
            -34.646459
          ],
          [
            -58.619828,
            -34.646995
          ],
          [
            -58.619828,
            -34.64736
          ],
          [
            -58.619807,
            -34.647939
          ]
        ]
      }
    },
    {
      "type": "Feature",
      "properties": {
        "Linea": "166",
        "Recorrido": "C",
        "Sentido": "IDA",
        "Razon_soci": "EMPRESA LINEA 216 SAT",
        "Jurisdicci": "NACIONAL",
        "assigned_zone_name": "Asunción",
        "source_name": "Datos Transporte - Recorridos de servicios de colectivos AMBA",
        "source_url": "https://datos.transporte.gob.ar/dataset/recorridos-de-servicios-de-colectivos-amba",
        "license": "Creative Commons Attribution 4.0",
        "generated_at": "2026-06-13T02:11:01.209890+00:00",
        "data_confidence": "medium"
      },
      "geometry": {
        "type": "LineString",
        "coordinates": [
          [
            -58.446064,
            -34.541659
          ],
          [
            -58.445463,
            -34.542089
          ],
          [
            -58.444262,
            -34.542496
          ],
          [
            -58.443596,
            -34.542689
          ],
          [
            -58.441322,
            -34.543397
          ],
          [
            -58.441236,
            -34.54344
          ],
          [
            -58.441086,
            -34.543784
          ],
          [
            -58.441129,
            -34.545414
          ],
          [
            -58.439391,
            -34.545393
          ],
          [
            -58.438983,
            -34.545457
          ],
          [
            -58.438919,
            -34.545522
          ],
          [
            -58.438725,
            -34.545779
          ],
          [
            -58.438575,
            -34.546402
          ],
          [
            -58.438404,
            -34.546788
          ],
          [
            -58.438361,
            -34.546959
          ],
          [
            -58.438361,
            -34.547045
          ],
          [
            -58.438404,
            -34.54711
          ],
          [
            -58.438468,
            -34.547174
          ],
          [
            -58.438704,
            -34.547217
          ],
          [
            -58.439798,
            -34.546874
          ],
          [
            -58.440313,
            -34.546745
          ],
          [
            -58.44085,
            -34.546638
          ],
          [
            -58.442481,
            -34.545736
          ],
          [
            -58.446279,
            -34.543612
          ],
          [
            -58.447266,
            -34.542861
          ],
          [
            -58.447625,
            -34.542608
          ],
          [
            -58.44836,
            -34.542089
          ],
          [
            -58.448698,
            -34.541887
          ],
          [
            -58.449798,
            -34.54123
          ],
          [
            -58.449926,
            -34.540973
          ],
          [
            -58.449926,
            -34.54078
          ],
          [
            -58.449883,
            -34.540672
          ],
          [
            -58.449798,
            -34.540586
          ],
          [
            -58.449583,
            -34.540501
          ],
          [
            -58.44924,
            -34.540522
          ],
          [
            -58.448811,
            -34.540694
          ],
          [
            -58.448553,
            -34.54093
          ],
          [
            -58.448449,
            -34.541243
          ],
          [
            -58.448467,
            -34.541402
          ],
          [
            -58.44851,
            -34.541531
          ],
          [
            -58.448639,
            -34.54181
          ],
          [
            -58.449347,
            -34.542732
          ],
          [
            -58.44969,
            -34.542968
          ],
          [
            -58.450141,
            -34.543054
          ],
          [
            -58.450334,
            -34.543054
          ],
          [
            -58.450592,
            -34.542968
          ],
          [
            -58.45072,
            -34.542818
          ],
          [
            -58.450699,
            -34.542582
          ],
          [
            -58.450613,
            -34.542475
          ],
          [
            -58.450506,
            -34.54241
          ],
          [
            -58.450334,
            -34.542367
          ],
          [
            -58.449841,
            -34.542453
          ],
          [
            -58.449308,
            -34.542681
          ],
          [
            -58.448789,
            -34.542904
          ],
          [
            -58.448124,
            -34.54329
          ],
          [
            -58.44718,
            -34.543784
          ],
          [
            -58.446949,
            -34.543906
          ],
          [
            -58.444541,
            -34.545178
          ],
          [
            -58.442466,
            -34.546307
          ],
          [
            -58.439487,
            -34.547927
          ],
          [
            -58.437202,
            -34.54917
          ],
          [
            -58.436225,
            -34.549696
          ],
          [
            -58.433576,
            -34.551122
          ],
          [
            -58.431602,
            -34.552259
          ],
          [
            -58.429739,
            -34.553303
          ],
          [
            -58.427353,
            -34.554641
          ],
          [
            -58.426476,
            -34.555237
          ],
          [
            -58.424671,
            -34.556465
          ],
          [
            -58.423941,
            -34.556937
          ],
          [
            -58.420551,
            -34.559233
          ],
          [
            -58.41965,
            -34.559898
          ],
          [
            -58.419467,
            -34.560046
          ],
          [
            -58.418856,
            -34.560542
          ],
          [
            -58.417354,
            -34.561937
          ],
          [
            -58.417118,
            -34.562259
          ],
          [
            -58.416924,
            -34.562452
          ],
          [
            -58.416903,
            -34.562666
          ],
          [
            -58.41779,
            -34.563352
          ],
          [
            -58.417847,
            -34.563396
          ],
          [
            -58.418491,
            -34.56389
          ],
          [
            -58.419907,
            -34.564962
          ],
          [
            -58.419907,
            -34.565048
          ],
          [
            -58.420079,
            -34.565434
          ],
          [
            -58.420315,
            -34.565907
          ],
          [
            -58.42068,
            -34.566572
          ],
          [
            -58.420811,
            -34.566802
          ],
          [
            -58.421838,
            -34.56861
          ],
          [
            -58.423362,
            -34.570198
          ],
          [
            -58.423512,
            -34.570241
          ],
          [
            -58.423727,
            -34.570413
          ],
          [
            -58.424048,
            -34.570735
          ],
          [
            -58.424113,
            -34.570863
          ],
          [
            -58.424284,
            -34.571099
          ],
          [
            -58.424628,
            -34.571357
          ],
          [
            -58.427396,
            -34.572902
          ],
          [
            -58.424971,
            -34.574511
          ],
          [
            -58.426559,
            -34.577558
          ],
          [
            -58.426623,
            -34.577794
          ],
          [
            -58.42658,
            -34.578116
          ],
          [
            -58.426623,
            -34.578266
          ],
          [
            -58.42804,
            -34.579983
          ],
          [
            -58.429005,
            -34.580948
          ],
          [
            -58.430035,
            -34.581871
          ],
          [
            -58.430679,
            -34.582365
          ],
          [
            -58.431666,
            -34.583094
          ],
          [
            -58.43291,
            -34.584017
          ],
          [
            -58.433833,
            -34.584682
          ],
          [
            -58.434756,
            -34.58539
          ],
          [
            -58.4357,
            -34.586098
          ],
          [
            -58.436322,
            -34.586549
          ],
          [
            -58.436639,
            -34.586773
          ],
          [
            -58.437567,
            -34.587429
          ],
          [
            -58.437824,
            -34.587665
          ],
          [
            -58.43791,
            -34.587815
          ],
          [
            -58.438363,
            -34.589174
          ],
          [
            -58.438382,
            -34.589231
          ],
          [
            -58.438833,
            -34.590561
          ],
          [
            -58.439133,
            -34.591033
          ],
          [
            -58.439648,
            -34.591548
          ],
          [
            -58.440678,
            -34.592278
          ],
          [
            -58.44173,
            -34.593008
          ],
          [
            -58.442695,
            -34.593673
          ],
          [
            -58.443532,
            -34.594209
          ],
          [
            -58.444304,
            -34.594746
          ],
          [
            -58.445506,
            -34.595582
          ],
          [
            -58.446579,
            -34.596334
          ],
          [
            -58.447673,
            -34.597085
          ],
          [
            -58.448768,
            -34.597857
          ],
          [
            -58.449841,
            -34.598608
          ],
          [
            -58.450892,
            -34.599316
          ],
          [
            -58.451214,
            -34.599531
          ],
          [
            -58.451986,
            -34.600003
          ],
          [
            -58.452115,
            -34.60011
          ],
          [
            -58.452694,
            -34.600539
          ],
          [
            -58.453102,
            -34.600797
          ],
          [
            -58.454089,
            -34.60144
          ],
          [
            -58.455055,
            -34.602127
          ],
          [
            -58.455999,
            -34.602792
          ],
          [
            -58.457437,
            -34.603758
          ],
          [
            -58.458488,
            -34.604466
          ],
          [
            -58.459625,
            -34.605217
          ],
          [
            -58.460526,
            -34.605861
          ],
          [
            -58.461599,
            -34.60659
          ],
          [
            -58.462157,
            -34.606977
          ],
          [
            -58.462715,
            -34.607341
          ],
          [
            -58.46396,
            -34.608178
          ],
          [
            -58.46441,
            -34.608607
          ],
          [
            -58.464646,
            -34.608843
          ],
          [
            -58.464839,
            -34.609058
          ],
          [
            -58.465354,
            -34.609637
          ],
          [
            -58.465934,
            -34.610281
          ],
          [
            -58.466556,
            -34.610603
          ],
          [
            -58.467844,
            -34.611311
          ],
          [
            -58.468444,
            -34.61159
          ],
          [
            -58.469002,
            -34.61189
          ],
          [
            -58.46956,
            -34.612191
          ],
          [
            -58.470075,
            -34.61247
          ],
          [
            -58.471212,
            -34.61307
          ],
          [
            -58.472328,
            -34.613736
          ],
          [
            -58.473079,
            -34.615088
          ],
          [
            -58.473723,
            -34.615903
          ],
          [
            -58.474066,
            -34.616075
          ],
          [
            -58.47471,
            -34.616439
          ],
          [
            -58.475182,
            -34.61704
          ],
          [
            -58.476126,
            -34.61807
          ],
          [
            -58.476899,
            -34.619014
          ],
          [
            -58.47707,
            -34.619164
          ],
          [
            -58.478336,
            -34.61983
          ],
          [
            -58.479002,
            -34.620173
          ],
          [
            -58.479173,
            -34.620345
          ],
          [
            -58.479452,
            -34.620667
          ],
          [
            -58.480847,
            -34.622083
          ],
          [
            -58.481877,
            -34.62292
          ],
          [
            -58.482649,
            -34.623499
          ],
          [
            -58.483422,
            -34.624121
          ],
          [
            -58.484752,
            -34.624679
          ],
          [
            -58.485954,
            -34.625151
          ],
          [
            -58.486598,
            -34.625366
          ],
          [
            -58.487284,
            -34.625623
          ],
          [
            -58.487864,
            -34.625816
          ],
          [
            -58.488486,
            -34.626031
          ],
          [
            -58.48913,
            -34.626267
          ],
          [
            -58.489752,
            -34.626482
          ],
          [
            -58.491125,
            -34.626997
          ],
          [
            -58.491898,
            -34.627533
          ],
          [
            -58.493056,
            -34.628305
          ],
          [
            -58.493679,
            -34.628735
          ],
          [
            -58.494322,
            -34.629164
          ],
          [
            -58.49443,
            -34.62925
          ],
          [
            -58.494859,
            -34.629529
          ],
          [
            -58.495696,
            -34.630108
          ],
          [
            -58.496211,
            -34.63043
          ],
          [
            -58.497455,
            -34.630859
          ],
          [
            -58.499343,
            -34.63146
          ],
          [
            -58.500009,
            -34.631739
          ],
          [
            -58.500974,
            -34.632168
          ],
          [
            -58.502369,
            -34.632769
          ],
          [
            -58.503571,
            -34.633284
          ],
          [
            -58.504622,
            -34.633756
          ],
          [
            -58.504965,
            -34.633884
          ],
          [
            -58.505244,
            -34.633992
          ],
          [
            -58.505609,
            -34.634099
          ],
          [
            -58.505931,
            -34.634206
          ],
          [
            -58.506725,
            -34.634356
          ],
          [
            -58.50842,
            -34.634635
          ],
          [
            -58.509622,
            -34.634657
          ],
          [
            -58.509922,
            -34.634721
          ],
          [
            -58.510308,
            -34.634721
          ],
          [
            -58.511102,
            -34.634614
          ],
          [
            -58.511446,
            -34.634464
          ],
          [
            -58.51269,
            -34.633927
          ],
          [
            -58.513892,
            -34.633434
          ],
          [
            -58.514578,
            -34.633241
          ],
          [
            -58.515158,
            -34.633133
          ],
          [
            -58.516059,
            -34.633069
          ],
          [
            -58.516788,
            -34.63309
          ],
          [
            -58.517089,
            -34.633048
          ],
          [
            -58.518119,
            -34.633026
          ],
          [
            -58.518548,
            -34.633026
          ],
          [
            -58.518891,
            -34.633069
          ],
          [
            -58.519557,
            -34.633198
          ],
          [
            -58.519857,
            -34.633198
          ],
          [
            -58.520007,
            -34.633176
          ],
          [
            -58.520286,
            -34.633198
          ],
          [
            -58.520458,
            -34.633241
          ],
          [
            -58.520651,
            -34.633412
          ],
          [
            -58.520994,
            -34.633584
          ],
          [
            -58.521574,
            -34.63382
          ],
          [
            -58.522968,
            -34.634142
          ],
          [
            -58.523226,
            -34.634228
          ],
          [
            -58.524234,
            -34.634464
          ],
          [
            -58.525586,
            -34.634571
          ],
          [
            -58.526874,
            -34.6347
          ],
          [
            -58.528225,
            -34.634829
          ],
          [
            -58.528655,
            -34.634829
          ],
          [
            -58.529491,
            -34.634807
          ],
          [
            -58.529985,
            -34.634721
          ],
          [
            -58.530736,
            -34.634657
          ],
          [
            -58.531079,
            -34.634614
          ],
          [
            -58.531208,
            -34.634442
          ],
          [
            -58.531337,
            -34.634335
          ],
          [
            -58.53168,
            -34.634163
          ],
          [
            -58.532259,
            -34.634142
          ],
          [
            -58.533032,
            -34.63412
          ],
          [
            -58.532903,
            -34.635086
          ],
          [
            -58.532839,
            -34.635901
          ],
          [
            -58.532774,
            -34.636631
          ],
          [
            -58.532925,
            -34.636652
          ],
          [
            -58.532367,
            -34.637082
          ],
          [
            -58.531702,
            -34.637597
          ],
          [
            -58.530393,
            -34.638584
          ],
          [
            -58.530157,
            -34.638777
          ],
          [
            -58.530049,
            -34.638927
          ],
          [
            -58.530049,
            -34.638433
          ],
          [
            -58.530114,
            -34.637489
          ],
          [
            -58.5302,
            -34.636502
          ],
          [
            -58.530242,
            -34.636459
          ],
          [
            -58.53035,
            -34.636438
          ],
          [
            -58.531423,
            -34.636502
          ],
          [
            -58.534148,
            -34.636738
          ],
          [
            -58.535392,
            -34.636803
          ],
          [
            -58.53668,
            -34.63691
          ],
          [
            -58.537903,
            -34.636996
          ],
          [
            -58.538074,
            -34.635687
          ],
          [
            -58.538074,
            -34.634764
          ],
          [
            -58.537023,
            -34.633906
          ],
          [
            -58.537238,
            -34.633842
          ],
          [
            -58.537517,
            -34.633799
          ],
          [
            -58.537774,
            -34.633927
          ],
          [
            -58.537924,
            -34.634035
          ],
          [
            -58.538697,
            -34.634571
          ],
          [
            -58.539062,
            -34.6347
          ],
          [
            -58.539705,
            -34.634721
          ],
          [
            -58.540521,
            -34.634743
          ],
          [
            -58.541379,
            -34.634786
          ],
          [
            -58.542881,
            -34.634829
          ],
          [
            -58.54404,
            -34.634871
          ],
          [
            -58.545306,
            -34.634893
          ],
          [
            -58.546228,
            -34.634721
          ],
          [
            -58.546743,
            -34.634657
          ],
          [
            -58.548481,
            -34.634528
          ],
          [
            -58.550692,
            -34.634743
          ],
          [
            -58.551571,
            -34.634829
          ],
          [
            -58.552215,
            -34.634957
          ],
          [
            -58.552623,
            -34.635065
          ],
          [
            -58.55361,
            -34.635365
          ],
          [
            -58.554533,
            -34.635623
          ],
          [
            -58.554897,
            -34.635708
          ],
          [
            -58.55612,
            -34.636073
          ],
          [
            -58.55715,
            -34.636374
          ],
          [
            -58.558609,
            -34.636824
          ],
          [
            -58.559253,
            -34.636996
          ],
          [
            -58.559639,
            -34.637125
          ],
          [
            -58.56009,
            -34.637253
          ],
          [
            -58.560326,
            -34.637339
          ],
          [
            -58.561399,
            -34.63764
          ],
          [
            -58.561571,
            -34.637704
          ],
          [
            -58.562322,
            -34.637918
          ],
          [
            -58.563416,
            -34.63824
          ],
          [
            -58.563631,
            -34.638047
          ],
          [
            -58.563802,
            -34.63794
          ],
          [
            -58.563995,
            -34.637876
          ],
          [
            -58.564854,
            -34.637983
          ],
          [
            -58.565626,
            -34.638112
          ],
          [
            -58.565369,
            -34.639163
          ],
          [
            -58.565068,
            -34.640257
          ],
          [
            -58.564464,
            -34.640159
          ],
          [
            -58.563888,
            -34.640064
          ],
          [
            -58.564188,
            -34.63897
          ],
          [
            -58.564274,
            -34.638412
          ],
          [
            -58.564403,
            -34.637918
          ],
          [
            -58.566442,
            -34.638219
          ],
          [
            -58.567793,
            -34.638283
          ],
          [
            -58.567944,
            -34.638283
          ],
          [
            -58.569446,
            -34.638305
          ],
          [
            -58.569574,
            -34.638305
          ],
          [
            -58.570969,
            -34.638305
          ],
          [
            -58.572557,
            -34.638348
          ],
          [
            -58.574016,
            -34.638348
          ],
          [
            -58.57511,
            -34.638326
          ],
          [
            -58.57554,
            -34.638326
          ],
          [
            -58.576248,
            -34.638283
          ],
          [
            -58.577042,
            -34.638283
          ],
          [
            -58.577707,
            -34.63824
          ],
          [
            -58.578565,
            -34.638219
          ],
          [
            -58.579102,
            -34.638176
          ],
          [
            -58.580496,
            -34.638112
          ],
          [
            -58.581934,
            -34.638069
          ],
          [
            -58.5829,
            -34.638026
          ],
          [
            -58.58335,
            -34.637747
          ],
          [
            -58.584466,
            -34.636931
          ],
          [
            -58.584638,
            -34.636803
          ],
          [
            -58.585925,
            -34.635859
          ],
          [
            -58.586268,
            -34.63558
          ],
          [
            -58.586354,
            -34.635494
          ],
          [
            -58.586311,
            -34.635429
          ],
          [
            -58.586311,
            -34.635279
          ],
          [
            -58.58644,
            -34.635193
          ],
          [
            -58.586612,
            -34.635193
          ],
          [
            -58.586912,
            -34.635193
          ],
          [
            -58.587577,
            -34.635215
          ],
          [
            -58.58865,
            -34.635236
          ],
          [
            -58.589745,
            -34.635236
          ],
          [
            -58.590817,
            -34.635258
          ],
          [
            -58.59189,
            -34.635301
          ],
          [
            -58.591976,
            -34.635279
          ],
          [
            -58.592062,
            -34.635301
          ],
          [
            -58.592491,
            -34.635322
          ],
          [
            -58.592641,
            -34.635386
          ],
          [
            -58.593178,
            -34.635429
          ],
          [
            -58.594125,
            -34.635448
          ],
          [
            -58.597469,
            -34.635515
          ],
          [
            -58.602211,
            -34.635816
          ],
          [
            -58.602598,
            -34.635751
          ],
          [
            -58.604658,
            -34.635386
          ],
          [
            -58.605856,
            -34.635215
          ],
          [
            -58.607512,
            -34.634979
          ],
          [
            -58.609191,
            -34.634729
          ],
          [
            -58.612854,
            -34.634185
          ],
          [
            -58.617361,
            -34.63352
          ],
          [
            -58.61764,
            -34.633477
          ],
          [
            -58.618155,
            -34.633133
          ],
          [
            -58.618369,
            -34.63309
          ],
          [
            -58.618476,
            -34.63309
          ],
          [
            -58.619421,
            -34.633327
          ],
          [
            -58.619549,
            -34.633305
          ],
          [
            -58.619742,
            -34.633155
          ],
          [
            -58.619893,
            -34.632683
          ],
          [
            -58.620064,
            -34.632189
          ],
          [
            -58.620043,
            -34.632061
          ],
          [
            -58.619957,
            -34.631953
          ],
          [
            -58.619742,
            -34.631846
          ],
          [
            -58.619485,
            -34.631824
          ],
          [
            -58.619335,
            -34.631824
          ],
          [
            -58.619206,
            -34.631889
          ],
          [
            -58.619142,
            -34.631996
          ],
          [
            -58.619142,
            -34.632146
          ],
          [
            -58.619227,
            -34.632254
          ],
          [
            -58.619356,
            -34.632339
          ],
          [
            -58.620009,
            -34.632349
          ],
          [
            -58.620508,
            -34.632357
          ],
          [
            -58.620794,
            -34.632361
          ],
          [
            -58.622081,
            -34.632318
          ],
          [
            -58.622253,
            -34.632297
          ],
          [
            -58.623133,
            -34.632318
          ],
          [
            -58.624055,
            -34.632361
          ],
          [
            -58.624291,
            -34.632361
          ],
          [
            -58.624957,
            -34.632382
          ],
          [
            -58.625836,
            -34.632468
          ],
          [
            -58.626974,
            -34.632468
          ],
          [
            -58.627038,
            -34.632468
          ],
          [
            -58.627676,
            -34.632362
          ],
          [
            -58.627853,
            -34.632254
          ],
          [
            -58.628089,
            -34.632039
          ],
          [
            -58.628819,
            -34.631331
          ],
          [
            -58.630068,
            -34.631084
          ],
          [
            -58.630042,
            -34.631138
          ],
          [
            -58.629982,
            -34.631306
          ],
          [
            -58.629742,
            -34.631975
          ],
          [
            -58.629441,
            -34.63264
          ],
          [
            -58.62927,
            -34.633005
          ],
          [
            -58.629162,
            -34.633327
          ],
          [
            -58.628798,
            -34.63412
          ],
          [
            -58.628454,
            -34.634871
          ],
          [
            -58.628111,
            -34.635558
          ],
          [
            -58.627918,
            -34.635901
          ],
          [
            -58.627553,
            -34.636502
          ],
          [
            -58.62751,
            -34.636588
          ],
          [
            -58.627124,
            -34.637253
          ],
          [
            -58.626673,
            -34.63794
          ],
          [
            -58.626351,
            -34.638476
          ],
          [
            -58.626266,
            -34.638648
          ],
          [
            -58.625729,
            -34.639592
          ],
          [
            -58.625216,
            -34.640379
          ],
          [
            -58.625085,
            -34.640579
          ],
          [
            -58.624527,
            -34.641073
          ],
          [
            -58.624077,
            -34.641416
          ],
          [
            -58.623068,
            -34.64221
          ],
          [
            -58.622746,
            -34.642403
          ],
          [
            -58.622489,
            -34.64251
          ],
          [
            -58.622339,
            -34.64251
          ],
          [
            -58.62221,
            -34.642575
          ],
          [
            -58.62103,
            -34.64354
          ],
          [
            -58.620515,
            -34.643948
          ],
          [
            -58.619785,
            -34.644549
          ],
          [
            -58.619807,
            -34.645472
          ],
          [
            -58.619828,
            -34.646459
          ],
          [
            -58.619828,
            -34.646995
          ],
          [
            -58.619828,
            -34.64736
          ],
          [
            -58.619807,
            -34.647939
          ]
        ]
      }
    },
    {
      "type": "Feature",
      "properties": {
        "Linea": "176",
        "Recorrido": "F",
        "Sentido": "VUELTA",
        "Razon_soci": "EXPRESO GENERAL SARMIENTO SOCIEDAD ANONIMA",
        "Jurisdicci": "NACIONAL",
        "assigned_zone_name": "Villa Club",
        "source_name": "Datos Transporte - Recorridos de servicios de colectivos AMBA",
        "source_url": "https://datos.transporte.gob.ar/dataset/recorridos-de-servicios-de-colectivos-amba",
        "license": "Creative Commons Attribution 4.0",
        "generated_at": "2026-06-13T02:11:01.209890+00:00",
        "data_confidence": "medium"
      },
      "geometry": {
        "type": "LineString",
        "coordinates": [
          [
            -58.73261,
            -34.454069
          ],
          [
            -58.734004,
            -34.454799
          ],
          [
            -58.735936,
            -34.455721
          ],
          [
            -58.737223,
            -34.456429
          ],
          [
            -58.738489,
            -34.457052
          ],
          [
            -58.739734,
            -34.45761
          ],
          [
            -58.74366,
            -34.459605
          ],
          [
            -58.744304,
            -34.463575
          ],
          [
            -58.744351,
            -34.4636
          ],
          [
            -58.746965,
            -34.464991
          ],
          [
            -58.747823,
            -34.465442
          ],
          [
            -58.749025,
            -34.466107
          ],
          [
            -58.751063,
            -34.467201
          ],
          [
            -58.751235,
            -34.467287
          ],
          [
            -58.752394,
            -34.467287
          ],
          [
            -58.752673,
            -34.467351
          ],
          [
            -58.753145,
            -34.467587
          ],
          [
            -58.753767,
            -34.467909
          ],
          [
            -58.753939,
            -34.467995
          ],
          [
            -58.754539,
            -34.468317
          ],
          [
            -58.755162,
            -34.46866
          ],
          [
            -58.755269,
            -34.468725
          ],
          [
            -58.755934,
            -34.469068
          ],
          [
            -58.756299,
            -34.469283
          ],
          [
            -58.757565,
            -34.467695
          ],
          [
            -58.75838,
            -34.470119
          ],
          [
            -58.758337,
            -34.470248
          ],
          [
            -58.75838,
            -34.470377
          ],
          [
            -58.758681,
            -34.47057
          ],
          [
            -58.759046,
            -34.470742
          ],
          [
            -58.759453,
            -34.470956
          ],
          [
            -58.76014,
            -34.471343
          ],
          [
            -58.760355,
            -34.471471
          ],
          [
            -58.760827,
            -34.471729
          ],
          [
            -58.76117,
            -34.4719
          ],
          [
            -58.761513,
            -34.472072
          ],
          [
            -58.761985,
            -34.47233
          ],
          [
            -58.7622,
            -34.472437
          ],
          [
            -58.762715,
            -34.472716
          ],
          [
            -58.762887,
            -34.47278
          ],
          [
            -58.763316,
            -34.473016
          ],
          [
            -58.763638,
            -34.473188
          ],
          [
            -58.764968,
            -34.473896
          ],
          [
            -58.765268,
            -34.474046
          ],
          [
            -58.766298,
            -34.474604
          ],
          [
            -58.76765,
            -34.475269
          ],
          [
            -58.768272,
            -34.475634
          ],
          [
            -58.768959,
            -34.475999
          ],
          [
            -58.769925,
            -34.476492
          ],
          [
            -58.770032,
            -34.4769
          ],
          [
            -58.769989,
            -34.477115
          ],
          [
            -58.769646,
            -34.477565
          ],
          [
            -58.76956,
            -34.47778
          ],
          [
            -58.769603,
            -34.478209
          ],
          [
            -58.769796,
            -34.478316
          ],
          [
            -58.770161,
            -34.478509
          ],
          [
            -58.771319,
            -34.47911
          ],
          [
            -58.772006,
            -34.479496
          ],
          [
            -58.772564,
            -34.479797
          ],
          [
            -58.772671,
            -34.479861
          ],
          [
            -58.774023,
            -34.480612
          ],
          [
            -58.775182,
            -34.48117
          ],
          [
            -58.777177,
            -34.482222
          ],
          [
            -58.777392,
            -34.482436
          ],
          [
            -58.776684,
            -34.48323
          ],
          [
            -58.775976,
            -34.483981
          ],
          [
            -58.775289,
            -34.484732
          ],
          [
            -58.774559,
            -34.485526
          ],
          [
            -58.774023,
            -34.486127
          ],
          [
            -58.773551,
            -34.48662
          ],
          [
            -58.772714,
            -34.4875
          ],
          [
            -58.771641,
            -34.488552
          ],
          [
            -58.77104,
            -34.488981
          ],
          [
            -58.770289,
            -34.48941
          ],
          [
            -58.769624,
            -34.489775
          ],
          [
            -58.768873,
            -34.490204
          ],
          [
            -58.768272,
            -34.490547
          ],
          [
            -58.767457,
            -34.491019
          ],
          [
            -58.766513,
            -34.491599
          ],
          [
            -58.765633,
            -34.492135
          ],
          [
            -58.764839,
            -34.492629
          ],
          [
            -58.763616,
            -34.49338
          ],
          [
            -58.762608,
            -34.494023
          ],
          [
            -58.761749,
            -34.494538
          ],
          [
            -58.760827,
            -34.495118
          ],
          [
            -58.760204,
            -34.49544
          ],
          [
            -58.759732,
            -34.495633
          ],
          [
            -58.758402,
            -34.496276
          ],
          [
            -58.757436,
            -34.496727
          ],
          [
            -58.75705,
            -34.496899
          ],
          [
            -58.755505,
            -34.497607
          ],
          [
            -58.753595,
            -34.498444
          ],
          [
            -58.750741,
            -34.499645
          ],
          [
            -58.749797,
            -34.500053
          ],
          [
            -58.749025,
            -34.500461
          ],
          [
            -58.748059,
            -34.500868
          ],
          [
            -58.747437,
            -34.501104
          ],
          [
            -58.747072,
            -34.501233
          ],
          [
            -58.746278,
            -34.501576
          ],
          [
            -58.745484,
            -34.501898
          ],
          [
            -58.744776,
            -34.502199
          ],
          [
            -58.745227,
            -34.502435
          ],
          [
            -58.746192,
            -34.50295
          ],
          [
            -58.747137,
            -34.503443
          ],
          [
            -58.748081,
            -34.50398
          ],
          [
            -58.749111,
            -34.504516
          ],
          [
            -58.748553,
            -34.505246
          ],
          [
            -58.747931,
            -34.50604
          ],
          [
            -58.74896,
            -34.506576
          ],
          [
            -58.750205,
            -34.50722
          ],
          [
            -58.751535,
            -34.507949
          ],
          [
            -58.752608,
            -34.508529
          ],
          [
            -58.753703,
            -34.509108
          ],
          [
            -58.75308,
            -34.509881
          ],
          [
            -58.752501,
            -34.510632
          ],
          [
            -58.753617,
            -34.511232
          ],
          [
            -58.75469,
            -34.511833
          ],
          [
            -58.755741,
            -34.512391
          ],
          [
            -58.75514,
            -34.513164
          ],
          [
            -58.754561,
            -34.513915
          ],
          [
            -58.753982,
            -34.514644
          ],
          [
            -58.753359,
            -34.515438
          ],
          [
            -58.75278,
            -34.516189
          ],
          [
            -58.752179,
            -34.516962
          ],
          [
            -58.7516,
            -34.517691
          ],
          [
            -58.750999,
            -34.518464
          ],
          [
            -58.751063,
            -34.518528
          ],
          [
            -58.751063,
            -34.518571
          ],
          [
            -58.750956,
            -34.518678
          ],
          [
            -58.750162,
            -34.518335
          ],
          [
            -58.748896,
            -34.517756
          ],
          [
            -58.748703,
            -34.517605
          ],
          [
            -58.747931,
            -34.517241
          ],
          [
            -58.746815,
            -34.516726
          ],
          [
            -58.745677,
            -34.516168
          ],
          [
            -58.74527,
            -34.516017
          ],
          [
            -58.744519,
            -34.515631
          ],
          [
            -58.74336,
            -34.515095
          ],
          [
            -58.74263,
            -34.515631
          ],
          [
            -58.742373,
            -34.515824
          ],
          [
            -58.741772,
            -34.516253
          ],
          [
            -58.740935,
            -34.516854
          ],
          [
            -58.740528,
            -34.517176
          ],
          [
            -58.740098,
            -34.517477
          ],
          [
            -58.739541,
            -34.517884
          ],
          [
            -58.739326,
            -34.518034
          ],
          [
            -58.738511,
            -34.518635
          ],
          [
            -58.737266,
            -34.519536
          ],
          [
            -58.736537,
            -34.520116
          ],
          [
            -58.735764,
            -34.520674
          ],
          [
            -58.734863,
            -34.521296
          ],
          [
            -58.733962,
            -34.521961
          ],
          [
            -58.732846,
            -34.522777
          ],
          [
            -58.731687,
            -34.523635
          ],
          [
            -58.73055,
            -34.524493
          ],
          [
            -58.729606,
            -34.52518
          ],
          [
            -58.728833,
            -34.525759
          ],
          [
            -58.728619,
            -34.525909
          ],
          [
            -58.726988,
            -34.52709
          ],
          [
            -58.726022,
            -34.527819
          ],
          [
            -58.72525,
            -34.528377
          ],
          [
            -58.72452,
            -34.528892
          ],
          [
            -58.723383,
            -34.529707
          ],
          [
            -58.721559,
            -34.531059
          ],
          [
            -58.722718,
            -34.532175
          ],
          [
            -58.72334,
            -34.532754
          ],
          [
            -58.723662,
            -34.533055
          ],
          [
            -58.724542,
            -34.533098
          ],
          [
            -58.72364,
            -34.533763
          ],
          [
            -58.723276,
            -34.534042
          ],
          [
            -58.722889,
            -34.534321
          ],
          [
            -58.722246,
            -34.534793
          ],
          [
            -58.720379,
            -34.536123
          ],
          [
            -58.719327,
            -34.536896
          ],
          [
            -58.71819,
            -34.537733
          ],
          [
            -58.71701,
            -34.538591
          ],
          [
            -58.71598,
            -34.539342
          ],
          [
            -58.716795,
            -34.540136
          ],
          [
            -58.715723,
            -34.540908
          ],
          [
            -58.714328,
            -34.54196
          ],
          [
            -58.712869,
            -34.54299
          ],
          [
            -58.711882,
            -34.543741
          ],
          [
            -58.710744,
            -34.544556
          ],
          [
            -58.709586,
            -34.545414
          ],
          [
            -58.70847,
            -34.546208
          ],
          [
            -58.707333,
            -34.547045
          ],
          [
            -58.70641,
            -34.54771
          ],
          [
            -58.705208,
            -34.54859
          ],
          [
            -58.704436,
            -34.547775
          ],
          [
            -58.70362,
            -34.548376
          ],
          [
            -58.702762,
            -34.549019
          ],
          [
            -58.701839,
            -34.549685
          ],
          [
            -58.700895,
            -34.550371
          ],
          [
            -58.699951,
            -34.551058
          ],
          [
            -58.699565,
            -34.551358
          ],
          [
            -58.6992,
            -34.551637
          ],
          [
            -58.698986,
            -34.551787
          ],
          [
            -58.698471,
            -34.552152
          ],
          [
            -58.698213,
            -34.552367
          ],
          [
            -58.696969,
            -34.553289
          ],
          [
            -58.697698,
            -34.553998
          ],
          [
            -58.696711,
            -34.554706
          ],
          [
            -58.69581,
            -34.555349
          ],
          [
            -58.694737,
            -34.556143
          ],
          [
            -58.6936,
            -34.55698
          ],
          [
            -58.692441,
            -34.557838
          ],
          [
            -58.691626,
            -34.558439
          ],
          [
            -58.691432,
            -34.558568
          ],
          [
            -58.690982,
            -34.558911
          ],
          [
            -58.690445,
            -34.559298
          ],
          [
            -58.689415,
            -34.560049
          ],
          [
            -58.687935,
            -34.561121
          ],
          [
            -58.686454,
            -34.562216
          ],
          [
            -58.686368,
            -34.56228
          ],
          [
            -58.685639,
            -34.562795
          ],
          [
            -58.684909,
            -34.563332
          ],
          [
            -58.683901,
            -34.563847
          ],
          [
            -58.68315,
            -34.564211
          ],
          [
            -58.682098,
            -34.563224
          ],
          [
            -58.680747,
            -34.56198
          ],
          [
            -58.679416,
            -34.561851
          ],
          [
            -58.677742,
            -34.561744
          ],
          [
            -58.676605,
            -34.561658
          ],
          [
            -58.675468,
            -34.561594
          ],
          [
            -58.675361,
            -34.561808
          ],
          [
            -58.67506,
            -34.561937
          ],
          [
            -58.674717,
            -34.561851
          ],
          [
            -58.674502,
            -34.561679
          ],
          [
            -58.674374,
            -34.561508
          ],
          [
            -58.674309,
            -34.561293
          ],
          [
            -58.674309,
            -34.5611
          ],
          [
            -58.674459,
            -34.560971
          ],
          [
            -58.673837,
            -34.560392
          ],
          [
            -58.673215,
            -34.559791
          ],
          [
            -58.672593,
            -34.55919
          ],
          [
            -58.672442,
            -34.559276
          ],
          [
            -58.671949,
            -34.559212
          ],
          [
            -58.671713,
            -34.559083
          ],
          [
            -58.671606,
            -34.55889
          ],
          [
            -58.671541,
            -34.558611
          ],
          [
            -58.670383,
            -34.558547
          ],
          [
            -58.669202,
            -34.558482
          ],
          [
            -58.667743,
            -34.558396
          ],
          [
            -58.666327,
            -34.558332
          ],
          [
            -58.666177,
            -34.558289
          ],
          [
            -58.665898,
            -34.558203
          ],
          [
            -58.658645,
            -34.55668
          ],
          [
            -58.65828,
            -34.556637
          ],
          [
            -58.658023,
            -34.556658
          ],
          [
            -58.65783,
            -34.556723
          ],
          [
            -58.655834,
            -34.558182
          ],
          [
            -58.655384,
            -34.558439
          ],
          [
            -58.65519,
            -34.558504
          ],
          [
            -58.651822,
            -34.559362
          ],
          [
            -58.651478,
            -34.559426
          ],
          [
            -58.649369,
            -34.560257
          ],
          [
            -58.646414,
            -34.561422
          ],
          [
            -58.646315,
            -34.561481
          ],
          [
            -58.645835,
            -34.561765
          ],
          [
            -58.643966,
            -34.562489
          ],
          [
            -58.643839,
            -34.562538
          ],
          [
            -58.641286,
            -34.562924
          ],
          [
            -58.640814,
            -34.564855
          ],
          [
            -58.640707,
            -34.565306
          ],
          [
            -58.640408,
            -34.566679
          ],
          [
            -58.64002,
            -34.56846
          ],
          [
            -58.639848,
            -34.568632
          ],
          [
            -58.639741,
            -34.568632
          ],
          [
            -58.639634,
            -34.568589
          ],
          [
            -58.639569,
            -34.568439
          ],
          [
            -58.639247,
            -34.567473
          ],
          [
            -58.638904,
            -34.56713
          ],
          [
            -58.638518,
            -34.566894
          ],
          [
            -58.63826,
            -34.566808
          ],
          [
            -58.636994,
            -34.56655
          ],
          [
            -58.633324,
            -34.565953
          ],
          [
            -58.631587,
            -34.56567
          ],
          [
            -58.631179,
            -34.565585
          ],
          [
            -58.630643,
            -34.565392
          ],
          [
            -58.630064,
            -34.565091
          ],
          [
            -58.629699,
            -34.564919
          ],
          [
            -58.629313,
            -34.564641
          ],
          [
            -58.628347,
            -34.563804
          ],
          [
            -58.627725,
            -34.563353
          ],
          [
            -58.627081,
            -34.563053
          ],
          [
            -58.626502,
            -34.562902
          ],
          [
            -58.626266,
            -34.562881
          ],
          [
            -58.624184,
            -34.562795
          ],
          [
            -58.623819,
            -34.562795
          ],
          [
            -58.622746,
            -34.562795
          ],
          [
            -58.621094,
            -34.562817
          ],
          [
            -58.619635,
            -34.562795
          ],
          [
            -58.617468,
            -34.562774
          ],
          [
            -58.616889,
            -34.562774
          ],
          [
            -58.615386,
            -34.562752
          ],
          [
            -58.613477,
            -34.562752
          ],
          [
            -58.612854,
            -34.562731
          ],
          [
            -58.611588,
            -34.562731
          ],
          [
            -58.611288,
            -34.562731
          ],
          [
            -58.610194,
            -34.562709
          ],
          [
            -58.610001,
            -34.562709
          ],
          [
            -58.609014,
            -34.562709
          ],
          [
            -58.608434,
            -34.562688
          ],
          [
            -58.607576,
            -34.562688
          ],
          [
            -58.606718,
            -34.562688
          ],
          [
            -58.60558,
            -34.562666
          ],
          [
            -58.6044,
            -34.562666
          ],
          [
            -58.603349,
            -34.562645
          ],
          [
            -58.601975,
            -34.562645
          ],
          [
            -58.601568,
            -34.562624
          ],
          [
            -58.600988,
            -34.562624
          ],
          [
            -58.598456,
            -34.562559
          ],
          [
            -58.597233,
            -34.562581
          ],
          [
            -58.595946,
            -34.562559
          ],
          [
            -58.594723,
            -34.562581
          ],
          [
            -58.594508,
            -34.562581
          ],
          [
            -58.593457,
            -34.562581
          ],
          [
            -58.592942,
            -34.562581
          ],
          [
            -58.592255,
            -34.562602
          ],
          [
            -58.590946,
            -34.562581
          ],
          [
            -58.589938,
            -34.562581
          ],
          [
            -58.589294,
            -34.562581
          ],
          [
            -58.588843,
            -34.562709
          ],
          [
            -58.588736,
            -34.562795
          ],
          [
            -58.588629,
            -34.562902
          ],
          [
            -58.588436,
            -34.562988
          ],
          [
            -58.587985,
            -34.56301
          ],
          [
            -58.587878,
            -34.562988
          ],
          [
            -58.587706,
            -34.56286
          ],
          [
            -58.586977,
            -34.562645
          ],
          [
            -58.586655,
            -34.562624
          ],
          [
            -58.585839,
            -34.562624
          ],
          [
            -58.582363,
            -34.562602
          ],
          [
            -58.581483,
            -34.562602
          ],
          [
            -58.580754,
            -34.562624
          ],
          [
            -58.58041,
            -34.562645
          ],
          [
            -58.579831,
            -34.562709
          ],
          [
            -58.578651,
            -34.562924
          ],
          [
            -58.578265,
            -34.56301
          ],
          [
            -58.576334,
            -34.563439
          ],
          [
            -58.574467,
            -34.563847
          ],
          [
            -58.573716,
            -34.564018
          ],
          [
            -58.572493,
            -34.564297
          ],
          [
            -58.571205,
            -34.564576
          ],
          [
            -58.571098,
            -34.564598
          ],
          [
            -58.569682,
            -34.564919
          ],
          [
            -58.56863,
            -34.565134
          ],
          [
            -58.5676,
            -34.56537
          ],
          [
            -58.566549,
            -34.565628
          ],
          [
            -58.565776,
            -34.565778
          ],
          [
            -58.565047,
            -34.565928
          ],
          [
            -58.563416,
            -34.566293
          ],
          [
            -58.562257,
            -34.56655
          ],
          [
            -58.561013,
            -34.566829
          ],
          [
            -58.559682,
            -34.567108
          ],
          [
            -58.55921,
            -34.567194
          ],
          [
            -58.558803,
            -34.567323
          ],
          [
            -58.558524,
            -34.567451
          ],
          [
            -58.558373,
            -34.567559
          ],
          [
            -58.558052,
            -34.567816
          ],
          [
            -58.556957,
            -34.568675
          ],
          [
            -58.556678,
            -34.568889
          ],
          [
            -58.556077,
            -34.569383
          ],
          [
            -58.555305,
            -34.569983
          ],
          [
            -58.554254,
            -34.570799
          ],
          [
            -58.553009,
            -34.571807
          ],
          [
            -58.552129,
            -34.572494
          ],
          [
            -58.552001,
            -34.572601
          ],
          [
            -58.550541,
            -34.57376
          ],
          [
            -58.549898,
            -34.574275
          ],
          [
            -58.548868,
            -34.57509
          ],
          [
            -58.54831,
            -34.575541
          ],
          [
            -58.548031,
            -34.575927
          ],
          [
            -58.547881,
            -34.576056
          ],
          [
            -58.547773,
            -34.576077
          ],
          [
            -58.546743,
            -34.576957
          ],
          [
            -58.545692,
            -34.577794
          ],
          [
            -58.544898,
            -34.577107
          ],
          [
            -58.544126,
            -34.576464
          ],
          [
            -58.543375,
            -34.57582
          ],
          [
            -58.542602,
            -34.575176
          ],
          [
            -58.541529,
            -34.576013
          ],
          [
            -58.540478,
            -34.57685
          ],
          [
            -58.539448,
            -34.577708
          ],
          [
            -58.538375,
            -34.578567
          ],
          [
            -58.537602,
            -34.577923
          ],
          [
            -58.536551,
            -34.57876
          ],
          [
            -58.535478,
            -34.579618
          ],
          [
            -58.534448,
            -34.580476
          ],
          [
            -58.533332,
            -34.581378
          ],
          [
            -58.532238,
            -34.582236
          ],
          [
            -58.531208,
            -34.583073
          ],
          [
            -58.530178,
            -34.58391
          ],
          [
            -58.529599,
            -34.584403
          ],
          [
            -58.52829,
            -34.585454
          ],
          [
            -58.52756,
            -34.585991
          ],
          [
            -58.528461,
            -34.586549
          ],
          [
            -58.527668,
            -34.587193
          ],
          [
            -58.526917,
            -34.587901
          ],
          [
            -58.526037,
            -34.587364
          ],
          [
            -58.525865,
            -34.587257
          ],
          [
            -58.524106,
            -34.587793
          ],
          [
            -58.523161,
            -34.588072
          ],
          [
            -58.522282,
            -34.58833
          ],
          [
            -58.520479,
            -34.588866
          ],
          [
            -58.519127,
            -34.589252
          ],
          [
            -58.518703,
            -34.589401
          ],
          [
            -58.518269,
            -34.589553
          ],
          [
            -58.517947,
            -34.589639
          ],
          [
            -58.516681,
            -34.590003
          ],
          [
            -58.515372,
            -34.590411
          ],
          [
            -58.513892,
            -34.59084
          ],
          [
            -58.512433,
            -34.591269
          ],
          [
            -58.510995,
            -34.59172
          ],
          [
            -58.509686,
            -34.592171
          ],
          [
            -58.508999,
            -34.592428
          ],
          [
            -58.508098,
            -34.593437
          ],
          [
            -58.507454,
            -34.594166
          ],
          [
            -58.506296,
            -34.593437
          ],
          [
            -58.506103,
            -34.593351
          ],
          [
            -58.504772,
            -34.592514
          ],
          [
            -58.503442,
            -34.591699
          ],
          [
            -58.502798,
            -34.592407
          ],
          [
            -58.502154,
            -34.593115
          ],
          [
            -58.500824,
            -34.592299
          ],
          [
            -58.499494,
            -34.591484
          ],
          [
            -58.498228,
            -34.590712
          ],
          [
            -58.497112,
            -34.590003
          ],
          [
            -58.495932,
            -34.589274
          ],
          [
            -58.495352,
            -34.588931
          ],
          [
            -58.494794,
            -34.588587
          ],
          [
            -58.494236,
            -34.588223
          ],
          [
            -58.493679,
            -34.587879
          ],
          [
            -58.492541,
            -34.587171
          ],
          [
            -58.491962,
            -34.586806
          ],
          [
            -58.491426,
            -34.586463
          ],
          [
            -58.490868,
            -34.586098
          ],
          [
            -58.490288,
            -34.585755
          ],
          [
            -58.489559,
            -34.585283
          ],
          [
            -58.488829,
            -34.584832
          ],
          [
            -58.4881,
            -34.584403
          ],
          [
            -58.487048,
            -34.583781
          ],
          [
            -58.485954,
            -34.583158
          ],
          [
            -58.485096,
            -34.582665
          ],
          [
            -58.484752,
            -34.58245
          ],
          [
            -58.48413,
            -34.582086
          ],
          [
            -58.483143,
            -34.581528
          ],
          [
            -58.482156,
            -34.580948
          ],
          [
            -58.481147,
            -34.580348
          ],
          [
            -58.480482,
            -34.579983
          ],
          [
            -58.480182,
            -34.579811
          ],
          [
            -58.479002,
            -34.579124
          ],
          [
            -58.477221,
            -34.579532
          ],
          [
            -58.475482,
            -34.57994
          ],
          [
            -58.47501,
            -34.580476
          ],
          [
            -58.47471,
            -34.58082
          ],
          [
            -58.474302,
            -34.58127
          ],
          [
            -58.474002,
            -34.581614
          ],
          [
            -58.473594,
            -34.581764
          ],
          [
            -58.472071,
            -34.582236
          ],
          [
            -58.472092,
            -34.581549
          ],
          [
            -58.472135,
            -34.580455
          ],
          [
            -58.470869,
            -34.580476
          ],
          [
            -58.469539,
            -34.580476
          ],
          [
            -58.468401,
            -34.580519
          ],
          [
            -58.467264,
            -34.580541
          ],
          [
            -58.466148,
            -34.580584
          ],
          [
            -58.464711,
            -34.580626
          ],
          [
            -58.463316,
            -34.580669
          ],
          [
            -58.461857,
            -34.580712
          ],
          [
            -58.460548,
            -34.580755
          ],
          [
            -58.459175,
            -34.580755
          ],
          [
            -58.457994,
            -34.580734
          ],
          [
            -58.456707,
            -34.58215
          ],
          [
            -58.455784,
            -34.58318
          ],
          [
            -58.454819,
            -34.58421
          ],
          [
            -58.454518,
            -34.584553
          ],
          [
            -58.45396,
            -34.585176
          ],
          [
            -58.454969,
            -34.58672
          ],
          [
            -58.455248,
            -34.587128
          ],
          [
            -58.455205,
            -34.587278
          ],
          [
            -58.455088,
            -34.587391
          ],
          [
            -58.454111,
            -34.587772
          ],
          [
            -58.45278,
            -34.588265
          ],
          [
            -58.45145,
            -34.588737
          ],
          [
            -58.451042,
            -34.588845
          ],
          [
            -58.450549,
            -34.588866
          ],
          [
            -58.450334,
            -34.589081
          ],
          [
            -58.449519,
            -34.589875
          ],
          [
            -58.449175,
            -34.590197
          ],
          [
            -58.448746,
            -34.590583
          ],
          [
            -58.447609,
            -34.591699
          ],
          [
            -58.44786,
            -34.591924
          ]
        ]
      }
    },
    {
      "type": "Feature",
      "properties": {
        "Linea": "176",
        "Recorrido": "G",
        "Sentido": "VUELTA",
        "Razon_soci": "EXPRESO GENERAL SARMIENTO SOCIEDAD ANONIMA",
        "Jurisdicci": "NACIONAL",
        "assigned_zone_name": "Villa Club",
        "source_name": "Datos Transporte - Recorridos de servicios de colectivos AMBA",
        "source_url": "https://datos.transporte.gob.ar/dataset/recorridos-de-servicios-de-colectivos-amba",
        "license": "Creative Commons Attribution 4.0",
        "generated_at": "2026-06-13T02:11:01.209890+00:00",
        "data_confidence": "medium"
      },
      "geometry": {
        "type": "LineString",
        "coordinates": [
          [
            -58.747437,
            -34.501104
          ],
          [
            -58.747072,
            -34.501233
          ],
          [
            -58.746278,
            -34.501576
          ],
          [
            -58.745484,
            -34.501898
          ],
          [
            -58.744776,
            -34.502199
          ],
          [
            -58.745227,
            -34.502435
          ],
          [
            -58.746192,
            -34.50295
          ],
          [
            -58.747137,
            -34.503443
          ],
          [
            -58.748081,
            -34.50398
          ],
          [
            -58.749111,
            -34.504516
          ],
          [
            -58.74984,
            -34.503572
          ],
          [
            -58.750269,
            -34.502993
          ],
          [
            -58.750763,
            -34.502392
          ],
          [
            -58.751793,
            -34.502928
          ],
          [
            -58.752995,
            -34.503572
          ],
          [
            -58.754368,
            -34.504302
          ],
          [
            -58.753874,
            -34.504924
          ],
          [
            -58.753424,
            -34.505503
          ],
          [
            -58.753209,
            -34.505804
          ],
          [
            -58.752716,
            -34.506426
          ],
          [
            -58.752115,
            -34.50722
          ],
          [
            -58.751535,
            -34.507949
          ],
          [
            -58.752608,
            -34.508529
          ],
          [
            -58.753703,
            -34.509108
          ],
          [
            -58.75308,
            -34.509881
          ],
          [
            -58.752501,
            -34.510632
          ],
          [
            -58.753617,
            -34.511232
          ],
          [
            -58.75469,
            -34.511833
          ],
          [
            -58.755741,
            -34.512391
          ],
          [
            -58.75514,
            -34.513164
          ],
          [
            -58.754561,
            -34.513915
          ],
          [
            -58.753982,
            -34.514644
          ],
          [
            -58.753359,
            -34.515438
          ],
          [
            -58.75278,
            -34.516189
          ],
          [
            -58.752179,
            -34.516962
          ],
          [
            -58.7516,
            -34.517691
          ],
          [
            -58.750999,
            -34.518464
          ],
          [
            -58.751063,
            -34.518528
          ],
          [
            -58.751063,
            -34.518571
          ],
          [
            -58.750956,
            -34.518678
          ],
          [
            -58.750162,
            -34.518335
          ],
          [
            -58.748896,
            -34.517756
          ],
          [
            -58.748703,
            -34.517605
          ],
          [
            -58.747931,
            -34.517241
          ],
          [
            -58.746815,
            -34.516726
          ],
          [
            -58.745677,
            -34.516168
          ],
          [
            -58.74527,
            -34.516017
          ],
          [
            -58.744519,
            -34.515631
          ],
          [
            -58.74336,
            -34.515095
          ],
          [
            -58.74263,
            -34.515631
          ],
          [
            -58.742373,
            -34.515824
          ],
          [
            -58.741772,
            -34.516253
          ],
          [
            -58.740935,
            -34.516854
          ],
          [
            -58.740528,
            -34.517176
          ],
          [
            -58.740098,
            -34.517477
          ],
          [
            -58.739541,
            -34.517884
          ],
          [
            -58.739326,
            -34.518034
          ],
          [
            -58.738511,
            -34.518635
          ],
          [
            -58.737266,
            -34.519536
          ],
          [
            -58.736537,
            -34.520116
          ],
          [
            -58.735764,
            -34.520674
          ],
          [
            -58.734863,
            -34.521296
          ],
          [
            -58.733962,
            -34.521961
          ],
          [
            -58.732846,
            -34.522777
          ],
          [
            -58.731687,
            -34.523635
          ],
          [
            -58.73055,
            -34.524493
          ],
          [
            -58.729606,
            -34.52518
          ],
          [
            -58.728833,
            -34.525759
          ],
          [
            -58.728619,
            -34.525909
          ],
          [
            -58.726988,
            -34.52709
          ],
          [
            -58.726022,
            -34.527819
          ],
          [
            -58.72525,
            -34.528377
          ],
          [
            -58.72452,
            -34.528892
          ],
          [
            -58.723383,
            -34.529707
          ],
          [
            -58.721559,
            -34.531059
          ],
          [
            -58.722718,
            -34.532175
          ],
          [
            -58.720894,
            -34.533527
          ],
          [
            -58.719971,
            -34.534171
          ],
          [
            -58.719027,
            -34.534857
          ],
          [
            -58.718898,
            -34.534729
          ],
          [
            -58.717804,
            -34.535501
          ],
          [
            -58.716688,
            -34.536316
          ],
          [
            -58.715487,
            -34.537175
          ],
          [
            -58.714457,
            -34.537947
          ],
          [
            -58.713405,
            -34.53872
          ],
          [
            -58.711989,
            -34.539771
          ],
          [
            -58.712718,
            -34.540458
          ],
          [
            -58.713491,
            -34.541166
          ],
          [
            -58.714328,
            -34.54196
          ],
          [
            -58.712869,
            -34.54299
          ],
          [
            -58.711882,
            -34.543741
          ],
          [
            -58.710744,
            -34.544556
          ],
          [
            -58.709586,
            -34.545414
          ],
          [
            -58.70847,
            -34.546208
          ],
          [
            -58.707333,
            -34.547045
          ],
          [
            -58.70641,
            -34.54771
          ],
          [
            -58.705208,
            -34.54859
          ],
          [
            -58.704436,
            -34.547775
          ],
          [
            -58.70362,
            -34.548376
          ],
          [
            -58.702762,
            -34.549019
          ],
          [
            -58.701839,
            -34.549685
          ],
          [
            -58.700895,
            -34.550371
          ],
          [
            -58.699951,
            -34.551058
          ],
          [
            -58.699565,
            -34.551358
          ],
          [
            -58.6992,
            -34.551637
          ],
          [
            -58.698986,
            -34.551787
          ],
          [
            -58.698471,
            -34.552152
          ],
          [
            -58.698213,
            -34.552367
          ],
          [
            -58.696969,
            -34.553289
          ],
          [
            -58.697698,
            -34.553998
          ],
          [
            -58.696711,
            -34.554706
          ],
          [
            -58.69581,
            -34.555349
          ],
          [
            -58.694737,
            -34.556143
          ],
          [
            -58.6936,
            -34.55698
          ],
          [
            -58.692441,
            -34.557838
          ],
          [
            -58.691626,
            -34.558439
          ],
          [
            -58.691432,
            -34.558568
          ],
          [
            -58.690982,
            -34.558911
          ],
          [
            -58.690445,
            -34.559298
          ],
          [
            -58.689415,
            -34.560049
          ],
          [
            -58.687935,
            -34.561121
          ],
          [
            -58.686454,
            -34.562216
          ],
          [
            -58.686368,
            -34.56228
          ],
          [
            -58.685639,
            -34.562795
          ],
          [
            -58.684909,
            -34.563332
          ],
          [
            -58.683901,
            -34.563847
          ],
          [
            -58.68315,
            -34.564211
          ],
          [
            -58.682098,
            -34.563224
          ],
          [
            -58.680747,
            -34.56198
          ],
          [
            -58.679202,
            -34.563096
          ],
          [
            -58.677807,
            -34.564104
          ],
          [
            -58.676412,
            -34.565113
          ],
          [
            -58.674803,
            -34.566293
          ],
          [
            -58.674181,
            -34.565713
          ],
          [
            -58.673387,
            -34.564962
          ],
          [
            -58.672743,
            -34.564362
          ],
          [
            -58.672099,
            -34.563761
          ],
          [
            -58.671477,
            -34.56316
          ],
          [
            -58.670855,
            -34.562581
          ],
          [
            -58.670232,
            -34.56198
          ],
          [
            -58.669589,
            -34.561379
          ],
          [
            -58.668945,
            -34.560778
          ],
          [
            -58.670146,
            -34.559898
          ],
          [
            -58.670876,
            -34.559383
          ],
          [
            -58.671606,
            -34.55889
          ],
          [
            -58.671541,
            -34.558611
          ],
          [
            -58.670383,
            -34.558547
          ],
          [
            -58.669202,
            -34.558482
          ],
          [
            -58.667743,
            -34.558396
          ],
          [
            -58.666327,
            -34.558332
          ],
          [
            -58.666177,
            -34.558289
          ],
          [
            -58.665898,
            -34.558203
          ],
          [
            -58.658645,
            -34.55668
          ],
          [
            -58.65828,
            -34.556637
          ],
          [
            -58.658023,
            -34.556658
          ],
          [
            -58.65783,
            -34.556723
          ],
          [
            -58.655834,
            -34.558182
          ],
          [
            -58.655384,
            -34.558439
          ],
          [
            -58.65519,
            -34.558504
          ],
          [
            -58.651822,
            -34.559362
          ],
          [
            -58.651478,
            -34.559426
          ],
          [
            -58.649369,
            -34.560257
          ],
          [
            -58.646414,
            -34.561422
          ],
          [
            -58.646315,
            -34.561481
          ],
          [
            -58.645835,
            -34.561765
          ],
          [
            -58.643966,
            -34.562489
          ],
          [
            -58.643839,
            -34.562538
          ],
          [
            -58.641286,
            -34.562924
          ],
          [
            -58.640814,
            -34.564855
          ],
          [
            -58.640707,
            -34.565306
          ],
          [
            -58.640408,
            -34.566679
          ],
          [
            -58.64002,
            -34.56846
          ],
          [
            -58.639848,
            -34.568632
          ],
          [
            -58.639741,
            -34.568632
          ],
          [
            -58.639634,
            -34.568589
          ],
          [
            -58.639569,
            -34.568439
          ],
          [
            -58.639247,
            -34.567473
          ],
          [
            -58.638904,
            -34.56713
          ],
          [
            -58.638518,
            -34.566894
          ],
          [
            -58.63826,
            -34.566808
          ],
          [
            -58.636994,
            -34.56655
          ],
          [
            -58.633324,
            -34.565953
          ],
          [
            -58.631587,
            -34.56567
          ],
          [
            -58.631179,
            -34.565585
          ],
          [
            -58.630643,
            -34.565392
          ],
          [
            -58.630064,
            -34.565091
          ],
          [
            -58.629699,
            -34.564919
          ],
          [
            -58.629313,
            -34.564641
          ],
          [
            -58.628347,
            -34.563804
          ],
          [
            -58.627725,
            -34.563353
          ],
          [
            -58.627081,
            -34.563053
          ],
          [
            -58.626502,
            -34.562902
          ],
          [
            -58.626266,
            -34.562881
          ],
          [
            -58.624184,
            -34.562795
          ],
          [
            -58.623819,
            -34.562795
          ],
          [
            -58.622746,
            -34.562795
          ],
          [
            -58.621094,
            -34.562817
          ],
          [
            -58.619635,
            -34.562795
          ],
          [
            -58.617468,
            -34.562774
          ],
          [
            -58.616889,
            -34.562774
          ],
          [
            -58.615386,
            -34.562752
          ],
          [
            -58.613477,
            -34.562752
          ],
          [
            -58.612854,
            -34.562731
          ],
          [
            -58.611588,
            -34.562731
          ],
          [
            -58.611288,
            -34.562731
          ],
          [
            -58.610194,
            -34.562709
          ],
          [
            -58.610001,
            -34.562709
          ],
          [
            -58.609014,
            -34.562709
          ],
          [
            -58.608434,
            -34.562688
          ],
          [
            -58.607576,
            -34.562688
          ],
          [
            -58.606718,
            -34.562688
          ],
          [
            -58.60558,
            -34.562666
          ],
          [
            -58.6044,
            -34.562666
          ],
          [
            -58.603349,
            -34.562645
          ],
          [
            -58.601975,
            -34.562645
          ],
          [
            -58.601568,
            -34.562624
          ],
          [
            -58.600988,
            -34.562624
          ],
          [
            -58.598456,
            -34.562559
          ],
          [
            -58.597233,
            -34.562581
          ],
          [
            -58.595946,
            -34.562559
          ],
          [
            -58.594723,
            -34.562581
          ],
          [
            -58.594508,
            -34.562581
          ],
          [
            -58.593457,
            -34.562581
          ],
          [
            -58.592942,
            -34.562581
          ],
          [
            -58.592255,
            -34.562602
          ],
          [
            -58.590946,
            -34.562581
          ],
          [
            -58.589938,
            -34.562581
          ],
          [
            -58.589294,
            -34.562581
          ],
          [
            -58.588843,
            -34.562709
          ],
          [
            -58.588736,
            -34.562795
          ],
          [
            -58.588629,
            -34.562902
          ],
          [
            -58.588436,
            -34.562988
          ],
          [
            -58.587985,
            -34.56301
          ],
          [
            -58.587878,
            -34.562988
          ],
          [
            -58.587706,
            -34.56286
          ],
          [
            -58.586977,
            -34.562645
          ],
          [
            -58.586655,
            -34.562624
          ],
          [
            -58.585839,
            -34.562624
          ],
          [
            -58.582363,
            -34.562602
          ],
          [
            -58.581483,
            -34.562602
          ],
          [
            -58.580754,
            -34.562624
          ],
          [
            -58.58041,
            -34.562645
          ],
          [
            -58.579831,
            -34.562709
          ],
          [
            -58.578651,
            -34.562924
          ],
          [
            -58.578265,
            -34.56301
          ],
          [
            -58.576334,
            -34.563439
          ],
          [
            -58.574467,
            -34.563847
          ],
          [
            -58.573716,
            -34.564018
          ],
          [
            -58.572493,
            -34.564297
          ],
          [
            -58.571205,
            -34.564576
          ],
          [
            -58.571098,
            -34.564598
          ],
          [
            -58.569682,
            -34.564919
          ],
          [
            -58.56863,
            -34.565134
          ],
          [
            -58.5676,
            -34.56537
          ],
          [
            -58.566549,
            -34.565628
          ],
          [
            -58.565776,
            -34.565778
          ],
          [
            -58.565047,
            -34.565928
          ],
          [
            -58.563416,
            -34.566293
          ],
          [
            -58.562257,
            -34.56655
          ],
          [
            -58.561013,
            -34.566829
          ],
          [
            -58.559682,
            -34.567108
          ],
          [
            -58.55921,
            -34.567194
          ],
          [
            -58.558803,
            -34.567323
          ],
          [
            -58.558524,
            -34.567451
          ],
          [
            -58.558373,
            -34.567559
          ],
          [
            -58.558052,
            -34.567816
          ],
          [
            -58.556957,
            -34.568675
          ],
          [
            -58.556678,
            -34.568889
          ],
          [
            -58.556077,
            -34.569383
          ],
          [
            -58.555305,
            -34.569983
          ],
          [
            -58.554254,
            -34.570799
          ],
          [
            -58.553009,
            -34.571807
          ],
          [
            -58.552129,
            -34.572494
          ],
          [
            -58.552001,
            -34.572601
          ],
          [
            -58.550541,
            -34.57376
          ],
          [
            -58.549898,
            -34.574275
          ],
          [
            -58.548868,
            -34.57509
          ],
          [
            -58.54831,
            -34.575541
          ],
          [
            -58.548031,
            -34.575927
          ],
          [
            -58.547881,
            -34.576056
          ],
          [
            -58.547773,
            -34.576077
          ],
          [
            -58.546743,
            -34.576957
          ],
          [
            -58.545692,
            -34.577794
          ],
          [
            -58.544898,
            -34.577107
          ],
          [
            -58.544126,
            -34.576464
          ],
          [
            -58.543375,
            -34.57582
          ],
          [
            -58.542602,
            -34.575176
          ],
          [
            -58.541529,
            -34.576013
          ],
          [
            -58.540478,
            -34.57685
          ],
          [
            -58.539448,
            -34.577708
          ],
          [
            -58.538375,
            -34.578567
          ],
          [
            -58.537602,
            -34.577923
          ],
          [
            -58.536551,
            -34.57876
          ],
          [
            -58.535478,
            -34.579618
          ],
          [
            -58.534448,
            -34.580476
          ],
          [
            -58.533332,
            -34.581378
          ],
          [
            -58.532238,
            -34.582236
          ],
          [
            -58.531208,
            -34.583073
          ],
          [
            -58.530178,
            -34.58391
          ],
          [
            -58.529599,
            -34.584403
          ],
          [
            -58.52829,
            -34.585454
          ],
          [
            -58.52756,
            -34.585991
          ],
          [
            -58.528461,
            -34.586549
          ],
          [
            -58.527668,
            -34.587193
          ],
          [
            -58.526917,
            -34.587901
          ],
          [
            -58.526037,
            -34.587364
          ],
          [
            -58.525865,
            -34.587257
          ],
          [
            -58.524106,
            -34.587793
          ],
          [
            -58.523161,
            -34.588072
          ],
          [
            -58.522282,
            -34.58833
          ],
          [
            -58.520479,
            -34.588866
          ],
          [
            -58.519127,
            -34.589252
          ],
          [
            -58.518703,
            -34.589401
          ],
          [
            -58.518269,
            -34.589553
          ],
          [
            -58.517947,
            -34.589639
          ],
          [
            -58.516681,
            -34.590003
          ],
          [
            -58.515372,
            -34.590411
          ],
          [
            -58.513892,
            -34.59084
          ],
          [
            -58.512433,
            -34.591269
          ],
          [
            -58.510995,
            -34.59172
          ],
          [
            -58.509686,
            -34.592171
          ],
          [
            -58.508999,
            -34.592428
          ],
          [
            -58.508098,
            -34.593437
          ],
          [
            -58.507454,
            -34.594166
          ],
          [
            -58.506296,
            -34.593437
          ],
          [
            -58.506103,
            -34.593351
          ],
          [
            -58.504772,
            -34.592514
          ],
          [
            -58.503442,
            -34.591699
          ],
          [
            -58.502798,
            -34.592407
          ],
          [
            -58.502154,
            -34.593115
          ],
          [
            -58.500824,
            -34.592299
          ],
          [
            -58.499494,
            -34.591484
          ],
          [
            -58.498228,
            -34.590712
          ],
          [
            -58.497112,
            -34.590003
          ],
          [
            -58.495932,
            -34.589274
          ],
          [
            -58.495352,
            -34.588931
          ],
          [
            -58.494794,
            -34.588587
          ],
          [
            -58.494236,
            -34.588223
          ],
          [
            -58.493679,
            -34.587879
          ],
          [
            -58.492541,
            -34.587171
          ],
          [
            -58.491962,
            -34.586806
          ],
          [
            -58.491426,
            -34.586463
          ],
          [
            -58.490868,
            -34.586098
          ],
          [
            -58.490288,
            -34.585755
          ],
          [
            -58.489559,
            -34.585283
          ],
          [
            -58.488829,
            -34.584832
          ],
          [
            -58.4881,
            -34.584403
          ],
          [
            -58.487048,
            -34.583781
          ],
          [
            -58.485954,
            -34.583158
          ],
          [
            -58.485096,
            -34.582665
          ],
          [
            -58.484752,
            -34.58245
          ],
          [
            -58.48413,
            -34.582086
          ],
          [
            -58.483143,
            -34.581528
          ],
          [
            -58.482156,
            -34.580948
          ],
          [
            -58.481147,
            -34.580348
          ],
          [
            -58.480482,
            -34.579983
          ],
          [
            -58.480182,
            -34.579811
          ],
          [
            -58.479002,
            -34.579124
          ],
          [
            -58.477221,
            -34.579532
          ],
          [
            -58.475482,
            -34.57994
          ],
          [
            -58.47501,
            -34.580476
          ],
          [
            -58.47471,
            -34.58082
          ],
          [
            -58.474302,
            -34.58127
          ],
          [
            -58.474002,
            -34.581614
          ],
          [
            -58.473594,
            -34.581764
          ],
          [
            -58.472071,
            -34.582236
          ],
          [
            -58.472092,
            -34.581549
          ],
          [
            -58.472135,
            -34.580455
          ],
          [
            -58.470869,
            -34.580476
          ],
          [
            -58.469539,
            -34.580476
          ],
          [
            -58.468401,
            -34.580519
          ],
          [
            -58.467264,
            -34.580541
          ],
          [
            -58.466148,
            -34.580584
          ],
          [
            -58.464711,
            -34.580626
          ],
          [
            -58.463316,
            -34.580669
          ],
          [
            -58.461857,
            -34.580712
          ],
          [
            -58.460548,
            -34.580755
          ],
          [
            -58.459175,
            -34.580755
          ],
          [
            -58.457994,
            -34.580734
          ],
          [
            -58.456707,
            -34.58215
          ],
          [
            -58.455784,
            -34.58318
          ],
          [
            -58.454819,
            -34.58421
          ],
          [
            -58.454518,
            -34.584553
          ],
          [
            -58.45396,
            -34.585176
          ],
          [
            -58.454969,
            -34.58672
          ],
          [
            -58.455248,
            -34.587128
          ],
          [
            -58.455205,
            -34.587278
          ],
          [
            -58.455088,
            -34.587391
          ],
          [
            -58.454111,
            -34.587772
          ],
          [
            -58.45278,
            -34.588265
          ],
          [
            -58.45145,
            -34.588737
          ],
          [
            -58.451042,
            -34.588845
          ],
          [
            -58.450549,
            -34.588866
          ],
          [
            -58.450334,
            -34.589081
          ],
          [
            -58.449519,
            -34.589875
          ],
          [
            -58.449175,
            -34.590197
          ],
          [
            -58.448746,
            -34.590583
          ],
          [
            -58.447609,
            -34.591699
          ],
          [
            -58.44786,
            -34.591924
          ]
        ]
      }
    },
    {
      "type": "Feature",
      "properties": {
        "Linea": "176",
        "Recorrido": "H",
        "Sentido": "VUELTA",
        "Razon_soci": "EXPRESO GENERAL SARMIENTO SOCIEDAD ANONIMA",
        "Jurisdicci": "NACIONAL",
        "assigned_zone_name": "Villa Club",
        "source_name": "Datos Transporte - Recorridos de servicios de colectivos AMBA",
        "source_url": "https://datos.transporte.gob.ar/dataset/recorridos-de-servicios-de-colectivos-amba",
        "license": "Creative Commons Attribution 4.0",
        "generated_at": "2026-06-13T02:11:01.209890+00:00",
        "data_confidence": "medium"
      },
      "geometry": {
        "type": "LineString",
        "coordinates": [
          [
            -58.747437,
            -34.501104
          ],
          [
            -58.747072,
            -34.501233
          ],
          [
            -58.746278,
            -34.501576
          ],
          [
            -58.745484,
            -34.501898
          ],
          [
            -58.744776,
            -34.502199
          ],
          [
            -58.745227,
            -34.502435
          ],
          [
            -58.746192,
            -34.50295
          ],
          [
            -58.747137,
            -34.503443
          ],
          [
            -58.748081,
            -34.50398
          ],
          [
            -58.749111,
            -34.504516
          ],
          [
            -58.748553,
            -34.505246
          ],
          [
            -58.747931,
            -34.50604
          ],
          [
            -58.74896,
            -34.506576
          ],
          [
            -58.750205,
            -34.50722
          ],
          [
            -58.751535,
            -34.507949
          ],
          [
            -58.752608,
            -34.508529
          ],
          [
            -58.753703,
            -34.509108
          ],
          [
            -58.75308,
            -34.509881
          ],
          [
            -58.752501,
            -34.510632
          ],
          [
            -58.753617,
            -34.511232
          ],
          [
            -58.75469,
            -34.511833
          ],
          [
            -58.755741,
            -34.512391
          ],
          [
            -58.75514,
            -34.513164
          ],
          [
            -58.754561,
            -34.513915
          ],
          [
            -58.753982,
            -34.514644
          ],
          [
            -58.753359,
            -34.515438
          ],
          [
            -58.75278,
            -34.516189
          ],
          [
            -58.752179,
            -34.516962
          ],
          [
            -58.7516,
            -34.517691
          ],
          [
            -58.750999,
            -34.518464
          ],
          [
            -58.751063,
            -34.518528
          ],
          [
            -58.751063,
            -34.518571
          ],
          [
            -58.750956,
            -34.518678
          ],
          [
            -58.750162,
            -34.518335
          ],
          [
            -58.748896,
            -34.517756
          ],
          [
            -58.748703,
            -34.517605
          ],
          [
            -58.747931,
            -34.517241
          ],
          [
            -58.746815,
            -34.516726
          ],
          [
            -58.745677,
            -34.516168
          ],
          [
            -58.74527,
            -34.516017
          ],
          [
            -58.744519,
            -34.515631
          ],
          [
            -58.74336,
            -34.515095
          ],
          [
            -58.74263,
            -34.515631
          ],
          [
            -58.742373,
            -34.515824
          ],
          [
            -58.741772,
            -34.516253
          ],
          [
            -58.740935,
            -34.516854
          ],
          [
            -58.740528,
            -34.517176
          ],
          [
            -58.740098,
            -34.517477
          ],
          [
            -58.739541,
            -34.517884
          ],
          [
            -58.739326,
            -34.518034
          ],
          [
            -58.738511,
            -34.518635
          ],
          [
            -58.737266,
            -34.519536
          ],
          [
            -58.736537,
            -34.520116
          ],
          [
            -58.735764,
            -34.520674
          ],
          [
            -58.734863,
            -34.521296
          ],
          [
            -58.733962,
            -34.521961
          ],
          [
            -58.732846,
            -34.522777
          ],
          [
            -58.731687,
            -34.523635
          ],
          [
            -58.73055,
            -34.524493
          ],
          [
            -58.729606,
            -34.52518
          ],
          [
            -58.728833,
            -34.525759
          ],
          [
            -58.728619,
            -34.525909
          ],
          [
            -58.726988,
            -34.52709
          ],
          [
            -58.726022,
            -34.527819
          ],
          [
            -58.72525,
            -34.528377
          ],
          [
            -58.72452,
            -34.528892
          ],
          [
            -58.723383,
            -34.529707
          ],
          [
            -58.721559,
            -34.531059
          ],
          [
            -58.722718,
            -34.532175
          ],
          [
            -58.72334,
            -34.532754
          ],
          [
            -58.723662,
            -34.533055
          ],
          [
            -58.724542,
            -34.533098
          ],
          [
            -58.72364,
            -34.533763
          ],
          [
            -58.723276,
            -34.534042
          ],
          [
            -58.722889,
            -34.534321
          ],
          [
            -58.722246,
            -34.534793
          ],
          [
            -58.720379,
            -34.536123
          ],
          [
            -58.719327,
            -34.536896
          ],
          [
            -58.71819,
            -34.537733
          ],
          [
            -58.71701,
            -34.538591
          ],
          [
            -58.71598,
            -34.539342
          ],
          [
            -58.716795,
            -34.540136
          ],
          [
            -58.715723,
            -34.540908
          ],
          [
            -58.714328,
            -34.54196
          ],
          [
            -58.712869,
            -34.54299
          ],
          [
            -58.711882,
            -34.543741
          ],
          [
            -58.710744,
            -34.544556
          ],
          [
            -58.709586,
            -34.545414
          ],
          [
            -58.70847,
            -34.546208
          ],
          [
            -58.707333,
            -34.547045
          ],
          [
            -58.70641,
            -34.54771
          ],
          [
            -58.705208,
            -34.54859
          ],
          [
            -58.704436,
            -34.547775
          ],
          [
            -58.70362,
            -34.548376
          ],
          [
            -58.702762,
            -34.549019
          ],
          [
            -58.701839,
            -34.549685
          ],
          [
            -58.700895,
            -34.550371
          ],
          [
            -58.699951,
            -34.551058
          ],
          [
            -58.699565,
            -34.551358
          ],
          [
            -58.6992,
            -34.551637
          ],
          [
            -58.698986,
            -34.551787
          ],
          [
            -58.698471,
            -34.552152
          ],
          [
            -58.698213,
            -34.552367
          ],
          [
            -58.696969,
            -34.553289
          ],
          [
            -58.697698,
            -34.553998
          ],
          [
            -58.696711,
            -34.554706
          ],
          [
            -58.69581,
            -34.555349
          ],
          [
            -58.694737,
            -34.556143
          ],
          [
            -58.6936,
            -34.55698
          ],
          [
            -58.692441,
            -34.557838
          ],
          [
            -58.691626,
            -34.558439
          ],
          [
            -58.691432,
            -34.558568
          ],
          [
            -58.690982,
            -34.558911
          ],
          [
            -58.690445,
            -34.559298
          ],
          [
            -58.689415,
            -34.560049
          ],
          [
            -58.687935,
            -34.561121
          ],
          [
            -58.686454,
            -34.562216
          ],
          [
            -58.686368,
            -34.56228
          ],
          [
            -58.685639,
            -34.562795
          ],
          [
            -58.684909,
            -34.563332
          ],
          [
            -58.683901,
            -34.563847
          ],
          [
            -58.68315,
            -34.564211
          ],
          [
            -58.682098,
            -34.563224
          ],
          [
            -58.680747,
            -34.56198
          ],
          [
            -58.679202,
            -34.563096
          ],
          [
            -58.677807,
            -34.564104
          ],
          [
            -58.676412,
            -34.565113
          ],
          [
            -58.674803,
            -34.566293
          ],
          [
            -58.674181,
            -34.565713
          ],
          [
            -58.673387,
            -34.564962
          ],
          [
            -58.672743,
            -34.564362
          ],
          [
            -58.672099,
            -34.563761
          ],
          [
            -58.671477,
            -34.56316
          ],
          [
            -58.670855,
            -34.562581
          ],
          [
            -58.670232,
            -34.56198
          ],
          [
            -58.669589,
            -34.561379
          ],
          [
            -58.668945,
            -34.560778
          ],
          [
            -58.670146,
            -34.559898
          ],
          [
            -58.670876,
            -34.559383
          ],
          [
            -58.671606,
            -34.55889
          ],
          [
            -58.671541,
            -34.558611
          ],
          [
            -58.670383,
            -34.558547
          ],
          [
            -58.669202,
            -34.558482
          ],
          [
            -58.667743,
            -34.558396
          ],
          [
            -58.666327,
            -34.558332
          ],
          [
            -58.666177,
            -34.558289
          ],
          [
            -58.665898,
            -34.558203
          ],
          [
            -58.658645,
            -34.55668
          ],
          [
            -58.65828,
            -34.556637
          ],
          [
            -58.658023,
            -34.556658
          ],
          [
            -58.65783,
            -34.556723
          ],
          [
            -58.655834,
            -34.558182
          ],
          [
            -58.655384,
            -34.558439
          ],
          [
            -58.65519,
            -34.558504
          ],
          [
            -58.651822,
            -34.559362
          ],
          [
            -58.651478,
            -34.559426
          ],
          [
            -58.649369,
            -34.560257
          ],
          [
            -58.646414,
            -34.561422
          ],
          [
            -58.646315,
            -34.561481
          ],
          [
            -58.645835,
            -34.561765
          ],
          [
            -58.643966,
            -34.562489
          ],
          [
            -58.643839,
            -34.562538
          ],
          [
            -58.641286,
            -34.562924
          ],
          [
            -58.640814,
            -34.564855
          ],
          [
            -58.640707,
            -34.565306
          ],
          [
            -58.640408,
            -34.566679
          ],
          [
            -58.64002,
            -34.56846
          ],
          [
            -58.639848,
            -34.568632
          ],
          [
            -58.639741,
            -34.568632
          ],
          [
            -58.639634,
            -34.568589
          ],
          [
            -58.639569,
            -34.568439
          ],
          [
            -58.639247,
            -34.567473
          ],
          [
            -58.638904,
            -34.56713
          ],
          [
            -58.638518,
            -34.566894
          ],
          [
            -58.63826,
            -34.566808
          ],
          [
            -58.636994,
            -34.56655
          ],
          [
            -58.633324,
            -34.565953
          ],
          [
            -58.631587,
            -34.56567
          ],
          [
            -58.631179,
            -34.565585
          ],
          [
            -58.630643,
            -34.565392
          ],
          [
            -58.630064,
            -34.565091
          ],
          [
            -58.629699,
            -34.564919
          ],
          [
            -58.629313,
            -34.564641
          ],
          [
            -58.628347,
            -34.563804
          ],
          [
            -58.627725,
            -34.563353
          ],
          [
            -58.627081,
            -34.563053
          ],
          [
            -58.626502,
            -34.562902
          ],
          [
            -58.626266,
            -34.562881
          ],
          [
            -58.624184,
            -34.562795
          ],
          [
            -58.623819,
            -34.562795
          ],
          [
            -58.622746,
            -34.562795
          ],
          [
            -58.621094,
            -34.562817
          ],
          [
            -58.619635,
            -34.562795
          ],
          [
            -58.617468,
            -34.562774
          ],
          [
            -58.616889,
            -34.562774
          ],
          [
            -58.615386,
            -34.562752
          ],
          [
            -58.613477,
            -34.562752
          ],
          [
            -58.612854,
            -34.562731
          ],
          [
            -58.611588,
            -34.562731
          ],
          [
            -58.611288,
            -34.562731
          ],
          [
            -58.610194,
            -34.562709
          ],
          [
            -58.610001,
            -34.562709
          ],
          [
            -58.609014,
            -34.562709
          ],
          [
            -58.608434,
            -34.562688
          ],
          [
            -58.607576,
            -34.562688
          ],
          [
            -58.606718,
            -34.562688
          ],
          [
            -58.60558,
            -34.562666
          ],
          [
            -58.6044,
            -34.562666
          ],
          [
            -58.603349,
            -34.562645
          ],
          [
            -58.601975,
            -34.562645
          ],
          [
            -58.601568,
            -34.562624
          ],
          [
            -58.600988,
            -34.562624
          ],
          [
            -58.598456,
            -34.562559
          ],
          [
            -58.597233,
            -34.562581
          ],
          [
            -58.595946,
            -34.562559
          ],
          [
            -58.594723,
            -34.562581
          ],
          [
            -58.594508,
            -34.562581
          ],
          [
            -58.593457,
            -34.562581
          ],
          [
            -58.592942,
            -34.562581
          ],
          [
            -58.592255,
            -34.562602
          ],
          [
            -58.590946,
            -34.562581
          ],
          [
            -58.589938,
            -34.562581
          ],
          [
            -58.589294,
            -34.562581
          ],
          [
            -58.588843,
            -34.562709
          ],
          [
            -58.588736,
            -34.562795
          ],
          [
            -58.588629,
            -34.562902
          ],
          [
            -58.588436,
            -34.562988
          ],
          [
            -58.587985,
            -34.56301
          ],
          [
            -58.587878,
            -34.562988
          ],
          [
            -58.587706,
            -34.56286
          ],
          [
            -58.586977,
            -34.562645
          ],
          [
            -58.586655,
            -34.562624
          ],
          [
            -58.585839,
            -34.562624
          ],
          [
            -58.582363,
            -34.562602
          ],
          [
            -58.581483,
            -34.562602
          ],
          [
            -58.580754,
            -34.562624
          ],
          [
            -58.58041,
            -34.562645
          ],
          [
            -58.579831,
            -34.562709
          ],
          [
            -58.578651,
            -34.562924
          ],
          [
            -58.578265,
            -34.56301
          ],
          [
            -58.576334,
            -34.563439
          ],
          [
            -58.574467,
            -34.563847
          ],
          [
            -58.573716,
            -34.564018
          ],
          [
            -58.572493,
            -34.564297
          ],
          [
            -58.571205,
            -34.564576
          ],
          [
            -58.571098,
            -34.564598
          ],
          [
            -58.569682,
            -34.564919
          ],
          [
            -58.56863,
            -34.565134
          ],
          [
            -58.5676,
            -34.56537
          ],
          [
            -58.566549,
            -34.565628
          ],
          [
            -58.565776,
            -34.565778
          ],
          [
            -58.565047,
            -34.565928
          ],
          [
            -58.563416,
            -34.566293
          ],
          [
            -58.562257,
            -34.56655
          ],
          [
            -58.561013,
            -34.566829
          ],
          [
            -58.559682,
            -34.567108
          ],
          [
            -58.55921,
            -34.567194
          ],
          [
            -58.558803,
            -34.567323
          ],
          [
            -58.558524,
            -34.567451
          ],
          [
            -58.558373,
            -34.567559
          ],
          [
            -58.558052,
            -34.567816
          ],
          [
            -58.556957,
            -34.568675
          ],
          [
            -58.556678,
            -34.568889
          ],
          [
            -58.556077,
            -34.569383
          ],
          [
            -58.555305,
            -34.569983
          ],
          [
            -58.554254,
            -34.570799
          ],
          [
            -58.553009,
            -34.571807
          ],
          [
            -58.552129,
            -34.572494
          ],
          [
            -58.552001,
            -34.572601
          ],
          [
            -58.550541,
            -34.57376
          ],
          [
            -58.549898,
            -34.574275
          ],
          [
            -58.548868,
            -34.57509
          ],
          [
            -58.54831,
            -34.575541
          ],
          [
            -58.548031,
            -34.575927
          ],
          [
            -58.547881,
            -34.576056
          ],
          [
            -58.547773,
            -34.576077
          ],
          [
            -58.546743,
            -34.576957
          ],
          [
            -58.545692,
            -34.577794
          ],
          [
            -58.544898,
            -34.577107
          ],
          [
            -58.544126,
            -34.576464
          ],
          [
            -58.543375,
            -34.57582
          ],
          [
            -58.542602,
            -34.575176
          ],
          [
            -58.541529,
            -34.576013
          ],
          [
            -58.540478,
            -34.57685
          ],
          [
            -58.539448,
            -34.577708
          ],
          [
            -58.538375,
            -34.578567
          ],
          [
            -58.537602,
            -34.577923
          ],
          [
            -58.536551,
            -34.57876
          ],
          [
            -58.535478,
            -34.579618
          ],
          [
            -58.534448,
            -34.580476
          ],
          [
            -58.533332,
            -34.581378
          ],
          [
            -58.532238,
            -34.582236
          ],
          [
            -58.531208,
            -34.583073
          ],
          [
            -58.530178,
            -34.58391
          ],
          [
            -58.529599,
            -34.584403
          ],
          [
            -58.52829,
            -34.585454
          ],
          [
            -58.52756,
            -34.585991
          ],
          [
            -58.528461,
            -34.586549
          ],
          [
            -58.527668,
            -34.587193
          ],
          [
            -58.526917,
            -34.587901
          ],
          [
            -58.526037,
            -34.587364
          ],
          [
            -58.525865,
            -34.587257
          ],
          [
            -58.524106,
            -34.587793
          ],
          [
            -58.523161,
            -34.588072
          ],
          [
            -58.522282,
            -34.58833
          ],
          [
            -58.520479,
            -34.588866
          ],
          [
            -58.519127,
            -34.589252
          ],
          [
            -58.518703,
            -34.589401
          ],
          [
            -58.518269,
            -34.589553
          ],
          [
            -58.517947,
            -34.589639
          ]
        ]
      }
    },
    {
      "type": "Feature",
      "properties": {
        "Linea": "176",
        "Recorrido": "J",
        "Sentido": "VUELTA",
        "Razon_soci": "EXPRESO GENERAL SARMIENTO SOCIEDAD ANONIMA",
        "Jurisdicci": "NACIONAL",
        "assigned_zone_name": "Villa Club",
        "source_name": "Datos Transporte - Recorridos de servicios de colectivos AMBA",
        "source_url": "https://datos.transporte.gob.ar/dataset/recorridos-de-servicios-de-colectivos-amba",
        "license": "Creative Commons Attribution 4.0",
        "generated_at": "2026-06-13T02:11:01.209890+00:00",
        "data_confidence": "medium"
      },
      "geometry": {
        "type": "LineString",
        "coordinates": [
          [
            -58.73261,
            -34.454069
          ],
          [
            -58.734004,
            -34.454799
          ],
          [
            -58.735936,
            -34.455721
          ],
          [
            -58.737223,
            -34.456429
          ],
          [
            -58.738489,
            -34.457052
          ],
          [
            -58.739734,
            -34.45761
          ],
          [
            -58.74366,
            -34.459605
          ],
          [
            -58.744304,
            -34.463575
          ],
          [
            -58.744351,
            -34.4636
          ],
          [
            -58.746965,
            -34.464991
          ],
          [
            -58.747823,
            -34.465442
          ],
          [
            -58.749025,
            -34.466107
          ],
          [
            -58.751063,
            -34.467201
          ],
          [
            -58.751235,
            -34.467287
          ],
          [
            -58.752394,
            -34.467287
          ],
          [
            -58.752673,
            -34.467351
          ],
          [
            -58.753145,
            -34.467587
          ],
          [
            -58.753767,
            -34.467909
          ],
          [
            -58.753939,
            -34.467995
          ],
          [
            -58.754539,
            -34.468317
          ],
          [
            -58.755162,
            -34.46866
          ],
          [
            -58.755269,
            -34.468725
          ],
          [
            -58.755934,
            -34.469068
          ],
          [
            -58.756299,
            -34.469283
          ],
          [
            -58.757565,
            -34.467695
          ],
          [
            -58.75838,
            -34.470119
          ],
          [
            -58.758337,
            -34.470248
          ],
          [
            -58.75838,
            -34.470377
          ],
          [
            -58.758681,
            -34.47057
          ],
          [
            -58.759046,
            -34.470742
          ],
          [
            -58.759453,
            -34.470956
          ],
          [
            -58.76014,
            -34.471343
          ],
          [
            -58.760355,
            -34.471471
          ],
          [
            -58.760827,
            -34.471729
          ],
          [
            -58.76117,
            -34.4719
          ],
          [
            -58.761513,
            -34.472072
          ],
          [
            -58.761985,
            -34.47233
          ],
          [
            -58.7622,
            -34.472437
          ],
          [
            -58.762715,
            -34.472716
          ],
          [
            -58.762887,
            -34.47278
          ],
          [
            -58.763316,
            -34.473016
          ],
          [
            -58.763638,
            -34.473188
          ],
          [
            -58.764968,
            -34.473896
          ],
          [
            -58.765268,
            -34.474046
          ],
          [
            -58.766298,
            -34.474604
          ],
          [
            -58.76765,
            -34.475269
          ],
          [
            -58.768272,
            -34.475634
          ],
          [
            -58.768959,
            -34.475999
          ],
          [
            -58.769925,
            -34.476492
          ],
          [
            -58.770032,
            -34.4769
          ],
          [
            -58.769989,
            -34.477115
          ],
          [
            -58.769646,
            -34.477565
          ],
          [
            -58.76956,
            -34.47778
          ],
          [
            -58.769603,
            -34.478209
          ],
          [
            -58.769796,
            -34.478316
          ],
          [
            -58.770161,
            -34.478509
          ],
          [
            -58.771319,
            -34.47911
          ],
          [
            -58.772006,
            -34.479496
          ],
          [
            -58.772564,
            -34.479797
          ],
          [
            -58.772671,
            -34.479861
          ],
          [
            -58.774023,
            -34.480612
          ],
          [
            -58.775182,
            -34.48117
          ],
          [
            -58.777177,
            -34.482222
          ],
          [
            -58.777392,
            -34.482436
          ],
          [
            -58.776684,
            -34.48323
          ],
          [
            -58.775976,
            -34.483981
          ],
          [
            -58.775289,
            -34.484732
          ],
          [
            -58.774559,
            -34.485526
          ],
          [
            -58.774023,
            -34.486127
          ],
          [
            -58.773551,
            -34.48662
          ],
          [
            -58.772714,
            -34.4875
          ],
          [
            -58.771641,
            -34.488552
          ],
          [
            -58.77104,
            -34.488981
          ],
          [
            -58.770289,
            -34.48941
          ],
          [
            -58.769624,
            -34.489775
          ],
          [
            -58.768873,
            -34.490204
          ],
          [
            -58.768272,
            -34.490547
          ],
          [
            -58.767457,
            -34.491019
          ],
          [
            -58.766513,
            -34.491599
          ],
          [
            -58.765633,
            -34.492135
          ],
          [
            -58.764839,
            -34.492629
          ],
          [
            -58.763616,
            -34.49338
          ],
          [
            -58.762608,
            -34.494023
          ],
          [
            -58.761749,
            -34.494538
          ],
          [
            -58.760827,
            -34.495118
          ],
          [
            -58.760204,
            -34.49544
          ],
          [
            -58.759732,
            -34.495633
          ],
          [
            -58.758402,
            -34.496276
          ],
          [
            -58.757436,
            -34.496727
          ],
          [
            -58.75705,
            -34.496899
          ],
          [
            -58.755505,
            -34.497607
          ],
          [
            -58.753595,
            -34.498444
          ],
          [
            -58.750741,
            -34.499645
          ],
          [
            -58.749797,
            -34.500053
          ],
          [
            -58.749025,
            -34.500461
          ],
          [
            -58.748059,
            -34.500868
          ],
          [
            -58.747437,
            -34.501104
          ],
          [
            -58.747072,
            -34.501233
          ],
          [
            -58.746278,
            -34.501576
          ],
          [
            -58.745484,
            -34.501898
          ],
          [
            -58.744776,
            -34.502199
          ],
          [
            -58.745227,
            -34.502435
          ],
          [
            -58.746192,
            -34.50295
          ],
          [
            -58.747137,
            -34.503443
          ],
          [
            -58.748081,
            -34.50398
          ],
          [
            -58.749111,
            -34.504516
          ],
          [
            -58.748553,
            -34.505246
          ],
          [
            -58.747931,
            -34.50604
          ],
          [
            -58.74896,
            -34.506576
          ],
          [
            -58.750205,
            -34.50722
          ],
          [
            -58.751535,
            -34.507949
          ],
          [
            -58.752608,
            -34.508529
          ],
          [
            -58.753703,
            -34.509108
          ],
          [
            -58.75308,
            -34.509881
          ],
          [
            -58.752501,
            -34.510632
          ],
          [
            -58.753617,
            -34.511232
          ],
          [
            -58.75469,
            -34.511833
          ],
          [
            -58.755741,
            -34.512391
          ],
          [
            -58.75514,
            -34.513164
          ],
          [
            -58.754561,
            -34.513915
          ],
          [
            -58.753982,
            -34.514644
          ],
          [
            -58.753359,
            -34.515438
          ],
          [
            -58.75278,
            -34.516189
          ],
          [
            -58.752179,
            -34.516962
          ],
          [
            -58.7516,
            -34.517691
          ],
          [
            -58.750999,
            -34.518464
          ],
          [
            -58.751063,
            -34.518528
          ],
          [
            -58.751063,
            -34.518571
          ],
          [
            -58.750956,
            -34.518678
          ],
          [
            -58.750162,
            -34.518335
          ],
          [
            -58.748896,
            -34.517756
          ],
          [
            -58.748703,
            -34.517605
          ],
          [
            -58.747931,
            -34.517241
          ],
          [
            -58.746815,
            -34.516726
          ],
          [
            -58.745677,
            -34.516168
          ],
          [
            -58.74527,
            -34.516017
          ],
          [
            -58.744519,
            -34.515631
          ],
          [
            -58.74336,
            -34.515095
          ],
          [
            -58.74263,
            -34.515631
          ],
          [
            -58.742373,
            -34.515824
          ],
          [
            -58.741772,
            -34.516253
          ],
          [
            -58.740935,
            -34.516854
          ],
          [
            -58.740528,
            -34.517176
          ],
          [
            -58.740098,
            -34.517477
          ],
          [
            -58.739541,
            -34.517884
          ],
          [
            -58.739326,
            -34.518034
          ],
          [
            -58.738511,
            -34.518635
          ],
          [
            -58.737266,
            -34.519536
          ],
          [
            -58.736537,
            -34.520116
          ],
          [
            -58.735764,
            -34.520674
          ],
          [
            -58.734863,
            -34.521296
          ],
          [
            -58.733962,
            -34.521961
          ],
          [
            -58.732846,
            -34.522777
          ],
          [
            -58.731687,
            -34.523635
          ],
          [
            -58.73055,
            -34.524493
          ],
          [
            -58.729606,
            -34.52518
          ],
          [
            -58.728833,
            -34.525759
          ],
          [
            -58.728619,
            -34.525909
          ],
          [
            -58.726988,
            -34.52709
          ],
          [
            -58.726022,
            -34.527819
          ],
          [
            -58.72525,
            -34.528377
          ],
          [
            -58.72452,
            -34.528892
          ],
          [
            -58.723383,
            -34.529707
          ],
          [
            -58.721559,
            -34.531059
          ],
          [
            -58.722718,
            -34.532175
          ],
          [
            -58.72334,
            -34.532754
          ],
          [
            -58.723662,
            -34.533055
          ],
          [
            -58.724542,
            -34.533098
          ],
          [
            -58.72364,
            -34.533763
          ],
          [
            -58.723276,
            -34.534042
          ],
          [
            -58.722889,
            -34.534321
          ],
          [
            -58.722246,
            -34.534793
          ],
          [
            -58.720379,
            -34.536123
          ],
          [
            -58.719327,
            -34.536896
          ],
          [
            -58.71819,
            -34.537733
          ],
          [
            -58.71701,
            -34.538591
          ],
          [
            -58.71598,
            -34.539342
          ],
          [
            -58.716795,
            -34.540136
          ],
          [
            -58.715723,
            -34.540908
          ],
          [
            -58.714328,
            -34.54196
          ],
          [
            -58.712869,
            -34.54299
          ],
          [
            -58.711882,
            -34.543741
          ],
          [
            -58.710744,
            -34.544556
          ],
          [
            -58.709586,
            -34.545414
          ],
          [
            -58.70847,
            -34.546208
          ],
          [
            -58.707333,
            -34.547045
          ],
          [
            -58.70641,
            -34.54771
          ],
          [
            -58.705208,
            -34.54859
          ],
          [
            -58.704436,
            -34.547775
          ],
          [
            -58.70362,
            -34.548376
          ],
          [
            -58.702762,
            -34.549019
          ],
          [
            -58.701839,
            -34.549685
          ],
          [
            -58.700895,
            -34.550371
          ],
          [
            -58.699951,
            -34.551058
          ],
          [
            -58.699565,
            -34.551358
          ],
          [
            -58.6992,
            -34.551637
          ],
          [
            -58.698986,
            -34.551787
          ],
          [
            -58.698471,
            -34.552152
          ],
          [
            -58.698213,
            -34.552367
          ],
          [
            -58.696969,
            -34.553289
          ],
          [
            -58.697698,
            -34.553998
          ],
          [
            -58.696711,
            -34.554706
          ],
          [
            -58.69581,
            -34.555349
          ],
          [
            -58.694737,
            -34.556143
          ],
          [
            -58.6936,
            -34.55698
          ],
          [
            -58.692441,
            -34.557838
          ],
          [
            -58.691626,
            -34.558439
          ],
          [
            -58.691432,
            -34.558568
          ],
          [
            -58.690982,
            -34.558911
          ],
          [
            -58.690445,
            -34.559298
          ],
          [
            -58.689415,
            -34.560049
          ],
          [
            -58.687935,
            -34.561121
          ],
          [
            -58.686454,
            -34.562216
          ],
          [
            -58.686368,
            -34.56228
          ],
          [
            -58.685639,
            -34.562795
          ],
          [
            -58.684909,
            -34.563332
          ],
          [
            -58.683901,
            -34.563847
          ],
          [
            -58.68315,
            -34.564211
          ],
          [
            -58.682098,
            -34.563224
          ],
          [
            -58.680747,
            -34.56198
          ],
          [
            -58.679416,
            -34.561851
          ],
          [
            -58.677742,
            -34.561744
          ],
          [
            -58.676605,
            -34.561658
          ],
          [
            -58.675468,
            -34.561594
          ],
          [
            -58.675361,
            -34.561808
          ],
          [
            -58.67506,
            -34.561937
          ],
          [
            -58.674717,
            -34.561851
          ],
          [
            -58.674502,
            -34.561679
          ],
          [
            -58.674374,
            -34.561508
          ],
          [
            -58.674309,
            -34.561293
          ],
          [
            -58.674309,
            -34.5611
          ],
          [
            -58.674459,
            -34.560971
          ],
          [
            -58.673837,
            -34.560392
          ],
          [
            -58.673215,
            -34.559791
          ],
          [
            -58.672593,
            -34.55919
          ],
          [
            -58.672442,
            -34.559276
          ],
          [
            -58.671949,
            -34.559212
          ],
          [
            -58.671713,
            -34.559083
          ],
          [
            -58.671606,
            -34.55889
          ],
          [
            -58.671541,
            -34.558611
          ],
          [
            -58.670383,
            -34.558547
          ],
          [
            -58.669202,
            -34.558482
          ],
          [
            -58.667743,
            -34.558396
          ],
          [
            -58.666327,
            -34.558332
          ],
          [
            -58.666177,
            -34.558289
          ],
          [
            -58.665898,
            -34.558203
          ],
          [
            -58.658645,
            -34.55668
          ],
          [
            -58.65828,
            -34.556637
          ],
          [
            -58.658023,
            -34.556658
          ],
          [
            -58.65783,
            -34.556723
          ],
          [
            -58.655834,
            -34.558182
          ],
          [
            -58.655384,
            -34.558439
          ],
          [
            -58.65519,
            -34.558504
          ],
          [
            -58.651822,
            -34.559362
          ],
          [
            -58.651478,
            -34.559426
          ],
          [
            -58.649369,
            -34.560257
          ],
          [
            -58.646414,
            -34.561422
          ],
          [
            -58.646315,
            -34.561481
          ],
          [
            -58.645835,
            -34.561765
          ],
          [
            -58.643966,
            -34.562489
          ],
          [
            -58.643839,
            -34.562538
          ],
          [
            -58.641286,
            -34.562924
          ],
          [
            -58.640814,
            -34.564855
          ],
          [
            -58.640707,
            -34.565306
          ],
          [
            -58.640408,
            -34.566679
          ],
          [
            -58.64002,
            -34.56846
          ],
          [
            -58.639848,
            -34.568632
          ],
          [
            -58.639741,
            -34.568632
          ],
          [
            -58.639634,
            -34.568589
          ],
          [
            -58.639569,
            -34.568439
          ],
          [
            -58.639247,
            -34.567473
          ],
          [
            -58.638904,
            -34.56713
          ],
          [
            -58.638518,
            -34.566894
          ],
          [
            -58.63826,
            -34.566808
          ],
          [
            -58.636994,
            -34.56655
          ],
          [
            -58.633324,
            -34.565953
          ],
          [
            -58.631587,
            -34.56567
          ],
          [
            -58.631179,
            -34.565585
          ],
          [
            -58.630643,
            -34.565392
          ],
          [
            -58.630064,
            -34.565091
          ],
          [
            -58.629699,
            -34.564919
          ],
          [
            -58.629313,
            -34.564641
          ],
          [
            -58.628347,
            -34.563804
          ],
          [
            -58.627725,
            -34.563353
          ],
          [
            -58.627081,
            -34.563053
          ],
          [
            -58.626502,
            -34.562902
          ],
          [
            -58.626266,
            -34.562881
          ],
          [
            -58.624184,
            -34.562795
          ],
          [
            -58.623819,
            -34.562795
          ],
          [
            -58.622746,
            -34.562795
          ],
          [
            -58.621094,
            -34.562817
          ],
          [
            -58.619635,
            -34.562795
          ],
          [
            -58.617468,
            -34.562774
          ],
          [
            -58.616889,
            -34.562774
          ],
          [
            -58.615386,
            -34.562752
          ],
          [
            -58.613477,
            -34.562752
          ],
          [
            -58.612854,
            -34.562731
          ],
          [
            -58.611588,
            -34.562731
          ],
          [
            -58.611288,
            -34.562731
          ],
          [
            -58.610194,
            -34.562709
          ],
          [
            -58.610001,
            -34.562709
          ],
          [
            -58.609014,
            -34.562709
          ],
          [
            -58.608434,
            -34.562688
          ],
          [
            -58.607576,
            -34.562688
          ],
          [
            -58.606718,
            -34.562688
          ],
          [
            -58.60558,
            -34.562666
          ],
          [
            -58.6044,
            -34.562666
          ],
          [
            -58.603349,
            -34.562645
          ],
          [
            -58.601975,
            -34.562645
          ],
          [
            -58.601568,
            -34.562624
          ],
          [
            -58.600988,
            -34.562624
          ],
          [
            -58.598456,
            -34.562559
          ],
          [
            -58.597233,
            -34.562581
          ],
          [
            -58.595946,
            -34.562559
          ],
          [
            -58.594723,
            -34.562581
          ],
          [
            -58.594508,
            -34.562581
          ],
          [
            -58.593457,
            -34.562581
          ],
          [
            -58.592942,
            -34.562581
          ],
          [
            -58.592255,
            -34.562602
          ],
          [
            -58.590946,
            -34.562581
          ],
          [
            -58.589938,
            -34.562581
          ],
          [
            -58.589294,
            -34.562581
          ],
          [
            -58.588843,
            -34.562709
          ],
          [
            -58.588736,
            -34.562795
          ],
          [
            -58.588629,
            -34.562902
          ],
          [
            -58.588436,
            -34.562988
          ],
          [
            -58.587985,
            -34.56301
          ],
          [
            -58.587878,
            -34.562988
          ],
          [
            -58.587706,
            -34.56286
          ],
          [
            -58.586977,
            -34.562645
          ],
          [
            -58.586655,
            -34.562624
          ],
          [
            -58.585839,
            -34.562624
          ],
          [
            -58.582363,
            -34.562602
          ],
          [
            -58.581483,
            -34.562602
          ],
          [
            -58.580754,
            -34.562624
          ],
          [
            -58.58041,
            -34.562645
          ],
          [
            -58.579831,
            -34.562709
          ],
          [
            -58.578651,
            -34.562924
          ],
          [
            -58.578265,
            -34.56301
          ],
          [
            -58.576334,
            -34.563439
          ],
          [
            -58.574467,
            -34.563847
          ],
          [
            -58.573716,
            -34.564018
          ],
          [
            -58.572493,
            -34.564297
          ],
          [
            -58.571205,
            -34.564576
          ],
          [
            -58.571098,
            -34.564598
          ],
          [
            -58.569682,
            -34.564919
          ],
          [
            -58.56863,
            -34.565134
          ],
          [
            -58.5676,
            -34.56537
          ],
          [
            -58.566549,
            -34.565628
          ],
          [
            -58.565776,
            -34.565778
          ],
          [
            -58.565047,
            -34.565928
          ],
          [
            -58.563416,
            -34.566293
          ],
          [
            -58.562257,
            -34.56655
          ],
          [
            -58.561013,
            -34.566829
          ],
          [
            -58.559682,
            -34.567108
          ],
          [
            -58.55921,
            -34.567194
          ],
          [
            -58.558803,
            -34.567323
          ],
          [
            -58.558524,
            -34.567451
          ],
          [
            -58.558373,
            -34.567559
          ],
          [
            -58.558052,
            -34.567816
          ],
          [
            -58.556957,
            -34.568675
          ],
          [
            -58.556678,
            -34.568889
          ],
          [
            -58.556077,
            -34.569383
          ],
          [
            -58.555305,
            -34.569983
          ],
          [
            -58.554254,
            -34.570799
          ],
          [
            -58.553009,
            -34.571807
          ],
          [
            -58.552129,
            -34.572494
          ],
          [
            -58.552001,
            -34.572601
          ],
          [
            -58.550541,
            -34.57376
          ],
          [
            -58.549898,
            -34.574275
          ],
          [
            -58.548868,
            -34.57509
          ],
          [
            -58.54831,
            -34.575541
          ],
          [
            -58.548031,
            -34.575927
          ],
          [
            -58.547881,
            -34.576056
          ],
          [
            -58.547773,
            -34.576077
          ],
          [
            -58.546743,
            -34.576957
          ],
          [
            -58.545692,
            -34.577794
          ],
          [
            -58.544898,
            -34.577107
          ],
          [
            -58.544126,
            -34.576464
          ],
          [
            -58.543375,
            -34.57582
          ],
          [
            -58.542602,
            -34.575176
          ],
          [
            -58.541529,
            -34.576013
          ],
          [
            -58.540478,
            -34.57685
          ],
          [
            -58.539448,
            -34.577708
          ],
          [
            -58.538375,
            -34.578567
          ],
          [
            -58.537602,
            -34.577923
          ],
          [
            -58.536551,
            -34.57876
          ],
          [
            -58.535478,
            -34.579618
          ],
          [
            -58.534448,
            -34.580476
          ],
          [
            -58.533332,
            -34.581378
          ],
          [
            -58.532238,
            -34.582236
          ],
          [
            -58.531208,
            -34.583073
          ],
          [
            -58.530178,
            -34.58391
          ],
          [
            -58.529599,
            -34.584403
          ],
          [
            -58.52829,
            -34.585454
          ],
          [
            -58.52756,
            -34.585991
          ],
          [
            -58.528461,
            -34.586549
          ],
          [
            -58.527668,
            -34.587193
          ],
          [
            -58.526917,
            -34.587901
          ],
          [
            -58.526037,
            -34.587364
          ],
          [
            -58.525865,
            -34.587257
          ],
          [
            -58.524106,
            -34.587793
          ],
          [
            -58.523161,
            -34.588072
          ],
          [
            -58.522282,
            -34.58833
          ],
          [
            -58.520479,
            -34.588866
          ],
          [
            -58.519127,
            -34.589252
          ],
          [
            -58.518703,
            -34.589401
          ],
          [
            -58.518269,
            -34.589553
          ],
          [
            -58.517947,
            -34.589639
          ]
        ]
      }
    },
    {
      "type": "Feature",
      "properties": {
        "Linea": "182",
        "Recorrido": "A",
        "Sentido": "IDA",
        "Razon_soci": "SARGENTO CABRAL SA DE TRANSPORTE",
        "Jurisdicci": "NACIONAL",
        "assigned_zone_name": "Jorge Newbery",
        "source_name": "Datos Transporte - Recorridos de servicios de colectivos AMBA",
        "source_url": "https://datos.transporte.gob.ar/dataset/recorridos-de-servicios-de-colectivos-amba",
        "license": "Creative Commons Attribution 4.0",
        "generated_at": "2026-06-13T02:11:01.209890+00:00",
        "data_confidence": "medium"
      },
      "geometry": {
        "type": "LineString",
        "coordinates": [
          [
            -58.482387,
            -34.642741
          ],
          [
            -58.482864,
            -34.64236
          ],
          [
            -58.483336,
            -34.642274
          ],
          [
            -58.484581,
            -34.642532
          ],
          [
            -58.485374,
            -34.642725
          ],
          [
            -58.485825,
            -34.641309
          ],
          [
            -58.485932,
            -34.640923
          ],
          [
            -58.486083,
            -34.64045
          ],
          [
            -58.48649,
            -34.639099
          ],
          [
            -58.486683,
            -34.638412
          ],
          [
            -58.486876,
            -34.637833
          ],
          [
            -58.487284,
            -34.636524
          ],
          [
            -58.486297,
            -34.636266
          ],
          [
            -58.484387,
            -34.635816
          ],
          [
            -58.484859,
            -34.63455
          ],
          [
            -58.485439,
            -34.634678
          ],
          [
            -58.486683,
            -34.634979
          ],
          [
            -58.487649,
            -34.635193
          ],
          [
            -58.48943,
            -34.635623
          ],
          [
            -58.491061,
            -34.63603
          ],
          [
            -58.491747,
            -34.636202
          ],
          [
            -58.492134,
            -34.636288
          ],
          [
            -58.493099,
            -34.636481
          ],
          [
            -58.493657,
            -34.63661
          ],
          [
            -58.495116,
            -34.636824
          ],
          [
            -58.495932,
            -34.636931
          ],
          [
            -58.496575,
            -34.637017
          ],
          [
            -58.498013,
            -34.63721
          ],
          [
            -58.499472,
            -34.637425
          ],
          [
            -58.500931,
            -34.637618
          ],
          [
            -58.502069,
            -34.63779
          ],
          [
            -58.50342,
            -34.637983
          ],
          [
            -58.503957,
            -34.638069
          ],
          [
            -58.504536,
            -34.638155
          ],
          [
            -58.505931,
            -34.638369
          ],
          [
            -58.507347,
            -34.638627
          ],
          [
            -58.508699,
            -34.638863
          ],
          [
            -58.510051,
            -34.639099
          ],
          [
            -58.511424,
            -34.639335
          ],
          [
            -58.51299,
            -34.63927
          ],
          [
            -58.514299,
            -34.639227
          ],
          [
            -58.515823,
            -34.639184
          ],
          [
            -58.516273,
            -34.639184
          ],
          [
            -58.517411,
            -34.63912
          ],
          [
            -58.518763,
            -34.639056
          ],
          [
            -58.51975,
            -34.638991
          ],
          [
            -58.52123,
            -34.638927
          ],
          [
            -58.522561,
            -34.63882
          ],
          [
            -58.523719,
            -34.638927
          ],
          [
            -58.525093,
            -34.639034
          ],
          [
            -58.526423,
            -34.63912
          ],
          [
            -58.527732,
            -34.639227
          ],
          [
            -58.528869,
            -34.639313
          ],
          [
            -58.529298,
            -34.639335
          ],
          [
            -58.529368,
            -34.639337
          ],
          [
            -58.529942,
            -34.639356
          ],
          [
            -58.530242,
            -34.639378
          ],
          [
            -58.530736,
            -34.639421
          ],
          [
            -58.531106,
            -34.639466
          ],
          [
            -58.53221,
            -34.639551
          ],
          [
            -58.533311,
            -34.639635
          ],
          [
            -58.535092,
            -34.639742
          ],
          [
            -58.535843,
            -34.639828
          ],
          [
            -58.537281,
            -34.639914
          ],
          [
            -58.538611,
            -34.640021
          ],
          [
            -58.539984,
            -34.640129
          ],
          [
            -58.5414,
            -34.640172
          ],
          [
            -58.542881,
            -34.64015
          ],
          [
            -58.543503,
            -34.640129
          ],
          [
            -58.544083,
            -34.640107
          ],
          [
            -58.544726,
            -34.640107
          ],
          [
            -58.545134,
            -34.640107
          ],
          [
            -58.546228,
            -34.640086
          ],
          [
            -58.548954,
            -34.640043
          ],
          [
            -58.54949,
            -34.640021
          ],
          [
            -58.551099,
            -34.64
          ],
          [
            -58.552644,
            -34.639957
          ],
          [
            -58.553224,
            -34.639957
          ],
          [
            -58.554254,
            -34.639935
          ],
          [
            -58.555974,
            -34.639915
          ],
          [
            -58.556035,
            -34.639914
          ],
          [
            -58.557065,
            -34.639914
          ],
          [
            -58.557236,
            -34.639914
          ],
          [
            -58.558202,
            -34.639893
          ],
          [
            -58.558674,
            -34.639914
          ],
          [
            -58.560133,
            -34.640043
          ],
          [
            -58.56097,
            -34.640129
          ],
          [
            -58.561592,
            -34.640214
          ],
          [
            -58.562665,
            -34.640365
          ],
          [
            -58.563266,
            -34.64045
          ],
          [
            -58.563502,
            -34.640558
          ],
          [
            -58.564339,
            -34.640687
          ],
          [
            -58.565519,
            -34.64088
          ],
          [
            -58.565905,
            -34.640858
          ],
          [
            -58.566055,
            -34.640858
          ],
          [
            -58.566291,
            -34.640923
          ],
          [
            -58.567214,
            -34.641094
          ],
          [
            -58.567343,
            -34.641116
          ],
          [
            -58.568716,
            -34.64133
          ],
          [
            -58.570261,
            -34.641588
          ],
          [
            -58.571742,
            -34.641824
          ],
          [
            -58.573179,
            -34.642081
          ],
          [
            -58.574595,
            -34.642296
          ],
          [
            -58.576119,
            -34.642532
          ],
          [
            -58.577514,
            -34.642725
          ],
          [
            -58.578994,
            -34.642961
          ],
          [
            -58.580453,
            -34.643197
          ],
          [
            -58.581891,
            -34.643412
          ],
          [
            -58.583329,
            -34.643648
          ],
          [
            -58.584123,
            -34.643755
          ],
          [
            -58.58511,
            -34.643905
          ],
          [
            -58.586118,
            -34.644055
          ],
          [
            -58.587191,
            -34.644184
          ],
          [
            -58.588307,
            -34.644356
          ],
          [
            -58.589358,
            -34.644506
          ],
          [
            -58.590088,
            -34.64457
          ],
          [
            -58.590217,
            -34.644635
          ],
          [
            -58.590324,
            -34.644742
          ],
          [
            -58.590517,
            -34.644163
          ],
          [
            -58.590515,
            -34.644069
          ],
          [
            -58.589421,
            -34.643943
          ],
          [
            -58.589581,
            -34.643039
          ],
          [
            -58.589728,
            -34.642144
          ],
          [
            -58.589873,
            -34.641223
          ],
          [
            -58.590024,
            -34.640365
          ],
          [
            -58.590184,
            -34.639452
          ],
          [
            -58.590356,
            -34.638505
          ],
          [
            -58.590446,
            -34.637963
          ],
          [
            -58.590512,
            -34.637622
          ],
          [
            -58.590667,
            -34.636725
          ],
          [
            -58.591731,
            -34.636801
          ],
          [
            -58.591912,
            -34.635901
          ],
          [
            -58.591976,
            -34.63558
          ],
          [
            -58.59189,
            -34.635558
          ],
          [
            -58.590867,
            -34.635552
          ],
          [
            -58.590817,
            -34.635558
          ],
          [
            -58.589723,
            -34.635537
          ],
          [
            -58.588629,
            -34.635515
          ],
          [
            -58.587513,
            -34.635494
          ],
          [
            -58.587412,
            -34.636174
          ],
          [
            -58.58729,
            -34.636098
          ],
          [
            -58.586572,
            -34.635646
          ],
          [
            -58.586526,
            -34.635601
          ],
          [
            -58.586427,
            -34.635536
          ],
          [
            -58.586354,
            -34.635494
          ],
          [
            -58.586011,
            -34.635279
          ],
          [
            -58.585922,
            -34.635223
          ],
          [
            -58.585971,
            -34.635168
          ],
          [
            -58.586698,
            -34.634356
          ],
          [
            -58.587384,
            -34.633584
          ],
          [
            -58.587835,
            -34.633026
          ],
          [
            -58.587921,
            -34.632919
          ],
          [
            -58.587899,
            -34.632576
          ],
          [
            -58.587985,
            -34.632425
          ],
          [
            -58.588393,
            -34.631932
          ],
          [
            -58.588435,
            -34.631888
          ],
          [
            -58.588951,
            -34.631352
          ],
          [
            -58.589101,
            -34.631224
          ],
          [
            -58.589315,
            -34.631159
          ],
          [
            -58.589444,
            -34.631073
          ],
          [
            -58.590088,
            -34.630301
          ],
          [
            -58.590667,
            -34.629593
          ],
          [
            -58.591225,
            -34.628885
          ],
          [
            -58.591826,
            -34.628155
          ],
          [
            -58.592556,
            -34.627233
          ],
          [
            -58.59262,
            -34.627147
          ],
          [
            -58.593307,
            -34.62631
          ],
          [
            -58.594186,
            -34.625258
          ],
          [
            -58.594701,
            -34.624636
          ],
          [
            -58.595023,
            -34.624228
          ],
          [
            -58.595324,
            -34.623842
          ],
          [
            -58.595817,
            -34.623263
          ],
          [
            -58.596461,
            -34.622469
          ],
          [
            -58.596611,
            -34.622276
          ],
          [
            -58.597276,
            -34.621482
          ],
          [
            -58.598049,
            -34.620538
          ],
          [
            -58.598263,
            -34.620259
          ],
          [
            -58.598456,
            -34.620001
          ],
          [
            -58.599229,
            -34.619079
          ],
          [
            -58.599529,
            -34.618757
          ],
          [
            -58.59983,
            -34.618392
          ],
          [
            -58.599887,
            -34.618297
          ],
          [
            -58.599894,
            -34.618177
          ],
          [
            -58.599701,
            -34.61719
          ],
          [
            -58.599637,
            -34.616783
          ],
          [
            -58.599437,
            -34.615673
          ],
          [
            -58.599404,
            -34.615526
          ],
          [
            -58.599163,
            -34.61413
          ],
          [
            -58.598938,
            -34.612987
          ],
          [
            -58.59888,
            -34.612624
          ],
          [
            -58.59873,
            -34.611833
          ],
          [
            -58.598601,
            -34.611139
          ],
          [
            -58.59853,
            -34.610794
          ],
          [
            -58.598326,
            -34.60968
          ],
          [
            -58.598317,
            -34.608668
          ],
          [
            -58.598328,
            -34.607599
          ],
          [
            -58.597003,
            -34.607627
          ],
          [
            -58.595709,
            -34.607622
          ],
          [
            -58.594421,
            -34.607622
          ],
          [
            -58.594401,
            -34.60674
          ],
          [
            -58.59453,
            -34.606633
          ],
          [
            -58.594615,
            -34.606547
          ],
          [
            -58.595667,
            -34.605604
          ],
          [
            -58.59579,
            -34.605505
          ],
          [
            -58.596997,
            -34.605517
          ],
          [
            -58.597656,
            -34.605342
          ],
          [
            -58.597952,
            -34.605042
          ],
          [
            -58.598205,
            -34.604698
          ],
          [
            -58.598443,
            -34.604263
          ],
          [
            -58.598538,
            -34.603841
          ],
          [
            -58.598713,
            -34.603776
          ],
          [
            -58.598871,
            -34.603854
          ],
          [
            -58.598977,
            -34.604215
          ],
          [
            -58.599162,
            -34.604333
          ],
          [
            -58.599465,
            -34.604402
          ],
          [
            -58.601307,
            -34.604402
          ],
          [
            -58.60219,
            -34.604402
          ],
          [
            -58.604143,
            -34.60438
          ],
          [
            -58.604872,
            -34.604337
          ],
          [
            -58.605602,
            -34.604187
          ],
          [
            -58.607726,
            -34.6035
          ],
          [
            -58.608348,
            -34.603264
          ],
          [
            -58.609164,
            -34.602895
          ],
          [
            -58.60925,
            -34.602857
          ],
          [
            -58.61028,
            -34.60232
          ],
          [
            -58.613498,
            -34.600518
          ],
          [
            -58.613867,
            -34.60032
          ],
          [
            -58.614657,
            -34.599895
          ],
          [
            -58.615472,
            -34.599359
          ],
          [
            -58.616652,
            -34.598286
          ],
          [
            -58.616889,
            -34.598093
          ],
          [
            -58.617035,
            -34.597971
          ],
          [
            -58.617146,
            -34.597878
          ],
          [
            -58.618584,
            -34.596634
          ],
          [
            -58.618927,
            -34.596334
          ],
          [
            -58.619485,
            -34.595883
          ],
          [
            -58.61951,
            -34.595865
          ],
          [
            -58.620214,
            -34.595368
          ],
          [
            -58.621352,
            -34.594488
          ],
          [
            -58.622575,
            -34.593544
          ],
          [
            -58.623111,
            -34.593115
          ],
          [
            -58.623712,
            -34.592643
          ],
          [
            -58.624012,
            -34.592428
          ],
          [
            -58.624892,
            -34.59172
          ],
          [
            -58.625472,
            -34.591269
          ],
          [
            -58.626008,
            -34.59084
          ],
          [
            -58.626738,
            -34.590282
          ],
          [
            -58.627081,
            -34.590003
          ],
          [
            -58.627553,
            -34.589596
          ],
          [
            -58.628132,
            -34.589167
          ],
          [
            -58.628304,
            -34.589038
          ],
          [
            -58.628948,
            -34.588523
          ],
          [
            -58.629162,
            -34.588351
          ],
          [
            -58.630042,
            -34.587729
          ],
          [
            -58.630235,
            -34.587643
          ],
          [
            -58.630428,
            -34.587665
          ],
          [
            -58.630536,
            -34.587729
          ],
          [
            -58.631244,
            -34.588351
          ],
          [
            -58.631759,
            -34.588823
          ],
          [
            -58.63251,
            -34.589489
          ],
          [
            -58.634012,
            -34.588308
          ],
          [
            -58.63414,
            -34.588201
          ],
          [
            -58.635728,
            -34.58818
          ],
          [
            -58.635921,
            -34.588051
          ],
          [
            -58.63678,
            -34.587364
          ],
          [
            -58.638282,
            -34.586205
          ],
          [
            -58.638604,
            -34.585969
          ],
          [
            -58.639162,
            -34.584296
          ],
          [
            -58.639247,
            -34.584038
          ],
          [
            -58.639762,
            -34.582558
          ],
          [
            -58.640256,
            -34.581077
          ],
          [
            -58.64032,
            -34.580905
          ],
          [
            -58.6409,
            -34.579103
          ],
          [
            -58.6409,
            -34.57902
          ],
          [
            -58.641822,
            -34.577751
          ],
          [
            -58.642557,
            -34.576738
          ],
          [
            -58.643582,
            -34.575326
          ],
          [
            -58.643861,
            -34.57494
          ],
          [
            -58.644462,
            -34.574103
          ],
          [
            -58.644719,
            -34.573567
          ],
          [
            -58.644612,
            -34.573438
          ],
          [
            -58.643217,
            -34.572258
          ],
          [
            -58.642445,
            -34.571571
          ],
          [
            -58.641651,
            -34.570906
          ],
          [
            -58.640878,
            -34.570241
          ],
          [
            -58.640192,
            -34.569619
          ],
          [
            -58.639866,
            -34.56935
          ],
          [
            -58.639827,
            -34.569318
          ],
          [
            -58.639998,
            -34.568589
          ],
          [
            -58.64002,
            -34.56846
          ],
          [
            -58.640707,
            -34.565306
          ],
          [
            -58.640814,
            -34.564855
          ],
          [
            -58.641286,
            -34.562924
          ],
          [
            -58.643839,
            -34.562538
          ],
          [
            -58.645835,
            -34.561765
          ],
          [
            -58.646414,
            -34.561422
          ],
          [
            -58.647983,
            -34.560804
          ],
          [
            -58.651478,
            -34.559426
          ],
          [
            -58.651822,
            -34.559212
          ],
          [
            -58.653538,
            -34.558804
          ],
          [
            -58.654976,
            -34.558418
          ],
          [
            -58.655259,
            -34.558324
          ],
          [
            -58.655298,
            -34.558311
          ],
          [
            -58.655963,
            -34.557903
          ],
          [
            -58.656929,
            -34.557173
          ],
          [
            -58.657637,
            -34.556658
          ],
          [
            -58.657752,
            -34.556607
          ],
          [
            -58.658216,
            -34.556401
          ],
          [
            -58.658366,
            -34.556315
          ],
          [
            -58.66011,
            -34.555207
          ],
          [
            -58.662974,
            -34.553387
          ],
          [
            -58.665018,
            -34.552088
          ],
          [
            -58.665261,
            -34.551949
          ],
          [
            -58.665619,
            -34.551744
          ],
          [
            -58.666499,
            -34.551444
          ],
          [
            -58.668038,
            -34.550916
          ],
          [
            -58.668687,
            -34.550693
          ],
          [
            -58.671742,
            -34.549638
          ],
          [
            -58.672292,
            -34.549448
          ],
          [
            -58.6727,
            -34.549298
          ],
          [
            -58.673065,
            -34.54917
          ],
          [
            -58.673515,
            -34.549019
          ],
          [
            -58.674295,
            -34.548747
          ],
          [
            -58.67579,
            -34.548225
          ],
          [
            -58.676112,
            -34.548032
          ],
          [
            -58.676518,
            -34.547697
          ],
          [
            -58.677335,
            -34.547024
          ],
          [
            -58.677528,
            -34.547024
          ],
          [
            -58.677635,
            -34.547131
          ],
          [
            -58.677695,
            -34.547389
          ],
          [
            -58.678172,
            -34.54947
          ],
          [
            -58.678343,
            -34.549534
          ],
          [
            -58.679738,
            -34.548504
          ],
          [
            -58.681262,
            -34.547389
          ],
          [
            -58.68242,
            -34.54653
          ],
          [
            -58.6836,
            -34.545693
          ],
          [
            -58.684952,
            -34.544706
          ],
          [
            -58.686519,
            -34.543526
          ],
          [
            -58.687313,
            -34.542968
          ],
          [
            -58.688128,
            -34.542389
          ],
          [
            -58.68845,
            -34.542174
          ],
          [
            -58.688922,
            -34.541831
          ],
          [
            -58.689651,
            -34.541295
          ],
          [
            -58.690145,
            -34.54093
          ],
          [
            -58.690531,
            -34.540629
          ],
          [
            -58.691561,
            -34.539878
          ],
          [
            -58.69242,
            -34.539256
          ],
          [
            -58.693278,
            -34.538612
          ],
          [
            -58.694093,
            -34.538097
          ],
          [
            -58.694866,
            -34.537539
          ],
          [
            -58.695638,
            -34.538269
          ],
          [
            -58.696475,
            -34.537668
          ],
          [
            -58.697376,
            -34.538527
          ],
          [
            -58.69832,
            -34.539406
          ],
          [
            -58.699265,
            -34.540286
          ],
          [
            -58.700037,
            -34.541016
          ],
          [
            -58.700809,
            -34.540458
          ],
          [
            -58.701668,
            -34.539835
          ],
          [
            -58.702354,
            -34.540501
          ],
          [
            -58.703427,
            -34.541488
          ],
          [
            -58.704221,
            -34.542239
          ],
          [
            -58.705122,
            -34.543097
          ],
          [
            -58.706131,
            -34.544041
          ],
          [
            -58.706882,
            -34.544728
          ],
          [
            -58.707633,
            -34.545436
          ],
          [
            -58.708749,
            -34.544621
          ],
          [
            -58.709886,
            -34.543784
          ],
          [
            -58.711023,
            -34.542947
          ],
          [
            -58.712053,
            -34.542217
          ],
          [
            -58.713491,
            -34.541166
          ],
          [
            -58.714907,
            -34.540136
          ],
          [
            -58.71598,
            -34.539342
          ],
          [
            -58.71701,
            -34.538591
          ],
          [
            -58.71819,
            -34.537733
          ],
          [
            -58.719327,
            -34.536896
          ],
          [
            -58.720379,
            -34.536123
          ],
          [
            -58.722246,
            -34.534793
          ],
          [
            -58.722889,
            -34.534321
          ],
          [
            -58.723276,
            -34.534042
          ],
          [
            -58.72364,
            -34.533763
          ],
          [
            -58.724542,
            -34.533098
          ],
          [
            -58.724949,
            -34.532797
          ],
          [
            -58.725915,
            -34.532089
          ],
          [
            -58.727009,
            -34.531295
          ],
          [
            -58.72776,
            -34.530737
          ],
          [
            -58.728554,
            -34.530158
          ],
          [
            -58.729305,
            -34.529622
          ],
          [
            -58.730228,
            -34.528935
          ],
          [
            -58.731151,
            -34.52827
          ],
          [
            -58.731966,
            -34.527712
          ],
          [
            -58.732653,
            -34.527197
          ],
          [
            -58.73306,
            -34.526896
          ],
          [
            -58.734241,
            -34.526038
          ],
          [
            -58.735421,
            -34.525158
          ],
          [
            -58.736515,
            -34.524364
          ],
          [
            -58.737309,
            -34.523785
          ],
          [
            -58.737459,
            -34.523656
          ],
          [
            -58.738317,
            -34.523013
          ],
          [
            -58.739047,
            -34.522476
          ],
          [
            -58.739197,
            -34.522369
          ],
          [
            -58.739798,
            -34.52194
          ],
          [
            -58.740077,
            -34.521747
          ],
          [
            -58.740849,
            -34.521146
          ],
          [
            -58.741837,
            -34.520438
          ],
          [
            -58.742609,
            -34.519837
          ],
          [
            -58.743467,
            -34.519193
          ],
          [
            -58.744304,
            -34.518592
          ],
          [
            -58.745141,
            -34.51797
          ],
          [
            -58.745999,
            -34.517348
          ],
          [
            -58.746815,
            -34.516726
          ],
          [
            -58.746901,
            -34.516661
          ],
          [
            -58.747566,
            -34.51694
          ],
          [
            -58.748703,
            -34.517498
          ],
          [
            -58.749068,
            -34.517605
          ],
          [
            -58.749926,
            -34.517992
          ],
          [
            -58.750548,
            -34.517133
          ],
          [
            -58.751128,
            -34.516404
          ],
          [
            -58.751729,
            -34.515631
          ],
          [
            -58.752308,
            -34.51488
          ],
          [
            -58.752909,
            -34.514086
          ],
          [
            -58.75351,
            -34.513357
          ],
          [
            -58.754089,
            -34.512584
          ],
          [
            -58.75469,
            -34.511833
          ],
          [
            -58.755269,
            -34.511061
          ],
          [
            -58.75587,
            -34.510288
          ],
          [
            -58.756921,
            -34.510846
          ],
          [
            -58.757544,
            -34.511168
          ],
          [
            -58.757844,
            -34.510825
          ],
          [
            -58.758166,
            -34.510417
          ],
          [
            -58.758788,
            -34.509602
          ],
          [
            -58.759282,
            -34.508979
          ],
          [
            -58.760097,
            -34.507971
          ],
          [
            -58.76087,
            -34.506941
          ],
          [
            -58.761449,
            -34.50619
          ],
          [
            -58.761663,
            -34.505911
          ],
          [
            -58.762457,
            -34.504881
          ],
          [
            -58.76323,
            -34.503915
          ],
          [
            -58.763444,
            -34.503658
          ],
          [
            -58.764045,
            -34.502885
          ],
          [
            -58.764539,
            -34.502263
          ],
          [
            -58.764818,
            -34.501898
          ],
          [
            -58.765032,
            -34.501619
          ],
          [
            -58.765612,
            -34.50089
          ],
          [
            -58.765848,
            -34.500589
          ],
          [
            -58.766406,
            -34.499881
          ],
          [
            -58.766663,
            -34.499538
          ],
          [
            -58.767178,
            -34.498851
          ]
        ]
      }
    },
    {
      "type": "Feature",
      "properties": {
        "Linea": "182",
        "Recorrido": "A",
        "Sentido": "VUELTA",
        "Razon_soci": "SARGENTO CABRAL SA DE TRANSPORTE",
        "Jurisdicci": "NACIONAL",
        "assigned_zone_name": "Jorge Newbery",
        "source_name": "Datos Transporte - Recorridos de servicios de colectivos AMBA",
        "source_url": "https://datos.transporte.gob.ar/dataset/recorridos-de-servicios-de-colectivos-amba",
        "license": "Creative Commons Attribution 4.0",
        "generated_at": "2026-06-13T02:11:01.209890+00:00",
        "data_confidence": "medium"
      },
      "geometry": {
        "type": "LineString",
        "coordinates": [
          [
            -58.767178,
            -34.498851
          ],
          [
            -58.766663,
            -34.499538
          ],
          [
            -58.766406,
            -34.499881
          ],
          [
            -58.765848,
            -34.500589
          ],
          [
            -58.765612,
            -34.50089
          ],
          [
            -58.765032,
            -34.501619
          ],
          [
            -58.764818,
            -34.501898
          ],
          [
            -58.764539,
            -34.502263
          ],
          [
            -58.764045,
            -34.502885
          ],
          [
            -58.763444,
            -34.503658
          ],
          [
            -58.76323,
            -34.503915
          ],
          [
            -58.762457,
            -34.504881
          ],
          [
            -58.761663,
            -34.505911
          ],
          [
            -58.761449,
            -34.50619
          ],
          [
            -58.76087,
            -34.506941
          ],
          [
            -58.760097,
            -34.507971
          ],
          [
            -58.759282,
            -34.508979
          ],
          [
            -58.758788,
            -34.509602
          ],
          [
            -58.758166,
            -34.510417
          ],
          [
            -58.757844,
            -34.510825
          ],
          [
            -58.757544,
            -34.511168
          ],
          [
            -58.756921,
            -34.510846
          ],
          [
            -58.75632,
            -34.51164
          ],
          [
            -58.755741,
            -34.512391
          ],
          [
            -58.75514,
            -34.513164
          ],
          [
            -58.754561,
            -34.513915
          ],
          [
            -58.753982,
            -34.514644
          ],
          [
            -58.753359,
            -34.515438
          ],
          [
            -58.75278,
            -34.516189
          ],
          [
            -58.752179,
            -34.516962
          ],
          [
            -58.7516,
            -34.517691
          ],
          [
            -58.750999,
            -34.518464
          ],
          [
            -58.751063,
            -34.518528
          ],
          [
            -58.751063,
            -34.518571
          ],
          [
            -58.750956,
            -34.518678
          ],
          [
            -58.750162,
            -34.518335
          ],
          [
            -58.748896,
            -34.517756
          ],
          [
            -58.748703,
            -34.517605
          ],
          [
            -58.747931,
            -34.517241
          ],
          [
            -58.746815,
            -34.516726
          ],
          [
            -58.745999,
            -34.517348
          ],
          [
            -58.745141,
            -34.51797
          ],
          [
            -58.744304,
            -34.518592
          ],
          [
            -58.743467,
            -34.519193
          ],
          [
            -58.742609,
            -34.519837
          ],
          [
            -58.741837,
            -34.520438
          ],
          [
            -58.740849,
            -34.521146
          ],
          [
            -58.740077,
            -34.521747
          ],
          [
            -58.739798,
            -34.52194
          ],
          [
            -58.739197,
            -34.522369
          ],
          [
            -58.739047,
            -34.522476
          ],
          [
            -58.738317,
            -34.523013
          ],
          [
            -58.737459,
            -34.523656
          ],
          [
            -58.737309,
            -34.523785
          ],
          [
            -58.736515,
            -34.524364
          ],
          [
            -58.735421,
            -34.525158
          ],
          [
            -58.734241,
            -34.526038
          ],
          [
            -58.73306,
            -34.526896
          ],
          [
            -58.732653,
            -34.527197
          ],
          [
            -58.731966,
            -34.527712
          ],
          [
            -58.731151,
            -34.52827
          ],
          [
            -58.730228,
            -34.528935
          ],
          [
            -58.729305,
            -34.529622
          ],
          [
            -58.728554,
            -34.530158
          ],
          [
            -58.72776,
            -34.530737
          ],
          [
            -58.727009,
            -34.531295
          ],
          [
            -58.725915,
            -34.532089
          ],
          [
            -58.724949,
            -34.532797
          ],
          [
            -58.724542,
            -34.533098
          ],
          [
            -58.72364,
            -34.533763
          ],
          [
            -58.723276,
            -34.534042
          ],
          [
            -58.722889,
            -34.534321
          ],
          [
            -58.722246,
            -34.534793
          ],
          [
            -58.720379,
            -34.536123
          ],
          [
            -58.719327,
            -34.536896
          ],
          [
            -58.71819,
            -34.537733
          ],
          [
            -58.71701,
            -34.538591
          ],
          [
            -58.71598,
            -34.539342
          ],
          [
            -58.714907,
            -34.540136
          ],
          [
            -58.713491,
            -34.541166
          ],
          [
            -58.712053,
            -34.542217
          ],
          [
            -58.711023,
            -34.542947
          ],
          [
            -58.709886,
            -34.543784
          ],
          [
            -58.708749,
            -34.544621
          ],
          [
            -58.707633,
            -34.545436
          ],
          [
            -58.70847,
            -34.546208
          ],
          [
            -58.707333,
            -34.547045
          ],
          [
            -58.706517,
            -34.546273
          ],
          [
            -58.705766,
            -34.545543
          ],
          [
            -58.705037,
            -34.544878
          ],
          [
            -58.703985,
            -34.543912
          ],
          [
            -58.703084,
            -34.543076
          ],
          [
            -58.703363,
            -34.542861
          ],
          [
            -58.702569,
            -34.54211
          ],
          [
            -58.701539,
            -34.541144
          ],
          [
            -58.700809,
            -34.540458
          ],
          [
            -58.700058,
            -34.539728
          ],
          [
            -58.699114,
            -34.538827
          ],
          [
            -58.69817,
            -34.537904
          ],
          [
            -58.69729,
            -34.537046
          ],
          [
            -58.696539,
            -34.536338
          ],
          [
            -58.695703,
            -34.536939
          ],
          [
            -58.694866,
            -34.537539
          ],
          [
            -58.694093,
            -34.538097
          ],
          [
            -58.693278,
            -34.538612
          ],
          [
            -58.69242,
            -34.539256
          ],
          [
            -58.691561,
            -34.539878
          ],
          [
            -58.690531,
            -34.540629
          ],
          [
            -58.690145,
            -34.54093
          ],
          [
            -58.689651,
            -34.541295
          ],
          [
            -58.688922,
            -34.541831
          ],
          [
            -58.68845,
            -34.542174
          ],
          [
            -58.688128,
            -34.542389
          ],
          [
            -58.687313,
            -34.542968
          ],
          [
            -58.686519,
            -34.543526
          ],
          [
            -58.684952,
            -34.544706
          ],
          [
            -58.6836,
            -34.545693
          ],
          [
            -58.68242,
            -34.54653
          ],
          [
            -58.681262,
            -34.547389
          ],
          [
            -58.679738,
            -34.548504
          ],
          [
            -58.678343,
            -34.549534
          ],
          [
            -58.678172,
            -34.54947
          ],
          [
            -58.677695,
            -34.547389
          ],
          [
            -58.677635,
            -34.547131
          ],
          [
            -58.677528,
            -34.547024
          ],
          [
            -58.677335,
            -34.547024
          ],
          [
            -58.676518,
            -34.547697
          ],
          [
            -58.676112,
            -34.548032
          ],
          [
            -58.67579,
            -34.548225
          ],
          [
            -58.674295,
            -34.548747
          ],
          [
            -58.673515,
            -34.549019
          ],
          [
            -58.673065,
            -34.54917
          ],
          [
            -58.6727,
            -34.549298
          ],
          [
            -58.672292,
            -34.549448
          ],
          [
            -58.671742,
            -34.549638
          ],
          [
            -58.668687,
            -34.550693
          ],
          [
            -58.668038,
            -34.550916
          ],
          [
            -58.666499,
            -34.551444
          ],
          [
            -58.665619,
            -34.551744
          ],
          [
            -58.665261,
            -34.551949
          ],
          [
            -58.665018,
            -34.552088
          ],
          [
            -58.662974,
            -34.553387
          ],
          [
            -58.66011,
            -34.555207
          ],
          [
            -58.658366,
            -34.556315
          ],
          [
            -58.658216,
            -34.556401
          ],
          [
            -58.657873,
            -34.556658
          ],
          [
            -58.65783,
            -34.556723
          ],
          [
            -58.655834,
            -34.558182
          ],
          [
            -58.655384,
            -34.558439
          ],
          [
            -58.65519,
            -34.558504
          ],
          [
            -58.651822,
            -34.559362
          ],
          [
            -58.651478,
            -34.559426
          ],
          [
            -58.646414,
            -34.561422
          ],
          [
            -58.645883,
            -34.561737
          ],
          [
            -58.645835,
            -34.561765
          ],
          [
            -58.643839,
            -34.562538
          ],
          [
            -58.641286,
            -34.562924
          ],
          [
            -58.640814,
            -34.564855
          ],
          [
            -58.640707,
            -34.565306
          ],
          [
            -58.640346,
            -34.566962
          ],
          [
            -58.64002,
            -34.56846
          ],
          [
            -58.639998,
            -34.568589
          ],
          [
            -58.639827,
            -34.569318
          ],
          [
            -58.639866,
            -34.56935
          ],
          [
            -58.640192,
            -34.569619
          ],
          [
            -58.640878,
            -34.570241
          ],
          [
            -58.641651,
            -34.570906
          ],
          [
            -58.642445,
            -34.571571
          ],
          [
            -58.643217,
            -34.572258
          ],
          [
            -58.644612,
            -34.573438
          ],
          [
            -58.644719,
            -34.573567
          ],
          [
            -58.644462,
            -34.574103
          ],
          [
            -58.643861,
            -34.57494
          ],
          [
            -58.643582,
            -34.575326
          ],
          [
            -58.641822,
            -34.577751
          ],
          [
            -58.6409,
            -34.579017
          ],
          [
            -58.6409,
            -34.579103
          ],
          [
            -58.64032,
            -34.580905
          ],
          [
            -58.640256,
            -34.581077
          ],
          [
            -58.639762,
            -34.582558
          ],
          [
            -58.639247,
            -34.584038
          ],
          [
            -58.639162,
            -34.584296
          ],
          [
            -58.638604,
            -34.585969
          ],
          [
            -58.638282,
            -34.586205
          ],
          [
            -58.63678,
            -34.587364
          ],
          [
            -58.635921,
            -34.588051
          ],
          [
            -58.635728,
            -34.58818
          ],
          [
            -58.634741,
            -34.588931
          ],
          [
            -58.633196,
            -34.590089
          ],
          [
            -58.63251,
            -34.589489
          ],
          [
            -58.631759,
            -34.588823
          ],
          [
            -58.631244,
            -34.588351
          ],
          [
            -58.630536,
            -34.587729
          ],
          [
            -58.630428,
            -34.587665
          ],
          [
            -58.630235,
            -34.587643
          ],
          [
            -58.630042,
            -34.587729
          ],
          [
            -58.629162,
            -34.588351
          ],
          [
            -58.628948,
            -34.588523
          ],
          [
            -58.628304,
            -34.589038
          ],
          [
            -58.628132,
            -34.589167
          ],
          [
            -58.627553,
            -34.589596
          ],
          [
            -58.627081,
            -34.590003
          ],
          [
            -58.626738,
            -34.590282
          ],
          [
            -58.626008,
            -34.59084
          ],
          [
            -58.625472,
            -34.591269
          ],
          [
            -58.624892,
            -34.59172
          ],
          [
            -58.624012,
            -34.592428
          ],
          [
            -58.623712,
            -34.592643
          ],
          [
            -58.623111,
            -34.593115
          ],
          [
            -58.622575,
            -34.593544
          ],
          [
            -58.621352,
            -34.594488
          ],
          [
            -58.620214,
            -34.595368
          ],
          [
            -58.619592,
            -34.595947
          ],
          [
            -58.619421,
            -34.596097
          ],
          [
            -58.61867,
            -34.59672
          ],
          [
            -58.617961,
            -34.597321
          ],
          [
            -58.617187,
            -34.597993
          ],
          [
            -58.617146,
            -34.598029
          ],
          [
            -58.616695,
            -34.598436
          ],
          [
            -58.61588,
            -34.599144
          ],
          [
            -58.615322,
            -34.599595
          ],
          [
            -58.614743,
            -34.599981
          ],
          [
            -58.61426,
            -34.600234
          ],
          [
            -58.61028,
            -34.60232
          ],
          [
            -58.609638,
            -34.602654
          ],
          [
            -58.60925,
            -34.602857
          ],
          [
            -58.608348,
            -34.603264
          ],
          [
            -58.607726,
            -34.6035
          ],
          [
            -58.605602,
            -34.604187
          ],
          [
            -58.604872,
            -34.604337
          ],
          [
            -58.604143,
            -34.60438
          ],
          [
            -58.60219,
            -34.604402
          ],
          [
            -58.601307,
            -34.604402
          ],
          [
            -58.599465,
            -34.604402
          ],
          [
            -58.5988,
            -34.604402
          ],
          [
            -58.598714,
            -34.604487
          ],
          [
            -58.598464,
            -34.604718
          ],
          [
            -58.598205,
            -34.604698
          ],
          [
            -58.59766,
            -34.604437
          ],
          [
            -58.597083,
            -34.604402
          ],
          [
            -58.596504,
            -34.60438
          ],
          [
            -58.595839,
            -34.604402
          ],
          [
            -58.593307,
            -34.604445
          ],
          [
            -58.593307,
            -34.605238
          ],
          [
            -58.595235,
            -34.605233
          ],
          [
            -58.595473,
            -34.605302
          ],
          [
            -58.59579,
            -34.605505
          ],
          [
            -58.596554,
            -34.605462
          ],
          [
            -58.596998,
            -34.605371
          ],
          [
            -58.597383,
            -34.605327
          ],
          [
            -58.597801,
            -34.605044
          ],
          [
            -58.597952,
            -34.605042
          ],
          [
            -58.59824,
            -34.605053
          ],
          [
            -58.598742,
            -34.60504
          ],
          [
            -58.598858,
            -34.605136
          ],
          [
            -58.598927,
            -34.605462
          ],
          [
            -58.599188,
            -34.606539
          ],
          [
            -58.599442,
            -34.607583
          ],
          [
            -58.599569,
            -34.608087
          ],
          [
            -58.599104,
            -34.608662
          ],
          [
            -58.598326,
            -34.60968
          ],
          [
            -58.59853,
            -34.610794
          ],
          [
            -58.598601,
            -34.611139
          ],
          [
            -58.59873,
            -34.611833
          ],
          [
            -58.59888,
            -34.612624
          ],
          [
            -58.598938,
            -34.612987
          ],
          [
            -58.599163,
            -34.61413
          ],
          [
            -58.599404,
            -34.615526
          ],
          [
            -58.599437,
            -34.615673
          ],
          [
            -58.599637,
            -34.616783
          ],
          [
            -58.599701,
            -34.61719
          ],
          [
            -58.599894,
            -34.618177
          ],
          [
            -58.599894,
            -34.618285
          ],
          [
            -58.59983,
            -34.618392
          ],
          [
            -58.599529,
            -34.618757
          ],
          [
            -58.599229,
            -34.619079
          ],
          [
            -58.598456,
            -34.620001
          ],
          [
            -58.598263,
            -34.620259
          ],
          [
            -58.598049,
            -34.620538
          ],
          [
            -58.597276,
            -34.621482
          ],
          [
            -58.596611,
            -34.622276
          ],
          [
            -58.596461,
            -34.622469
          ],
          [
            -58.595817,
            -34.623263
          ],
          [
            -58.595324,
            -34.623842
          ],
          [
            -58.595023,
            -34.624228
          ],
          [
            -58.594701,
            -34.624636
          ],
          [
            -58.594186,
            -34.625258
          ],
          [
            -58.593307,
            -34.62631
          ],
          [
            -58.59262,
            -34.627147
          ],
          [
            -58.592556,
            -34.627233
          ],
          [
            -58.591826,
            -34.628155
          ],
          [
            -58.591225,
            -34.628885
          ],
          [
            -58.590667,
            -34.629593
          ],
          [
            -58.590088,
            -34.630301
          ],
          [
            -58.589444,
            -34.631073
          ],
          [
            -58.589315,
            -34.631159
          ],
          [
            -58.589101,
            -34.631224
          ],
          [
            -58.588951,
            -34.631352
          ],
          [
            -58.588393,
            -34.631932
          ],
          [
            -58.587985,
            -34.632425
          ],
          [
            -58.587899,
            -34.632576
          ],
          [
            -58.587921,
            -34.632919
          ],
          [
            -58.587835,
            -34.633026
          ],
          [
            -58.587384,
            -34.633584
          ],
          [
            -58.586698,
            -34.634356
          ],
          [
            -58.585971,
            -34.635168
          ],
          [
            -58.58644,
            -34.635193
          ],
          [
            -58.586663,
            -34.635226
          ],
          [
            -58.586912,
            -34.635193
          ],
          [
            -58.587577,
            -34.635215
          ],
          [
            -58.58865,
            -34.635236
          ],
          [
            -58.589746,
            -34.635253
          ],
          [
            -58.590877,
            -34.635268
          ],
          [
            -58.590907,
            -34.635177
          ],
          [
            -58.591488,
            -34.634437
          ],
          [
            -58.592196,
            -34.633547
          ],
          [
            -58.593012,
            -34.633967
          ],
          [
            -58.591976,
            -34.635279
          ],
          [
            -58.591975,
            -34.63539
          ],
          [
            -58.591965,
            -34.635522
          ],
          [
            -58.591976,
            -34.63558
          ],
          [
            -58.591912,
            -34.635901
          ],
          [
            -58.591731,
            -34.636801
          ],
          [
            -58.591579,
            -34.637746
          ],
          [
            -58.591443,
            -34.638621
          ],
          [
            -58.591283,
            -34.639585
          ],
          [
            -58.591128,
            -34.640483
          ],
          [
            -58.590973,
            -34.641361
          ],
          [
            -58.590803,
            -34.642271
          ],
          [
            -58.590672,
            -34.643149
          ],
          [
            -58.590515,
            -34.644069
          ],
          [
            -58.590517,
            -34.644163
          ],
          [
            -58.590324,
            -34.644742
          ],
          [
            -58.590217,
            -34.644635
          ],
          [
            -58.590088,
            -34.64457
          ],
          [
            -58.589358,
            -34.644506
          ],
          [
            -58.588307,
            -34.644356
          ],
          [
            -58.587191,
            -34.644184
          ],
          [
            -58.586118,
            -34.644055
          ],
          [
            -58.58511,
            -34.643905
          ],
          [
            -58.584123,
            -34.643755
          ],
          [
            -58.583329,
            -34.643648
          ],
          [
            -58.581891,
            -34.643412
          ],
          [
            -58.580453,
            -34.643197
          ],
          [
            -58.578994,
            -34.642961
          ],
          [
            -58.577514,
            -34.642725
          ],
          [
            -58.576119,
            -34.642532
          ],
          [
            -58.574595,
            -34.642296
          ],
          [
            -58.573179,
            -34.642081
          ],
          [
            -58.571742,
            -34.641824
          ],
          [
            -58.570261,
            -34.641588
          ],
          [
            -58.568716,
            -34.64133
          ],
          [
            -58.567343,
            -34.641116
          ],
          [
            -58.567214,
            -34.641094
          ],
          [
            -58.566291,
            -34.640923
          ],
          [
            -58.565948,
            -34.640944
          ],
          [
            -58.565862,
            -34.640987
          ],
          [
            -58.565798,
            -34.641116
          ],
          [
            -58.565562,
            -34.641867
          ],
          [
            -58.564081,
            -34.641652
          ],
          [
            -58.562837,
            -34.641438
          ],
          [
            -58.563051,
            -34.640665
          ],
          [
            -58.562987,
            -34.640472
          ],
          [
            -58.562665,
            -34.640365
          ],
          [
            -58.561592,
            -34.640214
          ],
          [
            -58.56097,
            -34.640129
          ],
          [
            -58.560133,
            -34.640043
          ],
          [
            -58.558674,
            -34.639914
          ],
          [
            -58.558202,
            -34.639893
          ],
          [
            -58.557236,
            -34.639914
          ],
          [
            -58.557065,
            -34.639914
          ],
          [
            -58.556035,
            -34.639914
          ],
          [
            -58.555974,
            -34.639915
          ],
          [
            -58.554254,
            -34.639935
          ],
          [
            -58.553224,
            -34.639957
          ],
          [
            -58.552644,
            -34.639957
          ],
          [
            -58.551099,
            -34.64
          ],
          [
            -58.54949,
            -34.640021
          ],
          [
            -58.548954,
            -34.640043
          ],
          [
            -58.546228,
            -34.640086
          ],
          [
            -58.545134,
            -34.640107
          ],
          [
            -58.544726,
            -34.640107
          ],
          [
            -58.544083,
            -34.640107
          ],
          [
            -58.543503,
            -34.640129
          ],
          [
            -58.542881,
            -34.64015
          ],
          [
            -58.5414,
            -34.640172
          ],
          [
            -58.539984,
            -34.640129
          ],
          [
            -58.538611,
            -34.640021
          ],
          [
            -58.537281,
            -34.639914
          ],
          [
            -58.535843,
            -34.639828
          ],
          [
            -58.535092,
            -34.639742
          ],
          [
            -58.533311,
            -34.639635
          ],
          [
            -58.53221,
            -34.639551
          ],
          [
            -58.531106,
            -34.639466
          ],
          [
            -58.531025,
            -34.640658
          ],
          [
            -58.530457,
            -34.640622
          ],
          [
            -58.529943,
            -34.640576
          ],
          [
            -58.529041,
            -34.640515
          ],
          [
            -58.529062,
            -34.640021
          ],
          [
            -58.529105,
            -34.639528
          ],
          [
            -58.528869,
            -34.639313
          ],
          [
            -58.527732,
            -34.639227
          ],
          [
            -58.526423,
            -34.63912
          ],
          [
            -58.525093,
            -34.639034
          ],
          [
            -58.523719,
            -34.638927
          ],
          [
            -58.522561,
            -34.63882
          ],
          [
            -58.52123,
            -34.638927
          ],
          [
            -58.51975,
            -34.638991
          ],
          [
            -58.518763,
            -34.639056
          ],
          [
            -58.517411,
            -34.63912
          ],
          [
            -58.516273,
            -34.639184
          ],
          [
            -58.515823,
            -34.639184
          ],
          [
            -58.514299,
            -34.639227
          ],
          [
            -58.51299,
            -34.63927
          ],
          [
            -58.511424,
            -34.639335
          ],
          [
            -58.510051,
            -34.639099
          ],
          [
            -58.508699,
            -34.638863
          ],
          [
            -58.507347,
            -34.638627
          ],
          [
            -58.505931,
            -34.638369
          ],
          [
            -58.504536,
            -34.638155
          ],
          [
            -58.503957,
            -34.638069
          ],
          [
            -58.50342,
            -34.637983
          ],
          [
            -58.502069,
            -34.63779
          ],
          [
            -58.500931,
            -34.637618
          ],
          [
            -58.499472,
            -34.637425
          ],
          [
            -58.498013,
            -34.63721
          ],
          [
            -58.496575,
            -34.637017
          ],
          [
            -58.495932,
            -34.636931
          ],
          [
            -58.495116,
            -34.636824
          ],
          [
            -58.493657,
            -34.63661
          ],
          [
            -58.493099,
            -34.636481
          ],
          [
            -58.492134,
            -34.636288
          ],
          [
            -58.491747,
            -34.636202
          ],
          [
            -58.491061,
            -34.63603
          ],
          [
            -58.48943,
            -34.635623
          ],
          [
            -58.487649,
            -34.635193
          ],
          [
            -58.487284,
            -34.636524
          ],
          [
            -58.486876,
            -34.637833
          ],
          [
            -58.486683,
            -34.638412
          ],
          [
            -58.48649,
            -34.639099
          ],
          [
            -58.486083,
            -34.64045
          ],
          [
            -58.485932,
            -34.640923
          ],
          [
            -58.485825,
            -34.641309
          ],
          [
            -58.485374,
            -34.642725
          ],
          [
            -58.485181,
            -34.643369
          ],
          [
            -58.484988,
            -34.644055
          ],
          [
            -58.484731,
            -34.644871
          ],
          [
            -58.484602,
            -34.6453
          ],
          [
            -58.484538,
            -34.645236
          ],
          [
            -58.482006,
            -34.643047
          ],
          [
            -58.482387,
            -34.642741
          ]
        ]
      }
    },
    {
      "type": "Feature",
      "properties": {
        "Linea": "182",
        "Recorrido": "B",
        "Sentido": "IDA",
        "Razon_soci": "SARGENTO CABRAL SA DE TRANSPORTE",
        "Jurisdicci": "NACIONAL",
        "assigned_zone_name": "Jorge Newbery",
        "source_name": "Datos Transporte - Recorridos de servicios de colectivos AMBA",
        "source_url": "https://datos.transporte.gob.ar/dataset/recorridos-de-servicios-de-colectivos-amba",
        "license": "Creative Commons Attribution 4.0",
        "generated_at": "2026-06-13T02:11:01.209890+00:00",
        "data_confidence": "medium"
      },
      "geometry": {
        "type": "LineString",
        "coordinates": [
          [
            -58.482387,
            -34.642741
          ],
          [
            -58.482864,
            -34.64236
          ],
          [
            -58.483336,
            -34.642274
          ],
          [
            -58.484581,
            -34.642532
          ],
          [
            -58.485374,
            -34.642725
          ],
          [
            -58.485825,
            -34.641309
          ],
          [
            -58.485932,
            -34.640923
          ],
          [
            -58.486083,
            -34.64045
          ],
          [
            -58.48649,
            -34.639099
          ],
          [
            -58.486683,
            -34.638412
          ],
          [
            -58.486876,
            -34.637833
          ],
          [
            -58.487284,
            -34.636524
          ],
          [
            -58.486297,
            -34.636266
          ],
          [
            -58.484387,
            -34.635816
          ],
          [
            -58.484859,
            -34.63455
          ],
          [
            -58.485439,
            -34.634678
          ],
          [
            -58.486683,
            -34.634979
          ],
          [
            -58.487649,
            -34.635193
          ],
          [
            -58.48943,
            -34.635623
          ],
          [
            -58.491061,
            -34.63603
          ],
          [
            -58.491747,
            -34.636202
          ],
          [
            -58.492134,
            -34.636288
          ],
          [
            -58.493099,
            -34.636481
          ],
          [
            -58.493657,
            -34.63661
          ],
          [
            -58.495116,
            -34.636824
          ],
          [
            -58.495932,
            -34.636931
          ],
          [
            -58.496575,
            -34.637017
          ],
          [
            -58.498013,
            -34.63721
          ],
          [
            -58.499472,
            -34.637425
          ],
          [
            -58.500931,
            -34.637618
          ],
          [
            -58.502069,
            -34.63779
          ],
          [
            -58.50342,
            -34.637983
          ],
          [
            -58.503957,
            -34.638069
          ],
          [
            -58.504536,
            -34.638155
          ],
          [
            -58.505931,
            -34.638369
          ],
          [
            -58.507347,
            -34.638627
          ],
          [
            -58.508699,
            -34.638863
          ],
          [
            -58.510051,
            -34.639099
          ],
          [
            -58.511424,
            -34.639335
          ],
          [
            -58.51299,
            -34.63927
          ],
          [
            -58.514299,
            -34.639227
          ],
          [
            -58.515823,
            -34.639184
          ],
          [
            -58.516273,
            -34.639184
          ],
          [
            -58.517411,
            -34.63912
          ],
          [
            -58.518763,
            -34.639056
          ],
          [
            -58.51975,
            -34.638991
          ],
          [
            -58.52123,
            -34.638927
          ],
          [
            -58.522561,
            -34.63882
          ],
          [
            -58.523719,
            -34.638927
          ],
          [
            -58.525093,
            -34.639034
          ],
          [
            -58.526423,
            -34.63912
          ],
          [
            -58.527732,
            -34.639227
          ],
          [
            -58.528869,
            -34.639313
          ],
          [
            -58.529298,
            -34.639335
          ],
          [
            -58.529368,
            -34.639337
          ],
          [
            -58.529942,
            -34.639356
          ],
          [
            -58.530242,
            -34.639378
          ],
          [
            -58.530736,
            -34.639421
          ],
          [
            -58.531106,
            -34.639466
          ],
          [
            -58.53221,
            -34.639551
          ],
          [
            -58.533311,
            -34.639635
          ],
          [
            -58.535092,
            -34.639742
          ],
          [
            -58.535843,
            -34.639828
          ],
          [
            -58.537281,
            -34.639914
          ],
          [
            -58.538611,
            -34.640021
          ],
          [
            -58.539984,
            -34.640129
          ],
          [
            -58.5414,
            -34.640172
          ],
          [
            -58.542881,
            -34.64015
          ],
          [
            -58.543503,
            -34.640129
          ],
          [
            -58.544083,
            -34.640107
          ],
          [
            -58.544726,
            -34.640107
          ],
          [
            -58.545563,
            -34.641352
          ],
          [
            -58.545585,
            -34.642532
          ],
          [
            -58.546164,
            -34.642146
          ],
          [
            -58.546443,
            -34.64191
          ],
          [
            -58.54743,
            -34.64118
          ],
          [
            -58.547559,
            -34.641094
          ],
          [
            -58.549275,
            -34.639828
          ],
          [
            -58.551271,
            -34.638369
          ],
          [
            -58.551636,
            -34.638112
          ],
          [
            -58.552473,
            -34.637489
          ],
          [
            -58.552816,
            -34.636738
          ],
          [
            -58.553181,
            -34.636137
          ],
          [
            -58.55361,
            -34.635365
          ],
          [
            -58.554533,
            -34.635623
          ],
          [
            -58.554897,
            -34.635708
          ],
          [
            -58.55612,
            -34.636073
          ],
          [
            -58.55715,
            -34.636374
          ],
          [
            -58.558609,
            -34.636824
          ],
          [
            -58.559253,
            -34.636996
          ],
          [
            -58.559639,
            -34.637125
          ],
          [
            -58.56009,
            -34.637253
          ],
          [
            -58.560326,
            -34.637339
          ],
          [
            -58.561399,
            -34.63764
          ],
          [
            -58.561571,
            -34.637704
          ],
          [
            -58.562322,
            -34.637918
          ],
          [
            -58.563416,
            -34.63824
          ],
          [
            -58.563631,
            -34.638047
          ],
          [
            -58.563802,
            -34.63794
          ],
          [
            -58.563995,
            -34.637876
          ],
          [
            -58.565626,
            -34.638112
          ],
          [
            -58.565369,
            -34.639163
          ],
          [
            -58.565068,
            -34.640257
          ],
          [
            -58.564494,
            -34.640163
          ],
          [
            -58.563888,
            -34.640064
          ],
          [
            -58.564188,
            -34.63897
          ],
          [
            -58.564274,
            -34.638412
          ],
          [
            -58.564403,
            -34.637918
          ],
          [
            -58.564854,
            -34.637983
          ],
          [
            -58.565626,
            -34.637511
          ],
          [
            -58.565691,
            -34.637489
          ],
          [
            -58.566055,
            -34.637232
          ],
          [
            -58.566377,
            -34.63706
          ],
          [
            -58.566484,
            -34.636996
          ],
          [
            -58.567643,
            -34.636245
          ],
          [
            -58.568008,
            -34.63603
          ],
          [
            -58.568287,
            -34.635859
          ],
          [
            -58.569274,
            -34.635236
          ],
          [
            -58.570197,
            -34.634678
          ],
          [
            -58.570368,
            -34.634593
          ],
          [
            -58.571119,
            -34.634142
          ],
          [
            -58.571334,
            -34.633992
          ],
          [
            -58.572106,
            -34.633541
          ],
          [
            -58.572342,
            -34.633391
          ],
          [
            -58.573072,
            -34.632962
          ],
          [
            -58.573716,
            -34.632533
          ],
          [
            -58.574016,
            -34.632339
          ],
          [
            -58.57496,
            -34.631803
          ],
          [
            -58.57511,
            -34.631653
          ],
          [
            -58.57511,
            -34.631567
          ],
          [
            -58.574767,
            -34.631009
          ],
          [
            -58.574746,
            -34.63088
          ],
          [
            -58.576291,
            -34.63088
          ],
          [
            -58.576913,
            -34.629936
          ],
          [
            -58.577557,
            -34.629014
          ],
          [
            -58.578072,
            -34.628305
          ],
          [
            -58.578544,
            -34.627662
          ],
          [
            -58.578973,
            -34.627061
          ],
          [
            -58.579402,
            -34.62646
          ],
          [
            -58.579895,
            -34.625731
          ],
          [
            -58.580174,
            -34.625323
          ],
          [
            -58.580389,
            -34.625044
          ],
          [
            -58.580625,
            -34.624701
          ],
          [
            -58.580775,
            -34.624486
          ],
          [
            -58.580968,
            -34.624207
          ],
          [
            -58.58114,
            -34.62395
          ],
          [
            -58.581612,
            -34.623284
          ],
          [
            -58.581741,
            -34.623091
          ],
          [
            -58.582063,
            -34.622641
          ],
          [
            -58.582299,
            -34.622319
          ],
          [
            -58.582556,
            -34.621975
          ],
          [
            -58.582878,
            -34.621568
          ],
          [
            -58.583393,
            -34.620881
          ],
          [
            -58.583651,
            -34.620452
          ],
          [
            -58.584208,
            -34.619722
          ],
          [
            -58.584702,
            -34.619036
          ],
          [
            -58.584981,
            -34.618649
          ],
          [
            -58.585217,
            -34.618306
          ],
          [
            -58.585796,
            -34.617534
          ],
          [
            -58.586633,
            -34.616289
          ],
          [
            -58.587492,
            -34.615066
          ],
          [
            -58.587728,
            -34.614744
          ],
          [
            -58.588393,
            -34.613864
          ],
          [
            -58.589272,
            -34.612684
          ],
          [
            -58.590131,
            -34.611633
          ],
          [
            -58.590388,
            -34.611311
          ],
          [
            -58.590667,
            -34.610925
          ],
          [
            -58.591354,
            -34.610002
          ],
          [
            -58.591504,
            -34.609809
          ],
          [
            -58.592062,
            -34.609015
          ],
          [
            -58.592319,
            -34.608736
          ],
          [
            -58.592877,
            -34.608006
          ],
          [
            -58.593113,
            -34.607813
          ],
          [
            -58.593371,
            -34.60762
          ],
          [
            -58.593564,
            -34.60747
          ],
          [
            -58.594401,
            -34.60674
          ],
          [
            -58.59453,
            -34.606633
          ],
          [
            -58.594615,
            -34.606547
          ],
          [
            -58.595667,
            -34.605604
          ],
          [
            -58.59579,
            -34.605505
          ],
          [
            -58.596997,
            -34.605517
          ],
          [
            -58.597656,
            -34.605342
          ],
          [
            -58.597952,
            -34.605042
          ],
          [
            -58.598205,
            -34.604698
          ],
          [
            -58.598443,
            -34.604263
          ],
          [
            -58.598538,
            -34.603841
          ],
          [
            -58.598713,
            -34.603776
          ],
          [
            -58.598871,
            -34.603854
          ],
          [
            -58.598977,
            -34.604215
          ],
          [
            -58.599162,
            -34.604333
          ],
          [
            -58.599465,
            -34.604402
          ],
          [
            -58.601307,
            -34.604402
          ],
          [
            -58.60219,
            -34.604402
          ],
          [
            -58.604143,
            -34.60438
          ],
          [
            -58.604872,
            -34.604337
          ],
          [
            -58.605602,
            -34.604187
          ],
          [
            -58.607726,
            -34.6035
          ],
          [
            -58.608348,
            -34.603264
          ],
          [
            -58.609164,
            -34.602895
          ],
          [
            -58.60925,
            -34.602857
          ],
          [
            -58.61028,
            -34.60232
          ],
          [
            -58.613498,
            -34.600518
          ],
          [
            -58.613867,
            -34.60032
          ],
          [
            -58.614657,
            -34.599895
          ],
          [
            -58.615472,
            -34.599359
          ],
          [
            -58.616652,
            -34.598286
          ],
          [
            -58.616889,
            -34.598093
          ],
          [
            -58.617035,
            -34.597971
          ],
          [
            -58.617146,
            -34.597878
          ],
          [
            -58.618584,
            -34.596634
          ],
          [
            -58.618927,
            -34.596334
          ],
          [
            -58.619485,
            -34.595883
          ],
          [
            -58.61951,
            -34.595865
          ],
          [
            -58.620214,
            -34.595368
          ],
          [
            -58.621352,
            -34.594488
          ],
          [
            -58.622575,
            -34.593544
          ],
          [
            -58.623111,
            -34.593115
          ],
          [
            -58.623712,
            -34.592643
          ],
          [
            -58.624012,
            -34.592428
          ],
          [
            -58.624892,
            -34.59172
          ],
          [
            -58.625472,
            -34.591269
          ],
          [
            -58.626008,
            -34.59084
          ],
          [
            -58.626738,
            -34.590282
          ],
          [
            -58.627081,
            -34.590003
          ],
          [
            -58.627553,
            -34.589596
          ],
          [
            -58.628132,
            -34.589167
          ],
          [
            -58.628304,
            -34.589038
          ],
          [
            -58.628948,
            -34.588523
          ],
          [
            -58.629162,
            -34.588351
          ],
          [
            -58.630042,
            -34.587729
          ],
          [
            -58.630235,
            -34.587643
          ],
          [
            -58.630428,
            -34.587665
          ],
          [
            -58.630536,
            -34.587729
          ],
          [
            -58.631244,
            -34.588351
          ],
          [
            -58.631759,
            -34.588823
          ],
          [
            -58.63251,
            -34.589489
          ],
          [
            -58.634012,
            -34.588308
          ],
          [
            -58.63414,
            -34.588201
          ],
          [
            -58.635728,
            -34.58818
          ],
          [
            -58.635921,
            -34.588051
          ],
          [
            -58.63678,
            -34.587364
          ],
          [
            -58.638282,
            -34.586205
          ],
          [
            -58.638604,
            -34.585969
          ],
          [
            -58.639162,
            -34.584296
          ],
          [
            -58.639247,
            -34.584038
          ],
          [
            -58.639762,
            -34.582558
          ],
          [
            -58.640256,
            -34.581077
          ],
          [
            -58.64032,
            -34.580905
          ],
          [
            -58.6409,
            -34.579103
          ],
          [
            -58.6409,
            -34.57902
          ],
          [
            -58.641822,
            -34.577751
          ],
          [
            -58.642037,
            -34.577644
          ],
          [
            -58.642209,
            -34.577644
          ],
          [
            -58.642552,
            -34.577837
          ],
          [
            -58.643196,
            -34.577343
          ],
          [
            -58.64459,
            -34.576228
          ],
          [
            -58.645427,
            -34.575562
          ],
          [
            -58.645749,
            -34.575305
          ],
          [
            -58.6462,
            -34.574962
          ],
          [
            -58.64635,
            -34.574833
          ],
          [
            -58.647187,
            -34.574168
          ],
          [
            -58.64738,
            -34.573996
          ],
          [
            -58.648024,
            -34.573503
          ],
          [
            -58.648517,
            -34.573116
          ],
          [
            -58.64886,
            -34.572837
          ],
          [
            -58.649504,
            -34.572322
          ],
          [
            -58.649783,
            -34.572108
          ],
          [
            -58.650513,
            -34.571593
          ],
          [
            -58.65077,
            -34.571314
          ],
          [
            -58.651071,
            -34.571078
          ],
          [
            -58.65165,
            -34.57052
          ],
          [
            -58.652101,
            -34.570026
          ],
          [
            -58.652658,
            -34.569383
          ],
          [
            -58.653649,
            -34.568187
          ],
          [
            -58.654311,
            -34.567387
          ],
          [
            -58.654869,
            -34.566743
          ],
          [
            -58.655319,
            -34.566314
          ],
          [
            -58.655469,
            -34.566143
          ],
          [
            -58.656176,
            -34.565557
          ],
          [
            -58.65622,
            -34.56552
          ],
          [
            -58.657165,
            -34.564834
          ],
          [
            -58.658903,
            -34.563589
          ],
          [
            -58.661199,
            -34.561919
          ],
          [
            -58.663864,
            -34.559981
          ],
          [
            -58.665984,
            -34.558439
          ],
          [
            -58.666177,
            -34.558289
          ],
          [
            -58.669236,
            -34.556056
          ],
          [
            -58.672056,
            -34.553998
          ],
          [
            -58.672185,
            -34.553976
          ],
          [
            -58.673022,
            -34.553418
          ],
          [
            -58.673708,
            -34.552903
          ],
          [
            -58.674395,
            -34.55241
          ],
          [
            -58.67521,
            -34.551809
          ],
          [
            -58.675296,
            -34.551744
          ],
          [
            -58.676047,
            -34.551187
          ],
          [
            -58.676798,
            -34.55065
          ],
          [
            -58.678343,
            -34.549534
          ],
          [
            -58.679738,
            -34.548504
          ],
          [
            -58.681262,
            -34.547389
          ],
          [
            -58.68242,
            -34.54653
          ],
          [
            -58.6836,
            -34.545693
          ],
          [
            -58.684952,
            -34.544706
          ],
          [
            -58.686519,
            -34.543526
          ],
          [
            -58.687313,
            -34.542968
          ],
          [
            -58.688128,
            -34.542389
          ],
          [
            -58.68845,
            -34.542174
          ],
          [
            -58.688922,
            -34.541831
          ],
          [
            -58.68978,
            -34.542646
          ],
          [
            -58.690681,
            -34.543505
          ],
          [
            -58.691626,
            -34.544384
          ],
          [
            -58.692398,
            -34.543805
          ],
          [
            -58.692433,
            -34.543778
          ],
          [
            -58.69287,
            -34.54344
          ],
          [
            -58.693278,
            -34.54314
          ],
          [
            -58.694222,
            -34.542432
          ],
          [
            -58.69508,
            -34.541788
          ],
          [
            -58.69596,
            -34.541166
          ],
          [
            -58.696904,
            -34.542046
          ],
          [
            -58.697526,
            -34.542625
          ],
          [
            -58.698041,
            -34.543097
          ],
          [
            -58.698385,
            -34.543419
          ],
          [
            -58.698814,
            -34.543827
          ],
          [
            -58.699436,
            -34.544406
          ],
          [
            -58.70023,
            -34.545157
          ],
          [
            -58.700264,
            -34.545189
          ],
          [
            -58.701131,
            -34.545994
          ],
          [
            -58.702054,
            -34.546874
          ],
          [
            -58.702891,
            -34.547668
          ],
          [
            -58.70362,
            -34.548376
          ],
          [
            -58.704436,
            -34.547775
          ],
          [
            -58.705208,
            -34.547238
          ],
          [
            -58.705595,
            -34.546938
          ],
          [
            -58.706517,
            -34.546273
          ],
          [
            -58.707633,
            -34.545436
          ],
          [
            -58.708749,
            -34.544621
          ],
          [
            -58.709886,
            -34.543784
          ],
          [
            -58.711023,
            -34.542947
          ],
          [
            -58.712053,
            -34.542217
          ],
          [
            -58.713491,
            -34.541166
          ],
          [
            -58.714907,
            -34.540136
          ],
          [
            -58.71598,
            -34.539342
          ],
          [
            -58.71701,
            -34.538591
          ],
          [
            -58.71819,
            -34.537733
          ],
          [
            -58.719327,
            -34.536896
          ],
          [
            -58.720379,
            -34.536123
          ],
          [
            -58.722246,
            -34.534793
          ],
          [
            -58.722889,
            -34.534321
          ],
          [
            -58.723276,
            -34.534042
          ],
          [
            -58.72364,
            -34.533763
          ],
          [
            -58.724542,
            -34.533098
          ],
          [
            -58.724949,
            -34.532797
          ],
          [
            -58.725915,
            -34.532089
          ],
          [
            -58.727009,
            -34.531295
          ],
          [
            -58.72776,
            -34.530737
          ],
          [
            -58.728554,
            -34.530158
          ],
          [
            -58.729305,
            -34.529622
          ],
          [
            -58.730228,
            -34.528935
          ],
          [
            -58.731151,
            -34.52827
          ],
          [
            -58.731966,
            -34.527712
          ],
          [
            -58.732653,
            -34.527197
          ],
          [
            -58.73306,
            -34.526896
          ],
          [
            -58.734241,
            -34.526038
          ],
          [
            -58.735421,
            -34.525158
          ],
          [
            -58.736515,
            -34.524364
          ],
          [
            -58.737309,
            -34.523785
          ],
          [
            -58.737459,
            -34.523656
          ],
          [
            -58.738317,
            -34.523013
          ],
          [
            -58.739047,
            -34.522476
          ],
          [
            -58.739197,
            -34.522369
          ],
          [
            -58.739798,
            -34.52194
          ],
          [
            -58.740077,
            -34.521747
          ],
          [
            -58.740849,
            -34.521146
          ],
          [
            -58.741837,
            -34.520438
          ],
          [
            -58.742609,
            -34.519837
          ],
          [
            -58.743467,
            -34.519193
          ],
          [
            -58.744304,
            -34.518592
          ],
          [
            -58.745141,
            -34.51797
          ],
          [
            -58.745999,
            -34.517348
          ],
          [
            -58.746815,
            -34.516726
          ],
          [
            -58.746901,
            -34.516661
          ],
          [
            -58.747566,
            -34.51694
          ],
          [
            -58.748703,
            -34.517498
          ],
          [
            -58.749068,
            -34.517605
          ],
          [
            -58.749926,
            -34.517992
          ],
          [
            -58.750548,
            -34.517133
          ],
          [
            -58.751128,
            -34.516404
          ],
          [
            -58.751729,
            -34.515631
          ],
          [
            -58.752308,
            -34.51488
          ],
          [
            -58.752909,
            -34.514086
          ],
          [
            -58.75351,
            -34.513357
          ],
          [
            -58.754089,
            -34.512584
          ],
          [
            -58.75469,
            -34.511833
          ],
          [
            -58.755269,
            -34.511061
          ],
          [
            -58.75587,
            -34.510288
          ],
          [
            -58.756921,
            -34.510846
          ],
          [
            -58.757544,
            -34.511168
          ],
          [
            -58.757844,
            -34.510825
          ],
          [
            -58.758166,
            -34.510417
          ],
          [
            -58.758788,
            -34.509602
          ],
          [
            -58.759282,
            -34.508979
          ],
          [
            -58.760097,
            -34.507971
          ],
          [
            -58.76087,
            -34.506941
          ],
          [
            -58.761449,
            -34.50619
          ],
          [
            -58.761663,
            -34.505911
          ],
          [
            -58.762457,
            -34.504881
          ],
          [
            -58.76323,
            -34.503915
          ],
          [
            -58.763444,
            -34.503658
          ],
          [
            -58.764045,
            -34.502885
          ],
          [
            -58.764539,
            -34.502263
          ],
          [
            -58.764818,
            -34.501898
          ],
          [
            -58.765032,
            -34.501619
          ],
          [
            -58.765612,
            -34.50089
          ],
          [
            -58.765848,
            -34.500589
          ],
          [
            -58.766406,
            -34.499881
          ],
          [
            -58.766663,
            -34.499538
          ],
          [
            -58.767178,
            -34.498851
          ]
        ]
      }
    },
    {
      "type": "Feature",
      "properties": {
        "Linea": "182",
        "Recorrido": "B",
        "Sentido": "VUELTA",
        "Razon_soci": "SARGENTO CABRAL SA DE TRANSPORTE",
        "Jurisdicci": "NACIONAL",
        "assigned_zone_name": "Jorge Newbery",
        "source_name": "Datos Transporte - Recorridos de servicios de colectivos AMBA",
        "source_url": "https://datos.transporte.gob.ar/dataset/recorridos-de-servicios-de-colectivos-amba",
        "license": "Creative Commons Attribution 4.0",
        "generated_at": "2026-06-13T02:11:01.209890+00:00",
        "data_confidence": "medium"
      },
      "geometry": {
        "type": "LineString",
        "coordinates": [
          [
            -58.767178,
            -34.498851
          ],
          [
            -58.766663,
            -34.499538
          ],
          [
            -58.766406,
            -34.499881
          ],
          [
            -58.765848,
            -34.500589
          ],
          [
            -58.765612,
            -34.50089
          ],
          [
            -58.765032,
            -34.501619
          ],
          [
            -58.764818,
            -34.501898
          ],
          [
            -58.764539,
            -34.502263
          ],
          [
            -58.764045,
            -34.502885
          ],
          [
            -58.763444,
            -34.503658
          ],
          [
            -58.76323,
            -34.503915
          ],
          [
            -58.762457,
            -34.504881
          ],
          [
            -58.761663,
            -34.505911
          ],
          [
            -58.761449,
            -34.50619
          ],
          [
            -58.76087,
            -34.506941
          ],
          [
            -58.760097,
            -34.507971
          ],
          [
            -58.759282,
            -34.508979
          ],
          [
            -58.758788,
            -34.509602
          ],
          [
            -58.758166,
            -34.510417
          ],
          [
            -58.757844,
            -34.510825
          ],
          [
            -58.757544,
            -34.511168
          ],
          [
            -58.756921,
            -34.510846
          ],
          [
            -58.75632,
            -34.51164
          ],
          [
            -58.755741,
            -34.512391
          ],
          [
            -58.75514,
            -34.513164
          ],
          [
            -58.754561,
            -34.513915
          ],
          [
            -58.753982,
            -34.514644
          ],
          [
            -58.753359,
            -34.515438
          ],
          [
            -58.75278,
            -34.516189
          ],
          [
            -58.752179,
            -34.516962
          ],
          [
            -58.7516,
            -34.517691
          ],
          [
            -58.750999,
            -34.518464
          ],
          [
            -58.751063,
            -34.518528
          ],
          [
            -58.751063,
            -34.518571
          ],
          [
            -58.750956,
            -34.518678
          ],
          [
            -58.750162,
            -34.518335
          ],
          [
            -58.748896,
            -34.517756
          ],
          [
            -58.748703,
            -34.517605
          ],
          [
            -58.747931,
            -34.517241
          ],
          [
            -58.746815,
            -34.516726
          ],
          [
            -58.745999,
            -34.517348
          ],
          [
            -58.745141,
            -34.51797
          ],
          [
            -58.744304,
            -34.518592
          ],
          [
            -58.743467,
            -34.519193
          ],
          [
            -58.742609,
            -34.519837
          ],
          [
            -58.741837,
            -34.520438
          ],
          [
            -58.740849,
            -34.521146
          ],
          [
            -58.740077,
            -34.521747
          ],
          [
            -58.739798,
            -34.52194
          ],
          [
            -58.739197,
            -34.522369
          ],
          [
            -58.739047,
            -34.522476
          ],
          [
            -58.738317,
            -34.523013
          ],
          [
            -58.737459,
            -34.523656
          ],
          [
            -58.737309,
            -34.523785
          ],
          [
            -58.736515,
            -34.524364
          ],
          [
            -58.735421,
            -34.525158
          ],
          [
            -58.734241,
            -34.526038
          ],
          [
            -58.73306,
            -34.526896
          ],
          [
            -58.732653,
            -34.527197
          ],
          [
            -58.731966,
            -34.527712
          ],
          [
            -58.731151,
            -34.52827
          ],
          [
            -58.730228,
            -34.528935
          ],
          [
            -58.729305,
            -34.529622
          ],
          [
            -58.728554,
            -34.530158
          ],
          [
            -58.72776,
            -34.530737
          ],
          [
            -58.727009,
            -34.531295
          ],
          [
            -58.725915,
            -34.532089
          ],
          [
            -58.724949,
            -34.532797
          ],
          [
            -58.724542,
            -34.533098
          ],
          [
            -58.72364,
            -34.533763
          ],
          [
            -58.723276,
            -34.534042
          ],
          [
            -58.722889,
            -34.534321
          ],
          [
            -58.722246,
            -34.534793
          ],
          [
            -58.720379,
            -34.536123
          ],
          [
            -58.719327,
            -34.536896
          ],
          [
            -58.71819,
            -34.537733
          ],
          [
            -58.71701,
            -34.538591
          ],
          [
            -58.71598,
            -34.539342
          ],
          [
            -58.714907,
            -34.540136
          ],
          [
            -58.713491,
            -34.541166
          ],
          [
            -58.712053,
            -34.542217
          ],
          [
            -58.711023,
            -34.542947
          ],
          [
            -58.709886,
            -34.543784
          ],
          [
            -58.708749,
            -34.544621
          ],
          [
            -58.707633,
            -34.545436
          ],
          [
            -58.706517,
            -34.546273
          ],
          [
            -58.705595,
            -34.546938
          ],
          [
            -58.705208,
            -34.547238
          ],
          [
            -58.704436,
            -34.547775
          ],
          [
            -58.70362,
            -34.548376
          ],
          [
            -58.702891,
            -34.547668
          ],
          [
            -58.702054,
            -34.546874
          ],
          [
            -58.701131,
            -34.545994
          ],
          [
            -58.70023,
            -34.545157
          ],
          [
            -58.699436,
            -34.544406
          ],
          [
            -58.698814,
            -34.543827
          ],
          [
            -58.698385,
            -34.543419
          ],
          [
            -58.698041,
            -34.543097
          ],
          [
            -58.697526,
            -34.542625
          ],
          [
            -58.696904,
            -34.542046
          ],
          [
            -58.69596,
            -34.541166
          ],
          [
            -58.69508,
            -34.541788
          ],
          [
            -58.694222,
            -34.542432
          ],
          [
            -58.693278,
            -34.54314
          ],
          [
            -58.69287,
            -34.54344
          ],
          [
            -58.692398,
            -34.543805
          ],
          [
            -58.691626,
            -34.544384
          ],
          [
            -58.690681,
            -34.543505
          ],
          [
            -58.68978,
            -34.542646
          ],
          [
            -58.688922,
            -34.541831
          ],
          [
            -58.68845,
            -34.542174
          ],
          [
            -58.688128,
            -34.542389
          ],
          [
            -58.687313,
            -34.542968
          ],
          [
            -58.686519,
            -34.543526
          ],
          [
            -58.684952,
            -34.544706
          ],
          [
            -58.6836,
            -34.545693
          ],
          [
            -58.68242,
            -34.54653
          ],
          [
            -58.681262,
            -34.547389
          ],
          [
            -58.679738,
            -34.548504
          ],
          [
            -58.678343,
            -34.549534
          ],
          [
            -58.676798,
            -34.55065
          ],
          [
            -58.676047,
            -34.551187
          ],
          [
            -58.675296,
            -34.551744
          ],
          [
            -58.67521,
            -34.551809
          ],
          [
            -58.674395,
            -34.55241
          ],
          [
            -58.673708,
            -34.552903
          ],
          [
            -58.673022,
            -34.553418
          ],
          [
            -58.67222,
            -34.553953
          ],
          [
            -58.672185,
            -34.553976
          ],
          [
            -58.672142,
            -34.55404
          ],
          [
            -58.670726,
            -34.555113
          ],
          [
            -58.669331,
            -34.556143
          ],
          [
            -58.667872,
            -34.557195
          ],
          [
            -58.666327,
            -34.558332
          ],
          [
            -58.665254,
            -34.559104
          ],
          [
            -58.663945,
            -34.560049
          ],
          [
            -58.662636,
            -34.561014
          ],
          [
            -58.661263,
            -34.562001
          ],
          [
            -58.65989,
            -34.562967
          ],
          [
            -58.658559,
            -34.563932
          ],
          [
            -58.657186,
            -34.564898
          ],
          [
            -58.656714,
            -34.565284
          ],
          [
            -58.655984,
            -34.565842
          ],
          [
            -58.655598,
            -34.566207
          ],
          [
            -58.655427,
            -34.5664
          ],
          [
            -58.655062,
            -34.566743
          ],
          [
            -58.654686,
            -34.567158
          ],
          [
            -58.654439,
            -34.56743
          ],
          [
            -58.653431,
            -34.56861
          ],
          [
            -58.652937,
            -34.56919
          ],
          [
            -58.652616,
            -34.569597
          ],
          [
            -58.652036,
            -34.570305
          ],
          [
            -58.650835,
            -34.571378
          ],
          [
            -58.650513,
            -34.571593
          ],
          [
            -58.649783,
            -34.572108
          ],
          [
            -58.649504,
            -34.572322
          ],
          [
            -58.64886,
            -34.572837
          ],
          [
            -58.648517,
            -34.573116
          ],
          [
            -58.648024,
            -34.573503
          ],
          [
            -58.64738,
            -34.573996
          ],
          [
            -58.647187,
            -34.574168
          ],
          [
            -58.64635,
            -34.574833
          ],
          [
            -58.6462,
            -34.574962
          ],
          [
            -58.645749,
            -34.575305
          ],
          [
            -58.645427,
            -34.575562
          ],
          [
            -58.64459,
            -34.576228
          ],
          [
            -58.643196,
            -34.577343
          ],
          [
            -58.642552,
            -34.577837
          ],
          [
            -58.642209,
            -34.577644
          ],
          [
            -58.642037,
            -34.577644
          ],
          [
            -58.641822,
            -34.577751
          ],
          [
            -58.6409,
            -34.579017
          ],
          [
            -58.6409,
            -34.579103
          ],
          [
            -58.64032,
            -34.580905
          ],
          [
            -58.640256,
            -34.581077
          ],
          [
            -58.639762,
            -34.582558
          ],
          [
            -58.639247,
            -34.584038
          ],
          [
            -58.639162,
            -34.584296
          ],
          [
            -58.638604,
            -34.585969
          ],
          [
            -58.638282,
            -34.586205
          ],
          [
            -58.63678,
            -34.587364
          ],
          [
            -58.635921,
            -34.588051
          ],
          [
            -58.635728,
            -34.58818
          ],
          [
            -58.634741,
            -34.588931
          ],
          [
            -58.633196,
            -34.590089
          ],
          [
            -58.63251,
            -34.589489
          ],
          [
            -58.631759,
            -34.588823
          ],
          [
            -58.631244,
            -34.588351
          ],
          [
            -58.630536,
            -34.587729
          ],
          [
            -58.630428,
            -34.587665
          ],
          [
            -58.630235,
            -34.587643
          ],
          [
            -58.630042,
            -34.587729
          ],
          [
            -58.629162,
            -34.588351
          ],
          [
            -58.628948,
            -34.588523
          ],
          [
            -58.628304,
            -34.589038
          ],
          [
            -58.628132,
            -34.589167
          ],
          [
            -58.627553,
            -34.589596
          ],
          [
            -58.627081,
            -34.590003
          ],
          [
            -58.626738,
            -34.590282
          ],
          [
            -58.626008,
            -34.59084
          ],
          [
            -58.625472,
            -34.591269
          ],
          [
            -58.624892,
            -34.59172
          ],
          [
            -58.624012,
            -34.592428
          ],
          [
            -58.623712,
            -34.592643
          ],
          [
            -58.623111,
            -34.593115
          ],
          [
            -58.622575,
            -34.593544
          ],
          [
            -58.621352,
            -34.594488
          ],
          [
            -58.620214,
            -34.595368
          ],
          [
            -58.619592,
            -34.595947
          ],
          [
            -58.619421,
            -34.596097
          ],
          [
            -58.61867,
            -34.59672
          ],
          [
            -58.617961,
            -34.597321
          ],
          [
            -58.617187,
            -34.597993
          ],
          [
            -58.617146,
            -34.598029
          ],
          [
            -58.616695,
            -34.598436
          ],
          [
            -58.61588,
            -34.599144
          ],
          [
            -58.615322,
            -34.599595
          ],
          [
            -58.614743,
            -34.599981
          ],
          [
            -58.611737,
            -34.601557
          ],
          [
            -58.61028,
            -34.60232
          ],
          [
            -58.60925,
            -34.602857
          ],
          [
            -58.608348,
            -34.603264
          ],
          [
            -58.607726,
            -34.6035
          ],
          [
            -58.605602,
            -34.604187
          ],
          [
            -58.605315,
            -34.604246
          ],
          [
            -58.604872,
            -34.604337
          ],
          [
            -58.604143,
            -34.60438
          ],
          [
            -58.60219,
            -34.604402
          ],
          [
            -58.601307,
            -34.604402
          ],
          [
            -58.599465,
            -34.604402
          ],
          [
            -58.5988,
            -34.604402
          ],
          [
            -58.598714,
            -34.604487
          ],
          [
            -58.598464,
            -34.604718
          ],
          [
            -58.598205,
            -34.604698
          ],
          [
            -58.59766,
            -34.604437
          ],
          [
            -58.597083,
            -34.604402
          ],
          [
            -58.596504,
            -34.60438
          ],
          [
            -58.595839,
            -34.604402
          ],
          [
            -58.593307,
            -34.604445
          ],
          [
            -58.593307,
            -34.605238
          ],
          [
            -58.595235,
            -34.605233
          ],
          [
            -58.595473,
            -34.605302
          ],
          [
            -58.59579,
            -34.605505
          ],
          [
            -58.595667,
            -34.605604
          ],
          [
            -58.594615,
            -34.606547
          ],
          [
            -58.59453,
            -34.606633
          ],
          [
            -58.594401,
            -34.60674
          ],
          [
            -58.593564,
            -34.60747
          ],
          [
            -58.593371,
            -34.60762
          ],
          [
            -58.593113,
            -34.607813
          ],
          [
            -58.592877,
            -34.608006
          ],
          [
            -58.592319,
            -34.608736
          ],
          [
            -58.592062,
            -34.609015
          ],
          [
            -58.591504,
            -34.609809
          ],
          [
            -58.591354,
            -34.610002
          ],
          [
            -58.590667,
            -34.610925
          ],
          [
            -58.590388,
            -34.611311
          ],
          [
            -58.590131,
            -34.611633
          ],
          [
            -58.589272,
            -34.612684
          ],
          [
            -58.588393,
            -34.613864
          ],
          [
            -58.587728,
            -34.614744
          ],
          [
            -58.587492,
            -34.615066
          ],
          [
            -58.586633,
            -34.616289
          ],
          [
            -58.585796,
            -34.617534
          ],
          [
            -58.585217,
            -34.618306
          ],
          [
            -58.584981,
            -34.618649
          ],
          [
            -58.584702,
            -34.619036
          ],
          [
            -58.584208,
            -34.619722
          ],
          [
            -58.583651,
            -34.620452
          ],
          [
            -58.583393,
            -34.620881
          ],
          [
            -58.582878,
            -34.621568
          ],
          [
            -58.582556,
            -34.621975
          ],
          [
            -58.582299,
            -34.622319
          ],
          [
            -58.582063,
            -34.622641
          ],
          [
            -58.581741,
            -34.623091
          ],
          [
            -58.581612,
            -34.623284
          ],
          [
            -58.58114,
            -34.62395
          ],
          [
            -58.580968,
            -34.624207
          ],
          [
            -58.580775,
            -34.624486
          ],
          [
            -58.580625,
            -34.624701
          ],
          [
            -58.580389,
            -34.625044
          ],
          [
            -58.580174,
            -34.625323
          ],
          [
            -58.579895,
            -34.625731
          ],
          [
            -58.579402,
            -34.62646
          ],
          [
            -58.578973,
            -34.627061
          ],
          [
            -58.578544,
            -34.627662
          ],
          [
            -58.578072,
            -34.628305
          ],
          [
            -58.577557,
            -34.629014
          ],
          [
            -58.576913,
            -34.629936
          ],
          [
            -58.576291,
            -34.63088
          ],
          [
            -58.574746,
            -34.63088
          ],
          [
            -58.574767,
            -34.631009
          ],
          [
            -58.57511,
            -34.631567
          ],
          [
            -58.57511,
            -34.631633
          ],
          [
            -58.57496,
            -34.631803
          ],
          [
            -58.574016,
            -34.632339
          ],
          [
            -58.573716,
            -34.632533
          ],
          [
            -58.573072,
            -34.632962
          ],
          [
            -58.572342,
            -34.633391
          ],
          [
            -58.572106,
            -34.633541
          ],
          [
            -58.571334,
            -34.633992
          ],
          [
            -58.571119,
            -34.634142
          ],
          [
            -58.570368,
            -34.634593
          ],
          [
            -58.570197,
            -34.634678
          ],
          [
            -58.569274,
            -34.635236
          ],
          [
            -58.568287,
            -34.635859
          ],
          [
            -58.568008,
            -34.63603
          ],
          [
            -58.567643,
            -34.636245
          ],
          [
            -58.566484,
            -34.636996
          ],
          [
            -58.566377,
            -34.63706
          ],
          [
            -58.566055,
            -34.637232
          ],
          [
            -58.565691,
            -34.637489
          ],
          [
            -58.565626,
            -34.637511
          ],
          [
            -58.565626,
            -34.638112
          ],
          [
            -58.565369,
            -34.639163
          ],
          [
            -58.565068,
            -34.640257
          ],
          [
            -58.563888,
            -34.640064
          ],
          [
            -58.563781,
            -34.640129
          ],
          [
            -58.562987,
            -34.64
          ],
          [
            -58.561957,
            -34.639893
          ],
          [
            -58.561034,
            -34.639764
          ],
          [
            -58.56097,
            -34.640129
          ],
          [
            -58.560133,
            -34.640043
          ],
          [
            -58.558674,
            -34.639914
          ],
          [
            -58.558202,
            -34.639893
          ],
          [
            -58.557236,
            -34.639914
          ],
          [
            -58.557065,
            -34.639914
          ],
          [
            -58.556035,
            -34.639914
          ],
          [
            -58.554254,
            -34.639935
          ],
          [
            -58.553224,
            -34.639957
          ],
          [
            -58.552644,
            -34.639957
          ],
          [
            -58.551099,
            -34.64
          ],
          [
            -58.54949,
            -34.640021
          ],
          [
            -58.548954,
            -34.640043
          ],
          [
            -58.546303,
            -34.640085
          ],
          [
            -58.546228,
            -34.640086
          ],
          [
            -58.545134,
            -34.640107
          ],
          [
            -58.544726,
            -34.640107
          ],
          [
            -58.544083,
            -34.640107
          ],
          [
            -58.543503,
            -34.640129
          ],
          [
            -58.542881,
            -34.64015
          ],
          [
            -58.5414,
            -34.640172
          ],
          [
            -58.539984,
            -34.640129
          ],
          [
            -58.538611,
            -34.640021
          ],
          [
            -58.537281,
            -34.639914
          ],
          [
            -58.535843,
            -34.639828
          ],
          [
            -58.535092,
            -34.639742
          ],
          [
            -58.533311,
            -34.639635
          ],
          [
            -58.53221,
            -34.639551
          ],
          [
            -58.531106,
            -34.639466
          ],
          [
            -58.531025,
            -34.640658
          ],
          [
            -58.530457,
            -34.640622
          ],
          [
            -58.529943,
            -34.640576
          ],
          [
            -58.529354,
            -34.640545
          ],
          [
            -58.529041,
            -34.640515
          ],
          [
            -58.529062,
            -34.640021
          ],
          [
            -58.529068,
            -34.639957
          ],
          [
            -58.529105,
            -34.639528
          ],
          [
            -58.52906,
            -34.639487
          ],
          [
            -58.528902,
            -34.639343
          ],
          [
            -58.528869,
            -34.639313
          ],
          [
            -58.527732,
            -34.639227
          ],
          [
            -58.526423,
            -34.63912
          ],
          [
            -58.525093,
            -34.639034
          ],
          [
            -58.523719,
            -34.638927
          ],
          [
            -58.522561,
            -34.63882
          ],
          [
            -58.52123,
            -34.638927
          ],
          [
            -58.51975,
            -34.638991
          ],
          [
            -58.518763,
            -34.639056
          ],
          [
            -58.517411,
            -34.63912
          ],
          [
            -58.516273,
            -34.639184
          ],
          [
            -58.515823,
            -34.639184
          ],
          [
            -58.514299,
            -34.639227
          ],
          [
            -58.51299,
            -34.63927
          ],
          [
            -58.511424,
            -34.639335
          ],
          [
            -58.510051,
            -34.639099
          ],
          [
            -58.508699,
            -34.638863
          ],
          [
            -58.507347,
            -34.638627
          ],
          [
            -58.505931,
            -34.638369
          ],
          [
            -58.504536,
            -34.638155
          ],
          [
            -58.503957,
            -34.638069
          ],
          [
            -58.50342,
            -34.637983
          ],
          [
            -58.502069,
            -34.63779
          ],
          [
            -58.500931,
            -34.637618
          ],
          [
            -58.499472,
            -34.637425
          ],
          [
            -58.498013,
            -34.63721
          ],
          [
            -58.496575,
            -34.637017
          ],
          [
            -58.495932,
            -34.636931
          ],
          [
            -58.495116,
            -34.636824
          ],
          [
            -58.493657,
            -34.63661
          ],
          [
            -58.493099,
            -34.636481
          ],
          [
            -58.492134,
            -34.636288
          ],
          [
            -58.491747,
            -34.636202
          ],
          [
            -58.491061,
            -34.63603
          ],
          [
            -58.48943,
            -34.635623
          ],
          [
            -58.487649,
            -34.635193
          ],
          [
            -58.487284,
            -34.636524
          ],
          [
            -58.486876,
            -34.637833
          ],
          [
            -58.486683,
            -34.638412
          ],
          [
            -58.48649,
            -34.639099
          ],
          [
            -58.486083,
            -34.64045
          ],
          [
            -58.485932,
            -34.640923
          ],
          [
            -58.485825,
            -34.641309
          ],
          [
            -58.485374,
            -34.642725
          ],
          [
            -58.485181,
            -34.643369
          ],
          [
            -58.484988,
            -34.644055
          ],
          [
            -58.484731,
            -34.644871
          ],
          [
            -58.484602,
            -34.6453
          ],
          [
            -58.484538,
            -34.645236
          ],
          [
            -58.482006,
            -34.643047
          ],
          [
            -58.482387,
            -34.642741
          ]
        ]
      }
    }
  ]
}
