{
  "type": "FeatureCollection",
  "name": "arba_fraccion_hurlingham",
  "metadata": {
    "generated_at": "2026-06-13T00:57:25.261787+00:00",
    "crs": "EPSG:4326",
    "scope": "Partido de Hurlingham, Buenos Aires, Argentina",
    "source_name": "ARBA GeoARBA",
    "source_url": "https://www.arba.gov.ar/geoarba/inicio.asp",
    "wfs_url": "https://geo.arba.gov.ar/geoserver/idera/wfs?service=WFS&request=GetCapabilities&version=2.0.0",
    "wfs_type": "idera:Fraccion",
    "source_archive": "135_fraccion.tar.gz",
    "input_crs": "EPSG:5347",
    "metric_crs_used_for_source_area": "EPSG:5347",
    "license": "Public official geospatial data; cite ARBA/GeoARBA. Commercialization restrictions may apply according to IDEBA notice.",
    "data_confidence": "high",
    "notes": null,
    "total_source_records": 32,
    "output_feature_count": 30,
    "outside_hurlingham_zone_count": 2,
    "invalid_geometries_repaired": 0,
    "geometry_type_counts": {
      "MultiPolygon": 3,
      "Polygon": 27
    },
    "assigned_zone_counts": {
      "El Destino": 1,
      "El Libertador": 1,
      "El Porvenir": 1,
      "Hurlingham Centro": 1,
      "Juan B. de Lasalle": 1,
      "La Juanita": 1,
      "La Leonor": 3,
      "Militar": 1,
      "Mitre": 6,
      "Parque Jhonston": 2,
      "Parque Quirno": 1,
      "Roca 2": 1,
      "San Damián": 3,
      "Villa Alemania": 1,
      "Villa Tesei Centro": 6
    }
  },
  "features": [
    {
      "type": "Feature",
      "properties": {
        "cca": "135040D000000000000000003000",
        "ara1": 16750.2,
        "sag": "ARBA",
        "source_name": "ARBA GeoARBA",
        "source_url": "https://www.arba.gov.ar/geoarba/inicio.asp",
        "source_layer": "Fraccion",
        "source_archive": "135_fraccion.tar.gz",
        "wfs_type": "idera:Fraccion",
        "input_crs": "EPSG:5347",
        "generated_at": "2026-06-13T00:57:25.261787+00:00",
        "assigned_zone_name": "Villa Tesei Centro",
        "data_confidence": "high"
      },
      "geometry": {
        "type": "Polygon",
        "coordinates": [
          [
            [
              -58.6334665,
              -34.6080225
            ],
            [
              -58.6338471,
              -34.6083443
            ],
            [
              -58.6337646,
              -34.6084105
            ],
            [
              -58.6336481,
              -34.6085039
            ],
            [
              -58.6335546,
              -34.6085788
            ],
            [
              -58.6334594,
              -34.6086552
            ],
            [
              -58.6333511,
              -34.608742
            ],
            [
              -58.6332587,
              -34.6088162
            ],
            [
              -58.6336357,
              -34.6091396
            ],
            [
              -58.633744,
              -34.6090526
            ],
            [
              -58.6338242,
              -34.6089881
            ],
            [
              -58.6339289,
              -34.6089038
            ],
            [
              -58.6340277,
              -34.6088244
            ],
            [
              -58.6341136,
              -34.6087553
            ],
            [
              -58.6342263,
              -34.6086646
            ],
            [
              -58.634809,
              -34.6081959
            ],
            [
              -58.6348466,
              -34.6077582
            ],
            [
              -58.6348547,
              -34.607665
            ],
            [
              -58.6348622,
              -34.6075779
            ],
            [
              -58.6349206,
              -34.6068989
            ],
            [
              -58.6348765,
              -34.6068899
            ],
            [
              -58.6342847,
              -34.6073652
            ],
            [
              -58.6341935,
              -34.6074386
            ],
            [
              -58.6334665,
              -34.6080225
            ]
          ]
        ]
      }
    },
    {
      "type": "Feature",
      "properties": {
        "cca": "135040B000000000000000001000",
        "ara1": 21338.28,
        "sag": "ARBA",
        "source_name": "ARBA GeoARBA",
        "source_url": "https://www.arba.gov.ar/geoarba/inicio.asp",
        "source_layer": "Fraccion",
        "source_archive": "135_fraccion.tar.gz",
        "wfs_type": "idera:Fraccion",
        "input_crs": "EPSG:5347",
        "generated_at": "2026-06-13T00:57:25.261787+00:00",
        "assigned_zone_name": "Juan B. de Lasalle",
        "data_confidence": "high"
      },
      "geometry": {
        "type": "Polygon",
        "coordinates": [
          [
            [
              -58.641985,
              -34.5778684
            ],
            [
              -58.6416705,
              -34.5783354
            ],
            [
              -58.6417269,
              -34.5783613
            ],
            [
              -58.6422063,
              -34.5779731
            ],
            [
              -58.6422925,
              -34.5779094
            ],
            [
              -58.6423781,
              -34.5778437
            ],
            [
              -58.6425652,
              -34.5777004
            ],
            [
              -58.6426342,
              -34.5776475
            ],
            [
              -58.6427314,
              -34.577573
            ],
            [
              -58.6428128,
              -34.5775105
            ],
            [
              -58.6428963,
              -34.5774464
            ],
            [
              -58.6429762,
              -34.5773852
            ],
            [
              -58.6430573,
              -34.577323
            ],
            [
              -58.6431975,
              -34.5772155
            ],
            [
              -58.6432917,
              -34.5771433
            ],
            [
              -58.6434068,
              -34.5770551
            ],
            [
              -58.6435192,
              -34.576969
            ],
            [
              -58.6436088,
              -34.5768982
            ],
            [
              -58.6436872,
              -34.5768363
            ],
            [
              -58.6437695,
              -34.5767713
            ],
            [
              -58.6438446,
              -34.576712
            ],
            [
              -58.6439269,
              -34.576647
            ],
            [
              -58.6440056,
              -34.5765848
            ],
            [
              -58.6440837,
              -34.5765232
            ],
            [
              -58.6441633,
              -34.5764603
            ],
            [
              -58.6442429,
              -34.5763975
            ],
            [
              -58.6443248,
              -34.5763328
            ],
            [
              -58.6444922,
              -34.5762006
            ],
            [
              -58.644493,
              -34.5761943
            ],
            [
              -58.6441899,
              -34.5759344
            ],
            [
              -58.6441137,
              -34.5758691
            ],
            [
              -58.6440348,
              -34.5758014
            ],
            [
              -58.6439584,
              -34.5757358
            ],
            [
              -58.6438823,
              -34.5756706
            ],
            [
              -58.6437919,
              -34.575593
            ],
            [
              -58.6436507,
              -34.5754719
            ],
            [
              -58.6436465,
              -34.5754694
            ],
            [
              -58.6436418,
              -34.5754675
            ],
            [
              -58.6436369,
              -34.5754661
            ],
            [
              -58.6436317,
              -34.5754653
            ],
            [
              -58.6436283,
              -34.5754652
            ],
            [
              -58.643623,
              -34.5754655
            ],
            [
              -58.6436179,
              -34.5754664
            ],
            [
              -58.643613,
              -34.575468
            ],
            [
              -58.6436064,
              -34.5754712
            ],
            [
              -58.6434236,
              -34.5757396
            ],
            [
              -58.6433688,
              -34.5758201
            ],
            [
              -58.6433162,
              -34.5758974
            ],
            [
              -58.6432631,
              -34.5759754
            ],
            [
              -58.6431021,
              -34.5762118
            ],
            [
              -58.6430497,
              -34.5762888
            ],
            [
              -58.6429905,
              -34.576376
            ],
            [
              -58.6429416,
              -34.5764478
            ],
            [
              -58.6427824,
              -34.5766841
            ],
            [
              -58.6426195,
              -34.5769261
            ],
            [
              -58.6425005,
              -34.5771029
            ],
            [
              -58.6424585,
              -34.5771653
            ],
            [
              -58.6424159,
              -34.5772285
            ],
            [
              -58.6423737,
              -34.5772912
            ],
            [
              -58.6423194,
              -34.5773718
            ],
            [
              -58.6422758,
              -34.5774366
            ],
            [
              -58.6420931,
              -34.5777079
            ],
            [
              -58.6420406,
              -34.5777858
            ],
            [
              -58.641985,
              -34.5778684
            ]
          ]
        ]
      }
    },
    {
      "type": "Feature",
      "properties": {
        "cca": "135040E000000000230000002000",
        "ara1": 15513.49,
        "sag": "ARBA",
        "source_name": "ARBA GeoARBA",
        "source_url": "https://www.arba.gov.ar/geoarba/inicio.asp",
        "source_layer": "Fraccion",
        "source_archive": "135_fraccion.tar.gz",
        "wfs_type": "idera:Fraccion",
        "input_crs": "EPSG:5347",
        "generated_at": "2026-06-13T00:57:25.261787+00:00",
        "assigned_zone_name": "Parque Jhonston",
        "data_confidence": "high"
      },
      "geometry": {
        "type": "Polygon",
        "coordinates": [
          [
            [
              -58.638647,
              -34.5982448
            ],
            [
              -58.6384128,
              -34.5980424
            ],
            [
              -58.6383862,
              -34.5980191
            ],
            [
              -58.6382922,
              -34.597937
            ],
            [
              -58.6382563,
              -34.5979058
            ],
            [
              -58.6381697,
              -34.5978305
            ],
            [
              -58.638126,
              -34.5977928
            ],
            [
              -58.638016,
              -34.5978809
            ],
            [
              -58.6378847,
              -34.5977688
            ],
            [
              -58.6379953,
              -34.5976802
            ],
            [
              -58.6381793,
              -34.5975328
            ],
            [
              -58.6375449,
              -34.5969913
            ],
            [
              -58.6374986,
              -34.5969908
            ],
            [
              -58.6374284,
              -34.5970474
            ],
            [
              -58.6373386,
              -34.5971196
            ],
            [
              -58.6371512,
              -34.5972705
            ],
            [
              -58.6369637,
              -34.5974214
            ],
            [
              -58.6367385,
              -34.5976027
            ],
            [
              -58.6367378,
              -34.597641
            ],
            [
              -58.637125,
              -34.5979719
            ],
            [
              -58.6372386,
              -34.5980691
            ],
            [
              -58.6375012,
              -34.5982934
            ],
            [
              -58.6376325,
              -34.5984056
            ],
            [
              -58.6377638,
              -34.5985178
            ],
            [
              -58.6380993,
              -34.598249
            ],
            [
              -58.6381098,
              -34.5982582
            ],
            [
              -58.6379932,
              -34.5983529
            ],
            [
              -58.6377764,
              -34.5985287
            ],
            [
              -58.6378444,
              -34.5985866
            ],
            [
              -58.6379202,
              -34.5986514
            ],
            [
              -58.6380035,
              -34.5987227
            ],
            [
              -58.6380498,
              -34.5987233
            ],
            [
              -58.6381645,
              -34.5986315
            ],
            [
              -58.6382426,
              -34.5985687
            ],
            [
              -58.6383594,
              -34.598474
            ],
            [
              -58.6384776,
              -34.5983806
            ],
            [
              -58.638647,
              -34.5982448
            ]
          ]
        ]
      }
    },
    {
      "type": "Feature",
      "properties": {
        "cca": "135040E001100000000000001000",
        "ara1": 9222.83,
        "sag": "ARBA",
        "source_name": "ARBA GeoARBA",
        "source_url": "https://www.arba.gov.ar/geoarba/inicio.asp",
        "source_layer": "Fraccion",
        "source_archive": "135_fraccion.tar.gz",
        "wfs_type": "idera:Fraccion",
        "input_crs": "EPSG:5347",
        "generated_at": "2026-06-13T00:57:25.261787+00:00",
        "assigned_zone_name": "San Damián",
        "data_confidence": "high"
      },
      "geometry": {
        "type": "MultiPolygon",
        "coordinates": [
          [
            [
              [
                -58.6703693,
                -34.5850768
              ],
              [
                -58.6699736,
                -34.5853895
              ],
              [
                -58.6704445,
                -34.5857925
              ],
              [
                -58.6705048,
                -34.5857437
              ],
              [
                -58.6708314,
                -34.5854737
              ],
              [
                -58.6707617,
                -34.5854146
              ],
              [
                -58.6706865,
                -34.5853462
              ],
              [
                -58.6706112,
                -34.5852823
              ],
              [
                -58.6703693,
                -34.5850768
              ]
            ]
          ],
          [
            [
              [
                -58.6696744,
                -34.586426
              ],
              [
                -58.6697498,
                -34.5864871
              ],
              [
                -58.6698266,
                -34.5865507
              ],
              [
                -58.6699033,
                -34.5866176
              ],
              [
                -58.6701222,
                -34.5868007
              ],
              [
                -58.6701677,
                -34.5868017
              ],
              [
                -58.6702234,
                -34.5867563
              ],
              [
                -58.6703004,
                -34.5866933
              ],
              [
                -58.6703762,
                -34.5866309
              ],
              [
                -58.6704542,
                -34.5865662
              ],
              [
                -58.6705319,
                -34.5865027
              ],
              [
                -58.670916,
                -34.5861928
              ],
              [
                -58.6704445,
                -34.5857925
              ],
              [
                -58.6703894,
                -34.5858381
              ],
              [
                -58.6700601,
                -34.5861084
              ],
              [
                -58.669982,
                -34.5861725
              ],
              [
                -58.6699055,
                -34.5862355
              ],
              [
                -58.6696744,
                -34.586426
              ]
            ]
          ]
        ]
      }
    },
    {
      "type": "Feature",
      "properties": {
        "cca": "135040E001100000000000001000",
        "ara1": 3100.27,
        "sag": "ARBA",
        "source_name": "ARBA GeoARBA",
        "source_url": "https://www.arba.gov.ar/geoarba/inicio.asp",
        "source_layer": "Fraccion",
        "source_archive": "135_fraccion.tar.gz",
        "wfs_type": "idera:Fraccion",
        "input_crs": "EPSG:5347",
        "generated_at": "2026-06-13T00:57:25.261787+00:00",
        "assigned_zone_name": "San Damián",
        "data_confidence": "high"
      },
      "geometry": {
        "type": "Polygon",
        "coordinates": [
          [
            [
              -58.6708314,
              -34.5854737
            ],
            [
              -58.6707617,
              -34.5854146
            ],
            [
              -58.6706865,
              -34.5853462
            ],
            [
              -58.6706112,
              -34.5852823
            ],
            [
              -58.6703693,
              -34.5850768
            ],
            [
              -58.6699736,
              -34.5853895
            ],
            [
              -58.6704445,
              -34.5857925
            ],
            [
              -58.6705048,
              -34.5857437
            ],
            [
              -58.6708314,
              -34.5854737
            ]
          ]
        ]
      }
    },
    {
      "type": "Feature",
      "properties": {
        "cca": "135040E001100000000000002000",
        "ara1": 27948.76,
        "sag": "ARBA",
        "source_name": "ARBA GeoARBA",
        "source_url": "https://www.arba.gov.ar/geoarba/inicio.asp",
        "source_layer": "Fraccion",
        "source_archive": "135_fraccion.tar.gz",
        "wfs_type": "idera:Fraccion",
        "input_crs": "EPSG:5347",
        "generated_at": "2026-06-13T00:57:25.261787+00:00",
        "assigned_zone_name": "San Damián",
        "data_confidence": "high"
      },
      "geometry": {
        "type": "Polygon",
        "coordinates": [
          [
            [
              -58.669065,
              -34.5861403
            ],
            [
              -58.6690073,
              -34.5861894
            ],
            [
              -58.6689293,
              -34.586252
            ],
            [
              -58.6688512,
              -34.586315
            ],
            [
              -58.6687729,
              -34.586378
            ],
            [
              -58.6686484,
              -34.5864788
            ],
            [
              -58.6685544,
              -34.586554
            ],
            [
              -58.6684755,
              -34.5866173
            ],
            [
              -58.6681403,
              -34.5868879
            ],
            [
              -58.6677381,
              -34.5872187
            ],
            [
              -58.6673217,
              -34.5875538
            ],
            [
              -58.6682629,
              -34.5883393
            ],
            [
              -58.6682792,
              -34.5883395
            ],
            [
              -58.6687927,
              -34.5879214
            ],
            [
              -58.6690872,
              -34.5876804
            ],
            [
              -58.6694216,
              -34.5874101
            ],
            [
              -58.6697183,
              -34.587171
            ],
            [
              -58.6697964,
              -34.5871077
            ],
            [
              -58.6698742,
              -34.5870445
            ],
            [
              -58.6699516,
              -34.5869821
            ],
            [
              -58.670002,
              -34.5869417
            ],
            [
              -58.6700024,
              -34.5868981
            ],
            [
              -58.669774,
              -34.5867045
            ],
            [
              -58.6696974,
              -34.58664
            ],
            [
              -58.6696208,
              -34.5865758
            ],
            [
              -58.6695442,
              -34.5865117
            ],
            [
              -58.669468,
              -34.5864471
            ],
            [
              -58.6693915,
              -34.5863831
            ],
            [
              -58.669315,
              -34.5863189
            ],
            [
              -58.6691098,
              -34.5861447
            ],
            [
              -58.669065,
              -34.5861403
            ]
          ]
        ]
      }
    },
    {
      "type": "Feature",
      "properties": {
        "cca": "135040P000000000000000007000",
        "ara1": 7371.87,
        "sag": "ARBA",
        "source_name": "ARBA GeoARBA",
        "source_url": "https://www.arba.gov.ar/geoarba/inicio.asp",
        "source_layer": "Fraccion",
        "source_archive": "135_fraccion.tar.gz",
        "wfs_type": "idera:Fraccion",
        "input_crs": "EPSG:5347",
        "generated_at": "2026-06-13T00:57:25.261787+00:00",
        "assigned_zone_name": "Mitre",
        "data_confidence": "high"
      },
      "geometry": {
        "type": "Polygon",
        "coordinates": [
          [
            [
              -58.645776,
              -34.6221274
            ],
            [
              -58.6456242,
              -34.6222526
            ],
            [
              -58.6455307,
              -34.6223283
            ],
            [
              -58.6454372,
              -34.6224038
            ],
            [
              -58.6453436,
              -34.6224795
            ],
            [
              -58.6451861,
              -34.6226068
            ],
            [
              -58.6451859,
              -34.6226448
            ],
            [
              -58.6452674,
              -34.6227119
            ],
            [
              -58.6453707,
              -34.6227969
            ],
            [
              -58.6454634,
              -34.6228733
            ],
            [
              -58.6455561,
              -34.6229496
            ],
            [
              -58.6456475,
              -34.6230269
            ],
            [
              -58.6457558,
              -34.6231159
            ],
            [
              -58.6458422,
              -34.6231891
            ],
            [
              -58.6458881,
              -34.6231892
            ],
            [
              -58.6460367,
              -34.623066
            ],
            [
              -58.6461289,
              -34.6229892
            ],
            [
              -58.6462213,
              -34.6229125
            ],
            [
              -58.6463135,
              -34.6228359
            ],
            [
              -58.646466,
              -34.6227092
            ],
            [
              -58.6464663,
              -34.6226707
            ],
            [
              -58.6463846,
              -34.6226018
            ],
            [
              -58.6462815,
              -34.6225144
            ],
            [
              -58.64619,
              -34.6224372
            ],
            [
              -58.6460985,
              -34.6223598
            ],
            [
              -58.646007,
              -34.6222825
            ],
            [
              -58.6459042,
              -34.6221972
            ],
            [
              -58.6458237,
              -34.6221292
            ],
            [
              -58.645776,
              -34.6221274
            ]
          ]
        ]
      }
    },
    {
      "type": "Feature",
      "properties": {
        "cca": "135040P000000000000000008000",
        "ara1": 7276.33,
        "sag": "ARBA",
        "source_name": "ARBA GeoARBA",
        "source_url": "https://www.arba.gov.ar/geoarba/inicio.asp",
        "source_layer": "Fraccion",
        "source_archive": "135_fraccion.tar.gz",
        "wfs_type": "idera:Fraccion",
        "input_crs": "EPSG:5347",
        "generated_at": "2026-06-13T00:57:25.261787+00:00",
        "assigned_zone_name": "Mitre",
        "data_confidence": "high"
      },
      "geometry": {
        "type": "Polygon",
        "coordinates": [
          [
            [
              -58.6468497,
              -34.6217508
            ],
            [
              -58.6465778,
              -34.6215209
            ],
            [
              -58.64653,
              -34.621519
            ],
            [
              -58.6463097,
              -34.6216972
            ],
            [
              -58.6462162,
              -34.6217728
            ],
            [
              -58.6461227,
              -34.6218484
            ],
            [
              -58.6460217,
              -34.62193
            ],
            [
              -58.6459428,
              -34.6219938
            ],
            [
              -58.6459439,
              -34.6220333
            ],
            [
              -58.6461244,
              -34.622186
            ],
            [
              -58.6462158,
              -34.6222633
            ],
            [
              -58.6463073,
              -34.6223406
            ],
            [
              -58.6463987,
              -34.6224179
            ],
            [
              -58.6464996,
              -34.6225068
            ],
            [
              -58.6465813,
              -34.6225764
            ],
            [
              -58.6466272,
              -34.6225767
            ],
            [
              -58.6467765,
              -34.6224526
            ],
            [
              -58.6468717,
              -34.6223736
            ],
            [
              -58.6469641,
              -34.622297
            ],
            [
              -58.6470564,
              -34.6222204
            ],
            [
              -58.6472093,
              -34.6220934
            ],
            [
              -58.6472095,
              -34.622055
            ],
            [
              -58.6471318,
              -34.6219892
            ],
            [
              -58.6470327,
              -34.6219054
            ],
            [
              -58.6469413,
              -34.6218282
            ],
            [
              -58.6468497,
              -34.6217508
            ]
          ]
        ]
      }
    },
    {
      "type": "Feature",
      "properties": {
        "cca": "135040B000000000000000002000",
        "ara1": 22266.95,
        "sag": "ARBA",
        "source_name": "ARBA GeoARBA",
        "source_url": "https://www.arba.gov.ar/geoarba/inicio.asp",
        "source_layer": "Fraccion",
        "source_archive": "135_fraccion.tar.gz",
        "wfs_type": "idera:Fraccion",
        "input_crs": "EPSG:5347",
        "generated_at": "2026-06-13T00:57:25.261787+00:00",
        "assigned_zone_name": "Roca 2",
        "data_confidence": "high"
      },
      "geometry": {
        "type": "Polygon",
        "coordinates": [
          [
            [
              -58.6493176,
              -34.5776275
            ],
            [
              -58.6492922,
              -34.5776477
            ],
            [
              -58.6491754,
              -34.5777401
            ],
            [
              -58.6490957,
              -34.577803
            ],
            [
              -58.6490086,
              -34.5778719
            ],
            [
              -58.6489386,
              -34.5779273
            ],
            [
              -58.6488598,
              -34.5779896
            ],
            [
              -58.6487833,
              -34.5780505
            ],
            [
              -58.6487048,
              -34.578113
            ],
            [
              -58.6486263,
              -34.5781756
            ],
            [
              -58.6485465,
              -34.5782391
            ],
            [
              -58.6484679,
              -34.5783016
            ],
            [
              -58.6483526,
              -34.5782019
            ],
            [
              -58.6480461,
              -34.5779369
            ],
            [
              -58.6479955,
              -34.5778931
            ],
            [
              -58.6479043,
              -34.5779707
            ],
            [
              -58.6478455,
              -34.5780208
            ],
            [
              -58.6477649,
              -34.5780895
            ],
            [
              -58.6476808,
              -34.5781611
            ],
            [
              -58.6476102,
              -34.5782212
            ],
            [
              -58.6475145,
              -34.5783027
            ],
            [
              -58.6473951,
              -34.5784037
            ],
            [
              -58.6473694,
              -34.5784256
            ],
            [
              -58.6472581,
              -34.5785203
            ],
            [
              -58.6471928,
              -34.578576
            ],
            [
              -58.6470823,
              -34.5786702
            ],
            [
              -58.6470277,
              -34.5787166
            ],
            [
              -58.6469805,
              -34.5787569
            ],
            [
              -58.6468954,
              -34.5788294
            ],
            [
              -58.6468674,
              -34.5788533
            ],
            [
              -58.6469387,
              -34.5789165
            ],
            [
              -58.6469882,
              -34.5789602
            ],
            [
              -58.6471017,
              -34.5790606
            ],
            [
              -58.6471679,
              -34.5791192
            ],
            [
              -58.6471773,
              -34.5791262
            ],
            [
              -58.6473128,
              -34.5792263
            ],
            [
              -58.6473887,
              -34.5792951
            ],
            [
              -58.6476881,
              -34.5795665
            ],
            [
              -58.6477665,
              -34.5795038
            ],
            [
              -58.6478428,
              -34.5794426
            ],
            [
              -58.6479579,
              -34.5793505
            ],
            [
              -58.6480369,
              -34.5792873
            ],
            [
              -58.6482312,
              -34.5791317
            ],
            [
              -58.6483526,
              -34.5790418
            ],
            [
              -58.6484361,
              -34.5789744
            ],
            [
              -58.6485145,
              -34.5789112
            ],
            [
              -58.6485919,
              -34.5788488
            ],
            [
              -58.6486693,
              -34.5787864
            ],
            [
              -58.6487489,
              -34.5787221
            ],
            [
              -58.6488567,
              -34.5786351
            ],
            [
              -58.6489213,
              -34.578583
            ],
            [
              -58.6489853,
              -34.5785314
            ],
            [
              -58.6490941,
              -34.5784436
            ],
            [
              -58.649172,
              -34.5783807
            ],
            [
              -58.649245,
              -34.5783218
            ],
            [
              -58.6493328,
              -34.5782534
            ],
            [
              -58.6494486,
              -34.5781631
            ],
            [
              -58.6495489,
              -34.5780851
            ],
            [
              -58.649628,
              -34.5780233
            ],
            [
              -58.6497277,
              -34.5779458
            ],
            [
              -58.6496507,
              -34.577878
            ],
            [
              -58.6495776,
              -34.5778136
            ],
            [
              -58.649503,
              -34.577748
            ],
            [
              -58.6494266,
              -34.5776808
            ],
            [
              -58.6493686,
              -34.5776296
            ],
            [
              -58.6493184,
              -34.5776269
            ],
            [
              -58.6493176,
              -34.5776275
            ]
          ]
        ]
      }
    },
    {
      "type": "Feature",
      "properties": {
        "cca": "135040D000000000150000001000",
        "ara1": 10348.61,
        "sag": "ARBA",
        "source_name": "ARBA GeoARBA",
        "source_url": "https://www.arba.gov.ar/geoarba/inicio.asp",
        "source_layer": "Fraccion",
        "source_archive": "135_fraccion.tar.gz",
        "wfs_type": "idera:Fraccion",
        "input_crs": "EPSG:5347",
        "generated_at": "2026-06-13T00:57:25.261787+00:00",
        "assigned_zone_name": "Parque Quirno",
        "data_confidence": "high"
      },
      "geometry": {
        "type": "Polygon",
        "coordinates": [
          [
            [
              -58.6305695,
              -34.6011474
            ],
            [
              -58.6298145,
              -34.6017519
            ],
            [
              -58.629983,
              -34.6018956
            ],
            [
              -58.6300787,
              -34.6019777
            ],
            [
              -58.6301715,
              -34.6020571
            ],
            [
              -58.6302761,
              -34.6021463
            ],
            [
              -58.6303833,
              -34.6022388
            ],
            [
              -58.6304881,
              -34.6023294
            ],
            [
              -58.6306064,
              -34.6024318
            ],
            [
              -58.630643,
              -34.602432
            ],
            [
              -58.6306725,
              -34.602409
            ],
            [
              -58.6306747,
              -34.602407
            ],
            [
              -58.6307118,
              -34.6023773
            ],
            [
              -58.6307139,
              -34.6023752
            ],
            [
              -58.630792,
              -34.6023136
            ],
            [
              -58.63087,
              -34.6022522
            ],
            [
              -58.6309472,
              -34.6021917
            ],
            [
              -58.6310625,
              -34.6021011
            ],
            [
              -58.6311765,
              -34.6020109
            ],
            [
              -58.6312575,
              -34.6019466
            ],
            [
              -58.6312597,
              -34.6019452
            ],
            [
              -58.6313654,
              -34.601862
            ],
            [
              -58.6313667,
              -34.6018298
            ],
            [
              -58.6312448,
              -34.6017261
            ],
            [
              -58.6312413,
              -34.6017229
            ],
            [
              -58.6311186,
              -34.6016169
            ],
            [
              -58.6311159,
              -34.601615
            ],
            [
              -58.6310298,
              -34.601541
            ],
            [
              -58.6309371,
              -34.6014621
            ],
            [
              -58.6308352,
              -34.6013748
            ],
            [
              -58.6307465,
              -34.6013
            ],
            [
              -58.6305705,
              -34.6011482
            ],
            [
              -58.6305695,
              -34.6011474
            ]
          ]
        ]
      }
    },
    {
      "type": "Feature",
      "properties": {
        "cca": "135040P000000000000000001000",
        "ara1": 19976.03,
        "sag": "ARBA",
        "source_name": "ARBA GeoARBA",
        "source_url": "https://www.arba.gov.ar/geoarba/inicio.asp",
        "source_layer": "Fraccion",
        "source_archive": "135_fraccion.tar.gz",
        "wfs_type": "idera:Fraccion",
        "input_crs": "EPSG:5347",
        "generated_at": "2026-06-13T00:57:25.261787+00:00",
        "assigned_zone_name": "Mitre",
        "data_confidence": "high"
      },
      "geometry": {
        "type": "Polygon",
        "coordinates": [
          [
            [
              -58.6434275,
              -34.6085805
            ],
            [
              -58.6437073,
              -34.6088044
            ],
            [
              -58.6437826,
              -34.6088639
            ],
            [
              -58.6439925,
              -34.6090329
            ],
            [
              -58.6441092,
              -34.6091215
            ],
            [
              -58.6444176,
              -34.6093712
            ],
            [
              -58.6447134,
              -34.6096133
            ],
            [
              -58.6448956,
              -34.6094711
            ],
            [
              -58.6450724,
              -34.6093289
            ],
            [
              -58.6454313,
              -34.6090444
            ],
            [
              -58.6456108,
              -34.6089041
            ],
            [
              -58.6456466,
              -34.6088756
            ],
            [
              -58.6456419,
              -34.6088304
            ],
            [
              -58.6454374,
              -34.6086659
            ],
            [
              -58.6452437,
              -34.6085105
            ],
            [
              -58.6450446,
              -34.6083551
            ],
            [
              -58.6448456,
              -34.6081906
            ],
            [
              -58.6446573,
              -34.6080398
            ],
            [
              -58.6444043,
              -34.6078387
            ],
            [
              -58.6443553,
              -34.6078382
            ],
            [
              -58.6443166,
              -34.6078693
            ],
            [
              -58.6441399,
              -34.6080115
            ],
            [
              -58.6437809,
              -34.6083005
            ],
            [
              -58.6436042,
              -34.6084427
            ],
            [
              -58.6434275,
              -34.6085805
            ]
          ]
        ]
      }
    },
    {
      "type": "Feature",
      "properties": {
        "cca": "135040E000000000230000001000",
        "ara1": 7834.63,
        "sag": "ARBA",
        "source_name": "ARBA GeoARBA",
        "source_url": "https://www.arba.gov.ar/geoarba/inicio.asp",
        "source_layer": "Fraccion",
        "source_archive": "135_fraccion.tar.gz",
        "wfs_type": "idera:Fraccion",
        "input_crs": "EPSG:5347",
        "generated_at": "2026-06-13T00:57:25.261787+00:00",
        "assigned_zone_name": "Parque Jhonston",
        "data_confidence": "high"
      },
      "geometry": {
        "type": "Polygon",
        "coordinates": [
          [
            [
              -58.6384786,
              -34.597344
            ],
            [
              -58.6386532,
              -34.5974925
            ],
            [
              -58.6388183,
              -34.5976342
            ],
            [
              -58.6389032,
              -34.5977078
            ],
            [
              -58.6390797,
              -34.5978556
            ],
            [
              -58.639647,
              -34.5973962
            ],
            [
              -58.6396486,
              -34.5973443
            ],
            [
              -58.6395108,
              -34.5972201
            ],
            [
              -58.6394371,
              -34.5971537
            ],
            [
              -58.6393264,
              -34.5970539
            ],
            [
              -58.6392594,
              -34.5969935
            ],
            [
              -58.6391857,
              -34.5969271
            ],
            [
              -58.6389409,
              -34.5967065
            ],
            [
              -58.638624,
              -34.5969625
            ],
            [
              -58.6383188,
              -34.5972033
            ],
            [
              -58.6383809,
              -34.5972592
            ],
            [
              -58.6384786,
              -34.597344
            ]
          ]
        ]
      }
    },
    {
      "type": "Feature",
      "properties": {
        "cca": "135040P000000000000000006000",
        "ara1": 5336.21,
        "sag": "ARBA",
        "source_name": "ARBA GeoARBA",
        "source_url": "https://www.arba.gov.ar/geoarba/inicio.asp",
        "source_layer": "Fraccion",
        "source_archive": "135_fraccion.tar.gz",
        "wfs_type": "idera:Fraccion",
        "input_crs": "EPSG:5347",
        "generated_at": "2026-06-13T00:57:25.261787+00:00",
        "assigned_zone_name": "Mitre",
        "data_confidence": "high"
      },
      "geometry": {
        "type": "Polygon",
        "coordinates": [
          [
            [
              -58.6451907,
              -34.6216223
            ],
            [
              -58.6450374,
              -34.6217463
            ],
            [
              -58.6449438,
              -34.621822
            ],
            [
              -58.6448503,
              -34.6218975
            ],
            [
              -58.6447567,
              -34.6219731
            ],
            [
              -58.6446035,
              -34.6220971
            ],
            [
              -58.6446045,
              -34.6221366
            ],
            [
              -58.6446834,
              -34.6222034
            ],
            [
              -58.644785,
              -34.6222893
            ],
            [
              -58.6448765,
              -34.6223666
            ],
            [
              -58.6449679,
              -34.6224439
            ],
            [
              -58.645059,
              -34.622521
            ],
            [
              -58.6451052,
              -34.6225214
            ],
            [
              -58.6452586,
              -34.6223974
            ],
            [
              -58.6453522,
              -34.6223218
            ],
            [
              -58.6454456,
              -34.6222462
            ],
            [
              -58.6455392,
              -34.6221705
            ],
            [
              -58.6456925,
              -34.6220467
            ],
            [
              -58.645693,
              -34.6220085
            ],
            [
              -58.6456125,
              -34.6219404
            ],
            [
              -58.6455107,
              -34.6218543
            ],
            [
              -58.6454191,
              -34.6217769
            ],
            [
              -58.6453174,
              -34.6216909
            ],
            [
              -58.6452384,
              -34.6216242
            ],
            [
              -58.6451907,
              -34.6216223
            ]
          ]
        ]
      }
    },
    {
      "type": "Feature",
      "properties": {
        "cca": "135040C000000000000000001000",
        "ara1": 34602.36,
        "sag": "ARBA",
        "source_name": "ARBA GeoARBA",
        "source_url": "https://www.arba.gov.ar/geoarba/inicio.asp",
        "source_layer": "Fraccion",
        "source_archive": "135_fraccion.tar.gz",
        "wfs_type": "idera:Fraccion",
        "input_crs": "EPSG:5347",
        "generated_at": "2026-06-13T00:57:25.261787+00:00",
        "assigned_zone_name": "Villa Alemania",
        "data_confidence": "high"
      },
      "geometry": {
        "type": "Polygon",
        "coordinates": [
          [
            [
              -58.617448,
              -34.5931145
            ],
            [
              -58.6173634,
              -34.5931453
            ],
            [
              -58.6175201,
              -34.5937205
            ],
            [
              -58.6177579,
              -34.5945955
            ],
            [
              -58.6179908,
              -34.5954459
            ],
            [
              -58.6183,
              -34.5960572
            ],
            [
              -58.6185747,
              -34.5963628
            ],
            [
              -58.6186985,
              -34.5963763
            ],
            [
              -58.6190442,
              -34.5961266
            ],
            [
              -58.6191219,
              -34.5960642
            ],
            [
              -58.6191756,
              -34.5960196
            ],
            [
              -58.6193843,
              -34.5958545
            ],
            [
              -58.6197906,
              -34.5955339
            ],
            [
              -58.6198691,
              -34.5954715
            ],
            [
              -58.6199475,
              -34.5954088
            ],
            [
              -58.619995,
              -34.5953709
            ],
            [
              -58.6199977,
              -34.5953218
            ],
            [
              -58.6197752,
              -34.5951287
            ],
            [
              -58.6196882,
              -34.5950533
            ],
            [
              -58.619616,
              -34.5949906
            ],
            [
              -58.6195209,
              -34.5949081
            ],
            [
              -58.6195021,
              -34.5948919
            ],
            [
              -58.6193607,
              -34.5947691
            ],
            [
              -58.6192092,
              -34.5946377
            ],
            [
              -58.6191341,
              -34.5945725
            ],
            [
              -58.6190879,
              -34.5945717
            ],
            [
              -58.618208,
              -34.5952713
            ],
            [
              -58.6181078,
              -34.5951322
            ],
            [
              -58.6184111,
              -34.5948911
            ],
            [
              -58.6189564,
              -34.5944576
            ],
            [
              -58.6189573,
              -34.5944192
            ],
            [
              -58.6187983,
              -34.5942813
            ],
            [
              -58.6181562,
              -34.5937242
            ],
            [
              -58.6180889,
              -34.5936663
            ],
            [
              -58.6177849,
              -34.5934045
            ],
            [
              -58.6175508,
              -34.593203
            ],
            [
              -58.617448,
              -34.5931145
            ]
          ]
        ]
      }
    },
    {
      "type": "Feature",
      "properties": {
        "cca": "135040P000000000000000005000",
        "ara1": 5336.26,
        "sag": "ARBA",
        "source_name": "ARBA GeoARBA",
        "source_url": "https://www.arba.gov.ar/geoarba/inicio.asp",
        "source_layer": "Fraccion",
        "source_archive": "135_fraccion.tar.gz",
        "wfs_type": "idera:Fraccion",
        "input_crs": "EPSG:5347",
        "generated_at": "2026-06-13T00:57:25.261787+00:00",
        "assigned_zone_name": "Mitre",
        "data_confidence": "high"
      },
      "geometry": {
        "type": "Polygon",
        "coordinates": [
          [
            [
              -58.6459215,
              -34.6210102
            ],
            [
              -58.6457681,
              -34.621134
            ],
            [
              -58.6456747,
              -34.6212097
            ],
            [
              -58.6455811,
              -34.6212852
            ],
            [
              -58.6454875,
              -34.6213609
            ],
            [
              -58.6453343,
              -34.6214848
            ],
            [
              -58.6453352,
              -34.6215244
            ],
            [
              -58.6454142,
              -34.6215911
            ],
            [
              -58.6455161,
              -34.6216772
            ],
            [
              -58.6456075,
              -34.6217545
            ],
            [
              -58.6457093,
              -34.6218406
            ],
            [
              -58.6457898,
              -34.6219087
            ],
            [
              -58.6458361,
              -34.6219091
            ],
            [
              -58.6459894,
              -34.6217852
            ],
            [
              -58.6460829,
              -34.6217095
            ],
            [
              -58.6461765,
              -34.6216339
            ],
            [
              -58.64627,
              -34.6215583
            ],
            [
              -58.6464232,
              -34.6214344
            ],
            [
              -58.6464237,
              -34.6213962
            ],
            [
              -58.6463433,
              -34.6213281
            ],
            [
              -58.6462414,
              -34.621242
            ],
            [
              -58.64615,
              -34.6211647
            ],
            [
              -58.6460482,
              -34.6210786
            ],
            [
              -58.6459692,
              -34.6210119
            ],
            [
              -58.6459215,
              -34.6210102
            ]
          ]
        ]
      }
    },
    {
      "type": "Feature",
      "properties": {
        "cca": "135040D000000000000000005000",
        "ara1": 3821.29,
        "sag": "ARBA",
        "source_name": "ARBA GeoARBA",
        "source_url": "https://www.arba.gov.ar/geoarba/inicio.asp",
        "source_layer": "Fraccion",
        "source_archive": "135_fraccion.tar.gz",
        "wfs_type": "idera:Fraccion",
        "input_crs": "EPSG:5347",
        "generated_at": "2026-06-13T00:57:25.261787+00:00",
        "assigned_zone_name": "Villa Tesei Centro",
        "data_confidence": "high"
      },
      "geometry": {
        "type": "Polygon",
        "coordinates": [
          [
            [
              -58.6345489,
              -34.6085895
            ],
            [
              -58.6344859,
              -34.6086398
            ],
            [
              -58.6343855,
              -34.6087201
            ],
            [
              -58.634273,
              -34.60881
            ],
            [
              -58.6341946,
              -34.6088726
            ],
            [
              -58.6341177,
              -34.6089341
            ],
            [
              -58.6340399,
              -34.6089964
            ],
            [
              -58.6342404,
              -34.6091684
            ],
            [
              -58.634423,
              -34.6093251
            ],
            [
              -58.6347138,
              -34.60934
            ],
            [
              -58.6347218,
              -34.6092392
            ],
            [
              -58.6347298,
              -34.6091396
            ],
            [
              -58.6347376,
              -34.6090439
            ],
            [
              -58.6347453,
              -34.6089476
            ],
            [
              -58.6347528,
              -34.6088541
            ],
            [
              -58.6347614,
              -34.6087468
            ],
            [
              -58.6347703,
              -34.6086364
            ],
            [
              -58.6347876,
              -34.6084215
            ],
            [
              -58.63477,
              -34.6084127
            ],
            [
              -58.6345489,
              -34.6085895
            ]
          ]
        ]
      }
    },
    {
      "type": "Feature",
      "properties": {
        "cca": "135040D000000000000000001000",
        "ara1": 19952.94,
        "sag": "ARBA",
        "source_name": "ARBA GeoARBA",
        "source_url": "https://www.arba.gov.ar/geoarba/inicio.asp",
        "source_layer": "Fraccion",
        "source_archive": "135_fraccion.tar.gz",
        "wfs_type": "idera:Fraccion",
        "input_crs": "EPSG:5347",
        "generated_at": "2026-06-13T00:57:25.261787+00:00",
        "assigned_zone_name": "Villa Tesei Centro",
        "data_confidence": "high"
      },
      "geometry": {
        "type": "MultiPolygon",
        "coordinates": [
          [
            [
              [
                -58.6326601,
                -34.6084852
              ],
              [
                -58.6322213,
                -34.6081096
              ],
              [
                -58.6317799,
                -34.6077318
              ],
              [
                -58.6313492,
                -34.6080793
              ],
              [
                -58.6313541,
                -34.6081184
              ],
              [
                -58.6321624,
                -34.608813
              ],
              [
                -58.6322299,
                -34.6088322
              ],
              [
                -58.6326601,
                -34.6084852
              ]
            ]
          ],
          [
            [
              [
                -58.6319547,
                -34.6075908
              ],
              [
                -58.632004,
                -34.6075907
              ],
              [
                -58.6321155,
                -34.6076868
              ],
              [
                -58.6321923,
                -34.6077528
              ],
              [
                -58.6322701,
                -34.6078198
              ],
              [
                -58.6323468,
                -34.6078858
              ],
              [
                -58.6324237,
                -34.6079521
              ],
              [
                -58.632499,
                -34.6080168
              ],
              [
                -58.6325764,
                -34.6080835
              ],
              [
                -58.6326794,
                -34.6081721
              ],
              [
                -58.6327474,
                -34.6082307
              ],
              [
                -58.6328368,
                -34.6083077
              ],
              [
                -58.6328344,
                -34.6083454
              ],
              [
                -58.6330082,
                -34.6082054
              ],
              [
                -58.6329526,
                -34.6082137
              ],
              [
                -58.6327975,
                -34.6080797
              ],
              [
                -58.6326909,
                -34.6079875
              ],
              [
                -58.6326163,
                -34.607923
              ],
              [
                -58.6325404,
                -34.6078575
              ],
              [
                -58.6324638,
                -34.6077912
              ],
              [
                -58.6323872,
                -34.607725
              ],
              [
                -58.6323092,
                -34.6076576
              ],
              [
                -58.6322333,
                -34.6075919
              ],
              [
                -58.6321225,
                -34.6074962
              ],
              [
                -58.63212,
                -34.6074617
              ],
              [
                -58.6319547,
                -34.6075908
              ]
            ]
          ],
          [
            [
              [
                -58.6330594,
                -34.6067
              ],
              [
                -58.6328009,
                -34.6069096
              ],
              [
                -58.6326321,
                -34.6070466
              ],
              [
                -58.6325502,
                -34.6071129
              ],
              [
                -58.6324405,
                -34.6072018
              ],
              [
                -58.6323688,
                -34.6072599
              ],
              [
                -58.6322959,
                -34.6073191
              ],
              [
                -58.6323531,
                -34.6073683
              ],
              [
                -58.6324335,
                -34.6074375
              ],
              [
                -58.6325317,
                -34.607522
              ],
              [
                -58.6325804,
                -34.6075639
              ],
              [
                -58.6326592,
                -34.6076317
              ],
              [
                -58.6327365,
                -34.6076981
              ],
              [
                -58.6328107,
                -34.6077619
              ],
              [
                -58.6328858,
                -34.6078265
              ],
              [
                -58.632962,
                -34.6078921
              ],
              [
                -58.6331734,
                -34.6080738
              ],
              [
                -58.6332835,
                -34.6079862
              ],
              [
                -58.633388,
                -34.607903
              ],
              [
                -58.6334464,
                -34.6078564
              ],
              [
                -58.6336892,
                -34.6076631
              ],
              [
                -58.6339469,
                -34.607458
              ],
              [
                -58.6337798,
                -34.6073153
              ],
              [
                -58.6337489,
                -34.6072889
              ],
              [
                -58.6336136,
                -34.6071734
              ],
              [
                -58.6335061,
                -34.6070815
              ],
              [
                -58.6331802,
                -34.6068031
              ],
              [
                -58.6330594,
                -34.6067
              ]
            ]
          ]
        ]
      }
    },
    {
      "type": "Feature",
      "properties": {
        "cca": "135040J000000000000000002000",
        "ara1": 9202.52,
        "sag": "ARBA",
        "source_name": "ARBA GeoARBA",
        "source_url": "https://www.arba.gov.ar/geoarba/inicio.asp",
        "source_layer": "Fraccion",
        "source_archive": "135_fraccion.tar.gz",
        "wfs_type": "idera:Fraccion",
        "input_crs": "EPSG:5347",
        "generated_at": "2026-06-13T00:57:25.261787+00:00",
        "assigned_zone_name": "La Juanita",
        "data_confidence": "high"
      },
      "geometry": {
        "type": "Polygon",
        "coordinates": [
          [
            [
              -58.6196129,
              -34.6190146
            ],
            [
              -58.6196109,
              -34.6189053
            ],
            [
              -58.6196095,
              -34.6188362
            ],
            [
              -58.6196045,
              -34.6186573
            ],
            [
              -58.6196047,
              -34.6184749
            ],
            [
              -58.6196048,
              -34.6183993
            ],
            [
              -58.6196048,
              -34.6183161
            ],
            [
              -58.6196049,
              -34.6182204
            ],
            [
              -58.6196647,
              -34.618103
            ],
            [
              -58.6194658,
              -34.6180937
            ],
            [
              -58.619391,
              -34.6180726
            ],
            [
              -58.6192839,
              -34.6180626
            ],
            [
              -58.6192502,
              -34.6181371
            ],
            [
              -58.6192214,
              -34.6182005
            ],
            [
              -58.619192,
              -34.6182656
            ],
            [
              -58.6191759,
              -34.6182868
            ],
            [
              -58.6190608,
              -34.6184395
            ],
            [
              -58.6189127,
              -34.618636
            ],
            [
              -58.618815,
              -34.6188931
            ],
            [
              -58.61881,
              -34.6189053
            ],
            [
              -58.6187552,
              -34.6190377
            ],
            [
              -58.6187155,
              -34.6191342
            ],
            [
              -58.6186276,
              -34.6193469
            ],
            [
              -58.6186182,
              -34.6193755
            ],
            [
              -58.619157,
              -34.6193798
            ],
            [
              -58.6195931,
              -34.619383
            ],
            [
              -58.6196176,
              -34.6193445
            ],
            [
              -58.6196129,
              -34.6190146
            ]
          ]
        ]
      }
    },
    {
      "type": "Feature",
      "properties": {
        "cca": "135040J000000000000000001000",
        "ara1": 221266.96,
        "sag": "ARBA",
        "source_name": "ARBA GeoARBA",
        "source_url": "https://www.arba.gov.ar/geoarba/inicio.asp",
        "source_layer": "Fraccion",
        "source_archive": "135_fraccion.tar.gz",
        "wfs_type": "idera:Fraccion",
        "input_crs": "EPSG:5347",
        "generated_at": "2026-06-13T00:57:25.261787+00:00",
        "assigned_zone_name": "Militar",
        "data_confidence": "high"
      },
      "geometry": {
        "type": "Polygon",
        "coordinates": [
          [
            [
              -58.6319713,
              -34.6246318
            ],
            [
              -58.6319764,
              -34.6246544
            ],
            [
              -58.6314937,
              -34.6247229
            ],
            [
              -58.6314874,
              -34.6247004
            ],
            [
              -58.6309247,
              -34.6247945
            ],
            [
              -58.630719,
              -34.6248283
            ],
            [
              -58.6307167,
              -34.6248287
            ],
            [
              -58.6301849,
              -34.6249165
            ],
            [
              -58.6301106,
              -34.6249288
            ],
            [
              -58.6298459,
              -34.6249725
            ],
            [
              -58.6295089,
              -34.6250305
            ],
            [
              -58.629442,
              -34.6250397
            ],
            [
              -58.6288169,
              -34.6251443
            ],
            [
              -58.6286541,
              -34.6251716
            ],
            [
              -58.6284094,
              -34.6252115
            ],
            [
              -58.6274946,
              -34.625361
            ],
            [
              -58.6273323,
              -34.6253874
            ],
            [
              -58.6273177,
              -34.62539
            ],
            [
              -58.6269957,
              -34.6254471
            ],
            [
              -58.626944,
              -34.6254562
            ],
            [
              -58.6268298,
              -34.6254764
            ],
            [
              -58.6267213,
              -34.6254936
            ],
            [
              -58.625734,
              -34.6256526
            ],
            [
              -58.6255073,
              -34.6256933
            ],
            [
              -58.6255011,
              -34.6256962
            ],
            [
              -58.6254952,
              -34.6256995
            ],
            [
              -58.6254898,
              -34.6257032
            ],
            [
              -58.6254848,
              -34.6257074
            ],
            [
              -58.6254804,
              -34.625712
            ],
            [
              -58.6254765,
              -34.6257168
            ],
            [
              -58.6254732,
              -34.625722
            ],
            [
              -58.6254705,
              -34.6257274
            ],
            [
              -58.6254685,
              -34.625733
            ],
            [
              -58.6254672,
              -34.6257388
            ],
            [
              -58.6254665,
              -34.6257446
            ],
            [
              -58.6254665,
              -34.6257512
            ],
            [
              -58.6256804,
              -34.6265335
            ],
            [
              -58.6257182,
              -34.6266955
            ],
            [
              -58.6259475,
              -34.6275633
            ],
            [
              -58.6259955,
              -34.6277387
            ],
            [
              -58.6260827,
              -34.6280806
            ],
            [
              -58.6260848,
              -34.6280863
            ],
            [
              -58.6260877,
              -34.6280919
            ],
            [
              -58.6260913,
              -34.6280971
            ],
            [
              -58.6260955,
              -34.6281021
            ],
            [
              -58.6261005,
              -34.6281065
            ],
            [
              -58.626106,
              -34.6281106
            ],
            [
              -58.626112,
              -34.6281141
            ],
            [
              -58.6261184,
              -34.6281169
            ],
            [
              -58.6261251,
              -34.6281192
            ],
            [
              -58.6261322,
              -34.6281209
            ],
            [
              -58.6261394,
              -34.6281219
            ],
            [
              -58.6261477,
              -34.6281222
            ],
            [
              -58.6262786,
              -34.628096
            ],
            [
              -58.6265747,
              -34.6280399
            ],
            [
              -58.6266552,
              -34.6280276
            ],
            [
              -58.6270647,
              -34.6279469
            ],
            [
              -58.6271893,
              -34.6279257
            ],
            [
              -58.6271956,
              -34.6279241
            ],
            [
              -58.6272019,
              -34.6279221
            ],
            [
              -58.6272078,
              -34.6279196
            ],
            [
              -58.6272135,
              -34.6279167
            ],
            [
              -58.6272189,
              -34.6279135
            ],
            [
              -58.627224,
              -34.6279099
            ],
            [
              -58.6272288,
              -34.627906
            ],
            [
              -58.6272331,
              -34.6279018
            ],
            [
              -58.6272393,
              -34.627894
            ],
            [
              -58.6272635,
              -34.6277858
            ],
            [
              -58.6272756,
              -34.6277709
            ],
            [
              -58.6274254,
              -34.6277472
            ],
            [
              -58.627466,
              -34.6278973
            ],
            [
              -58.6275359,
              -34.6281547
            ],
            [
              -58.6275529,
              -34.6282177
            ],
            [
              -58.6274067,
              -34.6282431
            ],
            [
              -58.6273791,
              -34.6281788
            ],
            [
              -58.6272676,
              -34.6280033
            ],
            [
              -58.6272633,
              -34.6279986
            ],
            [
              -58.6272586,
              -34.6279943
            ],
            [
              -58.6272532,
              -34.6279903
            ],
            [
              -58.6272474,
              -34.627987
            ],
            [
              -58.6272411,
              -34.6279842
            ],
            [
              -58.6272346,
              -34.6279819
            ],
            [
              -58.6272278,
              -34.6279803
            ],
            [
              -58.6272207,
              -34.6279793
            ],
            [
              -58.6272136,
              -34.6279789
            ],
            [
              -58.6272087,
              -34.627979
            ],
            [
              -58.6269059,
              -34.6280365
            ],
            [
              -58.6261726,
              -34.6281756
            ],
            [
              -58.6261657,
              -34.6281785
            ],
            [
              -58.6261592,
              -34.6281819
            ],
            [
              -58.6261531,
              -34.6281859
            ],
            [
              -58.6261475,
              -34.6281903
            ],
            [
              -58.6261425,
              -34.6281952
            ],
            [
              -58.6261382,
              -34.6282005
            ],
            [
              -58.6261345,
              -34.6282062
            ],
            [
              -58.6261315,
              -34.628212
            ],
            [
              -58.6261292,
              -34.6282182
            ],
            [
              -58.6261277,
              -34.6282244
            ],
            [
              -58.6261269,
              -34.6282308
            ],
            [
              -58.6261269,
              -34.628238
            ],
            [
              -58.6263431,
              -34.6290896
            ],
            [
              -58.6263448,
              -34.629092
            ],
            [
              -58.6263468,
              -34.6290943
            ],
            [
              -58.6263489,
              -34.6290965
            ],
            [
              -58.6263513,
              -34.6290986
            ],
            [
              -58.6263539,
              -34.6291004
            ],
            [
              -58.6263566,
              -34.6291022
            ],
            [
              -58.6263594,
              -34.6291037
            ],
            [
              -58.6263624,
              -34.629105
            ],
            [
              -58.6263655,
              -34.6291061
            ],
            [
              -58.6263688,
              -34.6291071
            ],
            [
              -58.6263721,
              -34.6291078
            ],
            [
              -58.6263754,
              -34.6291083
            ],
            [
              -58.6263788,
              -34.6291085
            ],
            [
              -58.6263822,
              -34.6291086
            ],
            [
              -58.6263857,
              -34.6291084
            ],
            [
              -58.6263896,
              -34.6291079
            ],
            [
              -58.6268073,
              -34.6290331
            ],
            [
              -58.6268648,
              -34.6290227
            ],
            [
              -58.6269743,
              -34.6289403
            ],
            [
              -58.6274035,
              -34.6288621
            ],
            [
              -58.6274316,
              -34.6289783
            ],
            [
              -58.6264292,
              -34.6291615
            ],
            [
              -58.6264227,
              -34.6291627
            ],
            [
              -58.6264164,
              -34.6291645
            ],
            [
              -58.6264104,
              -34.629167
            ],
            [
              -58.6264049,
              -34.6291701
            ],
            [
              -58.6264,
              -34.6291738
            ],
            [
              -58.6263955,
              -34.6291779
            ],
            [
              -58.6263918,
              -34.6291823
            ],
            [
              -58.6263887,
              -34.6291872
            ],
            [
              -58.6263864,
              -34.6291924
            ],
            [
              -58.6263849,
              -34.6291977
            ],
            [
              -58.6263842,
              -34.6292032
            ],
            [
              -58.6263842,
              -34.6292059
            ],
            [
              -58.6263845,
              -34.6292094
            ],
            [
              -58.626567,
              -34.6299089
            ],
            [
              -58.6267698,
              -34.6306859
            ],
            [
              -58.626773,
              -34.6306907
            ],
            [
              -58.6267768,
              -34.6306952
            ],
            [
              -58.6267811,
              -34.6306994
            ],
            [
              -58.6267859,
              -34.6307033
            ],
            [
              -58.626791,
              -34.6307068
            ],
            [
              -58.6267965,
              -34.6307098
            ],
            [
              -58.6268024,
              -34.6307125
            ],
            [
              -58.6268086,
              -34.6307146
            ],
            [
              -58.6268149,
              -34.6307163
            ],
            [
              -58.6268214,
              -34.6307176
            ],
            [
              -58.626828,
              -34.6307182
            ],
            [
              -58.6268356,
              -34.6307183
            ],
            [
              -58.6276426,
              -34.6305705
            ],
            [
              -58.627649,
              -34.6305665
            ],
            [
              -58.627655,
              -34.630562
            ],
            [
              -58.6276603,
              -34.630557
            ],
            [
              -58.627665,
              -34.6305516
            ],
            [
              -58.627669,
              -34.6305458
            ],
            [
              -58.6276724,
              -34.6305397
            ],
            [
              -58.6276749,
              -34.6305334
            ],
            [
              -58.6276766,
              -34.6305268
            ],
            [
              -58.6276776,
              -34.6305202
            ],
            [
              -58.6276777,
              -34.6305156
            ],
            [
              -58.6275572,
              -34.6300371
            ],
            [
              -58.6274545,
              -34.6299581
            ],
            [
              -58.6274035,
              -34.6297556
            ],
            [
              -58.6273982,
              -34.6297342
            ],
            [
              -58.6276035,
              -34.6296662
            ],
            [
              -58.6276394,
              -34.6297888
            ],
            [
              -58.6279335,
              -34.6297322
            ],
            [
              -58.627975,
              -34.6298669
            ],
            [
              -58.6282572,
              -34.6298075
            ],
            [
              -58.628202,
              -34.6296179
            ],
            [
              -58.62855,
              -34.6294833
            ],
            [
              -58.6287539,
              -34.6294045
            ],
            [
              -58.6290168,
              -34.6293029
            ],
            [
              -58.6290203,
              -34.6293037
            ],
            [
              -58.6290237,
              -34.6293049
            ],
            [
              -58.6290269,
              -34.6293062
            ],
            [
              -58.6290301,
              -34.6293076
            ],
            [
              -58.6290331,
              -34.6293094
            ],
            [
              -58.629036,
              -34.6293112
            ],
            [
              -58.6290386,
              -34.6293133
            ],
            [
              -58.6290411,
              -34.6293155
            ],
            [
              -58.6290434,
              -34.6293179
            ],
            [
              -58.6290454,
              -34.6293204
            ],
            [
              -58.6290473,
              -34.6293231
            ],
            [
              -58.6290487,
              -34.6293258
            ],
            [
              -58.6290509,
              -34.629331
            ],
            [
              -58.6290754,
              -34.6294119
            ],
            [
              -58.6290791,
              -34.6294172
            ],
            [
              -58.6290834,
              -34.6294221
            ],
            [
              -58.6290882,
              -34.6294266
            ],
            [
              -58.6290936,
              -34.6294306
            ],
            [
              -58.6290994,
              -34.6294342
            ],
            [
              -58.6291057,
              -34.6294373
            ],
            [
              -58.6291124,
              -34.6294397
            ],
            [
              -58.6291192,
              -34.6294417
            ],
            [
              -58.6291264,
              -34.6294429
            ],
            [
              -58.6291337,
              -34.6294436
            ],
            [
              -58.6291409,
              -34.6294436
            ],
            [
              -58.6291491,
              -34.6294429
            ],
            [
              -58.6292616,
              -34.6294109
            ],
            [
              -58.6292809,
              -34.629405
            ],
            [
              -58.6293,
              -34.6293987
            ],
            [
              -58.6293188,
              -34.629392
            ],
            [
              -58.6293375,
              -34.6293848
            ],
            [
              -58.6293559,
              -34.6293773
            ],
            [
              -58.6293741,
              -34.6293694
            ],
            [
              -58.6293921,
              -34.629361
            ],
            [
              -58.6294097,
              -34.6293523
            ],
            [
              -58.629427,
              -34.6293432
            ],
            [
              -58.6294442,
              -34.6293337
            ],
            [
              -58.6294609,
              -34.6293239
            ],
            [
              -58.6294671,
              -34.6293201
            ],
            [
              -58.6294774,
              -34.6293122
            ],
            [
              -58.6294871,
              -34.6293039
            ],
            [
              -58.6294963,
              -34.629295
            ],
            [
              -58.6295048,
              -34.6292858
            ],
            [
              -58.6295127,
              -34.6292761
            ],
            [
              -58.6295198,
              -34.6292662
            ],
            [
              -58.6295263,
              -34.6292559
            ],
            [
              -58.629532,
              -34.6292452
            ],
            [
              -58.6295371,
              -34.6292345
            ],
            [
              -58.6295414,
              -34.6292233
            ],
            [
              -58.6295449,
              -34.6292121
            ],
            [
              -58.6295479,
              -34.6291993
            ],
            [
              -58.6295843,
              -34.6290838
            ],
            [
              -58.629711,
              -34.6286779
            ],
            [
              -58.62974,
              -34.628585
            ],
            [
              -58.6299146,
              -34.6286664
            ],
            [
              -58.6306062,
              -34.6289887
            ],
            [
              -58.630613,
              -34.6289915
            ],
            [
              -58.6306203,
              -34.6289936
            ],
            [
              -58.6306277,
              -34.6289952
            ],
            [
              -58.6306352,
              -34.6289959
            ],
            [
              -58.6306428,
              -34.628996
            ],
            [
              -58.6306504,
              -34.6289953
            ],
            [
              -58.6306579,
              -34.6289941
            ],
            [
              -58.6306651,
              -34.6289921
            ],
            [
              -58.630672,
              -34.6289893
            ],
            [
              -58.6306785,
              -34.6289861
            ],
            [
              -58.6306846,
              -34.6289823
            ],
            [
              -58.6306901,
              -34.6289779
            ],
            [
              -58.630695,
              -34.628973
            ],
            [
              -58.6306991,
              -34.6289677
            ],
            [
              -58.6307026,
              -34.6289621
            ],
            [
              -58.6307444,
              -34.6288447
            ],
            [
              -58.6310166,
              -34.6280701
            ],
            [
              -58.6310182,
              -34.6280645
            ],
            [
              -58.6310189,
              -34.6280589
            ],
            [
              -58.6310189,
              -34.6280533
            ],
            [
              -58.6310181,
              -34.6280477
            ],
            [
              -58.6310166,
              -34.6280422
            ],
            [
              -58.6310142,
              -34.628037
            ],
            [
              -58.6310113,
              -34.6280319
            ],
            [
              -58.6310076,
              -34.6280271
            ],
            [
              -58.6310032,
              -34.6280228
            ],
            [
              -58.6309984,
              -34.6280188
            ],
            [
              -58.630993,
              -34.6280154
            ],
            [
              -58.6309872,
              -34.6280125
            ],
            [
              -58.630981,
              -34.6280102
            ],
            [
              -58.6309745,
              -34.6280085
            ],
            [
              -58.6309678,
              -34.6280073
            ],
            [
              -58.6308408,
              -34.6280057
            ],
            [
              -58.6305736,
              -34.6280032
            ],
            [
              -58.6302836,
              -34.627994
            ],
            [
              -58.6299783,
              -34.62799
            ],
            [
              -58.6298286,
              -34.6279879
            ],
            [
              -58.6294028,
              -34.6279802
            ],
            [
              -58.6292445,
              -34.6279827
            ],
            [
              -58.6288899,
              -34.6279886
            ],
            [
              -58.6287953,
              -34.6279901
            ],
            [
              -58.6284777,
              -34.6280982
            ],
            [
              -58.6284198,
              -34.6279743
            ],
            [
              -58.628605,
              -34.6279042
            ],
            [
              -58.6288081,
              -34.6279065
            ],
            [
              -58.6287834,
              -34.6277653
            ],
            [
              -58.6287584,
              -34.627622
            ],
            [
              -58.6287394,
              -34.6275138
            ],
            [
              -58.628723,
              -34.6274197
            ],
            [
              -58.6287071,
              -34.6273293
            ],
            [
              -58.6290271,
              -34.6272795
            ],
            [
              -58.6291516,
              -34.6272601
            ],
            [
              -58.6291502,
              -34.6272539
            ],
            [
              -58.6291792,
              -34.627235
            ],
            [
              -58.6294753,
              -34.627186
            ],
            [
              -58.6295997,
              -34.6271654
            ],
            [
              -58.6297998,
              -34.6271323
            ],
            [
              -58.6298039,
              -34.6271586
            ],
            [
              -58.6299352,
              -34.6271383
            ],
            [
              -58.6299312,
              -34.6271107
            ],
            [
              -58.6302342,
              -34.627046
            ],
            [
              -58.6302361,
              -34.6270544
            ],
            [
              -58.6302378,
              -34.6270541
            ],
            [
              -58.6305283,
              -34.6269996
            ],
            [
              -58.6305492,
              -34.6269957
            ],
            [
              -58.6305593,
              -34.6270413
            ],
            [
              -58.6307115,
              -34.6270186
            ],
            [
              -58.630733,
              -34.6270184
            ],
            [
              -58.6307393,
              -34.6270469
            ],
            [
              -58.6307922,
              -34.6272865
            ],
            [
              -58.630745,
              -34.6273934
            ],
            [
              -58.6307433,
              -34.6273989
            ],
            [
              -58.6307421,
              -34.6274045
            ],
            [
              -58.6307415,
              -34.6274101
            ],
            [
              -58.6307413,
              -34.6274157
            ],
            [
              -58.6307418,
              -34.6274228
            ],
            [
              -58.6307757,
              -34.6276805
            ],
            [
              -58.6307856,
              -34.6278967
            ],
            [
              -58.6307867,
              -34.6279033
            ],
            [
              -58.6307887,
              -34.6279097
            ],
            [
              -58.6307914,
              -34.6279159
            ],
            [
              -58.630795,
              -34.6279218
            ],
            [
              -58.6307993,
              -34.6279273
            ],
            [
              -58.6308043,
              -34.6279325
            ],
            [
              -58.63081,
              -34.627937
            ],
            [
              -58.6308163,
              -34.6279412
            ],
            [
              -58.6308231,
              -34.6279447
            ],
            [
              -58.6308302,
              -34.6279475
            ],
            [
              -58.6308378,
              -34.6279497
            ],
            [
              -58.6308465,
              -34.6279513
            ],
            [
              -58.6310156,
              -34.6279522
            ],
            [
              -58.6310233,
              -34.6279517
            ],
            [
              -58.6310307,
              -34.6279504
            ],
            [
              -58.6310379,
              -34.6279484
            ],
            [
              -58.6310447,
              -34.6279457
            ],
            [
              -58.6310511,
              -34.6279423
            ],
            [
              -58.631057,
              -34.6279383
            ],
            [
              -58.6310622,
              -34.6279337
            ],
            [
              -58.6310667,
              -34.6279287
            ],
            [
              -58.6310704,
              -34.6279231
            ],
            [
              -58.6310724,
              -34.6279191
            ],
            [
              -58.6311472,
              -34.6277072
            ],
            [
              -58.631286,
              -34.6273128
            ],
            [
              -58.6312988,
              -34.6272772
            ],
            [
              -58.6313753,
              -34.6270641
            ],
            [
              -58.6314346,
              -34.6268995
            ],
            [
              -58.6315801,
              -34.6264925
            ],
            [
              -58.6315878,
              -34.6264712
            ],
            [
              -58.6317209,
              -34.6261114
            ],
            [
              -58.6317209,
              -34.6260936
            ],
            [
              -58.6317202,
              -34.6260906
            ],
            [
              -58.6317191,
              -34.6260875
            ],
            [
              -58.6317178,
              -34.6260846
            ],
            [
              -58.6317162,
              -34.6260817
            ],
            [
              -58.6317143,
              -34.626079
            ],
            [
              -58.631712,
              -34.6260764
            ],
            [
              -58.6317096,
              -34.626074
            ],
            [
              -58.6317069,
              -34.6260718
            ],
            [
              -58.631704,
              -34.6260697
            ],
            [
              -58.6317008,
              -34.6260678
            ],
            [
              -58.6316975,
              -34.6260663
            ],
            [
              -58.631694,
              -34.6260649
            ],
            [
              -58.6316904,
              -34.6260637
            ],
            [
              -58.6316867,
              -34.6260629
            ],
            [
              -58.631683,
              -34.6260623
            ],
            [
              -58.6316792,
              -34.626062
            ],
            [
              -58.6316754,
              -34.6260619
            ],
            [
              -58.6316715,
              -34.6260621
            ],
            [
              -58.6315243,
              -34.6260864
            ],
            [
              -58.6314002,
              -34.6261083
            ],
            [
              -58.6310539,
              -34.6261694
            ],
            [
              -58.6310393,
              -34.6261711
            ],
            [
              -58.6310248,
              -34.6261723
            ],
            [
              -58.6310102,
              -34.626173
            ],
            [
              -58.6309956,
              -34.6261732
            ],
            [
              -58.630981,
              -34.626173
            ],
            [
              -58.6309664,
              -34.6261721
            ],
            [
              -58.6309518,
              -34.6261707
            ],
            [
              -58.6309373,
              -34.6261689
            ],
            [
              -58.630923,
              -34.6261665
            ],
            [
              -58.6309087,
              -34.6261638
            ],
            [
              -58.6308947,
              -34.6261604
            ],
            [
              -58.6308791,
              -34.626156
            ],
            [
              -58.6308142,
              -34.6261432
            ],
            [
              -58.6306656,
              -34.6260816
            ],
            [
              -58.6306572,
              -34.6260801
            ],
            [
              -58.6306487,
              -34.6260794
            ],
            [
              -58.6306402,
              -34.6260793
            ],
            [
              -58.6306318,
              -34.62608
            ],
            [
              -58.6306235,
              -34.6260813
            ],
            [
              -58.6306153,
              -34.6260835
            ],
            [
              -58.6306075,
              -34.6260863
            ],
            [
              -58.6306002,
              -34.6260897
            ],
            [
              -58.6305932,
              -34.6260939
            ],
            [
              -58.6305868,
              -34.6260985
            ],
            [
              -58.6305811,
              -34.6261037
            ],
            [
              -58.6305761,
              -34.6261094
            ],
            [
              -58.6305717,
              -34.6261154
            ],
            [
              -58.6305682,
              -34.6261219
            ],
            [
              -58.6305655,
              -34.6261285
            ],
            [
              -58.6305635,
              -34.6261365
            ],
            [
              -58.6305652,
              -34.6261448
            ],
            [
              -58.6303668,
              -34.6261797
            ],
            [
              -58.6301684,
              -34.6262147
            ],
            [
              -58.6301516,
              -34.6261358
            ],
            [
              -58.6301316,
              -34.6260429
            ],
            [
              -58.6305052,
              -34.6259826
            ],
            [
              -58.6305566,
              -34.6259741
            ],
            [
              -58.6308063,
              -34.6260646
            ],
            [
              -58.6308725,
              -34.6260858
            ],
            [
              -58.6308856,
              -34.6260916
            ],
            [
              -58.6308991,
              -34.6260965
            ],
            [
              -58.6309131,
              -34.6261006
            ],
            [
              -58.6309274,
              -34.6261039
            ],
            [
              -58.6309419,
              -34.6261064
            ],
            [
              -58.6309566,
              -34.6261081
            ],
            [
              -58.6309714,
              -34.6261088
            ],
            [
              -58.6309862,
              -34.6261087
            ],
            [
              -58.631001,
              -34.6261078
            ],
            [
              -58.6310157,
              -34.6261061
            ],
            [
              -58.6310275,
              -34.626104
            ],
            [
              -58.6310408,
              -34.626101
            ],
            [
              -58.6310461,
              -34.6260995
            ],
            [
              -58.6312215,
              -34.6260715
            ],
            [
              -58.631264,
              -34.6260647
            ],
            [
              -58.6317009,
              -34.6259911
            ],
            [
              -58.6317314,
              -34.625986
            ],
            [
              -58.6317388,
              -34.625984
            ],
            [
              -58.6317461,
              -34.6259813
            ],
            [
              -58.6317528,
              -34.6259781
            ],
            [
              -58.6317592,
              -34.6259743
            ],
            [
              -58.6317637,
              -34.6259709
            ],
            [
              -58.6317677,
              -34.6259676
            ],
            [
              -58.6317724,
              -34.6259625
            ],
            [
              -58.6317767,
              -34.6259571
            ],
            [
              -58.6317788,
              -34.6259538
            ],
            [
              -58.6318045,
              -34.6258784
            ],
            [
              -58.6319196,
              -34.6255398
            ],
            [
              -58.6319637,
              -34.6254104
            ],
            [
              -58.6319797,
              -34.6253657
            ],
            [
              -58.6320108,
              -34.625279
            ],
            [
              -58.6320438,
              -34.6251869
            ],
            [
              -58.6322251,
              -34.6246941
            ],
            [
              -58.6322504,
              -34.624629
            ],
            [
              -58.6322506,
              -34.624621
            ],
            [
              -58.6322497,
              -34.6246142
            ],
            [
              -58.6322429,
              -34.6246007
            ],
            [
              -58.6322403,
              -34.6245971
            ],
            [
              -58.6322329,
              -34.6245924
            ],
            [
              -58.6322287,
              -34.6245906
            ],
            [
              -58.6322214,
              -34.6245891
            ],
            [
              -58.6319713,
              -34.6246318
            ]
          ]
        ]
      }
    },
    {
      "type": "Feature",
      "properties": {
        "cca": "135040E000800000000000001000",
        "ara1": 86809.75,
        "sag": "ARBA",
        "source_name": "ARBA GeoARBA",
        "source_url": "https://www.arba.gov.ar/geoarba/inicio.asp",
        "source_layer": "Fraccion",
        "source_archive": "135_fraccion.tar.gz",
        "wfs_type": "idera:Fraccion",
        "input_crs": "EPSG:5347",
        "generated_at": "2026-06-13T00:57:25.261787+00:00",
        "assigned_zone_name": "Villa Tesei Centro",
        "data_confidence": "high"
      },
      "geometry": {
        "type": "Polygon",
        "coordinates": [
          [
            [
              -58.636385,
              -34.6119181
            ],
            [
              -58.6362667,
              -34.6118221
            ],
            [
              -58.6361753,
              -34.6117445
            ],
            [
              -58.6364238,
              -34.6115445
            ],
            [
              -58.6365121,
              -34.6114778
            ],
            [
              -58.6367386,
              -34.6112956
            ],
            [
              -58.6369262,
              -34.611158
            ],
            [
              -58.6368672,
              -34.6110987
            ],
            [
              -58.6374084,
              -34.6106721
            ],
            [
              -58.6383086,
              -34.6099521
            ],
            [
              -58.6383148,
              -34.6099071
            ],
            [
              -58.6379448,
              -34.6095334
            ],
            [
              -58.6374514,
              -34.6090412
            ],
            [
              -58.6367595,
              -34.6083529
            ],
            [
              -58.6367159,
              -34.6083524
            ],
            [
              -58.6360089,
              -34.6089169
            ],
            [
              -58.6350589,
              -34.6096769
            ],
            [
              -58.6350369,
              -34.6096947
            ],
            [
              -58.6348873,
              -34.6098372
            ],
            [
              -58.6348794,
              -34.6103239
            ],
            [
              -58.6348783,
              -34.610387
            ],
            [
              -58.6348463,
              -34.611013
            ],
            [
              -58.6348448,
              -34.6111032
            ],
            [
              -58.6348164,
              -34.6115085
            ],
            [
              -58.6348098,
              -34.611576
            ],
            [
              -58.634773,
              -34.6121614
            ],
            [
              -58.6347271,
              -34.6126341
            ],
            [
              -58.6347063,
              -34.6129043
            ],
            [
              -58.6346997,
              -34.6129763
            ],
            [
              -58.6346793,
              -34.6132195
            ],
            [
              -58.6347061,
              -34.6132468
            ],
            [
              -58.6350099,
              -34.6130069
            ],
            [
              -58.6354351,
              -34.6126691
            ],
            [
              -58.6355179,
              -34.6126069
            ],
            [
              -58.6355953,
              -34.6125447
            ],
            [
              -58.6356726,
              -34.6124825
            ],
            [
              -58.6357555,
              -34.6124158
            ],
            [
              -58.6358328,
              -34.6123536
            ],
            [
              -58.6359101,
              -34.6122913
            ],
            [
              -58.6359874,
              -34.6122291
            ],
            [
              -58.6360648,
              -34.6121669
            ],
            [
              -58.6361476,
              -34.6121047
            ],
            [
              -58.6362249,
              -34.6120425
            ],
            [
              -58.636299,
              -34.6119834
            ],
            [
              -58.636385,
              -34.6119181
            ]
          ]
        ]
      }
    },
    {
      "type": "Feature",
      "properties": {
        "cca": "135040D000000000000000002000",
        "ara1": 26256.11,
        "sag": "ARBA",
        "source_name": "ARBA GeoARBA",
        "source_url": "https://www.arba.gov.ar/geoarba/inicio.asp",
        "source_layer": "Fraccion",
        "source_archive": "135_fraccion.tar.gz",
        "wfs_type": "idera:Fraccion",
        "input_crs": "EPSG:5347",
        "generated_at": "2026-06-13T00:57:25.261787+00:00",
        "assigned_zone_name": "Villa Tesei Centro",
        "data_confidence": "high"
      },
      "geometry": {
        "type": "Polygon",
        "coordinates": [
          [
            [
              -58.6312298,
              -34.608207
            ],
            [
              -58.6311806,
              -34.6082088
            ],
            [
              -58.6302869,
              -34.6089214
            ],
            [
              -58.6293933,
              -34.6096339
            ],
            [
              -58.6293933,
              -34.6096717
            ],
            [
              -58.6295416,
              -34.6097977
            ],
            [
              -58.6296305,
              -34.6097261
            ],
            [
              -58.6297682,
              -34.6098432
            ],
            [
              -58.6298339,
              -34.609899
            ],
            [
              -58.6299063,
              -34.6099605
            ],
            [
              -58.6299741,
              -34.6100182
            ],
            [
              -58.6300429,
              -34.6100767
            ],
            [
              -58.6301798,
              -34.6101931
            ],
            [
              -58.6303496,
              -34.6103373
            ],
            [
              -58.6306053,
              -34.610133
            ],
            [
              -58.6316345,
              -34.6093108
            ],
            [
              -58.6317202,
              -34.6092424
            ],
            [
              -58.6318058,
              -34.6091739
            ],
            [
              -58.6318916,
              -34.6091054
            ],
            [
              -58.6319909,
              -34.6090261
            ],
            [
              -58.6320671,
              -34.6089652
            ],
            [
              -58.632067,
              -34.6089264
            ],
            [
              -58.6318871,
              -34.6087719
            ],
            [
              -58.6318111,
              -34.6087065
            ],
            [
              -58.6317361,
              -34.608642
            ],
            [
              -58.6316608,
              -34.6085774
            ],
            [
              -58.6315842,
              -34.6085115
            ],
            [
              -58.6315086,
              -34.6084465
            ],
            [
              -58.6314329,
              -34.6083816
            ],
            [
              -58.6312298,
              -34.608207
            ]
          ]
        ]
      }
    },
    {
      "type": "Feature",
      "properties": {
        "cca": "135040E000900000000000002000",
        "ara1": 47944.15,
        "sag": "ARBA",
        "source_name": "ARBA GeoARBA",
        "source_url": "https://www.arba.gov.ar/geoarba/inicio.asp",
        "source_layer": "Fraccion",
        "source_archive": "135_fraccion.tar.gz",
        "wfs_type": "idera:Fraccion",
        "input_crs": "EPSG:5347",
        "generated_at": "2026-06-13T00:57:25.261787+00:00",
        "assigned_zone_name": "La Leonor",
        "data_confidence": "high"
      },
      "geometry": {
        "type": "Polygon",
        "coordinates": [
          [
            [
              -58.6658153,
              -34.5887675
            ],
            [
              -58.6655385,
              -34.5889946
            ],
            [
              -58.6652239,
              -34.589248
            ],
            [
              -58.6649146,
              -34.5895015
            ],
            [
              -58.6646054,
              -34.589755
            ],
            [
              -58.6642907,
              -34.5900084
            ],
            [
              -58.6639871,
              -34.590253
            ],
            [
              -58.6636778,
              -34.5905065
            ],
            [
              -58.6635729,
              -34.590591
            ],
            [
              -58.6634625,
              -34.5906799
            ],
            [
              -58.6633576,
              -34.5907644
            ],
            [
              -58.6632527,
              -34.5908489
            ],
            [
              -58.6631478,
              -34.5909333
            ],
            [
              -58.6627668,
              -34.5912491
            ],
            [
              -58.6627661,
              -34.5912897
            ],
            [
              -58.6628521,
              -34.5913628
            ],
            [
              -58.662965,
              -34.5914586
            ],
            [
              -58.6630834,
              -34.5915546
            ],
            [
              -58.6631962,
              -34.591655
            ],
            [
              -58.6632715,
              -34.5917189
            ],
            [
              -58.6633468,
              -34.5917783
            ],
            [
              -58.6634275,
              -34.5918468
            ],
            [
              -58.6635028,
              -34.5919062
            ],
            [
              -58.6635834,
              -34.5919792
            ],
            [
              -58.6636211,
              -34.5920066
            ],
            [
              -58.663692,
              -34.5920074
            ],
            [
              -58.6638632,
              -34.5918651
            ],
            [
              -58.6639626,
              -34.591785
            ],
            [
              -58.6640675,
              -34.5917006
            ],
            [
              -58.6641723,
              -34.5916161
            ],
            [
              -58.6642772,
              -34.5915316
            ],
            [
              -58.6643821,
              -34.5914471
            ],
            [
              -58.664487,
              -34.5913626
            ],
            [
              -58.6645865,
              -34.5912781
            ],
            [
              -58.6649011,
              -34.5910292
            ],
            [
              -58.6652103,
              -34.5907757
            ],
            [
              -58.665525,
              -34.5905222
            ],
            [
              -58.6658342,
              -34.5902687
            ],
            [
              -58.6661434,
              -34.5900197
            ],
            [
              -58.6664581,
              -34.5897663
            ],
            [
              -58.6665513,
              -34.5896904
            ],
            [
              -58.6666754,
              -34.5895892
            ],
            [
              -58.6667357,
              -34.5895401
            ],
            [
              -58.6667361,
              -34.589486
            ],
            [
              -58.6664836,
              -34.5892739
            ],
            [
              -58.6663918,
              -34.589197
            ],
            [
              -58.6663,
              -34.5891199
            ],
            [
              -58.6658806,
              -34.5887677
            ],
            [
              -58.6658153,
              -34.5887675
            ]
          ]
        ]
      }
    },
    {
      "type": "Feature",
      "properties": {
        "cca": "135040E000900000000000001000",
        "ara1": 15230.34,
        "sag": "ARBA",
        "source_name": "ARBA GeoARBA",
        "source_url": "https://www.arba.gov.ar/geoarba/inicio.asp",
        "source_layer": "Fraccion",
        "source_archive": "135_fraccion.tar.gz",
        "wfs_type": "idera:Fraccion",
        "input_crs": "EPSG:5347",
        "generated_at": "2026-06-13T00:57:25.261787+00:00",
        "assigned_zone_name": "La Leonor",
        "data_confidence": "high"
      },
      "geometry": {
        "type": "MultiPolygon",
        "coordinates": [
          [
            [
              [
                -58.6639515,
                -34.5900904
              ],
              [
                -58.6645367,
                -34.589619
              ],
              [
                -58.664042,
                -34.589208
              ],
              [
                -58.6634567,
                -34.5896838
              ],
              [
                -58.6637041,
                -34.5898894
              ],
              [
                -58.6639515,
                -34.5900904
              ]
            ]
          ],
          [
            [
              [
                -58.6596841,
                -34.592731
              ],
              [
                -58.6595303,
                -34.5928551
              ],
              [
                -58.6594461,
                -34.592923
              ],
              [
                -58.659359,
                -34.5929935
              ],
              [
                -58.6592081,
                -34.5931151
              ],
              [
                -58.65905,
                -34.5932427
              ],
              [
                -58.658852,
                -34.5934025
              ],
              [
                -58.6586266,
                -34.5935844
              ],
              [
                -58.6588881,
                -34.5938011
              ],
              [
                -58.6590939,
                -34.5939717
              ],
              [
                -58.659202,
                -34.5939704
              ],
              [
                -58.6595707,
                -34.5936698
              ],
              [
                -58.6597252,
                -34.5935439
              ],
              [
                -58.659881,
                -34.5934168
              ],
              [
                -58.6600457,
                -34.5932825
              ],
              [
                -58.6602001,
                -34.5931567
              ],
              [
                -58.6603471,
                -34.5930368
              ],
              [
                -58.6600962,
                -34.5928215
              ],
              [
                -58.6598422,
                -34.5926034
              ],
              [
                -58.6596841,
                -34.592731
              ]
            ]
          ]
        ]
      }
    },
    {
      "type": "Feature",
      "properties": {
        "cca": "135040E000900000000000004000",
        "ara1": 46097.01,
        "sag": "ARBA",
        "source_name": "ARBA GeoARBA",
        "source_url": "https://www.arba.gov.ar/geoarba/inicio.asp",
        "source_layer": "Fraccion",
        "source_archive": "135_fraccion.tar.gz",
        "wfs_type": "idera:Fraccion",
        "input_crs": "EPSG:5347",
        "generated_at": "2026-06-13T00:57:25.261787+00:00",
        "assigned_zone_name": "El Destino",
        "data_confidence": "high"
      },
      "geometry": {
        "type": "Polygon",
        "coordinates": [
          [
            [
              -58.6662637,
              -34.5923826
            ],
            [
              -58.6662964,
              -34.5923829
            ],
            [
              -58.666591,
              -34.5921499
            ],
            [
              -58.6666696,
              -34.5920866
            ],
            [
              -58.666749,
              -34.5920228
            ],
            [
              -58.6668263,
              -34.5919606
            ],
            [
              -58.6669052,
              -34.5918968
            ],
            [
              -58.6677759,
              -34.5911958
            ],
            [
              -58.6679305,
              -34.5910668
            ],
            [
              -58.6680078,
              -34.5910045
            ],
            [
              -58.668085,
              -34.5909468
            ],
            [
              -58.6682175,
              -34.5908401
            ],
            [
              -58.6682182,
              -34.5907995
            ],
            [
              -58.6681026,
              -34.5906986
            ],
            [
              -58.6680193,
              -34.5906261
            ],
            [
              -58.6679441,
              -34.5905577
            ],
            [
              -58.6677936,
              -34.5904253
            ],
            [
              -58.6676485,
              -34.5902975
            ],
            [
              -58.667498,
              -34.5901652
            ],
            [
              -58.6673475,
              -34.5900374
            ],
            [
              -58.667197,
              -34.589905
            ],
            [
              -58.6670462,
              -34.5897738
            ],
            [
              -58.6670142,
              -34.5897498
            ],
            [
              -58.6669438,
              -34.589722
            ],
            [
              -58.6669166,
              -34.5897172
            ],
            [
              -58.6668186,
              -34.5897161
            ],
            [
              -58.6667803,
              -34.5897247
            ],
            [
              -58.6667089,
              -34.58976
            ],
            [
              -58.6666758,
              -34.5897822
            ],
            [
              -58.6662776,
              -34.5901062
            ],
            [
              -58.6655109,
              -34.5907249
            ],
            [
              -58.6651907,
              -34.5909827
            ],
            [
              -58.6651133,
              -34.5910495
            ],
            [
              -58.665036,
              -34.5911118
            ],
            [
              -58.6649587,
              -34.591174
            ],
            [
              -58.6649035,
              -34.5912185
            ],
            [
              -58.6649083,
              -34.5912591
            ],
            [
              -58.6651079,
              -34.5914232
            ],
            [
              -58.665188,
              -34.591492
            ],
            [
              -58.6652632,
              -34.5915559
            ],
            [
              -58.665344,
              -34.5916199
            ],
            [
              -58.6654192,
              -34.5916838
            ],
            [
              -58.6656613,
              -34.5918802
            ],
            [
              -58.6657366,
              -34.5919442
            ],
            [
              -58.6658119,
              -34.5920081
            ],
            [
              -58.6658926,
              -34.5920721
            ],
            [
              -58.6659679,
              -34.592136
            ],
            [
              -58.6662637,
              -34.5923826
            ]
          ]
        ]
      }
    },
    {
      "type": "Feature",
      "properties": {
        "cca": "135040E000900000000000003000",
        "ara1": 34715.54,
        "sag": "ARBA",
        "source_name": "ARBA GeoARBA",
        "source_url": "https://www.arba.gov.ar/geoarba/inicio.asp",
        "source_layer": "Fraccion",
        "source_archive": "135_fraccion.tar.gz",
        "wfs_type": "idera:Fraccion",
        "input_crs": "EPSG:5347",
        "generated_at": "2026-06-13T00:57:25.261787+00:00",
        "assigned_zone_name": "La Leonor",
        "data_confidence": "high"
      },
      "geometry": {
        "type": "Polygon",
        "coordinates": [
          [
            [
              -58.6618933,
              -34.5927043
            ],
            [
              -58.6617994,
              -34.5927799
            ],
            [
              -58.6617774,
              -34.5927931
            ],
            [
              -58.661342,
              -34.5924188
            ],
            [
              -58.6613147,
              -34.5924185
            ],
            [
              -58.6607516,
              -34.592872
            ],
            [
              -58.6604424,
              -34.593121
            ],
            [
              -58.6601332,
              -34.59337
            ],
            [
              -58.6598572,
              -34.5935923
            ],
            [
              -58.6592787,
              -34.5940581
            ],
            [
              -58.6592781,
              -34.5940963
            ],
            [
              -58.6596855,
              -34.5944422
            ],
            [
              -58.6597607,
              -34.5945061
            ],
            [
              -58.659836,
              -34.59457
            ],
            [
              -58.659912,
              -34.5946368
            ],
            [
              -58.6599878,
              -34.5946988
            ],
            [
              -58.6601532,
              -34.5948394
            ],
            [
              -58.6602078,
              -34.5948355
            ],
            [
              -58.660274,
              -34.5947822
            ],
            [
              -58.6603624,
              -34.594711
            ],
            [
              -58.6604618,
              -34.594631
            ],
            [
              -58.660738,
              -34.5943997
            ],
            [
              -58.6610527,
              -34.5941462
            ],
            [
              -58.6613619,
              -34.5938927
            ],
            [
              -58.6616601,
              -34.5936481
            ],
            [
              -58.6622896,
              -34.5931368
            ],
            [
              -58.6626043,
              -34.5928878
            ],
            [
              -58.6624483,
              -34.5927599
            ],
            [
              -58.662373,
              -34.592696
            ],
            [
              -58.6622977,
              -34.5926321
            ],
            [
              -58.662217,
              -34.5925681
            ],
            [
              -58.6621417,
              -34.5925042
            ],
            [
              -58.6620038,
              -34.5926108
            ],
            [
              -58.6618933,
              -34.5927043
            ]
          ]
        ]
      }
    },
    {
      "type": "Feature",
      "properties": {
        "cca": "135040G000000000000000003000",
        "ara1": 9827.86,
        "sag": "ARBA",
        "source_name": "ARBA GeoARBA",
        "source_url": "https://www.arba.gov.ar/geoarba/inicio.asp",
        "source_layer": "Fraccion",
        "source_archive": "135_fraccion.tar.gz",
        "wfs_type": "idera:Fraccion",
        "input_crs": "EPSG:5347",
        "generated_at": "2026-06-13T00:57:25.261787+00:00",
        "assigned_zone_name": "El Porvenir",
        "data_confidence": "high"
      },
      "geometry": {
        "type": "Polygon",
        "coordinates": [
          [
            [
              -58.6357942,
              -34.6302474
            ],
            [
              -58.6358081,
              -34.6303593
            ],
            [
              -58.6358207,
              -34.6304603
            ],
            [
              -58.6358333,
              -34.630562
            ],
            [
              -58.6358465,
              -34.6306684
            ],
            [
              -58.6358669,
              -34.630832
            ],
            [
              -58.6358841,
              -34.6309704
            ],
            [
              -58.6358947,
              -34.6310555
            ],
            [
              -58.635906,
              -34.6311461
            ],
            [
              -58.6359226,
              -34.6312797
            ],
            [
              -58.6359364,
              -34.6313781
            ],
            [
              -58.6359507,
              -34.6314801
            ],
            [
              -58.6359649,
              -34.6315815
            ],
            [
              -58.6359782,
              -34.6316767
            ],
            [
              -58.6359858,
              -34.6317308
            ],
            [
              -58.6361622,
              -34.6317225
            ],
            [
              -58.6365817,
              -34.6317122
            ],
            [
              -58.6365894,
              -34.6317021
            ],
            [
              -58.6366112,
              -34.6316649
            ],
            [
              -58.6365375,
              -34.631055
            ],
            [
              -58.6364322,
              -34.6301817
            ],
            [
              -58.6357942,
              -34.6302474
            ]
          ]
        ]
      }
    },
    {
      "type": "Feature",
      "properties": {
        "cca": "135040G000000000000000001000",
        "ara1": 23675.61,
        "sag": "ARBA",
        "source_name": "ARBA GeoARBA",
        "source_url": "https://www.arba.gov.ar/geoarba/inicio.asp",
        "source_layer": "Fraccion",
        "source_archive": "135_fraccion.tar.gz",
        "wfs_type": "idera:Fraccion",
        "input_crs": "EPSG:5347",
        "generated_at": "2026-06-13T00:57:25.261787+00:00",
        "assigned_zone_name": "El Libertador",
        "data_confidence": "high"
      },
      "geometry": {
        "type": "Polygon",
        "coordinates": [
          [
            [
              -58.652202,
              -34.6279299
            ],
            [
              -58.6518708,
              -34.6281922
            ],
            [
              -58.6517479,
              -34.6282895
            ],
            [
              -58.6516578,
              -34.6283608
            ],
            [
              -58.6515563,
              -34.6284412
            ],
            [
              -58.6515426,
              -34.628452
            ],
            [
              -58.6515576,
              -34.6285095
            ],
            [
              -58.6515934,
              -34.6286433
            ],
            [
              -58.6516372,
              -34.6288073
            ],
            [
              -58.6516417,
              -34.6288243
            ],
            [
              -58.651665,
              -34.6289116
            ],
            [
              -58.6516929,
              -34.6290159
            ],
            [
              -58.6517206,
              -34.6291202
            ],
            [
              -58.6517756,
              -34.6293283
            ],
            [
              -58.651825,
              -34.6295144
            ],
            [
              -58.6518512,
              -34.6296128
            ],
            [
              -58.6518696,
              -34.6296848
            ],
            [
              -58.6518985,
              -34.629804
            ],
            [
              -58.651907,
              -34.629839
            ],
            [
              -58.6519369,
              -34.6299616
            ],
            [
              -58.6519394,
              -34.6299709
            ],
            [
              -58.6519726,
              -34.6300999
            ],
            [
              -58.6528693,
              -34.6293885
            ],
            [
              -58.6530556,
              -34.629542
            ],
            [
              -58.6532543,
              -34.6297126
            ],
            [
              -58.653311,
              -34.6296661
            ],
            [
              -58.6535512,
              -34.6294693
            ],
            [
              -58.6537938,
              -34.629271
            ],
            [
              -58.6535999,
              -34.6291077
            ],
            [
              -58.6535854,
              -34.6290956
            ],
            [
              -58.6534088,
              -34.628947
            ],
            [
              -58.6532179,
              -34.6287861
            ],
            [
              -58.6530269,
              -34.6286254
            ],
            [
              -58.6529344,
              -34.6285476
            ],
            [
              -58.6528032,
              -34.6284371
            ],
            [
              -58.6527589,
              -34.6284363
            ],
            [
              -58.6526482,
              -34.6285267
            ],
            [
              -58.6525493,
              -34.6286074
            ],
            [
              -58.6524779,
              -34.6286657
            ],
            [
              -58.6524752,
              -34.6286679
            ],
            [
              -58.6524463,
              -34.6287735
            ],
            [
              -58.6524149,
              -34.6287964
            ],
            [
              -58.6523546,
              -34.6288254
            ],
            [
              -58.6523435,
              -34.6288306
            ],
            [
              -58.6523292,
              -34.6288361
            ],
            [
              -58.6523061,
              -34.6288405
            ],
            [
              -58.6522866,
              -34.6288417
            ],
            [
              -58.6522658,
              -34.6288412
            ],
            [
              -58.6522295,
              -34.6288328
            ],
            [
              -58.6521654,
              -34.6287844
            ],
            [
              -58.6521415,
              -34.6287665
            ],
            [
              -58.6521673,
              -34.6287257
            ],
            [
              -58.6521947,
              -34.628692
            ],
            [
              -58.6522245,
              -34.6286474
            ],
            [
              -58.6522537,
              -34.6286149
            ],
            [
              -58.6523733,
              -34.6285957
            ],
            [
              -58.6524288,
              -34.6285652
            ],
            [
              -58.6524619,
              -34.6285383
            ],
            [
              -58.652543,
              -34.6284726
            ],
            [
              -58.6526737,
              -34.628366
            ],
            [
              -58.652676,
              -34.6283272
            ],
            [
              -58.6525727,
              -34.6282417
            ],
            [
              -58.6525516,
              -34.6282242
            ],
            [
              -58.6524461,
              -34.6281367
            ],
            [
              -58.6524268,
              -34.6281208
            ],
            [
              -58.6523458,
              -34.6280537
            ],
            [
              -58.6523386,
              -34.6280475
            ],
            [
              -58.652202,
              -34.6279299
            ]
          ]
        ]
      }
    },
    {
      "type": "Feature",
      "properties": {
        "cca": "135040P000000000000000002000",
        "ara1": 13918.96,
        "sag": "ARBA",
        "source_name": "ARBA GeoARBA",
        "source_url": "https://www.arba.gov.ar/geoarba/inicio.asp",
        "source_layer": "Fraccion",
        "source_archive": "135_fraccion.tar.gz",
        "wfs_type": "idera:Fraccion",
        "input_crs": "EPSG:5347",
        "generated_at": "2026-06-13T00:57:25.261787+00:00",
        "assigned_zone_name": "Villa Tesei Centro",
        "data_confidence": "high"
      },
      "geometry": {
        "type": "Polygon",
        "coordinates": [
          [
            [
              -58.6331805,
              -34.6225181
            ],
            [
              -58.6329177,
              -34.6232498
            ],
            [
              -58.6331294,
              -34.6233062
            ],
            [
              -58.6340796,
              -34.6235377
            ],
            [
              -58.6348019,
              -34.623708
            ],
            [
              -58.6348283,
              -34.6237146
            ],
            [
              -58.6346706,
              -34.6230711
            ],
            [
              -58.6346392,
              -34.6229357
            ],
            [
              -58.6349151,
              -34.6229821
            ],
            [
              -58.6349292,
              -34.6229298
            ],
            [
              -58.6331805,
              -34.6225181
            ]
          ]
        ]
      }
    },
    {
      "type": "Feature",
      "properties": {
        "cca": "135040D000000000080000001000",
        "ara1": 31689.28,
        "sag": "ARBA",
        "source_name": "ARBA GeoARBA",
        "source_url": "https://www.arba.gov.ar/geoarba/inicio.asp",
        "source_layer": "Fraccion",
        "source_archive": "135_fraccion.tar.gz",
        "wfs_type": "idera:Fraccion",
        "input_crs": "EPSG:5347",
        "generated_at": "2026-06-13T00:57:25.261787+00:00",
        "assigned_zone_name": "Hurlingham Centro",
        "data_confidence": "high"
      },
      "geometry": {
        "type": "Polygon",
        "coordinates": [
          [
            [
              -58.6344664,
              -34.5913549
            ],
            [
              -58.6343412,
              -34.5914377
            ],
            [
              -58.6343119,
              -34.5914572
            ],
            [
              -58.6340276,
              -34.5916452
            ],
            [
              -58.6339645,
              -34.591687
            ],
            [
              -58.6338156,
              -34.5917854
            ],
            [
              -58.6337275,
              -34.5918437
            ],
            [
              -58.6334577,
              -34.5920222
            ],
            [
              -58.6333643,
              -34.592084
            ],
            [
              -58.6332016,
              -34.5921916
            ],
            [
              -58.6331598,
              -34.5922254
            ],
            [
              -58.6328082,
              -34.5925035
            ],
            [
              -58.6326331,
              -34.592642
            ],
            [
              -58.6326224,
              -34.5926504
            ],
            [
              -58.6325065,
              -34.5927421
            ],
            [
              -58.6324504,
              -34.5927865
            ],
            [
              -58.6321189,
              -34.5930487
            ],
            [
              -58.6321142,
              -34.5930524
            ],
            [
              -58.6322259,
              -34.5931511
            ],
            [
              -58.6323375,
              -34.5932499
            ],
            [
              -58.6324184,
              -34.5933213
            ],
            [
              -58.6324818,
              -34.5933772
            ],
            [
              -58.6325566,
              -34.5934433
            ],
            [
              -58.6326368,
              -34.5935141
            ],
            [
              -58.632953,
              -34.5937934
            ],
            [
              -58.6330829,
              -34.5936911
            ],
            [
              -58.6332037,
              -34.593596
            ],
            [
              -58.6332148,
              -34.5935873
            ],
            [
              -58.633392,
              -34.5934478
            ],
            [
              -58.6334389,
              -34.5934109
            ],
            [
              -58.6336058,
              -34.5932797
            ],
            [
              -58.633786,
              -34.5931378
            ],
            [
              -58.6338192,
              -34.5931116
            ],
            [
              -58.6340005,
              -34.592969
            ],
            [
              -58.6340499,
              -34.5929301
            ],
            [
              -58.6341612,
              -34.5928425
            ],
            [
              -58.6342795,
              -34.5927493
            ],
            [
              -58.6343594,
              -34.5926866
            ],
            [
              -58.6344391,
              -34.5926237
            ],
            [
              -58.6346646,
              -34.5924463
            ],
            [
              -58.634834,
              -34.5923128
            ],
            [
              -58.6349095,
              -34.5922535
            ],
            [
              -58.6349917,
              -34.5921888
            ],
            [
              -58.6350932,
              -34.592109
            ],
            [
              -58.6351769,
              -34.5920431
            ],
            [
              -58.6352163,
              -34.592012
            ],
            [
              -58.6352176,
              -34.5919737
            ],
            [
              -58.6351641,
              -34.5919269
            ],
            [
              -58.6350807,
              -34.5918538
            ],
            [
              -58.635007,
              -34.5917892
            ],
            [
              -58.634902,
              -34.5916972
            ],
            [
              -58.6348449,
              -34.5916472
            ],
            [
              -58.6347787,
              -34.5915892
            ],
            [
              -58.6347056,
              -34.5915251
            ],
            [
              -58.63463,
              -34.5914589
            ],
            [
              -58.6345659,
              -34.5914027
            ],
            [
              -58.6345145,
              -34.5913577
            ],
            [
              -58.6344664,
              -34.5913549
            ]
          ]
        ]
      }
    },
    {
      "type": "Feature",
      "properties": {
        "cca": "135040P000000000000000003000",
        "ara1": 23575.23,
        "sag": "ARBA",
        "source_name": "ARBA GeoARBA",
        "source_url": "https://www.arba.gov.ar/geoarba/inicio.asp",
        "source_layer": "Fraccion",
        "source_archive": "135_fraccion.tar.gz",
        "wfs_type": "idera:Fraccion",
        "input_crs": "EPSG:5347",
        "generated_at": "2026-06-13T00:57:25.261787+00:00",
        "assigned_zone_name": "Mitre",
        "data_confidence": "high"
      },
      "geometry": {
        "type": "Polygon",
        "coordinates": [
          [
            [
              -58.6434037,
              -34.6210865
            ],
            [
              -58.6435169,
              -34.6211841
            ],
            [
              -58.6435631,
              -34.6211849
            ],
            [
              -58.6438143,
              -34.620986
            ],
            [
              -58.6446621,
              -34.6203146
            ],
            [
              -58.6449133,
              -34.6201156
            ],
            [
              -58.6449142,
              -34.6200774
            ],
            [
              -58.6448011,
              -34.6199798
            ],
            [
              -58.644636,
              -34.619836
            ],
            [
              -58.6443567,
              -34.6195929
            ],
            [
              -58.6439603,
              -34.6192479
            ],
            [
              -58.6439142,
              -34.619247
            ],
            [
              -58.6425652,
              -34.6203172
            ],
            [
              -58.6425641,
              -34.6203555
            ],
            [
              -58.6434037,
              -34.6210865
            ]
          ]
        ]
      }
    }
  ]
}
