{
  "type": "FeatureCollection",
  "name": "arba_quinta_hurlingham",
  "metadata": {
    "generated_at": "2026-06-13T00:57:25.261787+00:00",
    "crs": "EPSG:4326",
    "scope": "Partido de Hurlingham, Buenos Aires, Argentina",
    "source_name": "ARBA GeoARBA",
    "source_url": "https://www.arba.gov.ar/geoarba/inicio.asp",
    "wfs_url": "https://geo.arba.gov.ar/geoserver/idera/wfs?service=WFS&request=GetCapabilities&version=2.0.0",
    "wfs_type": "idera:Quinta",
    "source_archive": "135_quinta.tar.gz",
    "input_crs": "EPSG:5347",
    "metric_crs_used_for_source_area": "EPSG:5347",
    "license": "Public official geospatial data; cite ARBA/GeoARBA. Commercialization restrictions may apply according to IDEBA notice.",
    "data_confidence": "high",
    "notes": null,
    "total_source_records": 45,
    "output_feature_count": 39,
    "outside_hurlingham_zone_count": 6,
    "invalid_geometries_repaired": 0,
    "geometry_type_counts": {
      "MultiPolygon": 3,
      "Polygon": 36
    },
    "assigned_zone_counts": {
      "El Libertador": 16,
      "Hurlingham Centro": 6,
      "Juan B. de Lasalle": 1,
      "Nueve de Julio": 1,
      "Parque Jhonston": 3,
      "Parque Quirno": 1,
      "Roca 1": 3,
      "Roca 2": 5,
      "Villa Club": 2,
      "Villa Tesei Centro": 1
    }
  },
  "features": [
    {
      "type": "Feature",
      "properties": {
        "cca": "135040D00000000011000",
        "ara1": 25448.54,
        "sag": "ARBA",
        "source_name": "ARBA GeoARBA",
        "source_url": "https://www.arba.gov.ar/geoarba/inicio.asp",
        "source_layer": "Quinta",
        "source_archive": "135_quinta.tar.gz",
        "wfs_type": "idera:Quinta",
        "input_crs": "EPSG:5347",
        "generated_at": "2026-06-13T00:57:25.261787+00:00",
        "assigned_zone_name": "Hurlingham Centro",
        "data_confidence": "high"
      },
      "geometry": {
        "type": "Polygon",
        "coordinates": [
          [
            [
              -58.630968,
              -34.5947594
            ],
            [
              -58.630893,
              -34.5946941
            ],
            [
              -58.6307353,
              -34.5945569
            ],
            [
              -58.6306001,
              -34.5944393
            ],
            [
              -58.6301626,
              -34.5940535
            ],
            [
              -58.6301057,
              -34.5940549
            ],
            [
              -58.6299091,
              -34.5942093
            ],
            [
              -58.6292758,
              -34.5947029
            ],
            [
              -58.6291572,
              -34.5947961
            ],
            [
              -58.6288923,
              -34.5950041
            ],
            [
              -58.628891,
              -34.5950423
            ],
            [
              -58.628981,
              -34.5951207
            ],
            [
              -58.6290934,
              -34.595219
            ],
            [
              -58.6292301,
              -34.5953382
            ],
            [
              -58.6294016,
              -34.5954883
            ],
            [
              -58.6296667,
              -34.5957206
            ],
            [
              -58.6297436,
              -34.5957881
            ],
            [
              -58.6298163,
              -34.5958517
            ],
            [
              -58.6298933,
              -34.5959192
            ],
            [
              -58.6300402,
              -34.5960479
            ],
            [
              -58.630084,
              -34.5960476
            ],
            [
              -58.6302176,
              -34.5959428
            ],
            [
              -58.6302967,
              -34.5958807
            ],
            [
              -58.6303757,
              -34.5958187
            ],
            [
              -58.6304548,
              -34.5957567
            ],
            [
              -58.6305339,
              -34.5956947
            ],
            [
              -58.6306126,
              -34.5956329
            ],
            [
              -58.6306909,
              -34.5955714
            ],
            [
              -58.6308782,
              -34.5954245
            ],
            [
              -58.6309968,
              -34.5953315
            ],
            [
              -58.6313027,
              -34.5950913
            ],
            [
              -58.6313042,
              -34.5950529
            ],
            [
              -58.631081,
              -34.594858
            ],
            [
              -58.630968,
              -34.5947594
            ]
          ]
        ]
      }
    },
    {
      "type": "Feature",
      "properties": {
        "cca": "135040B00000000020000",
        "ara1": 22153.03,
        "sag": "ARBA",
        "source_name": "ARBA GeoARBA",
        "source_url": "https://www.arba.gov.ar/geoarba/inicio.asp",
        "source_layer": "Quinta",
        "source_archive": "135_quinta.tar.gz",
        "wfs_type": "idera:Quinta",
        "input_crs": "EPSG:5347",
        "generated_at": "2026-06-13T00:57:25.261787+00:00",
        "assigned_zone_name": "Roca 2",
        "data_confidence": "high"
      },
      "geometry": {
        "type": "Polygon",
        "coordinates": [
          [
            [
              -58.6501203,
              -34.5782906
            ],
            [
              -58.6500436,
              -34.5782868
            ],
            [
              -58.6499272,
              -34.5783776
            ],
            [
              -58.6496836,
              -34.5785671
            ],
            [
              -58.6496065,
              -34.5786273
            ],
            [
              -58.6495218,
              -34.5786931
            ],
            [
              -58.6494162,
              -34.5787753
            ],
            [
              -58.6493654,
              -34.578815
            ],
            [
              -58.6492907,
              -34.5788731
            ],
            [
              -58.6491254,
              -34.5790018
            ],
            [
              -58.6490502,
              -34.5790604
            ],
            [
              -58.6489724,
              -34.579121
            ],
            [
              -58.6488834,
              -34.5791902
            ],
            [
              -58.6488135,
              -34.5792447
            ],
            [
              -58.6487153,
              -34.5793211
            ],
            [
              -58.6486531,
              -34.5793695
            ],
            [
              -58.648493,
              -34.5794942
            ],
            [
              -58.6484136,
              -34.579556
            ],
            [
              -58.6483318,
              -34.5796196
            ],
            [
              -58.6482526,
              -34.5796815
            ],
            [
              -58.6481764,
              -34.5797407
            ],
            [
              -58.6480534,
              -34.5798365
            ],
            [
              -58.6480533,
              -34.5798906
            ],
            [
              -58.6481546,
              -34.5799786
            ],
            [
              -58.6482264,
              -34.5800408
            ],
            [
              -58.6483429,
              -34.5801421
            ],
            [
              -58.6483956,
              -34.5801878
            ],
            [
              -58.6485049,
              -34.5802829
            ],
            [
              -58.6485881,
              -34.5803552
            ],
            [
              -58.6486416,
              -34.5804017
            ],
            [
              -58.648683,
              -34.5804021
            ],
            [
              -58.6487292,
              -34.5803663
            ],
            [
              -58.6488428,
              -34.5802782
            ],
            [
              -58.6488953,
              -34.5802374
            ],
            [
              -58.6489752,
              -34.5801755
            ],
            [
              -58.6491328,
              -34.5800533
            ],
            [
              -58.6492299,
              -34.5799779
            ],
            [
              -58.6492914,
              -34.5799302
            ],
            [
              -58.6493718,
              -34.5798679
            ],
            [
              -58.6494855,
              -34.5797798
            ],
            [
              -58.6495307,
              -34.5797446
            ],
            [
              -58.6496084,
              -34.5796843
            ],
            [
              -58.6496887,
              -34.5796221
            ],
            [
              -58.6497687,
              -34.5795601
            ],
            [
              -58.6498491,
              -34.5794977
            ],
            [
              -58.6499279,
              -34.5794366
            ],
            [
              -58.6500077,
              -34.5793747
            ],
            [
              -58.6500863,
              -34.5793138
            ],
            [
              -58.6501656,
              -34.5792523
            ],
            [
              -58.6502482,
              -34.5791882
            ],
            [
              -58.6503286,
              -34.5791258
            ],
            [
              -58.650408,
              -34.5790643
            ],
            [
              -58.6505768,
              -34.5789333
            ],
            [
              -58.6506868,
              -34.5788481
            ],
            [
              -58.6506897,
              -34.5787973
            ],
            [
              -58.6505514,
              -34.5786742
            ],
            [
              -58.6504321,
              -34.5785682
            ],
            [
              -58.6504,
              -34.5785395
            ],
            [
              -58.6501203,
              -34.5782906
            ]
          ]
        ]
      }
    },
    {
      "type": "Feature",
      "properties": {
        "cca": "135040D00000000010000",
        "ara1": 241333.72,
        "sag": "ARBA",
        "source_name": "ARBA GeoARBA",
        "source_url": "https://www.arba.gov.ar/geoarba/inicio.asp",
        "source_layer": "Quinta",
        "source_archive": "135_quinta.tar.gz",
        "wfs_type": "idera:Quinta",
        "input_crs": "EPSG:5347",
        "generated_at": "2026-06-13T00:57:25.261787+00:00",
        "assigned_zone_name": "Nueve de Julio",
        "data_confidence": "high"
      },
      "geometry": {
        "type": "Polygon",
        "coordinates": [
          [
            [
              -58.6253627,
              -34.5952076
            ],
            [
              -58.6253851,
              -34.5951901
            ],
            [
              -58.6253915,
              -34.5951557
            ],
            [
              -58.6253231,
              -34.5950776
            ],
            [
              -58.6252284,
              -34.5949951
            ],
            [
              -58.6251274,
              -34.5950868
            ],
            [
              -58.6251044,
              -34.5950664
            ],
            [
              -58.625028,
              -34.595139
            ],
            [
              -58.6249626,
              -34.5951203
            ],
            [
              -58.6238583,
              -34.5956975
            ],
            [
              -58.6227541,
              -34.5962747
            ],
            [
              -58.6211078,
              -34.5971266
            ],
            [
              -58.6213667,
              -34.5973523
            ],
            [
              -58.6217459,
              -34.5976823
            ],
            [
              -58.621757,
              -34.5976877
            ],
            [
              -58.6217686,
              -34.597692
            ],
            [
              -58.6217806,
              -34.5976953
            ],
            [
              -58.621793,
              -34.5976974
            ],
            [
              -58.6218056,
              -34.5976983
            ],
            [
              -58.6218184,
              -34.5976981
            ],
            [
              -58.6218309,
              -34.5976968
            ],
            [
              -58.6218433,
              -34.5976943
            ],
            [
              -58.6218552,
              -34.5976908
            ],
            [
              -58.6218667,
              -34.5976862
            ],
            [
              -58.6218774,
              -34.5976806
            ],
            [
              -58.6218873,
              -34.597674
            ],
            [
              -58.6218887,
              -34.5976729
            ],
            [
              -58.6219644,
              -34.5977372
            ],
            [
              -58.6219268,
              -34.597768
            ],
            [
              -58.6219238,
              -34.597771
            ],
            [
              -58.621921,
              -34.5977743
            ],
            [
              -58.6219187,
              -34.5977776
            ],
            [
              -58.6219165,
              -34.5977811
            ],
            [
              -58.6219147,
              -34.5977846
            ],
            [
              -58.6219133,
              -34.5977884
            ],
            [
              -58.6219121,
              -34.5977922
            ],
            [
              -58.6219113,
              -34.5977961
            ],
            [
              -58.6219108,
              -34.5977999
            ],
            [
              -58.6219107,
              -34.5978038
            ],
            [
              -58.621911,
              -34.5978077
            ],
            [
              -58.6219116,
              -34.5978116
            ],
            [
              -58.6219125,
              -34.5978154
            ],
            [
              -58.6219137,
              -34.5978192
            ],
            [
              -58.6219153,
              -34.5978228
            ],
            [
              -58.6219173,
              -34.5978264
            ],
            [
              -58.6219195,
              -34.5978298
            ],
            [
              -58.6219221,
              -34.5978331
            ],
            [
              -58.6219249,
              -34.5978362
            ],
            [
              -58.6227408,
              -34.5985451
            ],
            [
              -58.6236059,
              -34.5992948
            ],
            [
              -58.6240658,
              -34.5996953
            ],
            [
              -58.6248259,
              -34.6003603
            ],
            [
              -58.6255859,
              -34.6010254
            ],
            [
              -58.625632,
              -34.6010263
            ],
            [
              -58.6264881,
              -34.6003486
            ],
            [
              -58.6273441,
              -34.599671
            ],
            [
              -58.6282001,
              -34.5989933
            ],
            [
              -58.6290167,
              -34.5983476
            ],
            [
              -58.6290168,
              -34.5983096
            ],
            [
              -58.6284295,
              -34.5977987
            ],
            [
              -58.6283542,
              -34.5977331
            ],
            [
              -58.6282267,
              -34.5976222
            ],
            [
              -58.6282106,
              -34.597608
            ],
            [
              -58.6273825,
              -34.5968832
            ],
            [
              -58.6273567,
              -34.5968606
            ],
            [
              -58.6265468,
              -34.5961516
            ],
            [
              -58.625737,
              -34.5954426
            ],
            [
              -58.6256025,
              -34.5954194
            ],
            [
              -58.6253627,
              -34.5952076
            ]
          ]
        ]
      }
    },
    {
      "type": "Feature",
      "properties": {
        "cca": "135040D00000000009000",
        "ara1": 28012.2,
        "sag": "ARBA",
        "source_name": "ARBA GeoARBA",
        "source_url": "https://www.arba.gov.ar/geoarba/inicio.asp",
        "source_layer": "Quinta",
        "source_archive": "135_quinta.tar.gz",
        "wfs_type": "idera:Quinta",
        "input_crs": "EPSG:5347",
        "generated_at": "2026-06-13T00:57:25.261787+00:00",
        "assigned_zone_name": "Hurlingham Centro",
        "data_confidence": "high"
      },
      "geometry": {
        "type": "Polygon",
        "coordinates": [
          [
            [
              -58.6310578,
              -34.5921314
            ],
            [
              -58.6309273,
              -34.5921989
            ],
            [
              -58.6308064,
              -34.5922613
            ],
            [
              -58.6307279,
              -34.5923019
            ],
            [
              -58.6305634,
              -34.5923869
            ],
            [
              -58.6304459,
              -34.5924476
            ],
            [
              -58.630325,
              -34.5925102
            ],
            [
              -58.6302429,
              -34.5925526
            ],
            [
              -58.6300766,
              -34.5926385
            ],
            [
              -58.6299453,
              -34.5927064
            ],
            [
              -58.6298567,
              -34.5927522
            ],
            [
              -58.6297029,
              -34.5928317
            ],
            [
              -58.6296171,
              -34.592876
            ],
            [
              -58.6294938,
              -34.5929397
            ],
            [
              -58.629411,
              -34.5929826
            ],
            [
              -58.6292964,
              -34.5930418
            ],
            [
              -58.6292907,
              -34.5930788
            ],
            [
              -58.6294379,
              -34.5932062
            ],
            [
              -58.6294808,
              -34.5932433
            ],
            [
              -58.6295723,
              -34.5933226
            ],
            [
              -58.6297679,
              -34.5934919
            ],
            [
              -58.6298332,
              -34.5935483
            ],
            [
              -58.6298983,
              -34.5936048
            ],
            [
              -58.6300509,
              -34.5937369
            ],
            [
              -58.6301303,
              -34.5938056
            ],
            [
              -58.6302769,
              -34.5939325
            ],
            [
              -58.6303522,
              -34.5939976
            ],
            [
              -58.6304274,
              -34.5940627
            ],
            [
              -58.630557,
              -34.594175
            ],
            [
              -58.6306034,
              -34.594176
            ],
            [
              -58.630672,
              -34.5941226
            ],
            [
              -58.6308266,
              -34.5940024
            ],
            [
              -58.6309778,
              -34.5938849
            ],
            [
              -58.6309862,
              -34.5938784
            ],
            [
              -58.6311259,
              -34.5937696
            ],
            [
              -58.6311449,
              -34.5937549
            ],
            [
              -58.6313037,
              -34.5936314
            ],
            [
              -58.6314625,
              -34.5935079
            ],
            [
              -58.6315742,
              -34.593421
            ],
            [
              -58.6316606,
              -34.5933538
            ],
            [
              -58.6317104,
              -34.593315
            ],
            [
              -58.6318221,
              -34.5932281
            ],
            [
              -58.6319183,
              -34.5931534
            ],
            [
              -58.6319171,
              -34.5931086
            ],
            [
              -58.6318162,
              -34.5930201
            ],
            [
              -58.631753,
              -34.5929648
            ],
            [
              -58.631649,
              -34.592864
            ],
            [
              -58.6315768,
              -34.59279
            ],
            [
              -58.6315357,
              -34.592743
            ],
            [
              -58.6314935,
              -34.5926853
            ],
            [
              -58.6314255,
              -34.5925942
            ],
            [
              -58.6313388,
              -34.592478
            ],
            [
              -58.6312771,
              -34.5923953
            ],
            [
              -58.6311941,
              -34.592282
            ],
            [
              -58.6311766,
              -34.5922579
            ],
            [
              -58.6310891,
              -34.5921384
            ],
            [
              -58.6310578,
              -34.5921314
            ]
          ]
        ]
      }
    },
    {
      "type": "Feature",
      "properties": {
        "cca": "135040G00000000005000",
        "ara1": 16147.18,
        "sag": "ARBA",
        "source_name": "ARBA GeoARBA",
        "source_url": "https://www.arba.gov.ar/geoarba/inicio.asp",
        "source_layer": "Quinta",
        "source_archive": "135_quinta.tar.gz",
        "wfs_type": "idera:Quinta",
        "input_crs": "EPSG:5347",
        "generated_at": "2026-06-13T00:57:25.261787+00:00",
        "assigned_zone_name": "El Libertador",
        "data_confidence": "high"
      },
      "geometry": {
        "type": "Polygon",
        "coordinates": [
          [
            [
              -58.6413242,
              -34.629013
            ],
            [
              -58.641266,
              -34.6290154
            ],
            [
              -58.6412217,
              -34.6290196
            ],
            [
              -58.6411705,
              -34.6290277
            ],
            [
              -58.6411161,
              -34.6290382
            ],
            [
              -58.6410107,
              -34.6290626
            ],
            [
              -58.6409053,
              -34.6290856
            ],
            [
              -58.6408012,
              -34.6291121
            ],
            [
              -58.640697,
              -34.6291387
            ],
            [
              -58.6406662,
              -34.6291466
            ],
            [
              -58.6405519,
              -34.6291905
            ],
            [
              -58.6404713,
              -34.6292251
            ],
            [
              -58.6403767,
              -34.6292698
            ],
            [
              -58.6402743,
              -34.6293237
            ],
            [
              -58.6402031,
              -34.6293649
            ],
            [
              -58.6401309,
              -34.6294099
            ],
            [
              -58.6399497,
              -34.6295432
            ],
            [
              -58.6401759,
              -34.6296298
            ],
            [
              -58.6403421,
              -34.6296934
            ],
            [
              -58.6404326,
              -34.6297281
            ],
            [
              -58.6405236,
              -34.6297629
            ],
            [
              -58.6406132,
              -34.6297973
            ],
            [
              -58.6408214,
              -34.629877
            ],
            [
              -58.6409938,
              -34.629943
            ],
            [
              -58.6411696,
              -34.6300103
            ],
            [
              -58.6412276,
              -34.6300215
            ],
            [
              -58.6413589,
              -34.6300074
            ],
            [
              -58.6414972,
              -34.6299925
            ],
            [
              -58.6415276,
              -34.6299736
            ],
            [
              -58.6418314,
              -34.6297855
            ],
            [
              -58.6420136,
              -34.6296719
            ],
            [
              -58.6422534,
              -34.6295227
            ],
            [
              -58.6425391,
              -34.6293455
            ],
            [
              -58.6425356,
              -34.6292849
            ],
            [
              -58.6422221,
              -34.6291485
            ],
            [
              -58.642218,
              -34.6291459
            ],
            [
              -58.6422146,
              -34.6291438
            ],
            [
              -58.64209,
              -34.6291013
            ],
            [
              -58.6419529,
              -34.6290648
            ],
            [
              -58.6418762,
              -34.6290487
            ],
            [
              -58.6417851,
              -34.6290334
            ],
            [
              -58.6417156,
              -34.6290287
            ],
            [
              -58.6416425,
              -34.6290238
            ],
            [
              -58.6414958,
              -34.6290149
            ],
            [
              -58.6414781,
              -34.6290147
            ],
            [
              -58.6413242,
              -34.629013
            ]
          ]
        ]
      }
    },
    {
      "type": "Feature",
      "properties": {
        "cca": "135040D00000000015000",
        "ara1": 4767.41,
        "sag": "ARBA",
        "source_name": "ARBA GeoARBA",
        "source_url": "https://www.arba.gov.ar/geoarba/inicio.asp",
        "source_layer": "Quinta",
        "source_archive": "135_quinta.tar.gz",
        "wfs_type": "idera:Quinta",
        "input_crs": "EPSG:5347",
        "generated_at": "2026-06-13T00:57:25.261787+00:00",
        "assigned_zone_name": "Parque Quirno",
        "data_confidence": "high"
      },
      "geometry": {
        "type": "Polygon",
        "coordinates": [
          [
            [
              -58.6298145,
              -34.6017519
            ],
            [
              -58.6305695,
              -34.6011474
            ],
            [
              -58.6304575,
              -34.6010522
            ],
            [
              -58.6304518,
              -34.6010473
            ],
            [
              -58.6302916,
              -34.6009092
            ],
            [
              -58.6301965,
              -34.6008276
            ],
            [
              -58.6301216,
              -34.600887
            ],
            [
              -58.6300058,
              -34.6009789
            ],
            [
              -58.6299216,
              -34.6010456
            ],
            [
              -58.6298124,
              -34.6011323
            ],
            [
              -58.6297811,
              -34.6011571
            ],
            [
              -58.6296149,
              -34.601289
            ],
            [
              -58.6295121,
              -34.6013707
            ],
            [
              -58.6294397,
              -34.6014281
            ],
            [
              -58.6295337,
              -34.6015089
            ],
            [
              -58.6296973,
              -34.6016503
            ],
            [
              -58.6297025,
              -34.6016548
            ],
            [
              -58.6298145,
              -34.6017519
            ]
          ]
        ]
      }
    },
    {
      "type": "Feature",
      "properties": {
        "cca": "135040G00000000008000",
        "ara1": 17513.03,
        "sag": "ARBA",
        "source_name": "ARBA GeoARBA",
        "source_url": "https://www.arba.gov.ar/geoarba/inicio.asp",
        "source_layer": "Quinta",
        "source_archive": "135_quinta.tar.gz",
        "wfs_type": "idera:Quinta",
        "input_crs": "EPSG:5347",
        "generated_at": "2026-06-13T00:57:25.261787+00:00",
        "assigned_zone_name": "El Libertador",
        "data_confidence": "high"
      },
      "geometry": {
        "type": "Polygon",
        "coordinates": [
          [
            [
              -58.6427355,
              -34.6294362
            ],
            [
              -58.6426782,
              -34.6294306
            ],
            [
              -58.6426254,
              -34.6294632
            ],
            [
              -58.6424979,
              -34.6295418
            ],
            [
              -58.6424123,
              -34.6295946
            ],
            [
              -58.6423181,
              -34.6296528
            ],
            [
              -58.6422228,
              -34.6297115
            ],
            [
              -58.6420712,
              -34.629805
            ],
            [
              -58.6419676,
              -34.6298689
            ],
            [
              -58.6418711,
              -34.6299284
            ],
            [
              -58.6417717,
              -34.6299897
            ],
            [
              -58.641615,
              -34.6300863
            ],
            [
              -58.6415776,
              -34.6301537
            ],
            [
              -58.6416003,
              -34.6303185
            ],
            [
              -58.6416126,
              -34.6304076
            ],
            [
              -58.6416246,
              -34.6304957
            ],
            [
              -58.6416494,
              -34.630675
            ],
            [
              -58.6416617,
              -34.6307638
            ],
            [
              -58.6416711,
              -34.6308316
            ],
            [
              -58.6416983,
              -34.6308485
            ],
            [
              -58.6417308,
              -34.6308458
            ],
            [
              -58.6418906,
              -34.6308325
            ],
            [
              -58.6419975,
              -34.6308236
            ],
            [
              -58.6421076,
              -34.6308144
            ],
            [
              -58.6422379,
              -34.6308037
            ],
            [
              -58.6423681,
              -34.6307929
            ],
            [
              -58.6424982,
              -34.6307819
            ],
            [
              -58.6426284,
              -34.630771
            ],
            [
              -58.6427569,
              -34.6307603
            ],
            [
              -58.6428872,
              -34.6307494
            ],
            [
              -58.6432318,
              -34.6307212
            ],
            [
              -58.6432782,
              -34.630672
            ],
            [
              -58.6432536,
              -34.6304896
            ],
            [
              -58.6432393,
              -34.630382
            ],
            [
              -58.6432249,
              -34.6302744
            ],
            [
              -58.6432105,
              -34.6301669
            ],
            [
              -58.6431961,
              -34.6300594
            ],
            [
              -58.6431817,
              -34.6299519
            ],
            [
              -58.6431654,
              -34.62983
            ],
            [
              -58.6430945,
              -34.6297609
            ],
            [
              -58.6430355,
              -34.6297034
            ],
            [
              -58.642964,
              -34.6296378
            ],
            [
              -58.6428899,
              -34.6295698
            ],
            [
              -58.6427819,
              -34.6294763
            ],
            [
              -58.6427373,
              -34.6294379
            ],
            [
              -58.6427355,
              -34.6294362
            ]
          ]
        ]
      }
    },
    {
      "type": "Feature",
      "properties": {
        "cca": "135040G00000000012000",
        "ara1": 4482.16,
        "sag": "ARBA",
        "source_name": "ARBA GeoARBA",
        "source_url": "https://www.arba.gov.ar/geoarba/inicio.asp",
        "source_layer": "Quinta",
        "source_archive": "135_quinta.tar.gz",
        "wfs_type": "idera:Quinta",
        "input_crs": "EPSG:5347",
        "generated_at": "2026-06-13T00:57:25.261787+00:00",
        "assigned_zone_name": "El Libertador",
        "data_confidence": "high"
      },
      "geometry": {
        "type": "Polygon",
        "coordinates": [
          [
            [
              -58.6432659,
              -34.6308539
            ],
            [
              -58.6431215,
              -34.6308662
            ],
            [
              -58.6430129,
              -34.6308754
            ],
            [
              -58.6429074,
              -34.6308844
            ],
            [
              -58.6427923,
              -34.6308943
            ],
            [
              -58.6424729,
              -34.6309214
            ],
            [
              -58.6423636,
              -34.6309307
            ],
            [
              -58.6422549,
              -34.6309399
            ],
            [
              -58.6421484,
              -34.630949
            ],
            [
              -58.6420388,
              -34.6309583
            ],
            [
              -58.6419293,
              -34.6309677
            ],
            [
              -58.6418165,
              -34.6309773
            ],
            [
              -58.6416961,
              -34.6309875
            ],
            [
              -58.641712,
              -34.6311088
            ],
            [
              -58.6417205,
              -34.6311728
            ],
            [
              -58.6417321,
              -34.6312613
            ],
            [
              -58.6418224,
              -34.6312535
            ],
            [
              -58.6420725,
              -34.6312318
            ],
            [
              -58.6421823,
              -34.6312224
            ],
            [
              -58.6422918,
              -34.6312129
            ],
            [
              -58.6423993,
              -34.6312036
            ],
            [
              -58.6425079,
              -34.6311942
            ],
            [
              -58.6426101,
              -34.6311854
            ],
            [
              -58.6427656,
              -34.6311719
            ],
            [
              -58.6428779,
              -34.6311623
            ],
            [
              -58.6429384,
              -34.631157
            ],
            [
              -58.6430498,
              -34.6311474
            ],
            [
              -58.6431873,
              -34.6311355
            ],
            [
              -58.6433294,
              -34.6311232
            ],
            [
              -58.6433139,
              -34.6309998
            ],
            [
              -58.6432982,
              -34.6308742
            ],
            [
              -58.6432659,
              -34.6308539
            ]
          ]
        ]
      }
    },
    {
      "type": "Feature",
      "properties": {
        "cca": "135040E00000000027000",
        "ara1": 7739.77,
        "sag": "ARBA",
        "source_name": "ARBA GeoARBA",
        "source_url": "https://www.arba.gov.ar/geoarba/inicio.asp",
        "source_layer": "Quinta",
        "source_archive": "135_quinta.tar.gz",
        "wfs_type": "idera:Quinta",
        "input_crs": "EPSG:5347",
        "generated_at": "2026-06-13T00:57:25.261787+00:00",
        "assigned_zone_name": "Parque Jhonston",
        "data_confidence": "high"
      },
      "geometry": {
        "type": "MultiPolygon",
        "coordinates": [
          [
            [
              [
                -58.6390724,
                -34.5996357
              ],
              [
                -58.63945,
                -34.5993358
              ],
              [
                -58.6391657,
                -34.5990953
              ],
              [
                -58.6391234,
                -34.5990596
              ],
              [
                -58.6389682,
                -34.5991806
              ],
              [
                -58.6387395,
                -34.5993645
              ],
              [
                -58.6390724,
                -34.5996357
              ]
            ]
          ],
          [
            [
              [
                -58.6398208,
                -34.5983871
              ],
              [
                -58.6395491,
                -34.5981585
              ],
              [
                -58.63963,
                -34.5980923
              ],
              [
                -58.6397076,
                -34.5980306
              ],
              [
                -58.6397888,
                -34.5979662
              ],
              [
                -58.6398679,
                -34.5979048
              ],
              [
                -58.6401015,
                -34.5977179
              ],
              [
                -58.6398339,
                -34.5974853
              ],
              [
                -58.6397725,
                -34.5974845
              ],
              [
                -58.6392519,
                -34.5979052
              ],
              [
                -58.6389793,
                -34.5981256
              ],
              [
                -58.6395978,
                -34.5986576
              ],
              [
                -58.6398764,
                -34.5984354
              ],
              [
                -58.6398208,
                -34.5983871
              ]
            ]
          ]
        ]
      }
    },
    {
      "type": "Feature",
      "properties": {
        "cca": "135040G00000000013000",
        "ara1": 4622.7,
        "sag": "ARBA",
        "source_name": "ARBA GeoARBA",
        "source_url": "https://www.arba.gov.ar/geoarba/inicio.asp",
        "source_layer": "Quinta",
        "source_archive": "135_quinta.tar.gz",
        "wfs_type": "idera:Quinta",
        "input_crs": "EPSG:5347",
        "generated_at": "2026-06-13T00:57:25.261787+00:00",
        "assigned_zone_name": "El Libertador",
        "data_confidence": "high"
      },
      "geometry": {
        "type": "Polygon",
        "coordinates": [
          [
            [
              -58.6412371,
              -34.6310262
            ],
            [
              -58.6411586,
              -34.6310327
            ],
            [
              -58.6410232,
              -34.631044
            ],
            [
              -58.6407941,
              -34.631063
            ],
            [
              -58.640637,
              -34.6310761
            ],
            [
              -58.6404731,
              -34.6310897
            ],
            [
              -58.6403114,
              -34.6311031
            ],
            [
              -58.6401503,
              -34.6311166
            ],
            [
              -58.6399924,
              -34.6311297
            ],
            [
              -58.6396972,
              -34.6311542
            ],
            [
              -58.6396493,
              -34.6311966
            ],
            [
              -58.6396533,
              -34.6312484
            ],
            [
              -58.6396602,
              -34.6313384
            ],
            [
              -58.6396668,
              -34.631423
            ],
            [
              -58.639764,
              -34.6314167
            ],
            [
              -58.6400706,
              -34.6313973
            ],
            [
              -58.6401793,
              -34.6313903
            ],
            [
              -58.6403456,
              -34.6313797
            ],
            [
              -58.6405011,
              -34.6313698
            ],
            [
              -58.640669,
              -34.6313591
            ],
            [
              -58.6408295,
              -34.6313489
            ],
            [
              -58.6410624,
              -34.631334
            ],
            [
              -58.6411734,
              -34.6313269
            ],
            [
              -58.6412633,
              -34.6313212
            ],
            [
              -58.6412883,
              -34.6312937
            ],
            [
              -58.6412754,
              -34.6311804
            ],
            [
              -58.6412671,
              -34.6311078
            ],
            [
              -58.6412595,
              -34.6310411
            ],
            [
              -58.6412371,
              -34.6310262
            ]
          ]
        ]
      }
    },
    {
      "type": "Feature",
      "properties": {
        "cca": "135040G00000000011000",
        "ara1": 4510.83,
        "sag": "ARBA",
        "source_name": "ARBA GeoARBA",
        "source_url": "https://www.arba.gov.ar/geoarba/inicio.asp",
        "source_layer": "Quinta",
        "source_archive": "135_quinta.tar.gz",
        "wfs_type": "idera:Quinta",
        "input_crs": "EPSG:5347",
        "generated_at": "2026-06-13T00:57:25.261787+00:00",
        "assigned_zone_name": "El Libertador",
        "data_confidence": "high"
      },
      "geometry": {
        "type": "Polygon",
        "coordinates": [
          [
            [
              -58.6450653,
              -34.630701
            ],
            [
              -58.6449252,
              -34.630713
            ],
            [
              -58.6447736,
              -34.6307259
            ],
            [
              -58.644666,
              -34.630735
            ],
            [
              -58.6445555,
              -34.6307445
            ],
            [
              -58.6444498,
              -34.6307534
            ],
            [
              -58.6442848,
              -34.6307675
            ],
            [
              -58.6441206,
              -34.6307815
            ],
            [
              -58.6435055,
              -34.6308339
            ],
            [
              -58.6434656,
              -34.6308751
            ],
            [
              -58.6434893,
              -34.631069
            ],
            [
              -58.6435379,
              -34.6311027
            ],
            [
              -58.6441546,
              -34.6310495
            ],
            [
              -58.6443147,
              -34.6310357
            ],
            [
              -58.6444797,
              -34.6310222
            ],
            [
              -58.644588,
              -34.6310133
            ],
            [
              -58.6446987,
              -34.6310042
            ],
            [
              -58.6448044,
              -34.6309956
            ],
            [
              -58.6451015,
              -34.6309712
            ],
            [
              -58.6451329,
              -34.6309418
            ],
            [
              -58.6451169,
              -34.63081
            ],
            [
              -58.6451071,
              -34.6307296
            ],
            [
              -58.6450653,
              -34.630701
            ]
          ]
        ]
      }
    },
    {
      "type": "Feature",
      "properties": {
        "cca": "135040B00000000019000",
        "ara1": 26408.78,
        "sag": "ARBA",
        "source_name": "ARBA GeoARBA",
        "source_url": "https://www.arba.gov.ar/geoarba/inicio.asp",
        "source_layer": "Quinta",
        "source_archive": "135_quinta.tar.gz",
        "wfs_type": "idera:Quinta",
        "input_crs": "EPSG:5347",
        "generated_at": "2026-06-13T00:57:25.261787+00:00",
        "assigned_zone_name": "Roca 2",
        "data_confidence": "high"
      },
      "geometry": {
        "type": "Polygon",
        "coordinates": [
          [
            [
              -58.6526932,
              -34.5762591
            ],
            [
              -58.6526718,
              -34.5762402
            ],
            [
              -58.6525821,
              -34.5763102
            ],
            [
              -58.6524704,
              -34.5763972
            ],
            [
              -58.6523565,
              -34.576486
            ],
            [
              -58.652269,
              -34.576554
            ],
            [
              -58.6521949,
              -34.5766117
            ],
            [
              -58.6521164,
              -34.5766729
            ],
            [
              -58.6520388,
              -34.5767334
            ],
            [
              -58.6519599,
              -34.5767948
            ],
            [
              -58.6518774,
              -34.5768591
            ],
            [
              -58.6517976,
              -34.5769213
            ],
            [
              -58.6517184,
              -34.5769829
            ],
            [
              -58.6516389,
              -34.5770449
            ],
            [
              -58.6515571,
              -34.5771086
            ],
            [
              -58.6514794,
              -34.5771691
            ],
            [
              -58.6514007,
              -34.5772305
            ],
            [
              -58.6513213,
              -34.5772922
            ],
            [
              -58.6512435,
              -34.5773528
            ],
            [
              -58.6511647,
              -34.5774143
            ],
            [
              -58.6510816,
              -34.577479
            ],
            [
              -58.6510059,
              -34.577538
            ],
            [
              -58.6509324,
              -34.5775952
            ],
            [
              -58.650846,
              -34.5776626
            ],
            [
              -58.6507655,
              -34.5777252
            ],
            [
              -58.6506878,
              -34.5777858
            ],
            [
              -58.6506077,
              -34.5778482
            ],
            [
              -58.6505294,
              -34.5779091
            ],
            [
              -58.6504475,
              -34.5779729
            ],
            [
              -58.6503377,
              -34.5780585
            ],
            [
              -58.6502542,
              -34.5781235
            ],
            [
              -58.6502506,
              -34.5781792
            ],
            [
              -58.6503131,
              -34.5782341
            ],
            [
              -58.6503886,
              -34.5783003
            ],
            [
              -58.6504637,
              -34.5783661
            ],
            [
              -58.6505385,
              -34.5784316
            ],
            [
              -58.6506328,
              -34.5785143
            ],
            [
              -58.6506866,
              -34.5785614
            ],
            [
              -58.6507635,
              -34.5786289
            ],
            [
              -58.6508254,
              -34.5786832
            ],
            [
              -58.6508933,
              -34.5786851
            ],
            [
              -58.6510111,
              -34.5785932
            ],
            [
              -58.6510575,
              -34.578557
            ],
            [
              -58.65117,
              -34.5784694
            ],
            [
              -58.6512483,
              -34.5784081
            ],
            [
              -58.651328,
              -34.578346
            ],
            [
              -58.6514068,
              -34.5782845
            ],
            [
              -58.6515672,
              -34.5781595
            ],
            [
              -58.6516452,
              -34.5780986
            ],
            [
              -58.6517203,
              -34.5780401
            ],
            [
              -58.6518057,
              -34.5779735
            ],
            [
              -58.6518857,
              -34.577911
            ],
            [
              -58.6519633,
              -34.5778505
            ],
            [
              -58.6520434,
              -34.577788
            ],
            [
              -58.6521198,
              -34.5777284
            ],
            [
              -58.6521992,
              -34.5776666
            ],
            [
              -58.6523568,
              -34.5775436
            ],
            [
              -58.6525166,
              -34.577419
            ],
            [
              -58.6526236,
              -34.5773355
            ],
            [
              -58.6526778,
              -34.5772932
            ],
            [
              -58.6527564,
              -34.5772319
            ],
            [
              -58.652836,
              -34.5771699
            ],
            [
              -58.652933,
              -34.5770942
            ],
            [
              -58.6529973,
              -34.5770439
            ],
            [
              -58.6530711,
              -34.5769864
            ],
            [
              -58.6531517,
              -34.5769236
            ],
            [
              -58.6533092,
              -34.5768008
            ],
            [
              -58.6532147,
              -34.5767177
            ],
            [
              -58.6531521,
              -34.5766626
            ],
            [
              -58.6530878,
              -34.5766062
            ],
            [
              -58.6529915,
              -34.5765214
            ],
            [
              -58.6529161,
              -34.5764551
            ],
            [
              -58.6528417,
              -34.5763896
            ],
            [
              -58.6527458,
              -34.5763054
            ],
            [
              -58.6526932,
              -34.5762591
            ]
          ]
        ]
      }
    },
    {
      "type": "Feature",
      "properties": {
        "cca": "135040B00000000018000",
        "ara1": 35863.9,
        "sag": "ARBA",
        "source_name": "ARBA GeoARBA",
        "source_url": "https://www.arba.gov.ar/geoarba/inicio.asp",
        "source_layer": "Quinta",
        "source_archive": "135_quinta.tar.gz",
        "wfs_type": "idera:Quinta",
        "input_crs": "EPSG:5347",
        "generated_at": "2026-06-13T00:57:25.261787+00:00",
        "assigned_zone_name": "Roca 1",
        "data_confidence": "high"
      },
      "geometry": {
        "type": "Polygon",
        "coordinates": [
          [
            [
              -58.6556693,
              -34.574641
            ],
            [
              -58.6555969,
              -34.5745774
            ],
            [
              -58.6555217,
              -34.5745112
            ],
            [
              -58.6554466,
              -34.574445
            ],
            [
              -58.6553713,
              -34.5743788
            ],
            [
              -58.6552554,
              -34.5742768
            ],
            [
              -58.6551881,
              -34.5742787
            ],
            [
              -58.6546955,
              -34.574662
            ],
            [
              -58.6546165,
              -34.5747235
            ],
            [
              -58.6545342,
              -34.5747875
            ],
            [
              -58.6543763,
              -34.5749103
            ],
            [
              -58.6542975,
              -34.5749716
            ],
            [
              -58.654217,
              -34.5750343
            ],
            [
              -58.6540574,
              -34.5751585
            ],
            [
              -58.6538984,
              -34.5752823
            ],
            [
              -58.6537362,
              -34.5754085
            ],
            [
              -58.6535864,
              -34.575525
            ],
            [
              -58.6534187,
              -34.5756555
            ],
            [
              -58.6532675,
              -34.5757731
            ],
            [
              -58.653106,
              -34.5758988
            ],
            [
              -58.6530279,
              -34.5759596
            ],
            [
              -58.6529465,
              -34.5760229
            ],
            [
              -58.6528185,
              -34.5761224
            ],
            [
              -58.6528184,
              -34.5761723
            ],
            [
              -58.6528642,
              -34.5762123
            ],
            [
              -58.6529449,
              -34.576283
            ],
            [
              -58.6530182,
              -34.5763471
            ],
            [
              -58.6530937,
              -34.5764131
            ],
            [
              -58.6531695,
              -34.5764794
            ],
            [
              -58.6532412,
              -34.5765421
            ],
            [
              -58.6533193,
              -34.5766104
            ],
            [
              -58.6534133,
              -34.5766926
            ],
            [
              -58.6534752,
              -34.5766991
            ],
            [
              -58.6535341,
              -34.5766683
            ],
            [
              -58.6536265,
              -34.57662
            ],
            [
              -58.6537176,
              -34.5765725
            ],
            [
              -58.6538112,
              -34.5765235
            ],
            [
              -58.6539026,
              -34.5764758
            ],
            [
              -58.6539931,
              -34.5764285
            ],
            [
              -58.654084,
              -34.576381
            ],
            [
              -58.6542702,
              -34.5762837
            ],
            [
              -58.6544537,
              -34.5761878
            ],
            [
              -58.6545449,
              -34.5761402
            ],
            [
              -58.6546411,
              -34.5760899
            ],
            [
              -58.6548244,
              -34.5759941
            ],
            [
              -58.65501,
              -34.5758972
            ],
            [
              -58.6551936,
              -34.5758017
            ],
            [
              -58.6553784,
              -34.5757056
            ],
            [
              -58.6555612,
              -34.5756106
            ],
            [
              -58.655654,
              -34.5755624
            ],
            [
              -58.6557471,
              -34.575514
            ],
            [
              -58.65584,
              -34.5754656
            ],
            [
              -58.6559322,
              -34.5754178
            ],
            [
              -58.6560252,
              -34.5753694
            ],
            [
              -58.6561156,
              -34.5753224
            ],
            [
              -58.6562775,
              -34.5752383
            ],
            [
              -58.6562863,
              -34.5751841
            ],
            [
              -58.6562022,
              -34.57511
            ],
            [
              -58.6561205,
              -34.5750381
            ],
            [
              -58.6560461,
              -34.5749726
            ],
            [
              -58.6559718,
              -34.5749073
            ],
            [
              -58.6558977,
              -34.574842
            ],
            [
              -58.6558236,
              -34.5747767
            ],
            [
              -58.6556693,
              -34.574641
            ]
          ]
        ]
      }
    },
    {
      "type": "Feature",
      "properties": {
        "cca": "135040B00000000024000",
        "ara1": 12504.06,
        "sag": "ARBA",
        "source_name": "ARBA GeoARBA",
        "source_url": "https://www.arba.gov.ar/geoarba/inicio.asp",
        "source_layer": "Quinta",
        "source_archive": "135_quinta.tar.gz",
        "wfs_type": "idera:Quinta",
        "input_crs": "EPSG:5347",
        "generated_at": "2026-06-13T00:57:25.261787+00:00",
        "assigned_zone_name": "Roca 1",
        "data_confidence": "high"
      },
      "geometry": {
        "type": "Polygon",
        "coordinates": [
          [
            [
              -58.6574813,
              -34.5762324
            ],
            [
              -58.6574083,
              -34.5761686
            ],
            [
              -58.6573386,
              -34.5761075
            ],
            [
              -58.6571832,
              -34.5759713
            ],
            [
              -58.6570345,
              -34.5758412
            ],
            [
              -58.6568832,
              -34.5757087
            ],
            [
              -58.6568087,
              -34.5756434
            ],
            [
              -58.6567332,
              -34.5755773
            ],
            [
              -58.6566594,
              -34.5755127
            ],
            [
              -58.6565835,
              -34.5754462
            ],
            [
              -58.6565092,
              -34.5753811
            ],
            [
              -58.6564561,
              -34.5753345
            ],
            [
              -58.6564051,
              -34.5753293
            ],
            [
              -58.6562464,
              -34.5754121
            ],
            [
              -58.6561541,
              -34.5754603
            ],
            [
              -58.655969,
              -34.5755569
            ],
            [
              -58.6562623,
              -34.5759417
            ],
            [
              -58.6562629,
              -34.5759425
            ],
            [
              -58.6563226,
              -34.5760208
            ],
            [
              -58.6563807,
              -34.576097
            ],
            [
              -58.6564551,
              -34.5761948
            ],
            [
              -58.6564978,
              -34.5762507
            ],
            [
              -58.6565429,
              -34.5763098
            ],
            [
              -58.6566141,
              -34.5764033
            ],
            [
              -58.6567368,
              -34.5765642
            ],
            [
              -58.6567873,
              -34.5766305
            ],
            [
              -58.6570323,
              -34.5769518
            ],
            [
              -58.6572174,
              -34.5768555
            ],
            [
              -58.6574029,
              -34.5767591
            ],
            [
              -58.6574957,
              -34.5767108
            ],
            [
              -58.6575866,
              -34.5766636
            ],
            [
              -58.6577942,
              -34.5765556
            ],
            [
              -58.6577935,
              -34.5765059
            ],
            [
              -58.6577042,
              -34.5764277
            ],
            [
              -58.6576294,
              -34.5763622
            ],
            [
              -58.6575571,
              -34.5762988
            ],
            [
              -58.6574813,
              -34.5762324
            ]
          ]
        ]
      }
    },
    {
      "type": "Feature",
      "properties": {
        "cca": "135040B00000000030000",
        "ara1": 10067.43,
        "sag": "ARBA",
        "source_name": "ARBA GeoARBA",
        "source_url": "https://www.arba.gov.ar/geoarba/inicio.asp",
        "source_layer": "Quinta",
        "source_archive": "135_quinta.tar.gz",
        "wfs_type": "idera:Quinta",
        "input_crs": "EPSG:5347",
        "generated_at": "2026-06-13T00:57:25.261787+00:00",
        "assigned_zone_name": "Roca 1",
        "data_confidence": "high"
      },
      "geometry": {
        "type": "Polygon",
        "coordinates": [
          [
            [
              -58.657191,
              -34.577029
            ],
            [
              -58.6569351,
              -34.5771631
            ],
            [
              -58.6569181,
              -34.5772179
            ],
            [
              -58.6574142,
              -34.5778694
            ],
            [
              -58.6577138,
              -34.5777132
            ],
            [
              -58.6578022,
              -34.5776673
            ],
            [
              -58.6578992,
              -34.5776167
            ],
            [
              -58.6584495,
              -34.5773299
            ],
            [
              -58.6583836,
              -34.5772433
            ],
            [
              -58.6583256,
              -34.5771669
            ],
            [
              -58.6582676,
              -34.5770906
            ],
            [
              -58.6581911,
              -34.5769901
            ],
            [
              -58.6581332,
              -34.5769138
            ],
            [
              -58.6580751,
              -34.5768375
            ],
            [
              -58.6579494,
              -34.5766715
            ],
            [
              -58.6578905,
              -34.5766656
            ],
            [
              -58.6578367,
              -34.5766932
            ],
            [
              -58.6577445,
              -34.5767411
            ],
            [
              -58.6576522,
              -34.5767891
            ],
            [
              -58.65756,
              -34.5768371
            ],
            [
              -58.6573755,
              -34.576933
            ],
            [
              -58.6572833,
              -34.5769809
            ],
            [
              -58.657191,
              -34.577029
            ]
          ]
        ]
      }
    },
    {
      "type": "Feature",
      "properties": {
        "cca": "135040B00000000032000",
        "ara1": 7374.14,
        "sag": "ARBA",
        "source_name": "ARBA GeoARBA",
        "source_url": "https://www.arba.gov.ar/geoarba/inicio.asp",
        "source_layer": "Quinta",
        "source_archive": "135_quinta.tar.gz",
        "wfs_type": "idera:Quinta",
        "input_crs": "EPSG:5347",
        "generated_at": "2026-06-13T00:57:25.261787+00:00",
        "assigned_zone_name": "Roca 2",
        "data_confidence": "high"
      },
      "geometry": {
        "type": "MultiPolygon",
        "coordinates": [
          [
            [
              [
                -58.6509424,
                -34.5812519
              ],
              [
                -58.6508721,
                -34.5811584
              ],
              [
                -58.650803,
                -34.5810666
              ],
              [
                -58.650734,
                -34.5809747
              ],
              [
                -58.650665,
                -34.5808829
              ],
              [
                -58.6505964,
                -34.5807918
              ],
              [
                -58.6504247,
                -34.5805634
              ],
              [
                -58.6503342,
                -34.5806106
              ],
              [
                -58.6502656,
                -34.5806463
              ],
              [
                -58.6502554,
                -34.5806836
              ],
              [
                -58.6502639,
                -34.5806947
              ],
              [
                -58.6504112,
                -34.580887
              ],
              [
                -58.6504523,
                -34.5809407
              ],
              [
                -58.6505293,
                -34.5810413
              ],
              [
                -58.6505895,
                -34.5811198
              ],
              [
                -58.6506471,
                -34.581195
              ],
              [
                -58.6507059,
                -34.5812719
              ],
              [
                -58.6507631,
                -34.5813467
              ],
              [
                -58.6508762,
                -34.5812869
              ],
              [
                -58.6509424,
                -34.5812519
              ]
            ]
          ],
          [
            [
              [
                -58.6511626,
                -34.5801792
              ],
              [
                -58.6513027,
                -34.5803656
              ],
              [
                -58.6513852,
                -34.5804752
              ],
              [
                -58.6514543,
                -34.5805671
              ],
              [
                -58.6515233,
                -34.5806589
              ],
              [
                -58.6515927,
                -34.5807511
              ],
              [
                -58.6516848,
                -34.5807036
              ],
              [
                -58.6517791,
                -34.5806548
              ],
              [
                -58.6518935,
                -34.5805957
              ],
              [
                -58.6520095,
                -34.5805358
              ],
              [
                -58.6521352,
                -34.5804708
              ],
              [
                -58.652258,
                -34.5804074
              ],
              [
                -58.6522682,
                -34.5803709
              ],
              [
                -58.6521938,
                -34.5802729
              ],
              [
                -58.6521597,
                -34.5802279
              ],
              [
                -58.6520931,
                -34.5801403
              ],
              [
                -58.6520246,
                -34.58005
              ],
              [
                -58.6519642,
                -34.5799705
              ],
              [
                -58.6518681,
                -34.5798439
              ],
              [
                -58.651823,
                -34.5798355
              ],
              [
                -58.6517262,
                -34.5798858
              ],
              [
                -58.6516583,
                -34.5799212
              ],
              [
                -58.6515723,
                -34.5799659
              ],
              [
                -58.651458,
                -34.5800255
              ],
              [
                -58.6513435,
                -34.5800851
              ],
              [
                -58.6512895,
                -34.5801132
              ],
              [
                -58.6511626,
                -34.5801792
              ]
            ]
          ]
        ]
      }
    },
    {
      "type": "Feature",
      "properties": {
        "cca": "135040G00000000010000",
        "ara1": 17589.56,
        "sag": "ARBA",
        "source_name": "ARBA GeoARBA",
        "source_url": "https://www.arba.gov.ar/geoarba/inicio.asp",
        "source_layer": "Quinta",
        "source_archive": "135_quinta.tar.gz",
        "wfs_type": "idera:Quinta",
        "input_crs": "EPSG:5347",
        "generated_at": "2026-06-13T00:57:25.261787+00:00",
        "assigned_zone_name": "El Libertador",
        "data_confidence": "high"
      },
      "geometry": {
        "type": "Polygon",
        "coordinates": [
          [
            [
              -58.6393829,
              -34.6303696
            ],
            [
              -58.6393588,
              -34.6301814
            ],
            [
              -58.6393109,
              -34.6301494
            ],
            [
              -58.6389368,
              -34.630182
            ],
            [
              -58.6387199,
              -34.630201
            ],
            [
              -58.6385031,
              -34.6302199
            ],
            [
              -58.6382862,
              -34.6302389
            ],
            [
              -58.6380694,
              -34.6302579
            ],
            [
              -58.6378526,
              -34.6302768
            ],
            [
              -58.637717,
              -34.6302887
            ],
            [
              -58.6375814,
              -34.6303005
            ],
            [
              -58.6374767,
              -34.6303097
            ],
            [
              -58.6374476,
              -34.6303394
            ],
            [
              -58.6374678,
              -34.6304977
            ],
            [
              -58.6374794,
              -34.6305873
            ],
            [
              -58.6374908,
              -34.630677
            ],
            [
              -58.6375023,
              -34.6307666
            ],
            [
              -58.6375138,
              -34.6308562
            ],
            [
              -58.6375252,
              -34.6309459
            ],
            [
              -58.6375367,
              -34.6310354
            ],
            [
              -58.6375553,
              -34.6311819
            ],
            [
              -58.6375914,
              -34.6312059
            ],
            [
              -58.6376961,
              -34.6311968
            ],
            [
              -58.6378316,
              -34.6311849
            ],
            [
              -58.6379671,
              -34.6311731
            ],
            [
              -58.638184,
              -34.6311541
            ],
            [
              -58.6384009,
              -34.6311352
            ],
            [
              -58.6386177,
              -34.6311162
            ],
            [
              -58.6388346,
              -34.6310973
            ],
            [
              -58.6390515,
              -34.6310783
            ],
            [
              -58.6392602,
              -34.63106
            ],
            [
              -58.6394253,
              -34.6310469
            ],
            [
              -58.6394641,
              -34.6310077
            ],
            [
              -58.63944,
              -34.6308194
            ],
            [
              -58.6394114,
              -34.6305954
            ],
            [
              -58.639397,
              -34.6304834
            ],
            [
              -58.6393829,
              -34.6303696
            ]
          ]
        ]
      }
    },
    {
      "type": "Feature",
      "properties": {
        "cca": "135040B00000000031000",
        "ara1": 24467.9,
        "sag": "ARBA",
        "source_name": "ARBA GeoARBA",
        "source_url": "https://www.arba.gov.ar/geoarba/inicio.asp",
        "source_layer": "Quinta",
        "source_archive": "135_quinta.tar.gz",
        "wfs_type": "idera:Quinta",
        "input_crs": "EPSG:5347",
        "generated_at": "2026-06-13T00:57:25.261787+00:00",
        "assigned_zone_name": "Roca 2",
        "data_confidence": "high"
      },
      "geometry": {
        "type": "Polygon",
        "coordinates": [
          [
            [
              -58.6533317,
              -34.5795677
            ],
            [
              -58.6532738,
              -34.5794902
            ],
            [
              -58.6532169,
              -34.5794139
            ],
            [
              -58.6531603,
              -34.5793379
            ],
            [
              -58.6531014,
              -34.5792589
            ],
            [
              -58.6530637,
              -34.5792078
            ],
            [
              -58.6530194,
              -34.5791977
            ],
            [
              -58.6528179,
              -34.5793028
            ],
            [
              -58.6527228,
              -34.5793522
            ],
            [
              -58.6526314,
              -34.5793996
            ],
            [
              -58.6525302,
              -34.579452
            ],
            [
              -58.6524298,
              -34.579504
            ],
            [
              -58.6523239,
              -34.5795588
            ],
            [
              -58.6522272,
              -34.5796089
            ],
            [
              -58.6521138,
              -34.5796678
            ],
            [
              -58.6520417,
              -34.5797051
            ],
            [
              -58.6520317,
              -34.5797538
            ],
            [
              -58.6521937,
              -34.5799685
            ],
            [
              -58.6522664,
              -34.5800646
            ],
            [
              -58.6523535,
              -34.58018
            ],
            [
              -58.6524243,
              -34.5802739
            ],
            [
              -58.6524673,
              -34.5802837
            ],
            [
              -58.6526211,
              -34.5802033
            ],
            [
              -58.6527336,
              -34.5801445
            ],
            [
              -58.6528419,
              -34.5800878
            ],
            [
              -58.65296,
              -34.5800261
            ],
            [
              -58.6530637,
              -34.5799717
            ],
            [
              -58.6531524,
              -34.579925
            ],
            [
              -58.6532463,
              -34.5798756
            ],
            [
              -58.6532759,
              -34.5799159
            ],
            [
              -58.6533312,
              -34.5799907
            ],
            [
              -58.6536059,
              -34.5798479
            ],
            [
              -58.653889,
              -34.5797008
            ],
            [
              -58.6540761,
              -34.5796035
            ],
            [
              -58.6542608,
              -34.5795074
            ],
            [
              -58.6544431,
              -34.5794127
            ],
            [
              -58.6546396,
              -34.5793105
            ],
            [
              -58.6549013,
              -34.5791744
            ],
            [
              -58.6552672,
              -34.5789842
            ],
            [
              -58.6552077,
              -34.5789092
            ],
            [
              -58.6551465,
              -34.5788323
            ],
            [
              -58.6550838,
              -34.5787538
            ],
            [
              -58.6549994,
              -34.5786471
            ],
            [
              -58.6549368,
              -34.5785681
            ],
            [
              -58.6548805,
              -34.5784938
            ],
            [
              -58.654811,
              -34.5784021
            ],
            [
              -58.6547543,
              -34.5783273
            ],
            [
              -58.6546999,
              -34.5783169
            ],
            [
              -58.6546347,
              -34.5783509
            ],
            [
              -58.6545119,
              -34.5784154
            ],
            [
              -58.6544124,
              -34.5784676
            ],
            [
              -58.6543124,
              -34.5785198
            ],
            [
              -58.6542095,
              -34.5785737
            ],
            [
              -58.6541084,
              -34.5786267
            ],
            [
              -58.653934,
              -34.578718
            ],
            [
              -58.653739,
              -34.57882
            ],
            [
              -58.653555,
              -34.5789164
            ],
            [
              -58.6534589,
              -34.5789669
            ],
            [
              -58.6533671,
              -34.5790148
            ],
            [
              -58.6531657,
              -34.5791203
            ],
            [
              -58.6531593,
              -34.579156
            ],
            [
              -58.6531983,
              -34.5792076
            ],
            [
              -58.6532569,
              -34.579285
            ],
            [
              -58.6533146,
              -34.5793612
            ],
            [
              -58.6533712,
              -34.579436
            ],
            [
              -58.653429,
              -34.5795127
            ],
            [
              -58.6534884,
              -34.579591
            ],
            [
              -58.653542,
              -34.579662
            ],
            [
              -58.6536044,
              -34.5797433
            ],
            [
              -58.6535542,
              -34.5797716
            ],
            [
              -58.6535039,
              -34.5797986
            ],
            [
              -58.653446,
              -34.5797211
            ],
            [
              -58.6533866,
              -34.5796414
            ],
            [
              -58.6533317,
              -34.5795677
            ]
          ]
        ]
      }
    },
    {
      "type": "Feature",
      "properties": {
        "cca": "135040G00000000014000",
        "ara1": 5368.25,
        "sag": "ARBA",
        "source_name": "ARBA GeoARBA",
        "source_url": "https://www.arba.gov.ar/geoarba/inicio.asp",
        "source_layer": "Quinta",
        "source_archive": "135_quinta.tar.gz",
        "wfs_type": "idera:Quinta",
        "input_crs": "EPSG:5347",
        "generated_at": "2026-06-13T00:57:25.261787+00:00",
        "assigned_zone_name": "El Libertador",
        "data_confidence": "high"
      },
      "geometry": {
        "type": "Polygon",
        "coordinates": [
          [
            [
              -58.6386627,
              -34.6312491
            ],
            [
              -58.6384989,
              -34.631262
            ],
            [
              -58.6383361,
              -34.6312749
            ],
            [
              -58.6381732,
              -34.6312877
            ],
            [
              -58.6379702,
              -34.6313037
            ],
            [
              -58.6378292,
              -34.6313148
            ],
            [
              -58.6376881,
              -34.631326
            ],
            [
              -58.6375833,
              -34.6313343
            ],
            [
              -58.6376167,
              -34.6316206
            ],
            [
              -58.6377185,
              -34.6316111
            ],
            [
              -58.6378594,
              -34.631598
            ],
            [
              -58.6380003,
              -34.631585
            ],
            [
              -58.6382036,
              -34.6315662
            ],
            [
              -58.6383662,
              -34.6315511
            ],
            [
              -58.6385288,
              -34.631536
            ],
            [
              -58.6386935,
              -34.6315208
            ],
            [
              -58.6395169,
              -34.631451
            ],
            [
              -58.6394857,
              -34.6311842
            ],
            [
              -58.6386627,
              -34.6312491
            ]
          ]
        ]
      }
    },
    {
      "type": "Feature",
      "properties": {
        "cca": "135040G00000000004000",
        "ara1": 15300.26,
        "sag": "ARBA",
        "source_name": "ARBA GeoARBA",
        "source_url": "https://www.arba.gov.ar/geoarba/inicio.asp",
        "source_layer": "Quinta",
        "source_archive": "135_quinta.tar.gz",
        "wfs_type": "idera:Quinta",
        "input_crs": "EPSG:5347",
        "generated_at": "2026-06-13T00:57:25.261787+00:00",
        "assigned_zone_name": "El Libertador",
        "data_confidence": "high"
      },
      "geometry": {
        "type": "Polygon",
        "coordinates": [
          [
            [
              -58.6447897,
              -34.6286442
            ],
            [
              -58.644786,
              -34.6286415
            ],
            [
              -58.6446028,
              -34.6286565
            ],
            [
              -58.6444938,
              -34.6286654
            ],
            [
              -58.6443868,
              -34.6286742
            ],
            [
              -58.6442781,
              -34.6286831
            ],
            [
              -58.6441695,
              -34.628692
            ],
            [
              -58.6440614,
              -34.6287009
            ],
            [
              -58.6439527,
              -34.6287098
            ],
            [
              -58.6438484,
              -34.6287183
            ],
            [
              -58.6436965,
              -34.6288104
            ],
            [
              -58.6435909,
              -34.6288744
            ],
            [
              -58.6434888,
              -34.6289363
            ],
            [
              -58.6433761,
              -34.6290046
            ],
            [
              -58.6433306,
              -34.629032
            ],
            [
              -58.6432274,
              -34.6290942
            ],
            [
              -58.6431515,
              -34.62914
            ],
            [
              -58.6430645,
              -34.6291924
            ],
            [
              -58.6429594,
              -34.6292558
            ],
            [
              -58.642892,
              -34.6292965
            ],
            [
              -58.6428827,
              -34.6293596
            ],
            [
              -58.6429791,
              -34.6294522
            ],
            [
              -58.6430496,
              -34.6295197
            ],
            [
              -58.6431191,
              -34.6295862
            ],
            [
              -58.643181,
              -34.6296454
            ],
            [
              -58.6432281,
              -34.6296718
            ],
            [
              -58.6433196,
              -34.6296743
            ],
            [
              -58.6434025,
              -34.6296667
            ],
            [
              -58.6435235,
              -34.6296558
            ],
            [
              -58.6435769,
              -34.629651
            ],
            [
              -58.6437977,
              -34.629631
            ],
            [
              -58.6438278,
              -34.6296283
            ],
            [
              -58.6440637,
              -34.6296069
            ],
            [
              -58.6441714,
              -34.6295971
            ],
            [
              -58.6442757,
              -34.6295878
            ],
            [
              -58.6443892,
              -34.6295783
            ],
            [
              -58.6444978,
              -34.6295692
            ],
            [
              -58.6446066,
              -34.6295601
            ],
            [
              -58.6447192,
              -34.6295507
            ],
            [
              -58.6448864,
              -34.6295368
            ],
            [
              -58.6449312,
              -34.6295056
            ],
            [
              -58.6449108,
              -34.6293548
            ],
            [
              -58.6448988,
              -34.629265
            ],
            [
              -58.6448868,
              -34.6291766
            ],
            [
              -58.6448747,
              -34.6290875
            ],
            [
              -58.6448579,
              -34.6289624
            ],
            [
              -58.6448506,
              -34.6289084
            ],
            [
              -58.6448383,
              -34.6288175
            ],
            [
              -58.6448235,
              -34.6287084
            ],
            [
              -58.6448176,
              -34.6286645
            ],
            [
              -58.6447897,
              -34.6286442
            ]
          ]
        ]
      }
    },
    {
      "type": "Feature",
      "properties": {
        "cca": "135040E00000000033000",
        "ara1": 11979.12,
        "sag": "ARBA",
        "source_name": "ARBA GeoARBA",
        "source_url": "https://www.arba.gov.ar/geoarba/inicio.asp",
        "source_layer": "Quinta",
        "source_archive": "135_quinta.tar.gz",
        "wfs_type": "idera:Quinta",
        "input_crs": "EPSG:5347",
        "generated_at": "2026-06-13T00:57:25.261787+00:00",
        "assigned_zone_name": "Villa Tesei Centro",
        "data_confidence": "high"
      },
      "geometry": {
        "type": "Polygon",
        "coordinates": [
          [
            [
              -58.6338263,
              -34.6183702
            ],
            [
              -58.6336,
              -34.6185434
            ],
            [
              -58.6335503,
              -34.6185834
            ],
            [
              -58.6334729,
              -34.6186456
            ],
            [
              -58.6333957,
              -34.6187033
            ],
            [
              -58.6333129,
              -34.6187655
            ],
            [
              -58.6332355,
              -34.6188277
            ],
            [
              -58.6331582,
              -34.61889
            ],
            [
              -58.6330754,
              -34.6189521
            ],
            [
              -58.6329981,
              -34.6190144
            ],
            [
              -58.6329152,
              -34.619081
            ],
            [
              -58.6328379,
              -34.6191387
            ],
            [
              -58.632722,
              -34.6192276
            ],
            [
              -58.6326558,
              -34.6192764
            ],
            [
              -58.6326497,
              -34.6193124
            ],
            [
              -58.632746,
              -34.6194261
            ],
            [
              -58.632778,
              -34.6194716
            ],
            [
              -58.6328635,
              -34.6195762
            ],
            [
              -58.6329168,
              -34.6196489
            ],
            [
              -58.6329809,
              -34.6197262
            ],
            [
              -58.6330396,
              -34.6198035
            ],
            [
              -58.6330983,
              -34.6198808
            ],
            [
              -58.6331625,
              -34.6199581
            ],
            [
              -58.6332213,
              -34.6200309
            ],
            [
              -58.6333067,
              -34.62014
            ],
            [
              -58.63336,
              -34.6202127
            ],
            [
              -58.6334242,
              -34.62029
            ],
            [
              -58.6335685,
              -34.6204674
            ],
            [
              -58.6335903,
              -34.6204677
            ],
            [
              -58.6336213,
              -34.6202336
            ],
            [
              -58.6336282,
              -34.6201481
            ],
            [
              -58.6336404,
              -34.6200716
            ],
            [
              -58.6336534,
              -34.6199411
            ],
            [
              -58.6336657,
              -34.6198556
            ],
            [
              -58.6336781,
              -34.6197656
            ],
            [
              -58.6336905,
              -34.6196756
            ],
            [
              -58.6336973,
              -34.61959
            ],
            [
              -58.6337098,
              -34.6194955
            ],
            [
              -58.6337221,
              -34.6194055
            ],
            [
              -58.6337344,
              -34.61932
            ],
            [
              -58.6337415,
              -34.6192255
            ],
            [
              -58.6337538,
              -34.6191355
            ],
            [
              -58.6337661,
              -34.61905
            ],
            [
              -58.6337786,
              -34.6189555
            ],
            [
              -58.633791,
              -34.6188655
            ],
            [
              -58.6337979,
              -34.6187754
            ],
            [
              -58.6338102,
              -34.61869
            ],
            [
              -58.6338232,
              -34.6185639
            ],
            [
              -58.633848,
              -34.6183794
            ],
            [
              -58.6338263,
              -34.6183702
            ]
          ]
        ]
      }
    },
    {
      "type": "Feature",
      "properties": {
        "cca": "135040A00000000002000",
        "ara1": 64688.59,
        "sag": "ARBA",
        "source_name": "ARBA GeoARBA",
        "source_url": "https://www.arba.gov.ar/geoarba/inicio.asp",
        "source_layer": "Quinta",
        "source_archive": "135_quinta.tar.gz",
        "wfs_type": "idera:Quinta",
        "input_crs": "EPSG:5347",
        "generated_at": "2026-06-13T00:57:25.261787+00:00",
        "assigned_zone_name": "Villa Club",
        "data_confidence": "high"
      },
      "geometry": {
        "type": "Polygon",
        "coordinates": [
          [
            [
              -58.6432623,
              -34.5724032
            ],
            [
              -58.6431623,
              -34.5724808
            ],
            [
              -58.6430405,
              -34.5725753
            ],
            [
              -58.6429605,
              -34.5726374
            ],
            [
              -58.6428789,
              -34.5727007
            ],
            [
              -58.6428142,
              -34.5727509
            ],
            [
              -58.6425872,
              -34.5729271
            ],
            [
              -58.6424744,
              -34.5730146
            ],
            [
              -58.6423662,
              -34.5730987
            ],
            [
              -58.6422493,
              -34.5731907
            ],
            [
              -58.6421332,
              -34.573282
            ],
            [
              -58.6420198,
              -34.5733712
            ],
            [
              -58.6419288,
              -34.5734428
            ],
            [
              -58.6418445,
              -34.5735091
            ],
            [
              -58.6417949,
              -34.5735474
            ],
            [
              -58.6416856,
              -34.5736319
            ],
            [
              -58.6415674,
              -34.5737231
            ],
            [
              -58.6415064,
              -34.5737702
            ],
            [
              -58.6413519,
              -34.5738894
            ],
            [
              -58.6412352,
              -34.5739791
            ],
            [
              -58.6406545,
              -34.574437
            ],
            [
              -58.6407456,
              -34.5745172
            ],
            [
              -58.6408213,
              -34.5745836
            ],
            [
              -58.6408963,
              -34.5746496
            ],
            [
              -58.6409717,
              -34.574716
            ],
            [
              -58.6410452,
              -34.5747806
            ],
            [
              -58.6411205,
              -34.5748468
            ],
            [
              -58.6412251,
              -34.5749387
            ],
            [
              -58.6413266,
              -34.5750355
            ],
            [
              -58.641426,
              -34.5751215
            ],
            [
              -58.6415019,
              -34.5751874
            ],
            [
              -58.641594,
              -34.5752672
            ],
            [
              -58.6416514,
              -34.5753169
            ],
            [
              -58.6417267,
              -34.5753822
            ],
            [
              -58.6418041,
              -34.5754491
            ],
            [
              -58.6418792,
              -34.5755142
            ],
            [
              -58.6419789,
              -34.5756006
            ],
            [
              -58.642094,
              -34.5757019
            ],
            [
              -58.6421656,
              -34.5757649
            ],
            [
              -58.6422389,
              -34.5758294
            ],
            [
              -58.6423346,
              -34.5759135
            ],
            [
              -58.6424139,
              -34.5759834
            ],
            [
              -58.6431588,
              -34.5749072
            ],
            [
              -58.6445171,
              -34.5735454
            ],
            [
              -58.644513,
              -34.5734905
            ],
            [
              -58.6432623,
              -34.5724032
            ]
          ]
        ]
      }
    },
    {
      "type": "Feature",
      "properties": {
        "cca": "135040C00000000005000",
        "ara1": 27423.19,
        "sag": "ARBA",
        "source_name": "ARBA GeoARBA",
        "source_url": "https://www.arba.gov.ar/geoarba/inicio.asp",
        "source_layer": "Quinta",
        "source_archive": "135_quinta.tar.gz",
        "wfs_type": "idera:Quinta",
        "input_crs": "EPSG:5347",
        "generated_at": "2026-06-13T00:57:25.261787+00:00",
        "assigned_zone_name": "Hurlingham Centro",
        "data_confidence": "high"
      },
      "geometry": {
        "type": "Polygon",
        "coordinates": [
          [
            [
              -58.6251687,
              -34.5916544
            ],
            [
              -58.6250952,
              -34.5917123
            ],
            [
              -58.6250986,
              -34.591744
            ],
            [
              -58.6252635,
              -34.5918885
            ],
            [
              -58.6253383,
              -34.591954
            ],
            [
              -58.6254131,
              -34.5920195
            ],
            [
              -58.625488,
              -34.5920851
            ],
            [
              -58.6255599,
              -34.5921482
            ],
            [
              -58.625657,
              -34.5922332
            ],
            [
              -58.6257553,
              -34.5923193
            ],
            [
              -58.6258501,
              -34.5924024
            ],
            [
              -58.6259474,
              -34.5924876
            ],
            [
              -58.6260446,
              -34.5925728
            ],
            [
              -58.626166,
              -34.5926791
            ],
            [
              -58.6262935,
              -34.5927908
            ],
            [
              -58.6264213,
              -34.5929027
            ],
            [
              -58.6264322,
              -34.5929122
            ],
            [
              -58.6264994,
              -34.5929712
            ],
            [
              -58.6265668,
              -34.5930302
            ],
            [
              -58.6266434,
              -34.5930973
            ],
            [
              -58.6267313,
              -34.5931744
            ],
            [
              -58.626784,
              -34.5931772
            ],
            [
              -58.6268779,
              -34.5931279
            ],
            [
              -58.6269622,
              -34.5930836
            ],
            [
              -58.6270466,
              -34.5930392
            ],
            [
              -58.6271402,
              -34.59299
            ],
            [
              -58.6275427,
              -34.5927784
            ],
            [
              -58.6277188,
              -34.5926858
            ],
            [
              -58.6278832,
              -34.5925993
            ],
            [
              -58.6276093,
              -34.5923589
            ],
            [
              -58.6273788,
              -34.5921566
            ],
            [
              -58.627192,
              -34.5919926
            ],
            [
              -58.6270053,
              -34.5918287
            ],
            [
              -58.6267629,
              -34.5916159
            ],
            [
              -58.6266833,
              -34.5915461
            ],
            [
              -58.6266037,
              -34.5914762
            ],
            [
              -58.6265203,
              -34.591403
            ],
            [
              -58.6262925,
              -34.591203
            ],
            [
              -58.6262178,
              -34.5911374
            ],
            [
              -58.6260565,
              -34.5909959
            ],
            [
              -58.6260096,
              -34.5909926
            ],
            [
              -58.6259416,
              -34.5910461
            ],
            [
              -58.6258627,
              -34.5911083
            ],
            [
              -58.6257838,
              -34.5911705
            ],
            [
              -58.6257048,
              -34.5912326
            ],
            [
              -58.6256377,
              -34.5912854
            ],
            [
              -58.6256364,
              -34.5913237
            ],
            [
              -58.6257993,
              -34.5914667
            ],
            [
              -58.6258442,
              -34.5915061
            ],
            [
              -58.6259136,
              -34.5915013
            ],
            [
              -58.626063,
              -34.5916325
            ],
            [
              -58.6259657,
              -34.5917091
            ],
            [
              -58.6258668,
              -34.5917868
            ],
            [
              -58.625792,
              -34.5917213
            ],
            [
              -58.6257173,
              -34.5916557
            ],
            [
              -58.6257268,
              -34.5915985
            ],
            [
              -58.6256819,
              -34.5915591
            ],
            [
              -58.6255188,
              -34.5914163
            ],
            [
              -58.6254718,
              -34.5914159
            ],
            [
              -58.6254056,
              -34.5914681
            ],
            [
              -58.6253266,
              -34.5915302
            ],
            [
              -58.6252477,
              -34.5915923
            ],
            [
              -58.6251687,
              -34.5916544
            ]
          ]
        ]
      }
    },
    {
      "type": "Feature",
      "properties": {
        "cca": "135040G00000000009000",
        "ara1": 17541.53,
        "sag": "ARBA",
        "source_name": "ARBA GeoARBA",
        "source_url": "https://www.arba.gov.ar/geoarba/inicio.asp",
        "source_layer": "Quinta",
        "source_archive": "135_quinta.tar.gz",
        "wfs_type": "idera:Quinta",
        "input_crs": "EPSG:5347",
        "generated_at": "2026-06-13T00:57:25.261787+00:00",
        "assigned_zone_name": "El Libertador",
        "data_confidence": "high"
      },
      "geometry": {
        "type": "Polygon",
        "coordinates": [
          [
            [
              -58.6399084,
              -34.6296717
            ],
            [
              -58.6398453,
              -34.6296822
            ],
            [
              -58.6397739,
              -34.6297751
            ],
            [
              -58.6397297,
              -34.6298328
            ],
            [
              -58.6396831,
              -34.6298935
            ],
            [
              -58.6395996,
              -34.6300022
            ],
            [
              -58.6395161,
              -34.6301108
            ],
            [
              -58.6395361,
              -34.6302625
            ],
            [
              -58.6395442,
              -34.6303236
            ],
            [
              -58.6395603,
              -34.6304454
            ],
            [
              -58.6395654,
              -34.6304849
            ],
            [
              -58.6395891,
              -34.6306641
            ],
            [
              -58.6396127,
              -34.6308433
            ],
            [
              -58.6396313,
              -34.6309848
            ],
            [
              -58.6396326,
              -34.6309951
            ],
            [
              -58.6396992,
              -34.6310174
            ],
            [
              -58.6398822,
              -34.6310035
            ],
            [
              -58.6401236,
              -34.6309855
            ],
            [
              -58.6401596,
              -34.6309827
            ],
            [
              -58.6403721,
              -34.6309668
            ],
            [
              -58.6404306,
              -34.6309624
            ],
            [
              -58.6405893,
              -34.6309505
            ],
            [
              -58.640785,
              -34.6309358
            ],
            [
              -58.640809,
              -34.630934
            ],
            [
              -58.6411626,
              -34.6309074
            ],
            [
              -58.6411973,
              -34.6309048
            ],
            [
              -58.6412372,
              -34.6308552
            ],
            [
              -58.6412236,
              -34.6307499
            ],
            [
              -58.6412122,
              -34.6306612
            ],
            [
              -58.6411957,
              -34.6305338
            ],
            [
              -58.6411838,
              -34.6304412
            ],
            [
              -58.6411726,
              -34.630354
            ],
            [
              -58.6411626,
              -34.6302773
            ],
            [
              -58.641154,
              -34.6302103
            ],
            [
              -58.6411087,
              -34.6301362
            ],
            [
              -58.6410086,
              -34.6300975
            ],
            [
              -58.6409193,
              -34.6300629
            ],
            [
              -58.6407431,
              -34.6299948
            ],
            [
              -58.6405937,
              -34.629937
            ],
            [
              -58.6405856,
              -34.6299338
            ],
            [
              -58.640424,
              -34.6298713
            ],
            [
              -58.6402433,
              -34.6298013
            ],
            [
              -58.6400456,
              -34.6297248
            ],
            [
              -58.6399084,
              -34.6296717
            ]
          ]
        ]
      }
    },
    {
      "type": "Feature",
      "properties": {
        "cca": "135040G00000000077000",
        "ara1": 32505.76,
        "sag": "ARBA",
        "source_name": "ARBA GeoARBA",
        "source_url": "https://www.arba.gov.ar/geoarba/inicio.asp",
        "source_layer": "Quinta",
        "source_archive": "135_quinta.tar.gz",
        "wfs_type": "idera:Quinta",
        "input_crs": "EPSG:5347",
        "generated_at": "2026-06-13T00:57:25.261787+00:00",
        "assigned_zone_name": "El Libertador",
        "data_confidence": "high"
      },
      "geometry": {
        "type": "Polygon",
        "coordinates": [
          [
            [
              -58.6509522,
              -34.6248672
            ],
            [
              -58.6509463,
              -34.624863
            ],
            [
              -58.6509398,
              -34.6248596
            ],
            [
              -58.6509365,
              -34.6248582
            ],
            [
              -58.6509293,
              -34.6248559
            ],
            [
              -58.6509219,
              -34.6248545
            ],
            [
              -58.6509143,
              -34.6248538
            ],
            [
              -58.6509067,
              -34.6248539
            ],
            [
              -58.6508991,
              -34.6248549
            ],
            [
              -58.6508918,
              -34.6248567
            ],
            [
              -58.6508869,
              -34.6248584
            ],
            [
              -58.6505952,
              -34.6250994
            ],
            [
              -58.6504943,
              -34.6251828
            ],
            [
              -58.6495532,
              -34.6259553
            ],
            [
              -58.648612,
              -34.6267279
            ],
            [
              -58.6485519,
              -34.6267859
            ],
            [
              -58.6486096,
              -34.6268572
            ],
            [
              -58.6497383,
              -34.6266627
            ],
            [
              -58.6501649,
              -34.6265892
            ],
            [
              -58.6503791,
              -34.6265523
            ],
            [
              -58.6504454,
              -34.6265409
            ],
            [
              -58.6508728,
              -34.6264692
            ],
            [
              -58.6508706,
              -34.6264608
            ],
            [
              -58.6510223,
              -34.6264193
            ],
            [
              -58.6512083,
              -34.6263684
            ],
            [
              -58.6513747,
              -34.6263203
            ],
            [
              -58.6516047,
              -34.6262586
            ],
            [
              -58.6516474,
              -34.6262464
            ],
            [
              -58.6523202,
              -34.6260542
            ],
            [
              -58.6523396,
              -34.6260164
            ],
            [
              -58.6509548,
              -34.6248694
            ],
            [
              -58.6509522,
              -34.6248672
            ]
          ]
        ]
      }
    },
    {
      "type": "Feature",
      "properties": {
        "cca": "135040A00000000004000",
        "ara1": 2926.51,
        "sag": "ARBA",
        "source_name": "ARBA GeoARBA",
        "source_url": "https://www.arba.gov.ar/geoarba/inicio.asp",
        "source_layer": "Quinta",
        "source_archive": "135_quinta.tar.gz",
        "wfs_type": "idera:Quinta",
        "input_crs": "EPSG:5347",
        "generated_at": "2026-06-13T00:57:25.261787+00:00",
        "assigned_zone_name": "Juan B. de Lasalle",
        "data_confidence": "high"
      },
      "geometry": {
        "type": "Polygon",
        "coordinates": [
          [
            [
              -58.6503561,
              -34.5689604
            ],
            [
              -58.6495187,
              -34.5688456
            ],
            [
              -58.6502061,
              -34.569455
            ],
            [
              -58.6505845,
              -34.5691629
            ],
            [
              -58.6503561,
              -34.5689604
            ]
          ]
        ]
      }
    },
    {
      "type": "Feature",
      "properties": {
        "cca": "135040G00000000001000",
        "ara1": 7063.54,
        "sag": "ARBA",
        "source_name": "ARBA GeoARBA",
        "source_url": "https://www.arba.gov.ar/geoarba/inicio.asp",
        "source_layer": "Quinta",
        "source_archive": "135_quinta.tar.gz",
        "wfs_type": "idera:Quinta",
        "input_crs": "EPSG:5347",
        "generated_at": "2026-06-13T00:57:25.261787+00:00",
        "assigned_zone_name": "El Libertador",
        "data_confidence": "high"
      },
      "geometry": {
        "type": "Polygon",
        "coordinates": [
          [
            [
              -58.6446825,
              -34.6276459
            ],
            [
              -58.6446491,
              -34.6276342
            ],
            [
              -58.6444833,
              -34.6276594
            ],
            [
              -58.6442835,
              -34.6276898
            ],
            [
              -58.6439398,
              -34.6277421
            ],
            [
              -58.6439369,
              -34.6278986
            ],
            [
              -58.6439328,
              -34.6281239
            ],
            [
              -58.6439227,
              -34.6283401
            ],
            [
              -58.6439137,
              -34.6285338
            ],
            [
              -58.643966,
              -34.6285712
            ],
            [
              -58.6443814,
              -34.6285372
            ],
            [
              -58.6447658,
              -34.6285057
            ],
            [
              -58.6447946,
              -34.6284762
            ],
            [
              -58.6447713,
              -34.6283061
            ],
            [
              -58.6447351,
              -34.6280374
            ],
            [
              -58.6446825,
              -34.6276459
            ]
          ]
        ]
      }
    },
    {
      "type": "Feature",
      "properties": {
        "cca": "135040A00000000001000",
        "ara1": 733694.69,
        "sag": "ARBA",
        "source_name": "ARBA GeoARBA",
        "source_url": "https://www.arba.gov.ar/geoarba/inicio.asp",
        "source_layer": "Quinta",
        "source_archive": "135_quinta.tar.gz",
        "wfs_type": "idera:Quinta",
        "input_crs": "EPSG:5347",
        "generated_at": "2026-06-13T00:57:25.261787+00:00",
        "assigned_zone_name": "Villa Club",
        "data_confidence": "high"
      },
      "geometry": {
        "type": "Polygon",
        "coordinates": [
          [
            [
              -58.6280154,
              -34.5784481
            ],
            [
              -58.6262677,
              -34.5799249
            ],
            [
              -58.6254807,
              -34.5805854
            ],
            [
              -58.6238669,
              -34.5819458
            ],
            [
              -58.6214559,
              -34.583986
            ],
            [
              -58.6214601,
              -34.58404
            ],
            [
              -58.6222678,
              -34.5847485
            ],
            [
              -58.6255609,
              -34.5876142
            ],
            [
              -58.6281054,
              -34.5875287
            ],
            [
              -58.6298394,
              -34.5874574
            ],
            [
              -58.6300887,
              -34.5874482
            ],
            [
              -58.6354194,
              -34.5832765
            ],
            [
              -58.6323288,
              -34.5805726
            ],
            [
              -58.6313351,
              -34.5813614
            ],
            [
              -58.6280154,
              -34.5784481
            ]
          ]
        ]
      }
    },
    {
      "type": "Feature",
      "properties": {
        "cca": "135040G00000000002000",
        "ara1": 25561.26,
        "sag": "ARBA",
        "source_name": "ARBA GeoARBA",
        "source_url": "https://www.arba.gov.ar/geoarba/inicio.asp",
        "source_layer": "Quinta",
        "source_archive": "135_quinta.tar.gz",
        "wfs_type": "idera:Quinta",
        "input_crs": "EPSG:5347",
        "generated_at": "2026-06-13T00:57:25.261787+00:00",
        "assigned_zone_name": "El Libertador",
        "data_confidence": "high"
      },
      "geometry": {
        "type": "Polygon",
        "coordinates": [
          [
            [
              -58.6437468,
              -34.6277371
            ],
            [
              -58.6436164,
              -34.6277604
            ],
            [
              -58.6434799,
              -34.6277848
            ],
            [
              -58.6434299,
              -34.6277937
            ],
            [
              -58.6432815,
              -34.6278202
            ],
            [
              -58.643127,
              -34.6278479
            ],
            [
              -58.6430539,
              -34.627861
            ],
            [
              -58.6429228,
              -34.6278844
            ],
            [
              -58.642809,
              -34.6279048
            ],
            [
              -58.6427273,
              -34.6279194
            ],
            [
              -58.6425787,
              -34.6279459
            ],
            [
              -58.6424532,
              -34.6279683
            ],
            [
              -58.6423134,
              -34.6279933
            ],
            [
              -58.6421023,
              -34.628031
            ],
            [
              -58.6418968,
              -34.6280678
            ],
            [
              -58.6418776,
              -34.6280712
            ],
            [
              -58.641672,
              -34.628108
            ],
            [
              -58.6416464,
              -34.6281126
            ],
            [
              -58.6413933,
              -34.6281578
            ],
            [
              -58.6413261,
              -34.6281698
            ],
            [
              -58.6412229,
              -34.6281882
            ],
            [
              -58.6411941,
              -34.6282193
            ],
            [
              -58.6412061,
              -34.6283021
            ],
            [
              -58.6412206,
              -34.6284006
            ],
            [
              -58.6412269,
              -34.628444
            ],
            [
              -58.641242,
              -34.6285474
            ],
            [
              -58.6412552,
              -34.6286373
            ],
            [
              -58.6412694,
              -34.6287347
            ],
            [
              -58.6412875,
              -34.6288586
            ],
            [
              -58.6413144,
              -34.628884
            ],
            [
              -58.6413189,
              -34.6288842
            ],
            [
              -58.6415006,
              -34.6288894
            ],
            [
              -58.641546,
              -34.6288904
            ],
            [
              -58.6415981,
              -34.6288923
            ],
            [
              -58.6416501,
              -34.6288953
            ],
            [
              -58.6417019,
              -34.6288995
            ],
            [
              -58.6417408,
              -34.6289035
            ],
            [
              -58.6417923,
              -34.6289096
            ],
            [
              -58.6418436,
              -34.6289169
            ],
            [
              -58.6418947,
              -34.6289253
            ],
            [
              -58.6419456,
              -34.6289348
            ],
            [
              -58.6419835,
              -34.6289426
            ],
            [
              -58.6420337,
              -34.628954
            ],
            [
              -58.6420804,
              -34.6289657
            ],
            [
              -58.6421207,
              -34.6289766
            ],
            [
              -58.6421699,
              -34.6289909
            ],
            [
              -58.6422185,
              -34.6290064
            ],
            [
              -58.642258,
              -34.6290198
            ],
            [
              -58.6423023,
              -34.6290359
            ],
            [
              -58.6423495,
              -34.6290542
            ],
            [
              -58.6423961,
              -34.6290735
            ],
            [
              -58.642442,
              -34.6290938
            ],
            [
              -58.6424872,
              -34.6291151
            ],
            [
              -58.6425318,
              -34.6291374
            ],
            [
              -58.6425686,
              -34.6291569
            ],
            [
              -58.6426081,
              -34.6291787
            ],
            [
              -58.6426506,
              -34.6292036
            ],
            [
              -58.642682,
              -34.6292228
            ],
            [
              -58.6427375,
              -34.6292252
            ],
            [
              -58.6428513,
              -34.6291548
            ],
            [
              -58.6429651,
              -34.6290845
            ],
            [
              -58.6430856,
              -34.6290099
            ],
            [
              -58.6431686,
              -34.6289587
            ],
            [
              -58.6432269,
              -34.6289226
            ],
            [
              -58.6433073,
              -34.6288729
            ],
            [
              -58.6434235,
              -34.6288011
            ],
            [
              -58.643488,
              -34.6287612
            ],
            [
              -58.6435768,
              -34.6287063
            ],
            [
              -58.6436581,
              -34.628656
            ],
            [
              -58.643728,
              -34.6286127
            ],
            [
              -58.6437599,
              -34.6285606
            ],
            [
              -58.6437612,
              -34.6284875
            ],
            [
              -58.6437629,
              -34.6283994
            ],
            [
              -58.6437644,
              -34.6283098
            ],
            [
              -58.6437663,
              -34.6282102
            ],
            [
              -58.6437676,
              -34.6281363
            ],
            [
              -58.643769,
              -34.6280588
            ],
            [
              -58.6437705,
              -34.6279801
            ],
            [
              -58.6437745,
              -34.6277517
            ],
            [
              -58.6437468,
              -34.6277371
            ]
          ]
        ]
      }
    },
    {
      "type": "Feature",
      "properties": {
        "cca": "135040D00000000012000",
        "ara1": 19403.14,
        "sag": "ARBA",
        "source_name": "ARBA GeoARBA",
        "source_url": "https://www.arba.gov.ar/geoarba/inicio.asp",
        "source_layer": "Quinta",
        "source_archive": "135_quinta.tar.gz",
        "wfs_type": "idera:Quinta",
        "input_crs": "EPSG:5347",
        "generated_at": "2026-06-13T00:57:25.261787+00:00",
        "assigned_zone_name": "Hurlingham Centro",
        "data_confidence": "high"
      },
      "geometry": {
        "type": "Polygon",
        "coordinates": [
          [
            [
              -58.6359517,
              -34.5923517
            ],
            [
              -58.6361472,
              -34.5925217
            ],
            [
              -58.6361819,
              -34.5925151
            ],
            [
              -58.6362263,
              -34.5923976
            ],
            [
              -58.6363051,
              -34.5921881
            ],
            [
              -58.6365575,
              -34.5915187
            ],
            [
              -58.636621,
              -34.59135
            ],
            [
              -58.6366799,
              -34.5911936
            ],
            [
              -58.6367124,
              -34.5911076
            ],
            [
              -58.6367447,
              -34.5910221
            ],
            [
              -58.6367779,
              -34.5909338
            ],
            [
              -58.6368104,
              -34.5908477
            ],
            [
              -58.6368428,
              -34.5907617
            ],
            [
              -58.6368752,
              -34.5906756
            ],
            [
              -58.6369077,
              -34.5905896
            ],
            [
              -58.6369447,
              -34.5904911
            ],
            [
              -58.6369902,
              -34.5903707
            ],
            [
              -58.6370226,
              -34.5902846
            ],
            [
              -58.6370599,
              -34.5901856
            ],
            [
              -58.6371424,
              -34.5899667
            ],
            [
              -58.6371288,
              -34.5899592
            ],
            [
              -58.6369276,
              -34.5901177
            ],
            [
              -58.6368367,
              -34.5901892
            ],
            [
              -58.6367578,
              -34.5902514
            ],
            [
              -58.6366473,
              -34.5903384
            ],
            [
              -58.6365566,
              -34.5904099
            ],
            [
              -58.6364777,
              -34.590472
            ],
            [
              -58.6363988,
              -34.5905342
            ],
            [
              -58.636309,
              -34.590605
            ],
            [
              -58.6362142,
              -34.5906795
            ],
            [
              -58.6361196,
              -34.5907541
            ],
            [
              -58.6360249,
              -34.5908287
            ],
            [
              -58.6358859,
              -34.5909382
            ],
            [
              -58.6357519,
              -34.5910437
            ],
            [
              -58.635474,
              -34.5912625
            ],
            [
              -58.6353791,
              -34.5913374
            ],
            [
              -58.6353202,
              -34.5913838
            ],
            [
              -58.6352413,
              -34.5914459
            ],
            [
              -58.6350913,
              -34.591564
            ],
            [
              -58.6350901,
              -34.5916023
            ],
            [
              -58.6351276,
              -34.5916349
            ],
            [
              -58.6351891,
              -34.5916883
            ],
            [
              -58.6352819,
              -34.591769
            ],
            [
              -58.6354726,
              -34.5919349
            ],
            [
              -58.6355852,
              -34.5920329
            ],
            [
              -58.6357084,
              -34.59214
            ],
            [
              -58.6358386,
              -34.5922533
            ],
            [
              -58.6359517,
              -34.5923517
            ]
          ]
        ]
      }
    },
    {
      "type": "Feature",
      "properties": {
        "cca": "135040G00000000074000",
        "ara1": 20185.92,
        "sag": "ARBA",
        "source_name": "ARBA GeoARBA",
        "source_url": "https://www.arba.gov.ar/geoarba/inicio.asp",
        "source_layer": "Quinta",
        "source_archive": "135_quinta.tar.gz",
        "wfs_type": "idera:Quinta",
        "input_crs": "EPSG:5347",
        "generated_at": "2026-06-13T00:57:25.261787+00:00",
        "assigned_zone_name": "El Libertador",
        "data_confidence": "high"
      },
      "geometry": {
        "type": "Polygon",
        "coordinates": [
          [
            [
              -58.6471393,
              -34.6307051
            ],
            [
              -58.6471536,
              -34.6308127
            ],
            [
              -58.6475558,
              -34.6307956
            ],
            [
              -58.6479584,
              -34.630782
            ],
            [
              -58.6483614,
              -34.6307714
            ],
            [
              -58.6487191,
              -34.6307704
            ],
            [
              -58.6487602,
              -34.6307324
            ],
            [
              -58.6487367,
              -34.6305594
            ],
            [
              -58.6486633,
              -34.6300175
            ],
            [
              -58.6486511,
              -34.629928
            ],
            [
              -58.648639,
              -34.6298384
            ],
            [
              -58.6486268,
              -34.6297488
            ],
            [
              -58.6486146,
              -34.6296593
            ],
            [
              -58.6485962,
              -34.6295224
            ],
            [
              -58.6485454,
              -34.629489
            ],
            [
              -58.6484443,
              -34.629498
            ],
            [
              -58.648336,
              -34.6295077
            ],
            [
              -58.6482276,
              -34.6295175
            ],
            [
              -58.6481192,
              -34.6295272
            ],
            [
              -58.6480108,
              -34.6295369
            ],
            [
              -58.6479031,
              -34.6295466
            ],
            [
              -58.6477958,
              -34.6295562
            ],
            [
              -58.6473918,
              -34.6295924
            ],
            [
              -58.6472921,
              -34.6296014
            ],
            [
              -58.6471954,
              -34.6296101
            ],
            [
              -58.6471044,
              -34.6296183
            ],
            [
              -58.6470191,
              -34.6296259
            ],
            [
              -58.6469979,
              -34.6296457
            ],
            [
              -58.6470303,
              -34.6298885
            ],
            [
              -58.6470432,
              -34.6299852
            ],
            [
              -58.6470553,
              -34.6300761
            ],
            [
              -58.6470675,
              -34.6301668
            ],
            [
              -58.6470785,
              -34.6302491
            ],
            [
              -58.6470915,
              -34.6303468
            ],
            [
              -58.6471035,
              -34.6304363
            ],
            [
              -58.6471154,
              -34.630526
            ],
            [
              -58.6471274,
              -34.6306155
            ],
            [
              -58.6471393,
              -34.6307051
            ]
          ]
        ]
      }
    },
    {
      "type": "Feature",
      "properties": {
        "cca": "135040G00000000003000",
        "ara1": 16665.27,
        "sag": "ARBA",
        "source_name": "ARBA GeoARBA",
        "source_url": "https://www.arba.gov.ar/geoarba/inicio.asp",
        "source_layer": "Quinta",
        "source_archive": "135_quinta.tar.gz",
        "wfs_type": "idera:Quinta",
        "input_crs": "EPSG:5347",
        "generated_at": "2026-06-13T00:57:25.261787+00:00",
        "assigned_zone_name": "El Libertador",
        "data_confidence": "high"
      },
      "geometry": {
        "type": "Polygon",
        "coordinates": [
          [
            [
              -58.6409959,
              -34.6282312
            ],
            [
              -58.6408542,
              -34.6282565
            ],
            [
              -58.6407455,
              -34.6282759
            ],
            [
              -58.640597,
              -34.6283025
            ],
            [
              -58.6404955,
              -34.6283207
            ],
            [
              -58.6403832,
              -34.6283408
            ],
            [
              -58.640272,
              -34.6283606
            ],
            [
              -58.6401617,
              -34.6283804
            ],
            [
              -58.6400277,
              -34.6284044
            ],
            [
              -58.63995,
              -34.6284182
            ],
            [
              -58.6398364,
              -34.6284385
            ],
            [
              -58.6396336,
              -34.6284748
            ],
            [
              -58.6394507,
              -34.6285075
            ],
            [
              -58.6394242,
              -34.6285122
            ],
            [
              -58.6392493,
              -34.6285435
            ],
            [
              -58.6391385,
              -34.6285633
            ],
            [
              -58.6390547,
              -34.6285784
            ],
            [
              -58.6390325,
              -34.628609
            ],
            [
              -58.639061,
              -34.6287196
            ],
            [
              -58.6390789,
              -34.6287888
            ],
            [
              -58.6391015,
              -34.6288766
            ],
            [
              -58.6390413,
              -34.628984
            ],
            [
              -58.6389738,
              -34.6291043
            ],
            [
              -58.6389489,
              -34.629149
            ],
            [
              -58.6390229,
              -34.6291778
            ],
            [
              -58.6391142,
              -34.6292132
            ],
            [
              -58.6392151,
              -34.6292523
            ],
            [
              -58.6393108,
              -34.6292892
            ],
            [
              -58.6394137,
              -34.6293291
            ],
            [
              -58.6395057,
              -34.6293647
            ],
            [
              -58.6397699,
              -34.629467
            ],
            [
              -58.6398319,
              -34.6294541
            ],
            [
              -58.6399281,
              -34.6293746
            ],
            [
              -58.6399969,
              -34.629326
            ],
            [
              -58.6400272,
              -34.6293047
            ],
            [
              -58.6400578,
              -34.6292839
            ],
            [
              -58.6400842,
              -34.6292667
            ],
            [
              -58.6401098,
              -34.6292505
            ],
            [
              -58.6401364,
              -34.6292342
            ],
            [
              -58.6401686,
              -34.6292151
            ],
            [
              -58.6402012,
              -34.6291966
            ],
            [
              -58.6402342,
              -34.6291785
            ],
            [
              -58.6402678,
              -34.629161
            ],
            [
              -58.6402931,
              -34.6291482
            ],
            [
              -58.6403272,
              -34.6291315
            ],
            [
              -58.6403616,
              -34.6291155
            ],
            [
              -58.6403966,
              -34.6290999
            ],
            [
              -58.6404317,
              -34.6290849
            ],
            [
              -58.6404584,
              -34.629074
            ],
            [
              -58.6404941,
              -34.6290599
            ],
            [
              -58.6405212,
              -34.6290498
            ],
            [
              -58.6405484,
              -34.6290399
            ],
            [
              -58.6405849,
              -34.6290271
            ],
            [
              -58.6406216,
              -34.6290151
            ],
            [
              -58.6406586,
              -34.6290035
            ],
            [
              -58.640696,
              -34.6289926
            ],
            [
              -58.6407336,
              -34.6289822
            ],
            [
              -58.6407618,
              -34.6289748
            ],
            [
              -58.6407998,
              -34.6289654
            ],
            [
              -58.6409411,
              -34.6289329
            ],
            [
              -58.6409783,
              -34.6289275
            ],
            [
              -58.6411234,
              -34.6289068
            ],
            [
              -58.6411397,
              -34.6288792
            ],
            [
              -58.6411216,
              -34.6287566
            ],
            [
              -58.641112,
              -34.6286914
            ],
            [
              -58.6410928,
              -34.6285604
            ],
            [
              -58.6410793,
              -34.6284696
            ],
            [
              -58.641066,
              -34.6283789
            ],
            [
              -58.6410482,
              -34.6282573
            ],
            [
              -58.6409959,
              -34.6282312
            ]
          ]
        ]
      }
    },
    {
      "type": "Feature",
      "properties": {
        "cca": "135040E00000000022000",
        "ara1": 7622.29,
        "sag": "ARBA",
        "source_name": "ARBA GeoARBA",
        "source_url": "https://www.arba.gov.ar/geoarba/inicio.asp",
        "source_layer": "Quinta",
        "source_archive": "135_quinta.tar.gz",
        "wfs_type": "idera:Quinta",
        "input_crs": "EPSG:5347",
        "generated_at": "2026-06-13T00:57:25.261787+00:00",
        "assigned_zone_name": "Parque Jhonston",
        "data_confidence": "high"
      },
      "geometry": {
        "type": "Polygon",
        "coordinates": [
          [
            [
              -58.6402933,
              -34.5959223
            ],
            [
              -58.6403623,
              -34.5959819
            ],
            [
              -58.6404359,
              -34.5959241
            ],
            [
              -58.6405216,
              -34.5958569
            ],
            [
              -58.6406715,
              -34.5957392
            ],
            [
              -58.6409618,
              -34.5955113
            ],
            [
              -58.6407144,
              -34.5952955
            ],
            [
              -58.6406387,
              -34.5952294
            ],
            [
              -58.6405637,
              -34.595164
            ],
            [
              -58.6404887,
              -34.5950985
            ],
            [
              -58.6404077,
              -34.5950279
            ],
            [
              -58.6403268,
              -34.5949573
            ],
            [
              -58.6402195,
              -34.5948637
            ],
            [
              -58.6401578,
              -34.5948624
            ],
            [
              -58.6400415,
              -34.5949536
            ],
            [
              -58.6399623,
              -34.5950157
            ],
            [
              -58.6398833,
              -34.5950777
            ],
            [
              -58.6397306,
              -34.5951973
            ],
            [
              -58.6395779,
              -34.595317
            ],
            [
              -58.6397688,
              -34.5954779
            ],
            [
              -58.6398737,
              -34.5955657
            ],
            [
              -58.6399843,
              -34.5956579
            ],
            [
              -58.6400792,
              -34.5957378
            ],
            [
              -58.6401135,
              -34.5957672
            ],
            [
              -58.6401689,
              -34.5958149
            ],
            [
              -58.640213,
              -34.5957598
            ],
            [
              -58.6402905,
              -34.5957444
            ],
            [
              -58.64036,
              -34.5957768
            ],
            [
              -58.6403844,
              -34.5958348
            ],
            [
              -58.640358,
              -34.5958922
            ],
            [
              -58.6402933,
              -34.5959223
            ]
          ]
        ]
      }
    },
    {
      "type": "Feature",
      "properties": {
        "cca": "135040B00000000026000",
        "ara1": 17214.8,
        "sag": "ARBA",
        "source_name": "ARBA GeoARBA",
        "source_url": "https://www.arba.gov.ar/geoarba/inicio.asp",
        "source_layer": "Quinta",
        "source_archive": "135_quinta.tar.gz",
        "wfs_type": "idera:Quinta",
        "input_crs": "EPSG:5347",
        "generated_at": "2026-06-13T00:57:25.261787+00:00",
        "assigned_zone_name": "Roca 2",
        "data_confidence": "high"
      },
      "geometry": {
        "type": "Polygon",
        "coordinates": [
          [
            [
              -58.6507193,
              -34.5802509
            ],
            [
              -58.6506894,
              -34.5802129
            ],
            [
              -58.6506031,
              -34.5801032
            ],
            [
              -58.6505313,
              -34.5800121
            ],
            [
              -58.6504705,
              -34.5799349
            ],
            [
              -58.6504161,
              -34.5798658
            ],
            [
              -58.650529,
              -34.5797902
            ],
            [
              -58.6506491,
              -34.57971
            ],
            [
              -58.6506746,
              -34.579693
            ],
            [
              -58.6508029,
              -34.5796116
            ],
            [
              -58.6508585,
              -34.579577
            ],
            [
              -58.650936,
              -34.5795287
            ],
            [
              -58.650878,
              -34.5794778
            ],
            [
              -58.6507995,
              -34.5794091
            ],
            [
              -58.650751,
              -34.5793665
            ],
            [
              -58.650682,
              -34.5793061
            ],
            [
              -58.6506067,
              -34.5792401
            ],
            [
              -58.6505203,
              -34.5791643
            ],
            [
              -58.6504396,
              -34.5792273
            ],
            [
              -58.6503594,
              -34.57929
            ],
            [
              -58.6502007,
              -34.5794139
            ],
            [
              -58.6501235,
              -34.5794742
            ],
            [
              -58.6500442,
              -34.5795361
            ],
            [
              -58.649953,
              -34.5796074
            ],
            [
              -58.6498837,
              -34.5796614
            ],
            [
              -58.6497786,
              -34.5797436
            ],
            [
              -58.6496999,
              -34.579805
            ],
            [
              -58.6496428,
              -34.5798496
            ],
            [
              -58.6495695,
              -34.5799069
            ],
            [
              -58.6494588,
              -34.5799917
            ],
            [
              -58.6493678,
              -34.5800614
            ],
            [
              -58.6492684,
              -34.5801375
            ],
            [
              -58.6491694,
              -34.5802133
            ],
            [
              -58.6490538,
              -34.5803018
            ],
            [
              -58.6489359,
              -34.5803921
            ],
            [
              -58.6488701,
              -34.5804424
            ],
            [
              -58.648796,
              -34.5804993
            ],
            [
              -58.6488001,
              -34.5805415
            ],
            [
              -58.6488651,
              -34.5805979
            ],
            [
              -58.6489572,
              -34.5806779
            ],
            [
              -58.6490318,
              -34.5807428
            ],
            [
              -58.6491053,
              -34.5808066
            ],
            [
              -58.6491947,
              -34.5808843
            ],
            [
              -58.6492946,
              -34.5809711
            ],
            [
              -58.6493886,
              -34.5810528
            ],
            [
              -58.6494436,
              -34.5810554
            ],
            [
              -58.6495074,
              -34.5810059
            ],
            [
              -58.6496098,
              -34.5809265
            ],
            [
              -58.6496839,
              -34.580869
            ],
            [
              -58.6497621,
              -34.5808083
            ],
            [
              -58.6498397,
              -34.5807481
            ],
            [
              -58.6499491,
              -34.5806633
            ],
            [
              -58.6499972,
              -34.5806258
            ],
            [
              -58.650001,
              -34.5806237
            ],
            [
              -58.6501604,
              -34.580541
            ],
            [
              -58.6502533,
              -34.5804929
            ],
            [
              -58.650343,
              -34.5804462
            ],
            [
              -58.6504509,
              -34.5803902
            ],
            [
              -58.6505304,
              -34.5803489
            ],
            [
              -58.6506245,
              -34.5803
            ],
            [
              -58.6507193,
              -34.5802509
            ]
          ]
        ]
      }
    },
    {
      "type": "Feature",
      "properties": {
        "cca": "135040G00000000007000",
        "ara1": 14971.04,
        "sag": "ARBA",
        "source_name": "ARBA GeoARBA",
        "source_url": "https://www.arba.gov.ar/geoarba/inicio.asp",
        "source_layer": "Quinta",
        "source_archive": "135_quinta.tar.gz",
        "wfs_type": "idera:Quinta",
        "input_crs": "EPSG:5347",
        "generated_at": "2026-06-13T00:57:25.261787+00:00",
        "assigned_zone_name": "El Libertador",
        "data_confidence": "high"
      },
      "geometry": {
        "type": "Polygon",
        "coordinates": [
          [
            [
              -58.6449221,
              -34.6296746
            ],
            [
              -58.6447408,
              -34.62969
            ],
            [
              -58.6446329,
              -34.6296991
            ],
            [
              -58.6445231,
              -34.6297084
            ],
            [
              -58.6444168,
              -34.6297174
            ],
            [
              -58.644305,
              -34.6297269
            ],
            [
              -58.6441445,
              -34.6297405
            ],
            [
              -58.6440614,
              -34.6297475
            ],
            [
              -58.644018,
              -34.6297513
            ],
            [
              -58.6438678,
              -34.6297639
            ],
            [
              -58.6437618,
              -34.629773
            ],
            [
              -58.643654,
              -34.629782
            ],
            [
              -58.643546,
              -34.6297912
            ],
            [
              -58.6434388,
              -34.6298003
            ],
            [
              -58.643369,
              -34.6298063
            ],
            [
              -58.6433348,
              -34.6298473
            ],
            [
              -58.6433374,
              -34.6298638
            ],
            [
              -58.6433532,
              -34.6299892
            ],
            [
              -58.6433643,
              -34.6300781
            ],
            [
              -58.6433755,
              -34.6301668
            ],
            [
              -58.6433863,
              -34.630253
            ],
            [
              -58.6433977,
              -34.630344
            ],
            [
              -58.6434206,
              -34.6305272
            ],
            [
              -58.6434381,
              -34.6306662
            ],
            [
              -58.6434951,
              -34.6306997
            ],
            [
              -58.6439877,
              -34.6306582
            ],
            [
              -58.6444195,
              -34.6306219
            ],
            [
              -58.6445278,
              -34.6306127
            ],
            [
              -58.6446386,
              -34.6306034
            ],
            [
              -58.6447465,
              -34.6305943
            ],
            [
              -58.6448543,
              -34.6305852
            ],
            [
              -58.6450421,
              -34.6305694
            ],
            [
              -58.6450728,
              -34.630525
            ],
            [
              -58.6450161,
              -34.6301169
            ],
            [
              -58.6450042,
              -34.6300307
            ],
            [
              -58.6449912,
              -34.6299375
            ],
            [
              -58.6449789,
              -34.629849
            ],
            [
              -58.6449583,
              -34.6297001
            ],
            [
              -58.6449221,
              -34.6296746
            ]
          ]
        ]
      }
    },
    {
      "type": "Feature",
      "properties": {
        "cca": "135040D00000000007000",
        "ara1": 35184.94,
        "sag": "ARBA",
        "source_name": "ARBA GeoARBA",
        "source_url": "https://www.arba.gov.ar/geoarba/inicio.asp",
        "source_layer": "Quinta",
        "source_archive": "135_quinta.tar.gz",
        "wfs_type": "idera:Quinta",
        "input_crs": "EPSG:5347",
        "generated_at": "2026-06-13T00:57:25.261787+00:00",
        "assigned_zone_name": "Hurlingham Centro",
        "data_confidence": "high"
      },
      "geometry": {
        "type": "Polygon",
        "coordinates": [
          [
            [
              -58.6345869,
              -34.591161
            ],
            [
              -58.6346772,
              -34.5912393
            ],
            [
              -58.6349188,
              -34.591449
            ],
            [
              -58.634965,
              -34.591449
            ],
            [
              -58.6351448,
              -34.5913078
            ],
            [
              -58.6353502,
              -34.5911465
            ],
            [
              -58.6356216,
              -34.5909334
            ],
            [
              -58.6358957,
              -34.5907183
            ],
            [
              -58.6361705,
              -34.5905025
            ],
            [
              -58.6363428,
              -34.5903672
            ],
            [
              -58.6364413,
              -34.5902899
            ],
            [
              -58.6367178,
              -34.5900729
            ],
            [
              -58.6368519,
              -34.5899675
            ],
            [
              -58.636993,
              -34.5898567
            ],
            [
              -58.6372694,
              -34.5896397
            ],
            [
              -58.6373757,
              -34.5893622
            ],
            [
              -58.6374192,
              -34.5892488
            ],
            [
              -58.6374412,
              -34.5891903
            ],
            [
              -58.6375061,
              -34.5890183
            ],
            [
              -58.6376003,
              -34.5887685
            ],
            [
              -58.6376557,
              -34.5886266
            ],
            [
              -58.63763,
              -34.5886139
            ],
            [
              -58.6372122,
              -34.5888337
            ],
            [
              -58.6370283,
              -34.5889304
            ],
            [
              -58.6369364,
              -34.5889788
            ],
            [
              -58.6368444,
              -34.5890272
            ],
            [
              -58.6366892,
              -34.5891089
            ],
            [
              -58.6365423,
              -34.5891862
            ],
            [
              -58.6364389,
              -34.5892406
            ],
            [
              -58.6363321,
              -34.5892968
            ],
            [
              -58.6361777,
              -34.589378
            ],
            [
              -58.6360187,
              -34.5894617
            ],
            [
              -58.6356973,
              -34.5896308
            ],
            [
              -58.6355865,
              -34.589689
            ],
            [
              -58.6354784,
              -34.5897459
            ],
            [
              -58.6353692,
              -34.5898029
            ],
            [
              -58.6352743,
              -34.5898528
            ],
            [
              -58.6351779,
              -34.5899038
            ],
            [
              -58.6350813,
              -34.5899547
            ],
            [
              -58.6350456,
              -34.5899735
            ],
            [
              -58.6349848,
              -34.5900056
            ],
            [
              -58.6348884,
              -34.5900565
            ],
            [
              -58.6348195,
              -34.5900928
            ],
            [
              -58.6348143,
              -34.590127
            ],
            [
              -58.6349931,
              -34.5902827
            ],
            [
              -58.6350682,
              -34.5903481
            ],
            [
              -58.6351432,
              -34.5904134
            ],
            [
              -58.6352183,
              -34.5904787
            ],
            [
              -58.6352933,
              -34.5905441
            ],
            [
              -58.635234,
              -34.5905907
            ],
            [
              -58.6351747,
              -34.5906372
            ],
            [
              -58.6350984,
              -34.5905707
            ],
            [
              -58.6350235,
              -34.5905055
            ],
            [
              -58.6349484,
              -34.5904401
            ],
            [
              -58.6348734,
              -34.5903748
            ],
            [
              -58.6347984,
              -34.5903095
            ],
            [
              -58.634675,
              -34.590202
            ],
            [
              -58.6346202,
              -34.5901974
            ],
            [
              -58.6345202,
              -34.59025
            ],
            [
              -58.6343968,
              -34.590315
            ],
            [
              -58.6343044,
              -34.5903636
            ],
            [
              -58.6342124,
              -34.590412
            ],
            [
              -58.6341199,
              -34.5904606
            ],
            [
              -58.6339339,
              -34.5905585
            ],
            [
              -58.6339273,
              -34.5905882
            ],
            [
              -58.6340462,
              -34.5906914
            ],
            [
              -58.634137,
              -34.5907703
            ],
            [
              -58.6342261,
              -34.5908477
            ],
            [
              -58.6344064,
              -34.5910043
            ],
            [
              -58.6344967,
              -34.5910826
            ],
            [
              -58.6345869,
              -34.591161
            ]
          ]
        ]
      }
    },
    {
      "type": "Feature",
      "properties": {
        "cca": "135040D00000000013000",
        "ara1": 28964.2,
        "sag": "ARBA",
        "source_name": "ARBA GeoARBA",
        "source_url": "https://www.arba.gov.ar/geoarba/inicio.asp",
        "source_layer": "Quinta",
        "source_archive": "135_quinta.tar.gz",
        "wfs_type": "idera:Quinta",
        "input_crs": "EPSG:5347",
        "generated_at": "2026-06-13T00:57:25.261787+00:00",
        "assigned_zone_name": "Hurlingham Centro",
        "data_confidence": "high"
      },
      "geometry": {
        "type": "Polygon",
        "coordinates": [
          [
            [
              -58.6340313,
              -34.5931675
            ],
            [
              -58.6337946,
              -34.5933541
            ],
            [
              -58.6335668,
              -34.5935336
            ],
            [
              -58.6335603,
              -34.5935387
            ],
            [
              -58.6334421,
              -34.593632
            ],
            [
              -58.6333237,
              -34.5937252
            ],
            [
              -58.6330869,
              -34.5939118
            ],
            [
              -58.6334564,
              -34.5942381
            ],
            [
              -58.6335682,
              -34.5943368
            ],
            [
              -58.6338288,
              -34.5945671
            ],
            [
              -58.6340661,
              -34.5943811
            ],
            [
              -58.6341847,
              -34.594288
            ],
            [
              -58.6343034,
              -34.5941951
            ],
            [
              -58.6344615,
              -34.594071
            ],
            [
              -58.6345417,
              -34.5940082
            ],
            [
              -58.6347787,
              -34.5938224
            ],
            [
              -58.635016,
              -34.5936363
            ],
            [
              -58.6351718,
              -34.5935141
            ],
            [
              -58.6353323,
              -34.5933882
            ],
            [
              -58.6354905,
              -34.5932642
            ],
            [
              -58.6357278,
              -34.5930782
            ],
            [
              -58.635805,
              -34.5930177
            ],
            [
              -58.6358842,
              -34.5929556
            ],
            [
              -58.6359632,
              -34.5928936
            ],
            [
              -58.6360995,
              -34.5927867
            ],
            [
              -58.6361007,
              -34.5927485
            ],
            [
              -58.6359964,
              -34.5926575
            ],
            [
              -58.6359214,
              -34.5925921
            ],
            [
              -58.6358442,
              -34.5925247
            ],
            [
              -58.6356708,
              -34.5923733
            ],
            [
              -58.6354906,
              -34.5922161
            ],
            [
              -58.6353933,
              -34.5921313
            ],
            [
              -58.6353471,
              -34.5921303
            ],
            [
              -58.6351735,
              -34.5922671
            ],
            [
              -58.6349763,
              -34.5924225
            ],
            [
              -58.6347397,
              -34.5926091
            ],
            [
              -58.6345109,
              -34.5927895
            ],
            [
              -58.6343326,
              -34.59293
            ],
            [
              -58.6341496,
              -34.5930742
            ],
            [
              -58.6340313,
              -34.5931675
            ]
          ]
        ]
      }
    },
    {
      "type": "Feature",
      "properties": {
        "cca": "135040E00000000022000",
        "ara1": 8731.24,
        "sag": "ARBA",
        "source_name": "ARBA GeoARBA",
        "source_url": "https://www.arba.gov.ar/geoarba/inicio.asp",
        "source_layer": "Quinta",
        "source_archive": "135_quinta.tar.gz",
        "wfs_type": "idera:Quinta",
        "input_crs": "EPSG:5347",
        "generated_at": "2026-06-13T00:57:25.261787+00:00",
        "assigned_zone_name": "Parque Jhonston",
        "data_confidence": "high"
      },
      "geometry": {
        "type": "MultiPolygon",
        "coordinates": [
          [
            [
              [
                -58.6395286,
                -34.5965199
              ],
              [
                -58.6394253,
                -34.5964342
              ],
              [
                -58.6393563,
                -34.5963766
              ],
              [
                -58.6390535,
                -34.5966225
              ],
              [
                -58.6391928,
                -34.5967376
              ],
              [
                -58.6392747,
                -34.5968052
              ],
              [
                -58.6395743,
                -34.5965578
              ],
              [
                -58.6395286,
                -34.5965199
              ]
            ]
          ],
          [
            [
              [
                -58.6395779,
                -34.595317
              ],
              [
                -58.6397688,
                -34.5954779
              ],
              [
                -58.6398737,
                -34.5955657
              ],
              [
                -58.6399843,
                -34.5956579
              ],
              [
                -58.6400792,
                -34.5957378
              ],
              [
                -58.6401689,
                -34.5958149
              ],
              [
                -58.640213,
                -34.5957598
              ],
              [
                -58.6402905,
                -34.5957444
              ],
              [
                -58.64036,
                -34.5957768
              ],
              [
                -58.6403844,
                -34.5958348
              ],
              [
                -58.640358,
                -34.5958922
              ],
              [
                -58.6402933,
                -34.5959223
              ],
              [
                -58.6403623,
                -34.5959819
              ],
              [
                -58.6404359,
                -34.5959241
              ],
              [
                -58.6405216,
                -34.5958569
              ],
              [
                -58.6406715,
                -34.5957392
              ],
              [
                -58.6409618,
                -34.5955113
              ],
              [
                -58.6407144,
                -34.5952955
              ],
              [
                -58.6406387,
                -34.5952294
              ],
              [
                -58.6405637,
                -34.595164
              ],
              [
                -58.6404887,
                -34.5950985
              ],
              [
                -58.6404077,
                -34.5950279
              ],
              [
                -58.6403268,
                -34.5949573
              ],
              [
                -58.6402195,
                -34.5948637
              ],
              [
                -58.6401578,
                -34.5948624
              ],
              [
                -58.6400415,
                -34.5949536
              ],
              [
                -58.6399623,
                -34.5950157
              ],
              [
                -58.6398833,
                -34.5950777
              ],
              [
                -58.6397306,
                -34.5951973
              ],
              [
                -58.6395779,
                -34.595317
              ]
            ]
          ]
        ]
      }
    },
    {
      "type": "Feature",
      "properties": {
        "cca": "135040G00000000006000",
        "ara1": 20836.1,
        "sag": "ARBA",
        "source_name": "ARBA GeoARBA",
        "source_url": "https://www.arba.gov.ar/geoarba/inicio.asp",
        "source_layer": "Quinta",
        "source_archive": "135_quinta.tar.gz",
        "wfs_type": "idera:Quinta",
        "input_crs": "EPSG:5347",
        "generated_at": "2026-06-13T00:57:25.261787+00:00",
        "assigned_zone_name": "El Libertador",
        "data_confidence": "high"
      },
      "geometry": {
        "type": "Polygon",
        "coordinates": [
          [
            [
              -58.6377087,
              -34.6288256
            ],
            [
              -58.6375747,
              -34.6288503
            ],
            [
              -58.6374745,
              -34.6288689
            ],
            [
              -58.637335,
              -34.6288947
            ],
            [
              -58.637314,
              -34.6289236
            ],
            [
              -58.6373296,
              -34.6290781
            ],
            [
              -58.6373388,
              -34.6291696
            ],
            [
              -58.6373657,
              -34.6294368
            ],
            [
              -58.6373752,
              -34.6295307
            ],
            [
              -58.6373839,
              -34.6296173
            ],
            [
              -58.6373929,
              -34.6297068
            ],
            [
              -58.6374019,
              -34.6297967
            ],
            [
              -58.6374119,
              -34.6298958
            ],
            [
              -58.6374201,
              -34.6299774
            ],
            [
              -58.6374307,
              -34.6300822
            ],
            [
              -58.6374375,
              -34.6301503
            ],
            [
              -58.6374738,
              -34.6301733
            ],
            [
              -58.637579,
              -34.630163
            ],
            [
              -58.6377109,
              -34.63015
            ],
            [
              -58.6378491,
              -34.6301364
            ],
            [
              -58.6379215,
              -34.6301292
            ],
            [
              -58.6382173,
              -34.6301
            ],
            [
              -58.6384104,
              -34.6300811
            ],
            [
              -58.6385076,
              -34.6300714
            ],
            [
              -58.6386109,
              -34.6300612
            ],
            [
              -58.6388435,
              -34.6300383
            ],
            [
              -58.638945,
              -34.6300283
            ],
            [
              -58.6391003,
              -34.6300131
            ],
            [
              -58.6393417,
              -34.6299893
            ],
            [
              -58.6393982,
              -34.6299577
            ],
            [
              -58.6394352,
              -34.6299061
            ],
            [
              -58.6394907,
              -34.6298286
            ],
            [
              -58.6395495,
              -34.6297467
            ],
            [
              -58.6396509,
              -34.6296053
            ],
            [
              -58.6396282,
              -34.6295642
            ],
            [
              -58.6395227,
              -34.6295236
            ],
            [
              -58.639416,
              -34.6294826
            ],
            [
              -58.6393066,
              -34.6294404
            ],
            [
              -58.6392061,
              -34.6294018
            ],
            [
              -58.639086,
              -34.6293555
            ],
            [
              -58.6389624,
              -34.629308
            ],
            [
              -58.6388667,
              -34.6292712
            ],
            [
              -58.6387724,
              -34.6292349
            ],
            [
              -58.6385909,
              -34.6291651
            ],
            [
              -58.6384062,
              -34.629094
            ],
            [
              -58.6382334,
              -34.6290274
            ],
            [
              -58.6380553,
              -34.6289589
            ],
            [
              -58.6379913,
              -34.6289343
            ],
            [
              -58.6377087,
              -34.6288256
            ]
          ]
        ]
      }
    }
  ]
}
