{
  "type": "FeatureCollection",
  "name": "arba_subparcela_hurlingham",
  "metadata": {
    "generated_at": "2026-06-29T00:09:48.931378+00:00",
    "crs": "EPSG:4326",
    "scope": "Partido de Hurlingham, Buenos Aires, Argentina",
    "source_name": "ARBA GeoARBA",
    "source_url": "https://www.arba.gov.ar/geoarba/inicio.asp",
    "wfs_url": "https://geo.arba.gov.ar/geoserver/idera/wfs?service=WFS&request=GetCapabilities&version=2.0.0",
    "wfs_type": "idera:Subparcela",
    "source_archive": "135_subparcela.tar.gz",
    "input_crs": "EPSG:5347",
    "metric_crs_used_for_source_area": "EPSG:5347",
    "license": "Public official geospatial data; cite ARBA/GeoARBA. Commercialization restrictions may apply according to IDEBA notice.",
    "data_confidence": "medium",
    "notes": null,
    "total_source_records": 139,
    "output_feature_count": 139,
    "outside_hurlingham_zone_count": 0,
    "invalid_geometries_repaired": 0,
    "geometry_type_counts": {
      "Polygon": 139
    },
    "assigned_zone_counts": {
      "Dos de Abril": 43,
      "El Libertador": 13,
      "La Leonor": 28,
      "Parque Quirno": 55
    }
  },
  "features": [
    {
      "type": "Feature",
      "properties": {
        "cca": "135040E0004000000000000000000000000002300B000001",
        "ara1": 523.52,
        "sag": "ARBA",
        "source_name": "ARBA GeoARBA",
        "source_url": "https://www.arba.gov.ar/geoarba/inicio.asp",
        "source_layer": "Subparcela",
        "source_archive": "135_subparcela.tar.gz",
        "wfs_type": "idera:Subparcela",
        "input_crs": "EPSG:5347",
        "generated_at": "2026-06-29T00:09:48.931378+00:00",
        "assigned_zone_name": "La Leonor",
        "data_confidence": "medium"
      },
      "geometry": {
        "type": "Polygon",
        "coordinates": [
          [
            [
              -58.6579396,
              -34.5929706
            ],
            [
              -58.6581684,
              -34.5927873
            ],
            [
              -58.658042,
              -34.5926933
            ],
            [
              -58.6579948,
              -34.5926943
            ],
            [
              -58.6578152,
              -34.5928372
            ],
            [
              -58.6578156,
              -34.5928651
            ],
            [
              -58.6579396,
              -34.5929706
            ]
          ]
        ]
      }
    },
    {
      "type": "Feature",
      "properties": {
        "cca": "135040E0004000000000000000000000000002300B000002",
        "ara1": 540.46,
        "sag": "ARBA",
        "source_name": "ARBA GeoARBA",
        "source_url": "https://www.arba.gov.ar/geoarba/inicio.asp",
        "source_layer": "Subparcela",
        "source_archive": "135_subparcela.tar.gz",
        "wfs_type": "idera:Subparcela",
        "input_crs": "EPSG:5347",
        "generated_at": "2026-06-29T00:09:48.931378+00:00",
        "assigned_zone_name": "La Leonor",
        "data_confidence": "medium"
      },
      "geometry": {
        "type": "Polygon",
        "coordinates": [
          [
            [
              -58.6580847,
              -34.5930947
            ],
            [
              -58.6582976,
              -34.5929241
            ],
            [
              -58.6581684,
              -34.5927873
            ],
            [
              -58.6579396,
              -34.5929706
            ],
            [
              -58.6580847,
              -34.5930947
            ]
          ]
        ]
      }
    },
    {
      "type": "Feature",
      "properties": {
        "cca": "135040E0004000000000000000000000000002300B000003",
        "ara1": 475.46,
        "sag": "ARBA",
        "source_name": "ARBA GeoARBA",
        "source_url": "https://www.arba.gov.ar/geoarba/inicio.asp",
        "source_layer": "Subparcela",
        "source_archive": "135_subparcela.tar.gz",
        "wfs_type": "idera:Subparcela",
        "input_crs": "EPSG:5347",
        "generated_at": "2026-06-29T00:09:48.931378+00:00",
        "assigned_zone_name": "La Leonor",
        "data_confidence": "medium"
      },
      "geometry": {
        "type": "Polygon",
        "coordinates": [
          [
            [
              -58.6582329,
              -34.5932213
            ],
            [
              -58.6583874,
              -34.5930988
            ],
            [
              -58.6583692,
              -34.5930748
            ],
            [
              -58.6583594,
              -34.5930496
            ],
            [
              -58.658358,
              -34.5930319
            ],
            [
              -58.6583588,
              -34.5930133
            ],
            [
              -58.6583657,
              -34.5929947
            ],
            [
              -58.6582976,
              -34.5929241
            ],
            [
              -58.6580847,
              -34.5930947
            ],
            [
              -58.6582329,
              -34.5932213
            ]
          ]
        ]
      }
    },
    {
      "type": "Feature",
      "properties": {
        "cca": "135040E0004000000000000000000000000002300B000004",
        "ara1": 712.59,
        "sag": "ARBA",
        "source_name": "ARBA GeoARBA",
        "source_url": "https://www.arba.gov.ar/geoarba/inicio.asp",
        "source_layer": "Subparcela",
        "source_archive": "135_subparcela.tar.gz",
        "wfs_type": "idera:Subparcela",
        "input_crs": "EPSG:5347",
        "generated_at": "2026-06-29T00:09:48.931378+00:00",
        "assigned_zone_name": "La Leonor",
        "data_confidence": "medium"
      },
      "geometry": {
        "type": "Polygon",
        "coordinates": [
          [
            [
              -58.6585121,
              -34.5931326
            ],
            [
              -58.6584914,
              -34.5931345
            ],
            [
              -58.6584624,
              -34.5931335
            ],
            [
              -58.6584353,
              -34.5931266
            ],
            [
              -58.6584086,
              -34.5931143
            ],
            [
              -58.6583874,
              -34.5930988
            ],
            [
              -58.6582329,
              -34.5932213
            ],
            [
              -58.6585067,
              -34.5934549
            ],
            [
              -58.6585534,
              -34.5934552
            ],
            [
              -58.6586543,
              -34.5933747
            ],
            [
              -58.6585032,
              -34.5932475
            ],
            [
              -58.6585121,
              -34.5931326
            ]
          ]
        ]
      }
    },
    {
      "type": "Feature",
      "properties": {
        "cca": "135040E0004000000000000000000000000002300B000005",
        "ara1": 551.29,
        "sag": "ARBA",
        "source_name": "ARBA GeoARBA",
        "source_url": "https://www.arba.gov.ar/geoarba/inicio.asp",
        "source_layer": "Subparcela",
        "source_archive": "135_subparcela.tar.gz",
        "wfs_type": "idera:Subparcela",
        "input_crs": "EPSG:5347",
        "generated_at": "2026-06-29T00:09:48.931378+00:00",
        "assigned_zone_name": "La Leonor",
        "data_confidence": "medium"
      },
      "geometry": {
        "type": "Polygon",
        "coordinates": [
          [
            [
              -58.6585121,
              -34.5931326
            ],
            [
              -58.6585032,
              -34.5932475
            ],
            [
              -58.6586543,
              -34.5933747
            ],
            [
              -58.6588205,
              -34.5932417
            ],
            [
              -58.6586057,
              -34.5930581
            ],
            [
              -58.6585943,
              -34.5930811
            ],
            [
              -58.6585776,
              -34.5931011
            ],
            [
              -58.6585627,
              -34.5931123
            ],
            [
              -58.65854,
              -34.5931246
            ],
            [
              -58.6585121,
              -34.5931326
            ]
          ]
        ]
      }
    },
    {
      "type": "Feature",
      "properties": {
        "cca": "135040E0004000000000000000000000000002300B000006",
        "ara1": 493.27,
        "sag": "ARBA",
        "source_name": "ARBA GeoARBA",
        "source_url": "https://www.arba.gov.ar/geoarba/inicio.asp",
        "source_layer": "Subparcela",
        "source_archive": "135_subparcela.tar.gz",
        "wfs_type": "idera:Subparcela",
        "input_crs": "EPSG:5347",
        "generated_at": "2026-06-29T00:09:48.931378+00:00",
        "assigned_zone_name": "La Leonor",
        "data_confidence": "medium"
      },
      "geometry": {
        "type": "Polygon",
        "coordinates": [
          [
            [
              -58.6589405,
              -34.5931454
            ],
            [
              -58.6586889,
              -34.5929306
            ],
            [
              -58.6586072,
              -34.5930012
            ],
            [
              -58.6586097,
              -34.5930124
            ],
            [
              -58.6586108,
              -34.5930292
            ],
            [
              -58.6586092,
              -34.5930449
            ],
            [
              -58.6586057,
              -34.5930581
            ],
            [
              -58.6588205,
              -34.5932417
            ],
            [
              -58.6589405,
              -34.5931454
            ]
          ]
        ]
      }
    },
    {
      "type": "Feature",
      "properties": {
        "cca": "135040E0004000000000000000000000000002300B000007",
        "ara1": 663.07,
        "sag": "ARBA",
        "source_name": "ARBA GeoARBA",
        "source_url": "https://www.arba.gov.ar/geoarba/inicio.asp",
        "source_layer": "Subparcela",
        "source_archive": "135_subparcela.tar.gz",
        "wfs_type": "idera:Subparcela",
        "input_crs": "EPSG:5347",
        "generated_at": "2026-06-29T00:09:48.931378+00:00",
        "assigned_zone_name": "La Leonor",
        "data_confidence": "medium"
      },
      "geometry": {
        "type": "Polygon",
        "coordinates": [
          [
            [
              -58.6590948,
              -34.5930216
            ],
            [
              -58.6588381,
              -34.5928016
            ],
            [
              -58.6586889,
              -34.5929306
            ],
            [
              -58.6589405,
              -34.5931454
            ],
            [
              -58.6590948,
              -34.5930216
            ]
          ]
        ]
      }
    },
    {
      "type": "Feature",
      "properties": {
        "cca": "135040E0004000000000000000000000000002300B000008",
        "ara1": 647.96,
        "sag": "ARBA",
        "source_name": "ARBA GeoARBA",
        "source_url": "https://www.arba.gov.ar/geoarba/inicio.asp",
        "source_layer": "Subparcela",
        "source_archive": "135_subparcela.tar.gz",
        "wfs_type": "idera:Subparcela",
        "input_crs": "EPSG:5347",
        "generated_at": "2026-06-29T00:09:48.931378+00:00",
        "assigned_zone_name": "La Leonor",
        "data_confidence": "medium"
      },
      "geometry": {
        "type": "Polygon",
        "coordinates": [
          [
            [
              -58.659247,
              -34.5929001
            ],
            [
              -58.6589995,
              -34.5926873
            ],
            [
              -58.6588381,
              -34.5928016
            ],
            [
              -58.6590948,
              -34.5930216
            ],
            [
              -58.659247,
              -34.5929001
            ]
          ]
        ]
      }
    },
    {
      "type": "Feature",
      "properties": {
        "cca": "135040E0004000000000000000000000000002300B000009",
        "ara1": 650.16,
        "sag": "ARBA",
        "source_name": "ARBA GeoARBA",
        "source_url": "https://www.arba.gov.ar/geoarba/inicio.asp",
        "source_layer": "Subparcela",
        "source_archive": "135_subparcela.tar.gz",
        "wfs_type": "idera:Subparcela",
        "input_crs": "EPSG:5347",
        "generated_at": "2026-06-29T00:09:48.931378+00:00",
        "assigned_zone_name": "La Leonor",
        "data_confidence": "medium"
      },
      "geometry": {
        "type": "Polygon",
        "coordinates": [
          [
            [
              -58.6594025,
              -34.5927759
            ],
            [
              -58.6591553,
              -34.592563
            ],
            [
              -58.6590298,
              -34.5926631
            ],
            [
              -58.6589995,
              -34.5926873
            ],
            [
              -58.659247,
              -34.5929001
            ],
            [
              -58.6594025,
              -34.5927759
            ]
          ]
        ]
      }
    },
    {
      "type": "Feature",
      "properties": {
        "cca": "135040E0004000000000000000000000000002300B000010",
        "ara1": 648.04,
        "sag": "ARBA",
        "source_name": "ARBA GeoARBA",
        "source_url": "https://www.arba.gov.ar/geoarba/inicio.asp",
        "source_layer": "Subparcela",
        "source_archive": "135_subparcela.tar.gz",
        "wfs_type": "idera:Subparcela",
        "input_crs": "EPSG:5347",
        "generated_at": "2026-06-29T00:09:48.931378+00:00",
        "assigned_zone_name": "La Leonor",
        "data_confidence": "medium"
      },
      "geometry": {
        "type": "Polygon",
        "coordinates": [
          [
            [
              -58.6595579,
              -34.5926519
            ],
            [
              -58.6593105,
              -34.5924394
            ],
            [
              -58.6591553,
              -34.592563
            ],
            [
              -58.6594025,
              -34.5927759
            ],
            [
              -58.6595579,
              -34.5926519
            ]
          ]
        ]
      }
    },
    {
      "type": "Feature",
      "properties": {
        "cca": "135040E0004000000000000000000000000002300B000011",
        "ara1": 645.47,
        "sag": "ARBA",
        "source_name": "ARBA GeoARBA",
        "source_url": "https://www.arba.gov.ar/geoarba/inicio.asp",
        "source_layer": "Subparcela",
        "source_archive": "135_subparcela.tar.gz",
        "wfs_type": "idera:Subparcela",
        "input_crs": "EPSG:5347",
        "generated_at": "2026-06-29T00:09:48.931378+00:00",
        "assigned_zone_name": "La Leonor",
        "data_confidence": "medium"
      },
      "geometry": {
        "type": "Polygon",
        "coordinates": [
          [
            [
              -58.6595579,
              -34.5926519
            ],
            [
              -58.6596914,
              -34.5925459
            ],
            [
              -58.659691,
              -34.5925084
            ],
            [
              -58.6594665,
              -34.5923153
            ],
            [
              -58.6593105,
              -34.5924394
            ],
            [
              -58.6595579,
              -34.5926519
            ]
          ]
        ]
      }
    },
    {
      "type": "Feature",
      "properties": {
        "cca": "135040E0004000000000000000000000000002300B000012",
        "ara1": 560.33,
        "sag": "ARBA",
        "source_name": "ARBA GeoARBA",
        "source_url": "https://www.arba.gov.ar/geoarba/inicio.asp",
        "source_layer": "Subparcela",
        "source_archive": "135_subparcela.tar.gz",
        "wfs_type": "idera:Subparcela",
        "input_crs": "EPSG:5347",
        "generated_at": "2026-06-29T00:09:48.931378+00:00",
        "assigned_zone_name": "La Leonor",
        "data_confidence": "medium"
      },
      "geometry": {
        "type": "Polygon",
        "coordinates": [
          [
            [
              -58.6592269,
              -34.5923666
            ],
            [
              -58.6593818,
              -34.5922424
            ],
            [
              -58.6591684,
              -34.5920589
            ],
            [
              -58.6590127,
              -34.5921831
            ],
            [
              -58.6592269,
              -34.5923666
            ]
          ]
        ]
      }
    },
    {
      "type": "Feature",
      "properties": {
        "cca": "135040E0004000000000000000000000000002300B000013",
        "ara1": 563.63,
        "sag": "ARBA",
        "source_name": "ARBA GeoARBA",
        "source_url": "https://www.arba.gov.ar/geoarba/inicio.asp",
        "source_layer": "Subparcela",
        "source_archive": "135_subparcela.tar.gz",
        "wfs_type": "idera:Subparcela",
        "input_crs": "EPSG:5347",
        "generated_at": "2026-06-29T00:09:48.931378+00:00",
        "assigned_zone_name": "La Leonor",
        "data_confidence": "medium"
      },
      "geometry": {
        "type": "Polygon",
        "coordinates": [
          [
            [
              -58.6590711,
              -34.5924915
            ],
            [
              -58.6592269,
              -34.5923666
            ],
            [
              -58.6590127,
              -34.5921831
            ],
            [
              -58.6588567,
              -34.5923079
            ],
            [
              -58.6590711,
              -34.5924915
            ]
          ]
        ]
      }
    },
    {
      "type": "Feature",
      "properties": {
        "cca": "135040E0004000000000000000000000000002300B000014",
        "ara1": 1116.23,
        "sag": "ARBA",
        "source_name": "ARBA GeoARBA",
        "source_url": "https://www.arba.gov.ar/geoarba/inicio.asp",
        "source_layer": "Subparcela",
        "source_archive": "135_subparcela.tar.gz",
        "wfs_type": "idera:Subparcela",
        "input_crs": "EPSG:5347",
        "generated_at": "2026-06-29T00:09:48.931378+00:00",
        "assigned_zone_name": "La Leonor",
        "data_confidence": "medium"
      },
      "geometry": {
        "type": "Polygon",
        "coordinates": [
          [
            [
              -58.6587461,
              -34.5927265
            ],
            [
              -58.6587653,
              -34.5927157
            ],
            [
              -58.658779,
              -34.5927095
            ],
            [
              -58.658798,
              -34.5927031
            ],
            [
              -58.658811,
              -34.5926998
            ],
            [
              -58.6590711,
              -34.5924915
            ],
            [
              -58.6588567,
              -34.5923079
            ],
            [
              -58.6585454,
              -34.5925557
            ],
            [
              -58.6587461,
              -34.5927265
            ]
          ]
        ]
      }
    },
    {
      "type": "Feature",
      "properties": {
        "cca": "135040E0004000000000000000000000000002300B000015",
        "ara1": 913.93,
        "sag": "ARBA",
        "source_name": "ARBA GeoARBA",
        "source_url": "https://www.arba.gov.ar/geoarba/inicio.asp",
        "source_layer": "Subparcela",
        "source_archive": "135_subparcela.tar.gz",
        "wfs_type": "idera:Subparcela",
        "input_crs": "EPSG:5347",
        "generated_at": "2026-06-29T00:09:48.931378+00:00",
        "assigned_zone_name": "La Leonor",
        "data_confidence": "medium"
      },
      "geometry": {
        "type": "Polygon",
        "coordinates": [
          [
            [
              -58.6587461,
              -34.5927265
            ],
            [
              -58.6585454,
              -34.5925557
            ],
            [
              -58.658308,
              -34.5927485
            ],
            [
              -58.6584517,
              -34.5929294
            ],
            [
              -58.6584684,
              -34.5929267
            ],
            [
              -58.6584847,
              -34.5929257
            ],
            [
              -58.6585033,
              -34.5929271
            ],
            [
              -58.6585232,
              -34.5929313
            ],
            [
              -58.6586874,
              -34.592799
            ],
            [
              -58.6586906,
              -34.5927899
            ],
            [
              -58.6586987,
              -34.592775
            ],
            [
              -58.6587046,
              -34.5927658
            ],
            [
              -58.6587152,
              -34.5927535
            ],
            [
              -58.658729,
              -34.5927396
            ],
            [
              -58.6587461,
              -34.5927265
            ]
          ]
        ]
      }
    },
    {
      "type": "Feature",
      "properties": {
        "cca": "135040E0004000000000000000000000000002300B000016",
        "ara1": 922.05,
        "sag": "ARBA",
        "source_name": "ARBA GeoARBA",
        "source_url": "https://www.arba.gov.ar/geoarba/inicio.asp",
        "source_layer": "Subparcela",
        "source_archive": "135_subparcela.tar.gz",
        "wfs_type": "idera:Subparcela",
        "input_crs": "EPSG:5347",
        "generated_at": "2026-06-29T00:09:48.931378+00:00",
        "assigned_zone_name": "La Leonor",
        "data_confidence": "medium"
      },
      "geometry": {
        "type": "Polygon",
        "coordinates": [
          [
            [
              -58.6583287,
              -34.5923705
            ],
            [
              -58.6580855,
              -34.5925659
            ],
            [
              -58.6580874,
              -34.5926011
            ],
            [
              -58.658308,
              -34.5927485
            ],
            [
              -58.6585454,
              -34.5925557
            ],
            [
              -58.6583287,
              -34.5923705
            ]
          ]
        ]
      }
    },
    {
      "type": "Feature",
      "properties": {
        "cca": "135040E0004000000000000000000000000002300B000017",
        "ara1": 1134.32,
        "sag": "ARBA",
        "source_name": "ARBA GeoARBA",
        "source_url": "https://www.arba.gov.ar/geoarba/inicio.asp",
        "source_layer": "Subparcela",
        "source_archive": "135_subparcela.tar.gz",
        "wfs_type": "idera:Subparcela",
        "input_crs": "EPSG:5347",
        "generated_at": "2026-06-29T00:09:48.931378+00:00",
        "assigned_zone_name": "La Leonor",
        "data_confidence": "medium"
      },
      "geometry": {
        "type": "Polygon",
        "coordinates": [
          [
            [
              -58.6583287,
              -34.5923705
            ],
            [
              -58.6585454,
              -34.5925557
            ],
            [
              -58.6588567,
              -34.5923079
            ],
            [
              -58.6586397,
              -34.5921224
            ],
            [
              -58.6583287,
              -34.5923705
            ]
          ]
        ]
      }
    },
    {
      "type": "Feature",
      "properties": {
        "cca": "135040E0004000000000000000000000000002300B000018",
        "ara1": 569.75,
        "sag": "ARBA",
        "source_name": "ARBA GeoARBA",
        "source_url": "https://www.arba.gov.ar/geoarba/inicio.asp",
        "source_layer": "Subparcela",
        "source_archive": "135_subparcela.tar.gz",
        "wfs_type": "idera:Subparcela",
        "input_crs": "EPSG:5347",
        "generated_at": "2026-06-29T00:09:48.931378+00:00",
        "assigned_zone_name": "La Leonor",
        "data_confidence": "medium"
      },
      "geometry": {
        "type": "Polygon",
        "coordinates": [
          [
            [
              -58.6586397,
              -34.5921224
            ],
            [
              -58.6588567,
              -34.5923079
            ],
            [
              -58.6590127,
              -34.5921831
            ],
            [
              -58.6587963,
              -34.5919979
            ],
            [
              -58.6586397,
              -34.5921224
            ]
          ]
        ]
      }
    },
    {
      "type": "Feature",
      "properties": {
        "cca": "135040E0004000000000000000000000000002300B000019",
        "ara1": 567.1,
        "sag": "ARBA",
        "source_name": "ARBA GeoARBA",
        "source_url": "https://www.arba.gov.ar/geoarba/inicio.asp",
        "source_layer": "Subparcela",
        "source_archive": "135_subparcela.tar.gz",
        "wfs_type": "idera:Subparcela",
        "input_crs": "EPSG:5347",
        "generated_at": "2026-06-29T00:09:48.931378+00:00",
        "assigned_zone_name": "La Leonor",
        "data_confidence": "medium"
      },
      "geometry": {
        "type": "Polygon",
        "coordinates": [
          [
            [
              -58.6587963,
              -34.5919979
            ],
            [
              -58.6590127,
              -34.5921831
            ],
            [
              -58.6591684,
              -34.5920589
            ],
            [
              -58.6589518,
              -34.5918737
            ],
            [
              -58.6587963,
              -34.5919979
            ]
          ]
        ]
      }
    },
    {
      "type": "Feature",
      "properties": {
        "cca": "135040E0004000000000000000000000000002300B000020",
        "ara1": 347.5,
        "sag": "ARBA",
        "source_name": "ARBA GeoARBA",
        "source_url": "https://www.arba.gov.ar/geoarba/inicio.asp",
        "source_layer": "Subparcela",
        "source_archive": "135_subparcela.tar.gz",
        "wfs_type": "idera:Subparcela",
        "input_crs": "EPSG:5347",
        "generated_at": "2026-06-29T00:09:48.931378+00:00",
        "assigned_zone_name": "La Leonor",
        "data_confidence": "medium"
      },
      "geometry": {
        "type": "Polygon",
        "coordinates": [
          [
            [
              -58.658578,
              -34.5917743
            ],
            [
              -58.6587352,
              -34.5919089
            ],
            [
              -58.6588681,
              -34.5918021
            ],
            [
              -58.6587322,
              -34.591687
            ],
            [
              -58.6586896,
              -34.5916854
            ],
            [
              -58.658578,
              -34.5917743
            ]
          ]
        ]
      }
    },
    {
      "type": "Feature",
      "properties": {
        "cca": "135040E0004000000000000000000000000002300B000021",
        "ara1": 345.76,
        "sag": "ARBA",
        "source_name": "ARBA GeoARBA",
        "source_url": "https://www.arba.gov.ar/geoarba/inicio.asp",
        "source_layer": "Subparcela",
        "source_archive": "135_subparcela.tar.gz",
        "wfs_type": "idera:Subparcela",
        "input_crs": "EPSG:5347",
        "generated_at": "2026-06-29T00:09:48.931378+00:00",
        "assigned_zone_name": "La Leonor",
        "data_confidence": "medium"
      },
      "geometry": {
        "type": "Polygon",
        "coordinates": [
          [
            [
              -58.6586049,
              -34.5920131
            ],
            [
              -58.6587352,
              -34.5919089
            ],
            [
              -58.658578,
              -34.5917743
            ],
            [
              -58.6584474,
              -34.5918791
            ],
            [
              -58.6586049,
              -34.5920131
            ]
          ]
        ]
      }
    },
    {
      "type": "Feature",
      "properties": {
        "cca": "135040E0004000000000000000000000000002300B000022",
        "ara1": 348.99,
        "sag": "ARBA",
        "source_name": "ARBA GeoARBA",
        "source_url": "https://www.arba.gov.ar/geoarba/inicio.asp",
        "source_layer": "Subparcela",
        "source_archive": "135_subparcela.tar.gz",
        "wfs_type": "idera:Subparcela",
        "input_crs": "EPSG:5347",
        "generated_at": "2026-06-29T00:09:48.931378+00:00",
        "assigned_zone_name": "La Leonor",
        "data_confidence": "medium"
      },
      "geometry": {
        "type": "Polygon",
        "coordinates": [
          [
            [
              -58.6584727,
              -34.5921187
            ],
            [
              -58.6586049,
              -34.5920131
            ],
            [
              -58.6584474,
              -34.5918791
            ],
            [
              -58.6583157,
              -34.5919848
            ],
            [
              -58.6584727,
              -34.5921187
            ]
          ]
        ]
      }
    },
    {
      "type": "Feature",
      "properties": {
        "cca": "135040E0004000000000000000000000000002300B000023",
        "ara1": 350.51,
        "sag": "ARBA",
        "source_name": "ARBA GeoARBA",
        "source_url": "https://www.arba.gov.ar/geoarba/inicio.asp",
        "source_layer": "Subparcela",
        "source_archive": "135_subparcela.tar.gz",
        "wfs_type": "idera:Subparcela",
        "input_crs": "EPSG:5347",
        "generated_at": "2026-06-29T00:09:48.931378+00:00",
        "assigned_zone_name": "La Leonor",
        "data_confidence": "medium"
      },
      "geometry": {
        "type": "Polygon",
        "coordinates": [
          [
            [
              -58.6583396,
              -34.5922249
            ],
            [
              -58.6584727,
              -34.5921187
            ],
            [
              -58.6583157,
              -34.5919848
            ],
            [
              -58.6581832,
              -34.5920913
            ],
            [
              -58.6583396,
              -34.5922249
            ]
          ]
        ]
      }
    },
    {
      "type": "Feature",
      "properties": {
        "cca": "135040E0004000000000000000000000000002300B000024",
        "ara1": 341.9,
        "sag": "ARBA",
        "source_name": "ARBA GeoARBA",
        "source_url": "https://www.arba.gov.ar/geoarba/inicio.asp",
        "source_layer": "Subparcela",
        "source_archive": "135_subparcela.tar.gz",
        "wfs_type": "idera:Subparcela",
        "input_crs": "EPSG:5347",
        "generated_at": "2026-06-29T00:09:48.931378+00:00",
        "assigned_zone_name": "La Leonor",
        "data_confidence": "medium"
      },
      "geometry": {
        "type": "Polygon",
        "coordinates": [
          [
            [
              -58.6582106,
              -34.5923287
            ],
            [
              -58.6583396,
              -34.5922249
            ],
            [
              -58.6581832,
              -34.5920913
            ],
            [
              -58.6580532,
              -34.5921953
            ],
            [
              -58.6582106,
              -34.5923287
            ]
          ]
        ]
      }
    },
    {
      "type": "Feature",
      "properties": {
        "cca": "135040E0004000000000000000000000000002300B000025",
        "ara1": 348.65,
        "sag": "ARBA",
        "source_name": "ARBA GeoARBA",
        "source_url": "https://www.arba.gov.ar/geoarba/inicio.asp",
        "source_layer": "Subparcela",
        "source_archive": "135_subparcela.tar.gz",
        "wfs_type": "idera:Subparcela",
        "input_crs": "EPSG:5347",
        "generated_at": "2026-06-29T00:09:48.931378+00:00",
        "assigned_zone_name": "La Leonor",
        "data_confidence": "medium"
      },
      "geometry": {
        "type": "Polygon",
        "coordinates": [
          [
            [
              -58.6580785,
              -34.5924344
            ],
            [
              -58.6582106,
              -34.5923287
            ],
            [
              -58.6580532,
              -34.5921953
            ],
            [
              -58.6579212,
              -34.5923008
            ],
            [
              -58.6580785,
              -34.5924344
            ]
          ]
        ]
      }
    },
    {
      "type": "Feature",
      "properties": {
        "cca": "135040E0004000000000000000000000000002300B000026",
        "ara1": 343.93,
        "sag": "ARBA",
        "source_name": "ARBA GeoARBA",
        "source_url": "https://www.arba.gov.ar/geoarba/inicio.asp",
        "source_layer": "Subparcela",
        "source_archive": "135_subparcela.tar.gz",
        "wfs_type": "idera:Subparcela",
        "input_crs": "EPSG:5347",
        "generated_at": "2026-06-29T00:09:48.931378+00:00",
        "assigned_zone_name": "La Leonor",
        "data_confidence": "medium"
      },
      "geometry": {
        "type": "Polygon",
        "coordinates": [
          [
            [
              -58.6579479,
              -34.5925392
            ],
            [
              -58.6580785,
              -34.5924344
            ],
            [
              -58.6579212,
              -34.5923008
            ],
            [
              -58.6577917,
              -34.5924045
            ],
            [
              -58.6579479,
              -34.5925392
            ]
          ]
        ]
      }
    },
    {
      "type": "Feature",
      "properties": {
        "cca": "135040E0004000000000000000000000000002300B000027",
        "ara1": 346.84,
        "sag": "ARBA",
        "source_name": "ARBA GeoARBA",
        "source_url": "https://www.arba.gov.ar/geoarba/inicio.asp",
        "source_layer": "Subparcela",
        "source_archive": "135_subparcela.tar.gz",
        "wfs_type": "idera:Subparcela",
        "input_crs": "EPSG:5347",
        "generated_at": "2026-06-29T00:09:48.931378+00:00",
        "assigned_zone_name": "La Leonor",
        "data_confidence": "medium"
      },
      "geometry": {
        "type": "Polygon",
        "coordinates": [
          [
            [
              -58.657817,
              -34.5926441
            ],
            [
              -58.6579479,
              -34.5925392
            ],
            [
              -58.6577917,
              -34.5924045
            ],
            [
              -58.6576604,
              -34.5925098
            ],
            [
              -58.657817,
              -34.5926441
            ]
          ]
        ]
      }
    },
    {
      "type": "Feature",
      "properties": {
        "cca": "135040E0004000000000000000000000000002300B000028",
        "ara1": 349.52,
        "sag": "ARBA",
        "source_name": "ARBA GeoARBA",
        "source_url": "https://www.arba.gov.ar/geoarba/inicio.asp",
        "source_layer": "Subparcela",
        "source_archive": "135_subparcela.tar.gz",
        "wfs_type": "idera:Subparcela",
        "input_crs": "EPSG:5347",
        "generated_at": "2026-06-29T00:09:48.931378+00:00",
        "assigned_zone_name": "La Leonor",
        "data_confidence": "medium"
      },
      "geometry": {
        "type": "Polygon",
        "coordinates": [
          [
            [
              -58.657817,
              -34.5926441
            ],
            [
              -58.6576604,
              -34.5925098
            ],
            [
              -58.6575482,
              -34.5925991
            ],
            [
              -58.6575496,
              -34.592637
            ],
            [
              -58.6576839,
              -34.5927509
            ],
            [
              -58.657817,
              -34.5926441
            ]
          ]
        ]
      }
    },
    {
      "type": "Feature",
      "properties": {
        "cca": "135040G0000000000000000000000075000002100A000010",
        "ara1": 220.78,
        "sag": "ARBA",
        "source_name": "ARBA GeoARBA",
        "source_url": "https://www.arba.gov.ar/geoarba/inicio.asp",
        "source_layer": "Subparcela",
        "source_archive": "135_subparcela.tar.gz",
        "wfs_type": "idera:Subparcela",
        "input_crs": "EPSG:5347",
        "generated_at": "2026-06-29T00:09:48.931378+00:00",
        "assigned_zone_name": "El Libertador",
        "data_confidence": "medium"
      },
      "geometry": {
        "type": "Polygon",
        "coordinates": [
          [
            [
              -58.6547129,
              -34.6287785
            ],
            [
              -58.6545476,
              -34.6286436
            ],
            [
              -58.6544663,
              -34.6287118
            ],
            [
              -58.654527,
              -34.6287609
            ],
            [
              -58.6545278,
              -34.6287603
            ],
            [
              -58.6546089,
              -34.6288265
            ],
            [
              -58.6546165,
              -34.6288203
            ],
            [
              -58.6546393,
              -34.6288389
            ],
            [
              -58.6546753,
              -34.6288086
            ],
            [
              -58.654676,
              -34.6288091
            ],
            [
              -58.6547129,
              -34.6287785
            ]
          ]
        ]
      }
    },
    {
      "type": "Feature",
      "properties": {
        "cca": "135040D00000000015000000100000000000001000000001",
        "ara1": 157.33,
        "sag": "ARBA",
        "source_name": "ARBA GeoARBA",
        "source_url": "https://www.arba.gov.ar/geoarba/inicio.asp",
        "source_layer": "Subparcela",
        "source_archive": "135_subparcela.tar.gz",
        "wfs_type": "idera:Subparcela",
        "input_crs": "EPSG:5347",
        "generated_at": "2026-06-29T00:09:48.931378+00:00",
        "assigned_zone_name": "Parque Quirno",
        "data_confidence": "medium"
      },
      "geometry": {
        "type": "Polygon",
        "coordinates": [
          [
            [
              -58.6301993,
              -34.60083
            ],
            [
              -58.6300953,
              -34.6009135
            ],
            [
              -58.6301848,
              -34.6009902
            ],
            [
              -58.6302888,
              -34.6009067
            ],
            [
              -58.6301993,
              -34.60083
            ]
          ]
        ]
      }
    },
    {
      "type": "Feature",
      "properties": {
        "cca": "135040D00000000015000000100000000000001000000002",
        "ara1": 292.46,
        "sag": "ARBA",
        "source_name": "ARBA GeoARBA",
        "source_url": "https://www.arba.gov.ar/geoarba/inicio.asp",
        "source_layer": "Subparcela",
        "source_archive": "135_subparcela.tar.gz",
        "wfs_type": "idera:Subparcela",
        "input_crs": "EPSG:5347",
        "generated_at": "2026-06-29T00:09:48.931378+00:00",
        "assigned_zone_name": "Parque Quirno",
        "data_confidence": "medium"
      },
      "geometry": {
        "type": "Polygon",
        "coordinates": [
          [
            [
              -58.6302917,
              -34.6009092
            ],
            [
              -58.6301869,
              -34.6009929
            ],
            [
              -58.6303325,
              -34.6011179
            ],
            [
              -58.6303311,
              -34.601119
            ],
            [
              -58.6303512,
              -34.6011362
            ],
            [
              -58.6304567,
              -34.6010515
            ],
            [
              -58.6302917,
              -34.6009092
            ]
          ]
        ]
      }
    },
    {
      "type": "Feature",
      "properties": {
        "cca": "135040D00000000015000000100000000000001000000003",
        "ara1": 358.63,
        "sag": "ARBA",
        "source_name": "ARBA GeoARBA",
        "source_url": "https://www.arba.gov.ar/geoarba/inicio.asp",
        "source_layer": "Subparcela",
        "source_archive": "135_subparcela.tar.gz",
        "wfs_type": "idera:Subparcela",
        "input_crs": "EPSG:5347",
        "generated_at": "2026-06-29T00:09:48.931378+00:00",
        "assigned_zone_name": "Parque Quirno",
        "data_confidence": "medium"
      },
      "geometry": {
        "type": "Polygon",
        "coordinates": [
          [
            [
              -58.6300926,
              -34.600915
            ],
            [
              -58.630009,
              -34.6009819
            ],
            [
              -58.6301648,
              -34.6011163
            ],
            [
              -58.6301664,
              -34.6011152
            ],
            [
              -58.630268,
              -34.6012026
            ],
            [
              -58.6303482,
              -34.6011384
            ],
            [
              -58.6302407,
              -34.6010454
            ],
            [
              -58.6302423,
              -34.601044
            ],
            [
              -58.6300926,
              -34.600915
            ]
          ]
        ]
      }
    },
    {
      "type": "Feature",
      "properties": {
        "cca": "135040D00000000015000000100000000000001000000019",
        "ara1": 85.9,
        "sag": "ARBA",
        "source_name": "ARBA GeoARBA",
        "source_url": "https://www.arba.gov.ar/geoarba/inicio.asp",
        "source_layer": "Subparcela",
        "source_archive": "135_subparcela.tar.gz",
        "wfs_type": "idera:Subparcela",
        "input_crs": "EPSG:5347",
        "generated_at": "2026-06-29T00:09:48.931378+00:00",
        "assigned_zone_name": "Parque Quirno",
        "data_confidence": "medium"
      },
      "geometry": {
        "type": "Polygon",
        "coordinates": [
          [
            [
              -58.6305755,
              -34.6022601
            ],
            [
              -58.6305377,
              -34.6022895
            ],
            [
              -58.6306747,
              -34.602407
            ],
            [
              -58.6307118,
              -34.6023773
            ],
            [
              -58.6305755,
              -34.6022601
            ]
          ]
        ]
      }
    },
    {
      "type": "Feature",
      "properties": {
        "cca": "135040D00000000015000000100000000000001000000004",
        "ara1": 347.35,
        "sag": "ARBA",
        "source_name": "ARBA GeoARBA",
        "source_url": "https://www.arba.gov.ar/geoarba/inicio.asp",
        "source_layer": "Subparcela",
        "source_archive": "135_subparcela.tar.gz",
        "wfs_type": "idera:Subparcela",
        "input_crs": "EPSG:5347",
        "generated_at": "2026-06-29T00:09:48.931378+00:00",
        "assigned_zone_name": "Parque Quirno",
        "data_confidence": "medium"
      },
      "geometry": {
        "type": "Polygon",
        "coordinates": [
          [
            [
              -58.6300069,
              -34.6009835
            ],
            [
              -58.6299265,
              -34.6010475
            ],
            [
              -58.6300635,
              -34.6011661
            ],
            [
              -58.6300651,
              -34.601165
            ],
            [
              -58.6301659,
              -34.6012513
            ],
            [
              -58.6301644,
              -34.6012525
            ],
            [
              -58.6301844,
              -34.601269
            ],
            [
              -58.6302644,
              -34.6012055
            ],
            [
              -58.6300069,
              -34.6009835
            ]
          ]
        ]
      }
    },
    {
      "type": "Feature",
      "properties": {
        "cca": "135040D00000000015000000100000000000001000000005",
        "ara1": 323.02,
        "sag": "ARBA",
        "source_name": "ARBA GeoARBA",
        "source_url": "https://www.arba.gov.ar/geoarba/inicio.asp",
        "source_layer": "Subparcela",
        "source_archive": "135_subparcela.tar.gz",
        "wfs_type": "idera:Subparcela",
        "input_crs": "EPSG:5347",
        "generated_at": "2026-06-29T00:09:48.931378+00:00",
        "assigned_zone_name": "Parque Quirno",
        "data_confidence": "medium"
      },
      "geometry": {
        "type": "Polygon",
        "coordinates": [
          [
            [
              -58.6299236,
              -34.6010499
            ],
            [
              -58.6298496,
              -34.601109
            ],
            [
              -58.6301075,
              -34.6013304
            ],
            [
              -58.630182,
              -34.6012709
            ],
            [
              -58.6299236,
              -34.6010499
            ]
          ]
        ]
      }
    },
    {
      "type": "Feature",
      "properties": {
        "cca": "135040D00000000015000000100000000000001000000006",
        "ara1": 248.84,
        "sag": "ARBA",
        "source_name": "ARBA GeoARBA",
        "source_url": "https://www.arba.gov.ar/geoarba/inicio.asp",
        "source_layer": "Subparcela",
        "source_archive": "135_subparcela.tar.gz",
        "wfs_type": "idera:Subparcela",
        "input_crs": "EPSG:5347",
        "generated_at": "2026-06-29T00:09:48.931378+00:00",
        "assigned_zone_name": "Parque Quirno",
        "data_confidence": "medium"
      },
      "geometry": {
        "type": "Polygon",
        "coordinates": [
          [
            [
              -58.6298475,
              -34.6011107
            ],
            [
              -58.6297889,
              -34.6011572
            ],
            [
              -58.6300477,
              -34.6013779
            ],
            [
              -58.6301051,
              -34.6013324
            ],
            [
              -58.6300439,
              -34.6012794
            ],
            [
              -58.6300419,
              -34.6012806
            ],
            [
              -58.6299403,
              -34.6011933
            ],
            [
              -58.6299421,
              -34.6011921
            ],
            [
              -58.6298475,
              -34.6011107
            ]
          ]
        ]
      }
    },
    {
      "type": "Feature",
      "properties": {
        "cca": "135040D00000000015000000100000000000001000000007",
        "ara1": 333.47,
        "sag": "ARBA",
        "source_name": "ARBA GeoARBA",
        "source_url": "https://www.arba.gov.ar/geoarba/inicio.asp",
        "source_layer": "Subparcela",
        "source_archive": "135_subparcela.tar.gz",
        "wfs_type": "idera:Subparcela",
        "input_crs": "EPSG:5347",
        "generated_at": "2026-06-29T00:09:48.931378+00:00",
        "assigned_zone_name": "Parque Quirno",
        "data_confidence": "medium"
      },
      "geometry": {
        "type": "Polygon",
        "coordinates": [
          [
            [
              -58.6297868,
              -34.6011589
            ],
            [
              -58.6297103,
              -34.6012194
            ],
            [
              -58.6299377,
              -34.6014155
            ],
            [
              -58.629936,
              -34.6014168
            ],
            [
              -58.6299677,
              -34.601442
            ],
            [
              -58.6300449,
              -34.6013806
            ],
            [
              -58.6297868,
              -34.6011589
            ]
          ]
        ]
      }
    },
    {
      "type": "Feature",
      "properties": {
        "cca": "135040D00000000015000000100000000000001000000008",
        "ara1": 332.97,
        "sag": "ARBA",
        "source_name": "ARBA GeoARBA",
        "source_url": "https://www.arba.gov.ar/geoarba/inicio.asp",
        "source_layer": "Subparcela",
        "source_archive": "135_subparcela.tar.gz",
        "wfs_type": "idera:Subparcela",
        "input_crs": "EPSG:5347",
        "generated_at": "2026-06-29T00:09:48.931378+00:00",
        "assigned_zone_name": "Parque Quirno",
        "data_confidence": "medium"
      },
      "geometry": {
        "type": "Polygon",
        "coordinates": [
          [
            [
              -58.629708,
              -34.601222
            ],
            [
              -58.62963,
              -34.601283
            ],
            [
              -58.6297698,
              -34.6014037
            ],
            [
              -58.6297716,
              -34.6014026
            ],
            [
              -58.629889,
              -34.601505
            ],
            [
              -58.6299649,
              -34.6014443
            ],
            [
              -58.6298588,
              -34.6013546
            ],
            [
              -58.6298607,
              -34.6013532
            ],
            [
              -58.629708,
              -34.601222
            ]
          ]
        ]
      }
    },
    {
      "type": "Feature",
      "properties": {
        "cca": "135040D00000000015000000100000000000001000000009",
        "ara1": 315.21,
        "sag": "ARBA",
        "source_name": "ARBA GeoARBA",
        "source_url": "https://www.arba.gov.ar/geoarba/inicio.asp",
        "source_layer": "Subparcela",
        "source_archive": "135_subparcela.tar.gz",
        "wfs_type": "idera:Subparcela",
        "input_crs": "EPSG:5347",
        "generated_at": "2026-06-29T00:09:48.931378+00:00",
        "assigned_zone_name": "Parque Quirno",
        "data_confidence": "medium"
      },
      "geometry": {
        "type": "Polygon",
        "coordinates": [
          [
            [
              -58.6296276,
              -34.6012852
            ],
            [
              -58.62956,
              -34.6013388
            ],
            [
              -58.6296495,
              -34.6014162
            ],
            [
              -58.6296421,
              -34.601422
            ],
            [
              -58.6298101,
              -34.6015675
            ],
            [
              -58.6298854,
              -34.601508
            ],
            [
              -58.6296276,
              -34.6012852
            ]
          ]
        ]
      }
    },
    {
      "type": "Feature",
      "properties": {
        "cca": "135040D00000000015000000100000000000001000000010",
        "ara1": 167.96,
        "sag": "ARBA",
        "source_name": "ARBA GeoARBA",
        "source_url": "https://www.arba.gov.ar/geoarba/inicio.asp",
        "source_layer": "Subparcela",
        "source_archive": "135_subparcela.tar.gz",
        "wfs_type": "idera:Subparcela",
        "input_crs": "EPSG:5347",
        "generated_at": "2026-06-29T00:09:48.931378+00:00",
        "assigned_zone_name": "Parque Quirno",
        "data_confidence": "medium"
      },
      "geometry": {
        "type": "Polygon",
        "coordinates": [
          [
            [
              -58.6295567,
              -34.6013409
            ],
            [
              -58.6294434,
              -34.6014313
            ],
            [
              -58.6295311,
              -34.6015066
            ],
            [
              -58.6296448,
              -34.6014167
            ],
            [
              -58.6295567,
              -34.6013409
            ]
          ]
        ]
      }
    },
    {
      "type": "Feature",
      "properties": {
        "cca": "135040D00000000015000000100000000000001000000011",
        "ara1": 297.39,
        "sag": "ARBA",
        "source_name": "ARBA GeoARBA",
        "source_url": "https://www.arba.gov.ar/geoarba/inicio.asp",
        "source_layer": "Subparcela",
        "source_archive": "135_subparcela.tar.gz",
        "wfs_type": "idera:Subparcela",
        "input_crs": "EPSG:5347",
        "generated_at": "2026-06-29T00:09:48.931378+00:00",
        "assigned_zone_name": "Parque Quirno",
        "data_confidence": "medium"
      },
      "geometry": {
        "type": "Polygon",
        "coordinates": [
          [
            [
              -58.6296391,
              -34.6014246
            ],
            [
              -58.6295337,
              -34.6015088
            ],
            [
              -58.6297017,
              -34.6016542
            ],
            [
              -58.6298056,
              -34.6015714
            ],
            [
              -58.6296953,
              -34.6014757
            ],
            [
              -58.629697,
              -34.601474
            ],
            [
              -58.6296391,
              -34.6014246
            ]
          ]
        ]
      }
    },
    {
      "type": "Feature",
      "properties": {
        "cca": "135040D00000000015000000100000000000001000000012",
        "ara1": 348.01,
        "sag": "ARBA",
        "source_name": "ARBA GeoARBA",
        "source_url": "https://www.arba.gov.ar/geoarba/inicio.asp",
        "source_layer": "Subparcela",
        "source_archive": "135_subparcela.tar.gz",
        "wfs_type": "idera:Subparcela",
        "input_crs": "EPSG:5347",
        "generated_at": "2026-06-29T00:09:48.931378+00:00",
        "assigned_zone_name": "Parque Quirno",
        "data_confidence": "medium"
      },
      "geometry": {
        "type": "Polygon",
        "coordinates": [
          [
            [
              -58.6299389,
              -34.6016538
            ],
            [
              -58.6298147,
              -34.601752
            ],
            [
              -58.629983,
              -34.6018957
            ],
            [
              -58.630106,
              -34.601799
            ],
            [
              -58.6299389,
              -34.6016538
            ]
          ]
        ]
      }
    },
    {
      "type": "Feature",
      "properties": {
        "cca": "135040D00000000015000000100000000000001000000013",
        "ara1": 192.97,
        "sag": "ARBA",
        "source_name": "ARBA GeoARBA",
        "source_url": "https://www.arba.gov.ar/geoarba/inicio.asp",
        "source_layer": "Subparcela",
        "source_archive": "135_subparcela.tar.gz",
        "wfs_type": "idera:Subparcela",
        "input_crs": "EPSG:5347",
        "generated_at": "2026-06-29T00:09:48.931378+00:00",
        "assigned_zone_name": "Parque Quirno",
        "data_confidence": "medium"
      },
      "geometry": {
        "type": "Polygon",
        "coordinates": [
          [
            [
              -58.6301083,
              -34.6018005
            ],
            [
              -58.6299851,
              -34.6018975
            ],
            [
              -58.6300788,
              -34.6019777
            ],
            [
              -58.630202,
              -34.60188
            ],
            [
              -58.6301083,
              -34.6018005
            ]
          ]
        ]
      }
    },
    {
      "type": "Feature",
      "properties": {
        "cca": "135040D00000000015000000100000000000001000000014",
        "ara1": 186.71,
        "sag": "ARBA",
        "source_name": "ARBA GeoARBA",
        "source_url": "https://www.arba.gov.ar/geoarba/inicio.asp",
        "source_layer": "Subparcela",
        "source_archive": "135_subparcela.tar.gz",
        "wfs_type": "idera:Subparcela",
        "input_crs": "EPSG:5347",
        "generated_at": "2026-06-29T00:09:48.931378+00:00",
        "assigned_zone_name": "Parque Quirno",
        "data_confidence": "medium"
      },
      "geometry": {
        "type": "Polygon",
        "coordinates": [
          [
            [
              -58.6302045,
              -34.601882
            ],
            [
              -58.6300807,
              -34.6019796
            ],
            [
              -58.6301715,
              -34.6020571
            ],
            [
              -58.630294,
              -34.6019597
            ],
            [
              -58.6302045,
              -34.601882
            ]
          ]
        ]
      }
    },
    {
      "type": "Feature",
      "properties": {
        "cca": "135040D00000000015000000100000000000001000000015",
        "ara1": 201.57,
        "sag": "ARBA",
        "source_name": "ARBA GeoARBA",
        "source_url": "https://www.arba.gov.ar/geoarba/inicio.asp",
        "source_layer": "Subparcela",
        "source_archive": "135_subparcela.tar.gz",
        "wfs_type": "idera:Subparcela",
        "input_crs": "EPSG:5347",
        "generated_at": "2026-06-29T00:09:48.931378+00:00",
        "assigned_zone_name": "Parque Quirno",
        "data_confidence": "medium"
      },
      "geometry": {
        "type": "Polygon",
        "coordinates": [
          [
            [
              -58.6302964,
              -34.6019616
            ],
            [
              -58.6301737,
              -34.602059
            ],
            [
              -58.6302761,
              -34.6021463
            ],
            [
              -58.6303866,
              -34.6020576
            ],
            [
              -58.6303447,
              -34.6020213
            ],
            [
              -58.6303554,
              -34.6020125
            ],
            [
              -58.6302964,
              -34.6019616
            ]
          ]
        ]
      }
    },
    {
      "type": "Feature",
      "properties": {
        "cca": "135040D00000000015000000100000000000001000000016",
        "ara1": 197.75,
        "sag": "ARBA",
        "source_name": "ARBA GeoARBA",
        "source_url": "https://www.arba.gov.ar/geoarba/inicio.asp",
        "source_layer": "Subparcela",
        "source_archive": "135_subparcela.tar.gz",
        "wfs_type": "idera:Subparcela",
        "input_crs": "EPSG:5347",
        "generated_at": "2026-06-29T00:09:48.931378+00:00",
        "assigned_zone_name": "Parque Quirno",
        "data_confidence": "medium"
      },
      "geometry": {
        "type": "Polygon",
        "coordinates": [
          [
            [
              -58.6303901,
              -34.6020597
            ],
            [
              -58.6302788,
              -34.6021483
            ],
            [
              -58.6303833,
              -34.6022388
            ],
            [
              -58.6304957,
              -34.6021506
            ],
            [
              -58.6303901,
              -34.6020597
            ]
          ]
        ]
      }
    },
    {
      "type": "Feature",
      "properties": {
        "cca": "135040D00000000015000000100000000000001000000017",
        "ara1": 189.66,
        "sag": "ARBA",
        "source_name": "ARBA GeoARBA",
        "source_url": "https://www.arba.gov.ar/geoarba/inicio.asp",
        "source_layer": "Subparcela",
        "source_archive": "135_subparcela.tar.gz",
        "wfs_type": "idera:Subparcela",
        "input_crs": "EPSG:5347",
        "generated_at": "2026-06-29T00:09:48.931378+00:00",
        "assigned_zone_name": "Parque Quirno",
        "data_confidence": "medium"
      },
      "geometry": {
        "type": "Polygon",
        "coordinates": [
          [
            [
              -58.6304986,
              -34.6021523
            ],
            [
              -58.630386,
              -34.6022412
            ],
            [
              -58.6304859,
              -34.6023275
            ],
            [
              -58.6305988,
              -34.6022379
            ],
            [
              -58.6304986,
              -34.6021523
            ]
          ]
        ]
      }
    },
    {
      "type": "Feature",
      "properties": {
        "cca": "135040D00000000015000000100000000000001000000018",
        "ara1": 107.26,
        "sag": "ARBA",
        "source_name": "ARBA GeoARBA",
        "source_url": "https://www.arba.gov.ar/geoarba/inicio.asp",
        "source_layer": "Subparcela",
        "source_archive": "135_subparcela.tar.gz",
        "wfs_type": "idera:Subparcela",
        "input_crs": "EPSG:5347",
        "generated_at": "2026-06-29T00:09:48.931378+00:00",
        "assigned_zone_name": "Parque Quirno",
        "data_confidence": "medium"
      },
      "geometry": {
        "type": "Polygon",
        "coordinates": [
          [
            [
              -58.6305358,
              -34.6022916
            ],
            [
              -58.6304881,
              -34.6023294
            ],
            [
              -58.6306064,
              -34.6024318
            ],
            [
              -58.6306431,
              -34.6024319
            ],
            [
              -58.6306725,
              -34.6024091
            ],
            [
              -58.6305358,
              -34.6022916
            ]
          ]
        ]
      }
    },
    {
      "type": "Feature",
      "properties": {
        "cca": "135040D00000000015000000100000000000001000000020",
        "ara1": 83.37,
        "sag": "ARBA",
        "source_name": "ARBA GeoARBA",
        "source_url": "https://www.arba.gov.ar/geoarba/inicio.asp",
        "source_layer": "Subparcela",
        "source_archive": "135_subparcela.tar.gz",
        "wfs_type": "idera:Subparcela",
        "input_crs": "EPSG:5347",
        "generated_at": "2026-06-29T00:09:48.931378+00:00",
        "assigned_zone_name": "Parque Quirno",
        "data_confidence": "medium"
      },
      "geometry": {
        "type": "Polygon",
        "coordinates": [
          [
            [
              -58.6306151,
              -34.6022299
            ],
            [
              -58.6305776,
              -34.6022583
            ],
            [
              -58.630714,
              -34.6023753
            ],
            [
              -58.6307504,
              -34.6023466
            ],
            [
              -58.6306151,
              -34.6022299
            ]
          ]
        ]
      }
    },
    {
      "type": "Feature",
      "properties": {
        "cca": "135040D00000000015000000100000000000001000000021",
        "ara1": 83.7,
        "sag": "ARBA",
        "source_name": "ARBA GeoARBA",
        "source_url": "https://www.arba.gov.ar/geoarba/inicio.asp",
        "source_layer": "Subparcela",
        "source_archive": "135_subparcela.tar.gz",
        "wfs_type": "idera:Subparcela",
        "input_crs": "EPSG:5347",
        "generated_at": "2026-06-29T00:09:48.931378+00:00",
        "assigned_zone_name": "Parque Quirno",
        "data_confidence": "medium"
      },
      "geometry": {
        "type": "Polygon",
        "coordinates": [
          [
            [
              -58.6306552,
              -34.6021994
            ],
            [
              -58.6306177,
              -34.6022281
            ],
            [
              -58.6307531,
              -34.6023446
            ],
            [
              -58.6307897,
              -34.6023153
            ],
            [
              -58.6306552,
              -34.6021994
            ]
          ]
        ]
      }
    },
    {
      "type": "Feature",
      "properties": {
        "cca": "135040D00000000015000000100000000000001000000022",
        "ara1": 82.06,
        "sag": "ARBA",
        "source_name": "ARBA GeoARBA",
        "source_url": "https://www.arba.gov.ar/geoarba/inicio.asp",
        "source_layer": "Subparcela",
        "source_archive": "135_subparcela.tar.gz",
        "wfs_type": "idera:Subparcela",
        "input_crs": "EPSG:5347",
        "generated_at": "2026-06-29T00:09:48.931378+00:00",
        "assigned_zone_name": "Parque Quirno",
        "data_confidence": "medium"
      },
      "geometry": {
        "type": "Polygon",
        "coordinates": [
          [
            [
              -58.6306943,
              -34.6021692
            ],
            [
              -58.6306574,
              -34.6021976
            ],
            [
              -58.630792,
              -34.6023135
            ],
            [
              -58.6308284,
              -34.6022853
            ],
            [
              -58.6306943,
              -34.6021692
            ]
          ]
        ]
      }
    },
    {
      "type": "Feature",
      "properties": {
        "cca": "135040D00000000015000000100000000000001000000023",
        "ara1": 82.53,
        "sag": "ARBA",
        "source_name": "ARBA GeoARBA",
        "source_url": "https://www.arba.gov.ar/geoarba/inicio.asp",
        "source_layer": "Subparcela",
        "source_archive": "135_subparcela.tar.gz",
        "wfs_type": "idera:Subparcela",
        "input_crs": "EPSG:5347",
        "generated_at": "2026-06-29T00:09:48.931378+00:00",
        "assigned_zone_name": "Parque Quirno",
        "data_confidence": "medium"
      },
      "geometry": {
        "type": "Polygon",
        "coordinates": [
          [
            [
              -58.6307331,
              -34.6021384
            ],
            [
              -58.6306966,
              -34.6021668
            ],
            [
              -58.6308305,
              -34.6022834
            ],
            [
              -58.6308674,
              -34.6022546
            ],
            [
              -58.6307331,
              -34.6021384
            ]
          ]
        ]
      }
    },
    {
      "type": "Feature",
      "properties": {
        "cca": "135040D00000000015000000100000000000001000000024",
        "ara1": 81.13,
        "sag": "ARBA",
        "source_name": "ARBA GeoARBA",
        "source_url": "https://www.arba.gov.ar/geoarba/inicio.asp",
        "source_layer": "Subparcela",
        "source_archive": "135_subparcela.tar.gz",
        "wfs_type": "idera:Subparcela",
        "input_crs": "EPSG:5347",
        "generated_at": "2026-06-29T00:09:48.931378+00:00",
        "assigned_zone_name": "Parque Quirno",
        "data_confidence": "medium"
      },
      "geometry": {
        "type": "Polygon",
        "coordinates": [
          [
            [
              -58.630772,
              -34.6021082
            ],
            [
              -58.6307357,
              -34.6021364
            ],
            [
              -58.63087,
              -34.6022523
            ],
            [
              -58.630906,
              -34.6022241
            ],
            [
              -58.630772,
              -34.6021082
            ]
          ]
        ]
      }
    },
    {
      "type": "Feature",
      "properties": {
        "cca": "135040D00000000015000000100000000000001000000025",
        "ara1": 81.13,
        "sag": "ARBA",
        "source_name": "ARBA GeoARBA",
        "source_url": "https://www.arba.gov.ar/geoarba/inicio.asp",
        "source_layer": "Subparcela",
        "source_archive": "135_subparcela.tar.gz",
        "wfs_type": "idera:Subparcela",
        "input_crs": "EPSG:5347",
        "generated_at": "2026-06-29T00:09:48.931378+00:00",
        "assigned_zone_name": "Parque Quirno",
        "data_confidence": "medium"
      },
      "geometry": {
        "type": "Polygon",
        "coordinates": [
          [
            [
              -58.6308108,
              -34.6020781
            ],
            [
              -58.6307741,
              -34.6021061
            ],
            [
              -58.6309085,
              -34.6022221
            ],
            [
              -58.6309444,
              -34.6021939
            ],
            [
              -58.6308108,
              -34.6020781
            ]
          ]
        ]
      }
    },
    {
      "type": "Feature",
      "properties": {
        "cca": "135040D00000000015000000100000000000001000000026",
        "ara1": 79.06,
        "sag": "ARBA",
        "source_name": "ARBA GeoARBA",
        "source_url": "https://www.arba.gov.ar/geoarba/inicio.asp",
        "source_layer": "Subparcela",
        "source_archive": "135_subparcela.tar.gz",
        "wfs_type": "idera:Subparcela",
        "input_crs": "EPSG:5347",
        "generated_at": "2026-06-29T00:09:48.931378+00:00",
        "assigned_zone_name": "Parque Quirno",
        "data_confidence": "medium"
      },
      "geometry": {
        "type": "Polygon",
        "coordinates": [
          [
            [
              -58.6308485,
              -34.6020482
            ],
            [
              -58.6308132,
              -34.6020757
            ],
            [
              -58.6309472,
              -34.6021917
            ],
            [
              -58.630982,
              -34.6021639
            ],
            [
              -58.6308485,
              -34.6020482
            ]
          ]
        ]
      }
    },
    {
      "type": "Feature",
      "properties": {
        "cca": "135040D00000000015000000100000000000001000000027",
        "ara1": 81.04,
        "sag": "ARBA",
        "source_name": "ARBA GeoARBA",
        "source_url": "https://www.arba.gov.ar/geoarba/inicio.asp",
        "source_layer": "Subparcela",
        "source_archive": "135_subparcela.tar.gz",
        "wfs_type": "idera:Subparcela",
        "input_crs": "EPSG:5347",
        "generated_at": "2026-06-29T00:09:48.931378+00:00",
        "assigned_zone_name": "Parque Quirno",
        "data_confidence": "medium"
      },
      "geometry": {
        "type": "Polygon",
        "coordinates": [
          [
            [
              -58.6309243,
              -34.6019826
            ],
            [
              -58.6308895,
              -34.6020098
            ],
            [
              -58.6310268,
              -34.6021288
            ],
            [
              -58.6310625,
              -34.6021011
            ],
            [
              -58.6309243,
              -34.6019826
            ]
          ]
        ]
      }
    },
    {
      "type": "Feature",
      "properties": {
        "cca": "135040D00000000015000000100000000000001000000028",
        "ara1": 129.55,
        "sag": "ARBA",
        "source_name": "ARBA GeoARBA",
        "source_url": "https://www.arba.gov.ar/geoarba/inicio.asp",
        "source_layer": "Subparcela",
        "source_archive": "135_subparcela.tar.gz",
        "wfs_type": "idera:Subparcela",
        "input_crs": "EPSG:5347",
        "generated_at": "2026-06-29T00:09:48.931378+00:00",
        "assigned_zone_name": "Parque Quirno",
        "data_confidence": "medium"
      },
      "geometry": {
        "type": "Polygon",
        "coordinates": [
          [
            [
              -58.6309828,
              -34.6019365
            ],
            [
              -58.6309262,
              -34.6019807
            ],
            [
              -58.6310647,
              -34.6020994
            ],
            [
              -58.6311199,
              -34.6020554
            ],
            [
              -58.6309828,
              -34.6019365
            ]
          ]
        ]
      }
    },
    {
      "type": "Feature",
      "properties": {
        "cca": "135040D00000000015000000100000000000001000000029",
        "ara1": 125.45,
        "sag": "ARBA",
        "source_name": "ARBA GeoARBA",
        "source_url": "https://www.arba.gov.ar/geoarba/inicio.asp",
        "source_layer": "Subparcela",
        "source_archive": "135_subparcela.tar.gz",
        "wfs_type": "idera:Subparcela",
        "input_crs": "EPSG:5347",
        "generated_at": "2026-06-29T00:09:48.931378+00:00",
        "assigned_zone_name": "Parque Quirno",
        "data_confidence": "medium"
      },
      "geometry": {
        "type": "Polygon",
        "coordinates": [
          [
            [
              -58.6310406,
              -34.601892
            ],
            [
              -58.6309853,
              -34.6019342
            ],
            [
              -58.6311222,
              -34.6020536
            ],
            [
              -58.6311765,
              -34.6020109
            ],
            [
              -58.6310406,
              -34.601892
            ]
          ]
        ]
      }
    },
    {
      "type": "Feature",
      "properties": {
        "cca": "135040D00000000015000000100000000000001000000030",
        "ara1": 88.44,
        "sag": "ARBA",
        "source_name": "ARBA GeoARBA",
        "source_url": "https://www.arba.gov.ar/geoarba/inicio.asp",
        "source_layer": "Subparcela",
        "source_archive": "135_subparcela.tar.gz",
        "wfs_type": "idera:Subparcela",
        "input_crs": "EPSG:5347",
        "generated_at": "2026-06-29T00:09:48.931378+00:00",
        "assigned_zone_name": "Parque Quirno",
        "data_confidence": "medium"
      },
      "geometry": {
        "type": "Polygon",
        "coordinates": [
          [
            [
              -58.6310806,
              -34.6018593
            ],
            [
              -58.6310424,
              -34.60189
            ],
            [
              -58.6311792,
              -34.6020087
            ],
            [
              -58.6312171,
              -34.6019785
            ],
            [
              -58.6310806,
              -34.6018593
            ]
          ]
        ]
      }
    },
    {
      "type": "Feature",
      "properties": {
        "cca": "135040D00000000015000000100000000000001000000031",
        "ara1": 88.24,
        "sag": "ARBA",
        "source_name": "ARBA GeoARBA",
        "source_url": "https://www.arba.gov.ar/geoarba/inicio.asp",
        "source_layer": "Subparcela",
        "source_archive": "135_subparcela.tar.gz",
        "wfs_type": "idera:Subparcela",
        "input_crs": "EPSG:5347",
        "generated_at": "2026-06-29T00:09:48.931378+00:00",
        "assigned_zone_name": "Parque Quirno",
        "data_confidence": "medium"
      },
      "geometry": {
        "type": "Polygon",
        "coordinates": [
          [
            [
              -58.6311203,
              -34.6018279
            ],
            [
              -58.6310819,
              -34.6018577
            ],
            [
              -58.6312193,
              -34.6019767
            ],
            [
              -58.6312576,
              -34.6019466
            ],
            [
              -58.6311203,
              -34.6018279
            ]
          ]
        ]
      }
    },
    {
      "type": "Feature",
      "properties": {
        "cca": "135040D00000000015000000100000000000001000000032",
        "ara1": 291.07,
        "sag": "ARBA",
        "source_name": "ARBA GeoARBA",
        "source_url": "https://www.arba.gov.ar/geoarba/inicio.asp",
        "source_layer": "Subparcela",
        "source_archive": "135_subparcela.tar.gz",
        "wfs_type": "idera:Subparcela",
        "input_crs": "EPSG:5347",
        "generated_at": "2026-06-29T00:09:48.931378+00:00",
        "assigned_zone_name": "Parque Quirno",
        "data_confidence": "medium"
      },
      "geometry": {
        "type": "Polygon",
        "coordinates": [
          [
            [
              -58.6312448,
              -34.6017261
            ],
            [
              -58.6311554,
              -34.6017945
            ],
            [
              -58.6311588,
              -34.6017983
            ],
            [
              -58.631122,
              -34.6018262
            ],
            [
              -58.6312597,
              -34.6019452
            ],
            [
              -58.6313654,
              -34.6018621
            ],
            [
              -58.6313667,
              -34.6018298
            ],
            [
              -58.6312448,
              -34.6017261
            ]
          ]
        ]
      }
    },
    {
      "type": "Feature",
      "properties": {
        "cca": "135040D00000000015000000100000000000001000000033",
        "ara1": 290.73,
        "sag": "ARBA",
        "source_name": "ARBA GeoARBA",
        "source_url": "https://www.arba.gov.ar/geoarba/inicio.asp",
        "source_layer": "Subparcela",
        "source_archive": "135_subparcela.tar.gz",
        "wfs_type": "idera:Subparcela",
        "input_crs": "EPSG:5347",
        "generated_at": "2026-06-29T00:09:48.931378+00:00",
        "assigned_zone_name": "Parque Quirno",
        "data_confidence": "medium"
      },
      "geometry": {
        "type": "Polygon",
        "coordinates": [
          [
            [
              -58.6311186,
              -34.6016169
            ],
            [
              -58.6309791,
              -34.6017275
            ],
            [
              -58.6311059,
              -34.601836
            ],
            [
              -58.6311533,
              -34.601799
            ],
            [
              -58.6311495,
              -34.6017951
            ],
            [
              -58.6312413,
              -34.6017229
            ],
            [
              -58.6311186,
              -34.6016169
            ]
          ]
        ]
      }
    },
    {
      "type": "Feature",
      "properties": {
        "cca": "135040D00000000015000000100000000000001000000034",
        "ara1": 167.73,
        "sag": "ARBA",
        "source_name": "ARBA GeoARBA",
        "source_url": "https://www.arba.gov.ar/geoarba/inicio.asp",
        "source_layer": "Subparcela",
        "source_archive": "135_subparcela.tar.gz",
        "wfs_type": "idera:Subparcela",
        "input_crs": "EPSG:5347",
        "generated_at": "2026-06-29T00:09:48.931378+00:00",
        "assigned_zone_name": "Parque Quirno",
        "data_confidence": "medium"
      },
      "geometry": {
        "type": "Polygon",
        "coordinates": [
          [
            [
              -58.6310324,
              -34.6015433
            ],
            [
              -58.6309131,
              -34.6016369
            ],
            [
              -58.630997,
              -34.6017095
            ],
            [
              -58.6311159,
              -34.601615
            ],
            [
              -58.6310324,
              -34.6015433
            ]
          ]
        ]
      }
    },
    {
      "type": "Feature",
      "properties": {
        "cca": "135040D00000000015000000100000000000001000000035",
        "ara1": 179.43,
        "sag": "ARBA",
        "source_name": "ARBA GeoARBA",
        "source_url": "https://www.arba.gov.ar/geoarba/inicio.asp",
        "source_layer": "Subparcela",
        "source_archive": "135_subparcela.tar.gz",
        "wfs_type": "idera:Subparcela",
        "input_crs": "EPSG:5347",
        "generated_at": "2026-06-29T00:09:48.931378+00:00",
        "assigned_zone_name": "Parque Quirno",
        "data_confidence": "medium"
      },
      "geometry": {
        "type": "Polygon",
        "coordinates": [
          [
            [
              -58.6309394,
              -34.601464
            ],
            [
              -58.6308211,
              -34.6015573
            ],
            [
              -58.6309105,
              -34.6016352
            ],
            [
              -58.6310298,
              -34.601541
            ],
            [
              -58.6309394,
              -34.601464
            ]
          ]
        ]
      }
    },
    {
      "type": "Feature",
      "properties": {
        "cca": "135040D00000000015000000100000000000001000000036",
        "ara1": 182.07,
        "sag": "ARBA",
        "source_name": "ARBA GeoARBA",
        "source_url": "https://www.arba.gov.ar/geoarba/inicio.asp",
        "source_layer": "Subparcela",
        "source_archive": "135_subparcela.tar.gz",
        "wfs_type": "idera:Subparcela",
        "input_crs": "EPSG:5347",
        "generated_at": "2026-06-29T00:09:48.931378+00:00",
        "assigned_zone_name": "Parque Quirno",
        "data_confidence": "medium"
      },
      "geometry": {
        "type": "Polygon",
        "coordinates": [
          [
            [
              -58.6308372,
              -34.6013765
            ],
            [
              -58.6307286,
              -34.6014626
            ],
            [
              -58.6308279,
              -34.6015481
            ],
            [
              -58.6309371,
              -34.6014621
            ],
            [
              -58.6308372,
              -34.6013765
            ]
          ]
        ]
      }
    },
    {
      "type": "Feature",
      "properties": {
        "cca": "135040D00000000015000000100000000000001000000037",
        "ara1": 154.06,
        "sag": "ARBA",
        "source_name": "ARBA GeoARBA",
        "source_url": "https://www.arba.gov.ar/geoarba/inicio.asp",
        "source_layer": "Subparcela",
        "source_archive": "135_subparcela.tar.gz",
        "wfs_type": "idera:Subparcela",
        "input_crs": "EPSG:5347",
        "generated_at": "2026-06-29T00:09:48.931378+00:00",
        "assigned_zone_name": "Parque Quirno",
        "data_confidence": "medium"
      },
      "geometry": {
        "type": "Polygon",
        "coordinates": [
          [
            [
              -58.6307493,
              -34.6013025
            ],
            [
              -58.6306412,
              -34.6013874
            ],
            [
              -58.6307258,
              -34.60146
            ],
            [
              -58.6308352,
              -34.6013749
            ],
            [
              -58.6307493,
              -34.6013025
            ]
          ]
        ]
      }
    },
    {
      "type": "Feature",
      "properties": {
        "cca": "135040D00000000015000000100000000000001000000038",
        "ara1": 320.14,
        "sag": "ARBA",
        "source_name": "ARBA GeoARBA",
        "source_url": "https://www.arba.gov.ar/geoarba/inicio.asp",
        "source_layer": "Subparcela",
        "source_archive": "135_subparcela.tar.gz",
        "wfs_type": "idera:Subparcela",
        "input_crs": "EPSG:5347",
        "generated_at": "2026-06-29T00:09:48.931378+00:00",
        "assigned_zone_name": "Parque Quirno",
        "data_confidence": "medium"
      },
      "geometry": {
        "type": "Polygon",
        "coordinates": [
          [
            [
              -58.6305704,
              -34.6011482
            ],
            [
              -58.6304629,
              -34.6012345
            ],
            [
              -58.6306387,
              -34.6013858
            ],
            [
              -58.6307465,
              -34.6013
            ],
            [
              -58.6305704,
              -34.6011482
            ]
          ]
        ]
      }
    },
    {
      "type": "Feature",
      "properties": {
        "cca": "135040D00000000015000000100000000000001000000039",
        "ara1": 223.02,
        "sag": "ARBA",
        "source_name": "ARBA GeoARBA",
        "source_url": "https://www.arba.gov.ar/geoarba/inicio.asp",
        "source_layer": "Subparcela",
        "source_archive": "135_subparcela.tar.gz",
        "wfs_type": "idera:Subparcela",
        "input_crs": "EPSG:5347",
        "generated_at": "2026-06-29T00:09:48.931378+00:00",
        "assigned_zone_name": "Parque Quirno",
        "data_confidence": "medium"
      },
      "geometry": {
        "type": "Polygon",
        "coordinates": [
          [
            [
              -58.6304588,
              -34.6012378
            ],
            [
              -58.6303831,
              -34.6012981
            ],
            [
              -58.6305588,
              -34.6014474
            ],
            [
              -58.6306349,
              -34.6013878
            ],
            [
              -58.6304588,
              -34.6012378
            ]
          ]
        ]
      }
    },
    {
      "type": "Feature",
      "properties": {
        "cca": "135040D00000000015000000100000000000001000000040",
        "ara1": 318.99,
        "sag": "ARBA",
        "source_name": "ARBA GeoARBA",
        "source_url": "https://www.arba.gov.ar/geoarba/inicio.asp",
        "source_layer": "Subparcela",
        "source_archive": "135_subparcela.tar.gz",
        "wfs_type": "idera:Subparcela",
        "input_crs": "EPSG:5347",
        "generated_at": "2026-06-29T00:09:48.931378+00:00",
        "assigned_zone_name": "Parque Quirno",
        "data_confidence": "medium"
      },
      "geometry": {
        "type": "Polygon",
        "coordinates": [
          [
            [
              -58.6303807,
              -34.6013002
            ],
            [
              -58.6302462,
              -34.6014075
            ],
            [
              -58.6302306,
              -34.6014212
            ],
            [
              -58.6302261,
              -34.6014253
            ],
            [
              -58.6302215,
              -34.6014318
            ],
            [
              -58.6302162,
              -34.6014422
            ],
            [
              -58.6302144,
              -34.6014505
            ],
            [
              -58.6302141,
              -34.6014595
            ],
            [
              -58.6302146,
              -34.6014712
            ],
            [
              -58.6302177,
              -34.6014826
            ],
            [
              -58.630222,
              -34.601493
            ],
            [
              -58.6302281,
              -34.6015042
            ],
            [
              -58.6302357,
              -34.6015158
            ],
            [
              -58.6302486,
              -34.6015313
            ],
            [
              -58.6302671,
              -34.6015495
            ],
            [
              -58.6304775,
              -34.601383
            ],
            [
              -58.6303807,
              -34.6013002
            ]
          ]
        ]
      }
    },
    {
      "type": "Feature",
      "properties": {
        "cca": "135040D00000000015000000100000000000001000000041",
        "ara1": 262.71,
        "sag": "ARBA",
        "source_name": "ARBA GeoARBA",
        "source_url": "https://www.arba.gov.ar/geoarba/inicio.asp",
        "source_layer": "Subparcela",
        "source_archive": "135_subparcela.tar.gz",
        "wfs_type": "idera:Subparcela",
        "input_crs": "EPSG:5347",
        "generated_at": "2026-06-29T00:09:48.931378+00:00",
        "assigned_zone_name": "Parque Quirno",
        "data_confidence": "medium"
      },
      "geometry": {
        "type": "Polygon",
        "coordinates": [
          [
            [
              -58.6304799,
              -34.6013851
            ],
            [
              -58.6303903,
              -34.6014557
            ],
            [
              -58.6303926,
              -34.6014578
            ],
            [
              -58.6302726,
              -34.6015525
            ],
            [
              -58.6302758,
              -34.6015585
            ],
            [
              -58.6302847,
              -34.6015676
            ],
            [
              -58.6302993,
              -34.6015798
            ],
            [
              -58.6303148,
              -34.6015904
            ],
            [
              -58.6303329,
              -34.6016001
            ],
            [
              -58.6303556,
              -34.6016082
            ],
            [
              -58.6305566,
              -34.6014498
            ],
            [
              -58.6304799,
              -34.6013851
            ]
          ]
        ]
      }
    },
    {
      "type": "Feature",
      "properties": {
        "cca": "135040D00000000015000000100000000000001000000042",
        "ara1": 334.61,
        "sag": "ARBA",
        "source_name": "ARBA GeoARBA",
        "source_url": "https://www.arba.gov.ar/geoarba/inicio.asp",
        "source_layer": "Subparcela",
        "source_archive": "135_subparcela.tar.gz",
        "wfs_type": "idera:Subparcela",
        "input_crs": "EPSG:5347",
        "generated_at": "2026-06-29T00:09:48.931378+00:00",
        "assigned_zone_name": "Parque Quirno",
        "data_confidence": "medium"
      },
      "geometry": {
        "type": "Polygon",
        "coordinates": [
          [
            [
              -58.6306373,
              -34.6013893
            ],
            [
              -58.6304898,
              -34.6015044
            ],
            [
              -58.6304913,
              -34.6015059
            ],
            [
              -58.6303589,
              -34.6016103
            ],
            [
              -58.6303946,
              -34.6016192
            ],
            [
              -58.6304411,
              -34.6016314
            ],
            [
              -58.6304612,
              -34.6016387
            ],
            [
              -58.6304752,
              -34.6016462
            ],
            [
              -58.6305341,
              -34.6016001
            ],
            [
              -58.6305317,
              -34.601598
            ],
            [
              -58.6305997,
              -34.6015447
            ],
            [
              -58.6306013,
              -34.6015465
            ],
            [
              -58.6307149,
              -34.6014557
            ],
            [
              -58.6306373,
              -34.6013893
            ]
          ]
        ]
      }
    },
    {
      "type": "Feature",
      "properties": {
        "cca": "135040D00000000015000000100000000000001000000043",
        "ara1": 303.53,
        "sag": "ARBA",
        "source_name": "ARBA GeoARBA",
        "source_url": "https://www.arba.gov.ar/geoarba/inicio.asp",
        "source_layer": "Subparcela",
        "source_archive": "135_subparcela.tar.gz",
        "wfs_type": "idera:Subparcela",
        "input_crs": "EPSG:5347",
        "generated_at": "2026-06-29T00:09:48.931378+00:00",
        "assigned_zone_name": "Parque Quirno",
        "data_confidence": "medium"
      },
      "geometry": {
        "type": "Polygon",
        "coordinates": [
          [
            [
              -58.6307171,
              -34.6014575
            ],
            [
              -58.6304783,
              -34.6016473
            ],
            [
              -58.6304956,
              -34.6016531
            ],
            [
              -58.6305098,
              -34.6016601
            ],
            [
              -58.6305273,
              -34.6016705
            ],
            [
              -58.630548,
              -34.6016843
            ],
            [
              -58.6305704,
              -34.6017027
            ],
            [
              -58.6307106,
              -34.6015915
            ],
            [
              -58.6307135,
              -34.601594
            ],
            [
              -58.6307976,
              -34.6015265
            ],
            [
              -58.6307171,
              -34.6014575
            ]
          ]
        ]
      }
    },
    {
      "type": "Feature",
      "properties": {
        "cca": "135040D00000000015000000100000000000001000000044",
        "ara1": 296.69,
        "sag": "ARBA",
        "source_name": "ARBA GeoARBA",
        "source_url": "https://www.arba.gov.ar/geoarba/inicio.asp",
        "source_layer": "Subparcela",
        "source_archive": "135_subparcela.tar.gz",
        "wfs_type": "idera:Subparcela",
        "input_crs": "EPSG:5347",
        "generated_at": "2026-06-29T00:09:48.931378+00:00",
        "assigned_zone_name": "Parque Quirno",
        "data_confidence": "medium"
      },
      "geometry": {
        "type": "Polygon",
        "coordinates": [
          [
            [
              -58.6308002,
              -34.6015286
            ],
            [
              -58.6305758,
              -34.6017074
            ],
            [
              -58.6306084,
              -34.6017312
            ],
            [
              -58.6306212,
              -34.6017392
            ],
            [
              -58.6306302,
              -34.6017437
            ],
            [
              -58.6306425,
              -34.6017493
            ],
            [
              -58.6306621,
              -34.6017563
            ],
            [
              -58.6306803,
              -34.6017613
            ],
            [
              -58.6308749,
              -34.6016075
            ],
            [
              -58.6308173,
              -34.601557
            ],
            [
              -58.6308255,
              -34.6015506
            ],
            [
              -58.6308002,
              -34.6015286
            ]
          ]
        ]
      }
    },
    {
      "type": "Feature",
      "properties": {
        "cca": "135040D00000000015000000100000000000001000000045",
        "ara1": 232.27,
        "sag": "ARBA",
        "source_name": "ARBA GeoARBA",
        "source_url": "https://www.arba.gov.ar/geoarba/inicio.asp",
        "source_layer": "Subparcela",
        "source_archive": "135_subparcela.tar.gz",
        "wfs_type": "idera:Subparcela",
        "input_crs": "EPSG:5347",
        "generated_at": "2026-06-29T00:09:48.931378+00:00",
        "assigned_zone_name": "Parque Quirno",
        "data_confidence": "medium"
      },
      "geometry": {
        "type": "Polygon",
        "coordinates": [
          [
            [
              -58.6308767,
              -34.6016089
            ],
            [
              -58.6306828,
              -34.6017622
            ],
            [
              -58.6307062,
              -34.6017662
            ],
            [
              -58.6307278,
              -34.6017707
            ],
            [
              -58.6307586,
              -34.6017777
            ],
            [
              -58.6307816,
              -34.601785
            ],
            [
              -58.6307961,
              -34.6017921
            ],
            [
              -58.6308084,
              -34.6017996
            ],
            [
              -58.6309576,
              -34.6016797
            ],
            [
              -58.6308767,
              -34.6016089
            ]
          ]
        ]
      }
    },
    {
      "type": "Feature",
      "properties": {
        "cca": "135040D00000000015000000100000000000001000000046",
        "ara1": 201.09,
        "sag": "ARBA",
        "source_name": "ARBA GeoARBA",
        "source_url": "https://www.arba.gov.ar/geoarba/inicio.asp",
        "source_layer": "Subparcela",
        "source_archive": "135_subparcela.tar.gz",
        "wfs_type": "idera:Subparcela",
        "input_crs": "EPSG:5347",
        "generated_at": "2026-06-29T00:09:48.931378+00:00",
        "assigned_zone_name": "Parque Quirno",
        "data_confidence": "medium"
      },
      "geometry": {
        "type": "Polygon",
        "coordinates": [
          [
            [
              -58.6309612,
              -34.6016825
            ],
            [
              -58.6308116,
              -34.6018011
            ],
            [
              -58.63082,
              -34.6018064
            ],
            [
              -58.6308337,
              -34.6018164
            ],
            [
              -58.6308476,
              -34.6018303
            ],
            [
              -58.6308578,
              -34.6018461
            ],
            [
              -58.630865,
              -34.6018624
            ],
            [
              -58.6308684,
              -34.6018753
            ],
            [
              -58.6308695,
              -34.6018937
            ],
            [
              -58.6310249,
              -34.6017712
            ],
            [
              -58.6309748,
              -34.6017272
            ],
            [
              -58.6309945,
              -34.6017112
            ],
            [
              -58.6309612,
              -34.6016825
            ]
          ]
        ]
      }
    },
    {
      "type": "Feature",
      "properties": {
        "cca": "135040D00000000015000000100000000000001000000047",
        "ara1": 254.45,
        "sag": "ARBA",
        "source_name": "ARBA GeoARBA",
        "source_url": "https://www.arba.gov.ar/geoarba/inicio.asp",
        "source_layer": "Subparcela",
        "source_archive": "135_subparcela.tar.gz",
        "wfs_type": "idera:Subparcela",
        "input_crs": "EPSG:5347",
        "generated_at": "2026-06-29T00:09:48.931378+00:00",
        "assigned_zone_name": "Parque Quirno",
        "data_confidence": "medium"
      },
      "geometry": {
        "type": "Polygon",
        "coordinates": [
          [
            [
              -58.6310281,
              -34.6017734
            ],
            [
              -58.6308698,
              -34.6018971
            ],
            [
              -58.6308698,
              -34.6019069
            ],
            [
              -58.6308687,
              -34.6019167
            ],
            [
              -58.6308664,
              -34.6019264
            ],
            [
              -58.6308631,
              -34.6019359
            ],
            [
              -58.6308587,
              -34.601945
            ],
            [
              -58.6308533,
              -34.6019538
            ],
            [
              -58.6308469,
              -34.6019621
            ],
            [
              -58.6308396,
              -34.6019699
            ],
            [
              -58.6308845,
              -34.6020094
            ],
            [
              -58.6309692,
              -34.6019444
            ],
            [
              -58.630967,
              -34.6019424
            ],
            [
              -58.6310455,
              -34.601881
            ],
            [
              -58.6310474,
              -34.6018825
            ],
            [
              -58.6311033,
              -34.6018379
            ],
            [
              -58.6310281,
              -34.6017734
            ]
          ]
        ]
      }
    },
    {
      "type": "Feature",
      "properties": {
        "cca": "135040D00000000015000000100000000000001000000048",
        "ara1": 361.93,
        "sag": "ARBA",
        "source_name": "ARBA GeoARBA",
        "source_url": "https://www.arba.gov.ar/geoarba/inicio.asp",
        "source_layer": "Subparcela",
        "source_archive": "135_subparcela.tar.gz",
        "wfs_type": "idera:Subparcela",
        "input_crs": "EPSG:5347",
        "generated_at": "2026-06-29T00:09:48.931378+00:00",
        "assigned_zone_name": "Parque Quirno",
        "data_confidence": "medium"
      },
      "geometry": {
        "type": "Polygon",
        "coordinates": [
          [
            [
              -58.6307975,
              -34.6019988
            ],
            [
              -58.6307858,
              -34.6020034
            ],
            [
              -58.6307736,
              -34.6020071
            ],
            [
              -58.6307611,
              -34.6020097
            ],
            [
              -58.6307482,
              -34.6020113
            ],
            [
              -58.6307353,
              -34.6020119
            ],
            [
              -58.6307223,
              -34.6020114
            ],
            [
              -58.6307095,
              -34.6020098
            ],
            [
              -58.6306969,
              -34.6020073
            ],
            [
              -58.6305926,
              -34.6020891
            ],
            [
              -58.6305908,
              -34.6020875
            ],
            [
              -58.6305065,
              -34.6021547
            ],
            [
              -58.6306017,
              -34.6022353
            ],
            [
              -58.6306901,
              -34.6021674
            ],
            [
              -58.6306874,
              -34.602165
            ],
            [
              -58.6307136,
              -34.6021453
            ],
            [
              -58.630716,
              -34.6021473
            ],
            [
              -58.6307508,
              -34.6021196
            ],
            [
              -58.6307489,
              -34.6021179
            ],
            [
              -58.630789,
              -34.6020873
            ],
            [
              -58.6307909,
              -34.6020889
            ],
            [
              -58.6308495,
              -34.6020435
            ],
            [
              -58.6307975,
              -34.6019988
            ]
          ]
        ]
      }
    },
    {
      "type": "Feature",
      "properties": {
        "cca": "135040D00000000015000000100000000000001000000049",
        "ara1": 234.42,
        "sag": "ARBA",
        "source_name": "ARBA GeoARBA",
        "source_url": "https://www.arba.gov.ar/geoarba/inicio.asp",
        "source_layer": "Subparcela",
        "source_archive": "135_subparcela.tar.gz",
        "wfs_type": "idera:Subparcela",
        "input_crs": "EPSG:5347",
        "generated_at": "2026-06-29T00:09:48.931378+00:00",
        "assigned_zone_name": "Parque Quirno",
        "data_confidence": "medium"
      },
      "geometry": {
        "type": "Polygon",
        "coordinates": [
          [
            [
              -58.6306023,
              -34.6019438
            ],
            [
              -58.6304252,
              -34.602085
            ],
            [
              -58.6305045,
              -34.6021523
            ],
            [
              -58.6306903,
              -34.6020057
            ],
            [
              -58.6306764,
              -34.6020015
            ],
            [
              -58.6306631,
              -34.6019961
            ],
            [
              -58.6306504,
              -34.6019896
            ],
            [
              -58.6306387,
              -34.6019822
            ],
            [
              -58.6306279,
              -34.6019738
            ],
            [
              -58.6306181,
              -34.6019645
            ],
            [
              -58.6306096,
              -34.6019545
            ],
            [
              -58.6306023,
              -34.6019438
            ]
          ]
        ]
      }
    },
    {
      "type": "Feature",
      "properties": {
        "cca": "135040D00000000015000000100000000000001000000050",
        "ara1": 251.27,
        "sag": "ARBA",
        "source_name": "ARBA GeoARBA",
        "source_url": "https://www.arba.gov.ar/geoarba/inicio.asp",
        "source_layer": "Subparcela",
        "source_archive": "135_subparcela.tar.gz",
        "wfs_type": "idera:Subparcela",
        "input_crs": "EPSG:5347",
        "generated_at": "2026-06-29T00:09:48.931378+00:00",
        "assigned_zone_name": "Parque Quirno",
        "data_confidence": "medium"
      },
      "geometry": {
        "type": "Polygon",
        "coordinates": [
          [
            [
              -58.6305822,
              -34.6018373
            ],
            [
              -58.6303486,
              -34.6020203
            ],
            [
              -58.630422,
              -34.6020824
            ],
            [
              -58.6306007,
              -34.6019407
            ],
            [
              -58.6305989,
              -34.6019288
            ],
            [
              -58.6305973,
              -34.6019146
            ],
            [
              -58.6305943,
              -34.601893
            ],
            [
              -58.6305923,
              -34.6018752
            ],
            [
              -58.630589,
              -34.6018619
            ],
            [
              -58.6305822,
              -34.6018373
            ]
          ]
        ]
      }
    },
    {
      "type": "Feature",
      "properties": {
        "cca": "135040D00000000015000000100000000000001000000051",
        "ara1": 313.3,
        "sag": "ARBA",
        "source_name": "ARBA GeoARBA",
        "source_url": "https://www.arba.gov.ar/geoarba/inicio.asp",
        "source_layer": "Subparcela",
        "source_archive": "135_subparcela.tar.gz",
        "wfs_type": "idera:Subparcela",
        "input_crs": "EPSG:5347",
        "generated_at": "2026-06-29T00:09:48.931378+00:00",
        "assigned_zone_name": "Parque Quirno",
        "data_confidence": "medium"
      },
      "geometry": {
        "type": "Polygon",
        "coordinates": [
          [
            [
              -58.630515,
              -34.6017543
            ],
            [
              -58.6302791,
              -34.6019418
            ],
            [
              -58.6303583,
              -34.6020106
            ],
            [
              -58.6305815,
              -34.6018337
            ],
            [
              -58.6305791,
              -34.601825
            ],
            [
              -58.6305755,
              -34.6018179
            ],
            [
              -58.6305677,
              -34.6018065
            ],
            [
              -58.6305548,
              -34.6017907
            ],
            [
              -58.6305464,
              -34.601782
            ],
            [
              -58.630515,
              -34.6017543
            ]
          ]
        ]
      }
    },
    {
      "type": "Feature",
      "properties": {
        "cca": "135040D00000000015000000100000000000001000000052",
        "ara1": 316.26,
        "sag": "ARBA",
        "source_name": "ARBA GeoARBA",
        "source_url": "https://www.arba.gov.ar/geoarba/inicio.asp",
        "source_layer": "Subparcela",
        "source_archive": "135_subparcela.tar.gz",
        "wfs_type": "idera:Subparcela",
        "input_crs": "EPSG:5347",
        "generated_at": "2026-06-29T00:09:48.931378+00:00",
        "assigned_zone_name": "Parque Quirno",
        "data_confidence": "medium"
      },
      "geometry": {
        "type": "Polygon",
        "coordinates": [
          [
            [
              -58.6304107,
              -34.6016965
            ],
            [
              -58.6301947,
              -34.601869
            ],
            [
              -58.6302761,
              -34.6019398
            ],
            [
              -58.6305115,
              -34.6017515
            ],
            [
              -58.6304989,
              -34.6017402
            ],
            [
              -58.6304772,
              -34.6017262
            ],
            [
              -58.6304574,
              -34.6017159
            ],
            [
              -58.6304305,
              -34.601704
            ],
            [
              -58.6304107,
              -34.6016965
            ]
          ]
        ]
      }
    },
    {
      "type": "Feature",
      "properties": {
        "cca": "135040D00000000015000000100000000000001000000053",
        "ara1": 236.4,
        "sag": "ARBA",
        "source_name": "ARBA GeoARBA",
        "source_url": "https://www.arba.gov.ar/geoarba/inicio.asp",
        "source_layer": "Subparcela",
        "source_archive": "135_subparcela.tar.gz",
        "wfs_type": "idera:Subparcela",
        "input_crs": "EPSG:5347",
        "generated_at": "2026-06-29T00:09:48.931378+00:00",
        "assigned_zone_name": "Parque Quirno",
        "data_confidence": "medium"
      },
      "geometry": {
        "type": "Polygon",
        "coordinates": [
          [
            [
              -58.6302969,
              -34.6016633
            ],
            [
              -58.6301197,
              -34.6018053
            ],
            [
              -58.6301918,
              -34.6018672
            ],
            [
              -58.6302757,
              -34.601801
            ],
            [
              -58.6302738,
              -34.6017996
            ],
            [
              -58.6304063,
              -34.6016947
            ],
            [
              -58.6303631,
              -34.601683
            ],
            [
              -58.6303434,
              -34.6016788
            ],
            [
              -58.6303256,
              -34.6016738
            ],
            [
              -58.6303064,
              -34.6016674
            ],
            [
              -58.6302969,
              -34.6016633
            ]
          ]
        ]
      }
    },
    {
      "type": "Feature",
      "properties": {
        "cca": "135040D00000000015000000100000000000001000000054",
        "ara1": 197.62,
        "sag": "ARBA",
        "source_name": "ARBA GeoARBA",
        "source_url": "https://www.arba.gov.ar/geoarba/inicio.asp",
        "source_layer": "Subparcela",
        "source_archive": "135_subparcela.tar.gz",
        "wfs_type": "idera:Subparcela",
        "input_crs": "EPSG:5347",
        "generated_at": "2026-06-29T00:09:48.931378+00:00",
        "assigned_zone_name": "Parque Quirno",
        "data_confidence": "medium"
      },
      "geometry": {
        "type": "Polygon",
        "coordinates": [
          [
            [
              -58.63022,
              -34.6016078
            ],
            [
              -58.6300497,
              -34.6017442
            ],
            [
              -58.6301164,
              -34.6018034
            ],
            [
              -58.6302943,
              -34.601662
            ],
            [
              -58.6302862,
              -34.6016567
            ],
            [
              -58.6302802,
              -34.6016538
            ],
            [
              -58.6302739,
              -34.6016509
            ],
            [
              -58.630261,
              -34.6016435
            ],
            [
              -58.6302461,
              -34.6016322
            ],
            [
              -58.6302323,
              -34.6016199
            ],
            [
              -58.63022,
              -34.6016078
            ]
          ]
        ]
      }
    },
    {
      "type": "Feature",
      "properties": {
        "cca": "135040D00000000015000000100000000000001000000055",
        "ara1": 291.84,
        "sag": "ARBA",
        "source_name": "ARBA GeoARBA",
        "source_url": "https://www.arba.gov.ar/geoarba/inicio.asp",
        "source_layer": "Subparcela",
        "source_archive": "135_subparcela.tar.gz",
        "wfs_type": "idera:Subparcela",
        "input_crs": "EPSG:5347",
        "generated_at": "2026-06-29T00:09:48.931378+00:00",
        "assigned_zone_name": "Parque Quirno",
        "data_confidence": "medium"
      },
      "geometry": {
        "type": "Polygon",
        "coordinates": [
          [
            [
              -58.6301063,
              -34.6015411
            ],
            [
              -58.630098,
              -34.6015412
            ],
            [
              -58.6300911,
              -34.6015419
            ],
            [
              -58.6300797,
              -34.6015452
            ],
            [
              -58.630073,
              -34.6015479
            ],
            [
              -58.630066,
              -34.6015521
            ],
            [
              -58.6299415,
              -34.6016517
            ],
            [
              -58.6300459,
              -34.6017422
            ],
            [
              -58.6302184,
              -34.6016054
            ],
            [
              -58.6301886,
              -34.6015812
            ],
            [
              -58.6301736,
              -34.6015699
            ],
            [
              -58.6301583,
              -34.6015593
            ],
            [
              -58.6301499,
              -34.601555
            ],
            [
              -58.6301384,
              -34.6015495
            ],
            [
              -58.6301273,
              -34.6015451
            ],
            [
              -58.6301147,
              -34.6015423
            ],
            [
              -58.6301063,
              -34.6015411
            ]
          ]
        ]
      }
    },
    {
      "type": "Feature",
      "properties": {
        "cca": "13504000000000000000000000000000000041400S000001",
        "ara1": 505.64,
        "sag": "ARBA",
        "source_name": "ARBA GeoARBA",
        "source_url": "https://www.arba.gov.ar/geoarba/inicio.asp",
        "source_layer": "Subparcela",
        "source_archive": "135_subparcela.tar.gz",
        "wfs_type": "idera:Subparcela",
        "input_crs": "EPSG:5347",
        "generated_at": "2026-06-29T00:09:48.931378+00:00",
        "assigned_zone_name": "Dos de Abril",
        "data_confidence": "medium"
      },
      "geometry": {
        "type": "Polygon",
        "coordinates": [
          [
            [
              -58.6608052,
              -34.622336
            ],
            [
              -58.6610385,
              -34.6225325
            ],
            [
              -58.6611686,
              -34.6224299
            ],
            [
              -58.6609334,
              -34.6222319
            ],
            [
              -58.6608052,
              -34.622336
            ]
          ]
        ]
      }
    },
    {
      "type": "Feature",
      "properties": {
        "cca": "13504000000000000000000000000000000041400S000023",
        "ara1": 490.13,
        "sag": "ARBA",
        "source_name": "ARBA GeoARBA",
        "source_url": "https://www.arba.gov.ar/geoarba/inicio.asp",
        "source_layer": "Subparcela",
        "source_archive": "135_subparcela.tar.gz",
        "wfs_type": "idera:Subparcela",
        "input_crs": "EPSG:5347",
        "generated_at": "2026-06-29T00:09:48.931378+00:00",
        "assigned_zone_name": "Dos de Abril",
        "data_confidence": "medium"
      },
      "geometry": {
        "type": "Polygon",
        "coordinates": [
          [
            [
              -58.6611327,
              -34.6236606
            ],
            [
              -58.6614159,
              -34.6238991
            ],
            [
              -58.6615313,
              -34.6238054
            ],
            [
              -58.6613378,
              -34.6236424
            ],
            [
              -58.6613302,
              -34.6236445
            ],
            [
              -58.6613227,
              -34.6236463
            ],
            [
              -58.6613149,
              -34.6236475
            ],
            [
              -58.661307,
              -34.6236485
            ],
            [
              -58.6612992,
              -34.623649
            ],
            [
              -58.6612913,
              -34.6236491
            ],
            [
              -58.6612834,
              -34.6236488
            ],
            [
              -58.6612755,
              -34.6236481
            ],
            [
              -58.6612678,
              -34.6236469
            ],
            [
              -58.6612601,
              -34.6236453
            ],
            [
              -58.6612526,
              -34.6236434
            ],
            [
              -58.6612452,
              -34.623641
            ],
            [
              -58.6612381,
              -34.6236383
            ],
            [
              -58.661231,
              -34.6236352
            ],
            [
              -58.6612243,
              -34.6236318
            ],
            [
              -58.661218,
              -34.6236279
            ],
            [
              -58.6612118,
              -34.6236238
            ],
            [
              -58.6612061,
              -34.6236193
            ],
            [
              -58.6612006,
              -34.6236145
            ],
            [
              -58.6611956,
              -34.6236095
            ],
            [
              -58.6611327,
              -34.6236606
            ]
          ]
        ]
      }
    },
    {
      "type": "Feature",
      "properties": {
        "cca": "13504000000000000000000000000000000041400S000002",
        "ara1": 485.86,
        "sag": "ARBA",
        "source_name": "ARBA GeoARBA",
        "source_url": "https://www.arba.gov.ar/geoarba/inicio.asp",
        "source_layer": "Subparcela",
        "source_archive": "135_subparcela.tar.gz",
        "wfs_type": "idera:Subparcela",
        "input_crs": "EPSG:5347",
        "generated_at": "2026-06-29T00:09:48.931378+00:00",
        "assigned_zone_name": "Dos de Abril",
        "data_confidence": "medium"
      },
      "geometry": {
        "type": "Polygon",
        "coordinates": [
          [
            [
              -58.6608052,
              -34.622336
            ],
            [
              -58.660681,
              -34.6224367
            ],
            [
              -58.6609125,
              -34.6226318
            ],
            [
              -58.6610385,
              -34.6225325
            ],
            [
              -58.6608052,
              -34.622336
            ]
          ]
        ]
      }
    },
    {
      "type": "Feature",
      "properties": {
        "cca": "13504000000000000000000000000000000041400S000012",
        "ara1": 659.9,
        "sag": "ARBA",
        "source_name": "ARBA GeoARBA",
        "source_url": "https://www.arba.gov.ar/geoarba/inicio.asp",
        "source_layer": "Subparcela",
        "source_archive": "135_subparcela.tar.gz",
        "wfs_type": "idera:Subparcela",
        "input_crs": "EPSG:5347",
        "generated_at": "2026-06-29T00:09:48.931378+00:00",
        "assigned_zone_name": "Dos de Abril",
        "data_confidence": "medium"
      },
      "geometry": {
        "type": "Polygon",
        "coordinates": [
          [
            [
              -58.6610314,
              -34.6231703
            ],
            [
              -58.6611598,
              -34.6230662
            ],
            [
              -58.6610925,
              -34.6230095
            ],
            [
              -58.6609735,
              -34.6229092
            ],
            [
              -58.6608544,
              -34.6228089
            ],
            [
              -58.660726,
              -34.6229131
            ],
            [
              -58.6610314,
              -34.6231703
            ]
          ]
        ]
      }
    },
    {
      "type": "Feature",
      "properties": {
        "cca": "13504000000000000000000000000000000041400S000003",
        "ara1": 481.76,
        "sag": "ARBA",
        "source_name": "ARBA GeoARBA",
        "source_url": "https://www.arba.gov.ar/geoarba/inicio.asp",
        "source_layer": "Subparcela",
        "source_archive": "135_subparcela.tar.gz",
        "wfs_type": "idera:Subparcela",
        "input_crs": "EPSG:5347",
        "generated_at": "2026-06-29T00:09:48.931378+00:00",
        "assigned_zone_name": "Dos de Abril",
        "data_confidence": "medium"
      },
      "geometry": {
        "type": "Polygon",
        "coordinates": [
          [
            [
              -58.660681,
              -34.6224367
            ],
            [
              -58.6605568,
              -34.6225375
            ],
            [
              -58.6607866,
              -34.6227309
            ],
            [
              -58.6609125,
              -34.6226318
            ],
            [
              -58.660681,
              -34.6224367
            ]
          ]
        ]
      }
    },
    {
      "type": "Feature",
      "properties": {
        "cca": "13504000000000000000000000000000000041400S000020",
        "ara1": 466.26,
        "sag": "ARBA",
        "source_name": "ARBA GeoARBA",
        "source_url": "https://www.arba.gov.ar/geoarba/inicio.asp",
        "source_layer": "Subparcela",
        "source_archive": "135_subparcela.tar.gz",
        "wfs_type": "idera:Subparcela",
        "input_crs": "EPSG:5347",
        "generated_at": "2026-06-29T00:09:48.931378+00:00",
        "assigned_zone_name": "Dos de Abril",
        "data_confidence": "medium"
      },
      "geometry": {
        "type": "Polygon",
        "coordinates": [
          [
            [
              -58.661643,
              -34.6233211
            ],
            [
              -58.6615267,
              -34.6234155
            ],
            [
              -58.6617647,
              -34.623616
            ],
            [
              -58.6618811,
              -34.6235216
            ],
            [
              -58.661643,
              -34.6233211
            ]
          ]
        ]
      }
    },
    {
      "type": "Feature",
      "properties": {
        "cca": "13504000000000000000000000000000000041400S000022",
        "ara1": 386.41,
        "sag": "ARBA",
        "source_name": "ARBA GeoARBA",
        "source_url": "https://www.arba.gov.ar/geoarba/inicio.asp",
        "source_layer": "Subparcela",
        "source_archive": "135_subparcela.tar.gz",
        "wfs_type": "idera:Subparcela",
        "input_crs": "EPSG:5347",
        "generated_at": "2026-06-29T00:09:48.931378+00:00",
        "assigned_zone_name": "Dos de Abril",
        "data_confidence": "medium"
      },
      "geometry": {
        "type": "Polygon",
        "coordinates": [
          [
            [
              -58.6615313,
              -34.6238054
            ],
            [
              -58.6616484,
              -34.6237104
            ],
            [
              -58.661409,
              -34.6235089
            ],
            [
              -58.6614127,
              -34.6235165
            ],
            [
              -58.6614156,
              -34.6235243
            ],
            [
              -58.6614176,
              -34.6235324
            ],
            [
              -58.6614189,
              -34.6235405
            ],
            [
              -58.6614193,
              -34.6235487
            ],
            [
              -58.6614188,
              -34.6235569
            ],
            [
              -58.6614176,
              -34.6235651
            ],
            [
              -58.6614155,
              -34.6235731
            ],
            [
              -58.6614127,
              -34.623581
            ],
            [
              -58.6614091,
              -34.6235886
            ],
            [
              -58.6614047,
              -34.623596
            ],
            [
              -58.6613996,
              -34.623603
            ],
            [
              -58.6613938,
              -34.6236097
            ],
            [
              -58.6613874,
              -34.623616
            ],
            [
              -58.6613803,
              -34.6236217
            ],
            [
              -58.6613727,
              -34.623627
            ],
            [
              -58.6613645,
              -34.6236318
            ],
            [
              -58.661356,
              -34.6236359
            ],
            [
              -58.661347,
              -34.6236394
            ],
            [
              -58.6613378,
              -34.6236424
            ],
            [
              -58.6615313,
              -34.6238054
            ]
          ]
        ]
      }
    },
    {
      "type": "Feature",
      "properties": {
        "cca": "13504000000000000000000000000000000041400S000014",
        "ara1": 642.67,
        "sag": "ARBA",
        "source_name": "ARBA GeoARBA",
        "source_url": "https://www.arba.gov.ar/geoarba/inicio.asp",
        "source_layer": "Subparcela",
        "source_archive": "135_subparcela.tar.gz",
        "wfs_type": "idera:Subparcela",
        "input_crs": "EPSG:5347",
        "generated_at": "2026-06-29T00:09:48.931378+00:00",
        "assigned_zone_name": "Dos de Abril",
        "data_confidence": "medium"
      },
      "geometry": {
        "type": "Polygon",
        "coordinates": [
          [
            [
              -58.6604478,
              -34.6230837
            ],
            [
              -58.6607865,
              -34.6233691
            ],
            [
              -58.660911,
              -34.623268
            ],
            [
              -58.6606551,
              -34.6230524
            ],
            [
              -58.6606482,
              -34.6230559
            ],
            [
              -58.660641,
              -34.6230588
            ],
            [
              -58.6606336,
              -34.6230615
            ],
            [
              -58.6606259,
              -34.6230635
            ],
            [
              -58.6606181,
              -34.6230652
            ],
            [
              -58.6606102,
              -34.6230663
            ],
            [
              -58.6606022,
              -34.623067
            ],
            [
              -58.6605941,
              -34.6230671
            ],
            [
              -58.6605861,
              -34.6230668
            ],
            [
              -58.6605781,
              -34.623066
            ],
            [
              -58.6605702,
              -34.6230646
            ],
            [
              -58.6605625,
              -34.6230629
            ],
            [
              -58.6605549,
              -34.6230606
            ],
            [
              -58.6605475,
              -34.6230579
            ],
            [
              -58.6605405,
              -34.6230548
            ],
            [
              -58.6605336,
              -34.6230512
            ],
            [
              -58.6605272,
              -34.6230471
            ],
            [
              -58.6605211,
              -34.6230428
            ],
            [
              -58.6605154,
              -34.6230381
            ],
            [
              -58.6605102,
              -34.623033
            ],
            [
              -58.6604478,
              -34.6230837
            ]
          ]
        ]
      }
    },
    {
      "type": "Feature",
      "properties": {
        "cca": "13504000000000000000000000000000000041400S000015",
        "ara1": 659.32,
        "sag": "ARBA",
        "source_name": "ARBA GeoARBA",
        "source_url": "https://www.arba.gov.ar/geoarba/inicio.asp",
        "source_layer": "Subparcela",
        "source_archive": "135_subparcela.tar.gz",
        "wfs_type": "idera:Subparcela",
        "input_crs": "EPSG:5347",
        "generated_at": "2026-06-29T00:09:48.931378+00:00",
        "assigned_zone_name": "Dos de Abril",
        "data_confidence": "medium"
      },
      "geometry": {
        "type": "Polygon",
        "coordinates": [
          [
            [
              -58.6610314,
              -34.6231703
            ],
            [
              -58.6613368,
              -34.6234276
            ],
            [
              -58.6614647,
              -34.623323
            ],
            [
              -58.6613365,
              -34.6232149
            ],
            [
              -58.6612145,
              -34.6231122
            ],
            [
              -58.6611598,
              -34.6230662
            ],
            [
              -58.6610314,
              -34.6231703
            ]
          ]
        ]
      }
    },
    {
      "type": "Feature",
      "properties": {
        "cca": "13504000000000000000000000000000000041400S000009",
        "ara1": 618.97,
        "sag": "ARBA",
        "source_name": "ARBA GeoARBA",
        "source_url": "https://www.arba.gov.ar/geoarba/inicio.asp",
        "source_layer": "Subparcela",
        "source_archive": "135_subparcela.tar.gz",
        "wfs_type": "idera:Subparcela",
        "input_crs": "EPSG:5347",
        "generated_at": "2026-06-29T00:09:48.931378+00:00",
        "assigned_zone_name": "Dos de Abril",
        "data_confidence": "medium"
      },
      "geometry": {
        "type": "Polygon",
        "coordinates": [
          [
            [
              -58.661394,
              -34.6227648
            ],
            [
              -58.6610925,
              -34.6230095
            ],
            [
              -58.6611598,
              -34.6230662
            ],
            [
              -58.6612145,
              -34.6231122
            ],
            [
              -58.6615159,
              -34.6228675
            ],
            [
              -58.661394,
              -34.6227648
            ]
          ]
        ]
      }
    },
    {
      "type": "Feature",
      "properties": {
        "cca": "13504000000000000000000000000000000041400S000019",
        "ara1": 466.48,
        "sag": "ARBA",
        "source_name": "ARBA GeoARBA",
        "source_url": "https://www.arba.gov.ar/geoarba/inicio.asp",
        "source_layer": "Subparcela",
        "source_archive": "135_subparcela.tar.gz",
        "wfs_type": "idera:Subparcela",
        "input_crs": "EPSG:5347",
        "generated_at": "2026-06-29T00:09:48.931378+00:00",
        "assigned_zone_name": "Dos de Abril",
        "data_confidence": "medium"
      },
      "geometry": {
        "type": "Polygon",
        "coordinates": [
          [
            [
              -58.6619975,
              -34.6234272
            ],
            [
              -58.6617594,
              -34.6232266
            ],
            [
              -58.661643,
              -34.6233211
            ],
            [
              -58.6618811,
              -34.6235216
            ],
            [
              -58.6619975,
              -34.6234272
            ]
          ]
        ]
      }
    },
    {
      "type": "Feature",
      "properties": {
        "cca": "13504000000000000000000000000000000041400S000018",
        "ara1": 427.13,
        "sag": "ARBA",
        "source_name": "ARBA GeoARBA",
        "source_url": "https://www.arba.gov.ar/geoarba/inicio.asp",
        "source_layer": "Subparcela",
        "source_archive": "135_subparcela.tar.gz",
        "wfs_type": "idera:Subparcela",
        "input_crs": "EPSG:5347",
        "generated_at": "2026-06-29T00:09:48.931378+00:00",
        "assigned_zone_name": "Dos de Abril",
        "data_confidence": "medium"
      },
      "geometry": {
        "type": "Polygon",
        "coordinates": [
          [
            [
              -58.6617594,
              -34.6232266
            ],
            [
              -58.6619975,
              -34.6234272
            ],
            [
              -58.6620901,
              -34.623352
            ],
            [
              -58.6620907,
              -34.6233268
            ],
            [
              -58.6618895,
              -34.6231575
            ],
            [
              -58.6618449,
              -34.6231571
            ],
            [
              -58.6617594,
              -34.6232266
            ]
          ]
        ]
      }
    },
    {
      "type": "Feature",
      "properties": {
        "cca": "13504000000000000000000000000000000041400S000021",
        "ara1": 467.35,
        "sag": "ARBA",
        "source_name": "ARBA GeoARBA",
        "source_url": "https://www.arba.gov.ar/geoarba/inicio.asp",
        "source_layer": "Subparcela",
        "source_archive": "135_subparcela.tar.gz",
        "wfs_type": "idera:Subparcela",
        "input_crs": "EPSG:5347",
        "generated_at": "2026-06-29T00:09:48.931378+00:00",
        "assigned_zone_name": "Dos de Abril",
        "data_confidence": "medium"
      },
      "geometry": {
        "type": "Polygon",
        "coordinates": [
          [
            [
              -58.6616484,
              -34.6237104
            ],
            [
              -58.6617647,
              -34.623616
            ],
            [
              -58.6615267,
              -34.6234155
            ],
            [
              -58.661409,
              -34.6235089
            ],
            [
              -58.6616484,
              -34.6237104
            ]
          ]
        ]
      }
    },
    {
      "type": "Feature",
      "properties": {
        "cca": "13504000000000000000000000000000000041400S000007",
        "ara1": 599.91,
        "sag": "ARBA",
        "source_name": "ARBA GeoARBA",
        "source_url": "https://www.arba.gov.ar/geoarba/inicio.asp",
        "source_layer": "Subparcela",
        "source_archive": "135_subparcela.tar.gz",
        "wfs_type": "idera:Subparcela",
        "input_crs": "EPSG:5347",
        "generated_at": "2026-06-29T00:09:48.931378+00:00",
        "assigned_zone_name": "Dos de Abril",
        "data_confidence": "medium"
      },
      "geometry": {
        "type": "Polygon",
        "coordinates": [
          [
            [
              -58.6609735,
              -34.6229092
            ],
            [
              -58.661275,
              -34.6226645
            ],
            [
              -58.6611788,
              -34.6225836
            ],
            [
              -58.6611772,
              -34.6225822
            ],
            [
              -58.6611326,
              -34.6225832
            ],
            [
              -58.6608544,
              -34.6228089
            ],
            [
              -58.6609735,
              -34.6229092
            ]
          ]
        ]
      }
    },
    {
      "type": "Feature",
      "properties": {
        "cca": "13504000000000000000000000000000000041400S000011",
        "ara1": 646.15,
        "sag": "ARBA",
        "source_name": "ARBA GeoARBA",
        "source_url": "https://www.arba.gov.ar/geoarba/inicio.asp",
        "source_layer": "Subparcela",
        "source_archive": "135_subparcela.tar.gz",
        "wfs_type": "idera:Subparcela",
        "input_crs": "EPSG:5347",
        "generated_at": "2026-06-29T00:09:48.931378+00:00",
        "assigned_zone_name": "Dos de Abril",
        "data_confidence": "medium"
      },
      "geometry": {
        "type": "Polygon",
        "coordinates": [
          [
            [
              -58.6614647,
              -34.623323
            ],
            [
              -58.6617429,
              -34.6230973
            ],
            [
              -58.6617434,
              -34.6230591
            ],
            [
              -58.6616381,
              -34.6229704
            ],
            [
              -58.6616146,
              -34.6229893
            ],
            [
              -58.6613365,
              -34.6232149
            ],
            [
              -58.6614647,
              -34.623323
            ]
          ]
        ]
      }
    },
    {
      "type": "Feature",
      "properties": {
        "cca": "13504000000000000000000000000000000041400S000004",
        "ara1": 494.4,
        "sag": "ARBA",
        "source_name": "ARBA GeoARBA",
        "source_url": "https://www.arba.gov.ar/geoarba/inicio.asp",
        "source_layer": "Subparcela",
        "source_archive": "135_subparcela.tar.gz",
        "wfs_type": "idera:Subparcela",
        "input_crs": "EPSG:5347",
        "generated_at": "2026-06-29T00:09:48.931378+00:00",
        "assigned_zone_name": "Dos de Abril",
        "data_confidence": "medium"
      },
      "geometry": {
        "type": "Polygon",
        "coordinates": [
          [
            [
              -58.6605568,
              -34.6225375
            ],
            [
              -58.6604285,
              -34.6226416
            ],
            [
              -58.6606564,
              -34.6228336
            ],
            [
              -58.6607866,
              -34.6227309
            ],
            [
              -58.6605568,
              -34.6225375
            ]
          ]
        ]
      }
    },
    {
      "type": "Feature",
      "properties": {
        "cca": "13504000000000000000000000000000000041400S000005",
        "ara1": 451.26,
        "sag": "ARBA",
        "source_name": "ARBA GeoARBA",
        "source_url": "https://www.arba.gov.ar/geoarba/inicio.asp",
        "source_layer": "Subparcela",
        "source_archive": "135_subparcela.tar.gz",
        "wfs_type": "idera:Subparcela",
        "input_crs": "EPSG:5347",
        "generated_at": "2026-06-29T00:09:48.931378+00:00",
        "assigned_zone_name": "Dos de Abril",
        "data_confidence": "medium"
      },
      "geometry": {
        "type": "Polygon",
        "coordinates": [
          [
            [
              -58.660493,
              -34.6229083
            ],
            [
              -58.6606214,
              -34.6228619
            ],
            [
              -58.6606564,
              -34.6228336
            ],
            [
              -58.6604285,
              -34.6226416
            ],
            [
              -58.6603373,
              -34.6227155
            ],
            [
              -58.6603594,
              -34.6227341
            ],
            [
              -58.660322,
              -34.6227644
            ],
            [
              -58.660493,
              -34.6229083
            ]
          ]
        ]
      }
    },
    {
      "type": "Feature",
      "properties": {
        "cca": "13504000000000000000000000000000000041400S000006",
        "ara1": 482.71,
        "sag": "ARBA",
        "source_name": "ARBA GeoARBA",
        "source_url": "https://www.arba.gov.ar/geoarba/inicio.asp",
        "source_layer": "Subparcela",
        "source_archive": "135_subparcela.tar.gz",
        "wfs_type": "idera:Subparcela",
        "input_crs": "EPSG:5347",
        "generated_at": "2026-06-29T00:09:48.931378+00:00",
        "assigned_zone_name": "Dos de Abril",
        "data_confidence": "medium"
      },
      "geometry": {
        "type": "Polygon",
        "coordinates": [
          [
            [
              -58.6604478,
              -34.6230837
            ],
            [
              -58.6605102,
              -34.623033
            ],
            [
              -58.6605045,
              -34.6230281
            ],
            [
              -58.6604991,
              -34.6230229
            ],
            [
              -58.6604943,
              -34.6230174
            ],
            [
              -58.6604899,
              -34.6230117
            ],
            [
              -58.660486,
              -34.6230057
            ],
            [
              -58.6604826,
              -34.6229995
            ],
            [
              -58.6604797,
              -34.6229931
            ],
            [
              -58.6604774,
              -34.6229866
            ],
            [
              -58.6604756,
              -34.62298
            ],
            [
              -58.6604744,
              -34.6229732
            ],
            [
              -58.6604737,
              -34.6229664
            ],
            [
              -58.6604737,
              -34.6229597
            ],
            [
              -58.6604742,
              -34.6229528
            ],
            [
              -58.6604753,
              -34.6229461
            ],
            [
              -58.6604768,
              -34.6229394
            ],
            [
              -58.660479,
              -34.6229329
            ],
            [
              -58.6604817,
              -34.6229265
            ],
            [
              -58.6604849,
              -34.6229202
            ],
            [
              -58.6604887,
              -34.6229141
            ],
            [
              -58.660493,
              -34.6229083
            ],
            [
              -58.660322,
              -34.6227644
            ],
            [
              -58.6601929,
              -34.6228691
            ],
            [
              -58.6604478,
              -34.6230837
            ]
          ]
        ]
      }
    },
    {
      "type": "Feature",
      "properties": {
        "cca": "13504000000000000000000000000000000041400S000017",
        "ara1": 674.46,
        "sag": "ARBA",
        "source_name": "ARBA GeoARBA",
        "source_url": "https://www.arba.gov.ar/geoarba/inicio.asp",
        "source_layer": "Subparcela",
        "source_archive": "135_subparcela.tar.gz",
        "wfs_type": "idera:Subparcela",
        "input_crs": "EPSG:5347",
        "generated_at": "2026-06-29T00:09:48.931378+00:00",
        "assigned_zone_name": "Dos de Abril",
        "data_confidence": "medium"
      },
      "geometry": {
        "type": "Polygon",
        "coordinates": [
          [
            [
              -58.660911,
              -34.623268
            ],
            [
              -58.6607865,
              -34.6233691
            ],
            [
              -58.6611327,
              -34.6236606
            ],
            [
              -58.6611956,
              -34.6236095
            ],
            [
              -58.6611919,
              -34.6236045
            ],
            [
              -58.6611884,
              -34.6235994
            ],
            [
              -58.6611853,
              -34.6235942
            ],
            [
              -58.6611826,
              -34.6235888
            ],
            [
              -58.6611801,
              -34.6235834
            ],
            [
              -58.661178,
              -34.6235778
            ],
            [
              -58.6611761,
              -34.6235722
            ],
            [
              -58.6611747,
              -34.6235665
            ],
            [
              -58.6611736,
              -34.6235607
            ],
            [
              -58.6611728,
              -34.6235549
            ],
            [
              -58.6611723,
              -34.6235491
            ],
            [
              -58.6611722,
              -34.6235432
            ],
            [
              -58.6611725,
              -34.6235374
            ],
            [
              -58.6611732,
              -34.6235316
            ],
            [
              -58.6611741,
              -34.6235258
            ],
            [
              -58.6611754,
              -34.6235201
            ],
            [
              -58.661177,
              -34.6235144
            ],
            [
              -58.661179,
              -34.6235088
            ],
            [
              -58.6611814,
              -34.6235033
            ],
            [
              -58.661184,
              -34.6234978
            ],
            [
              -58.660911,
              -34.623268
            ]
          ]
        ]
      }
    },
    {
      "type": "Feature",
      "properties": {
        "cca": "13504000000000000000000000000000000041400S000016",
        "ara1": 591.82,
        "sag": "ARBA",
        "source_name": "ARBA GeoARBA",
        "source_url": "https://www.arba.gov.ar/geoarba/inicio.asp",
        "source_layer": "Subparcela",
        "source_archive": "135_subparcela.tar.gz",
        "wfs_type": "idera:Subparcela",
        "input_crs": "EPSG:5347",
        "generated_at": "2026-06-29T00:09:48.931378+00:00",
        "assigned_zone_name": "Dos de Abril",
        "data_confidence": "medium"
      },
      "geometry": {
        "type": "Polygon",
        "coordinates": [
          [
            [
              -58.6610314,
              -34.6231703
            ],
            [
              -58.660911,
              -34.623268
            ],
            [
              -58.661184,
              -34.6234978
            ],
            [
              -58.6613139,
              -34.6234461
            ],
            [
              -58.6613368,
              -34.6234276
            ],
            [
              -58.6610314,
              -34.6231703
            ]
          ]
        ]
      }
    },
    {
      "type": "Feature",
      "properties": {
        "cca": "13504000000000000000000000000000000041400S000010",
        "ara1": 619.17,
        "sag": "ARBA",
        "source_name": "ARBA GeoARBA",
        "source_url": "https://www.arba.gov.ar/geoarba/inicio.asp",
        "source_layer": "Subparcela",
        "source_archive": "135_subparcela.tar.gz",
        "wfs_type": "idera:Subparcela",
        "input_crs": "EPSG:5347",
        "generated_at": "2026-06-29T00:09:48.931378+00:00",
        "assigned_zone_name": "Dos de Abril",
        "data_confidence": "medium"
      },
      "geometry": {
        "type": "Polygon",
        "coordinates": [
          [
            [
              -58.6615159,
              -34.6228675
            ],
            [
              -58.6612145,
              -34.6231122
            ],
            [
              -58.6613365,
              -34.6232149
            ],
            [
              -58.6616146,
              -34.6229893
            ],
            [
              -58.6616381,
              -34.6229704
            ],
            [
              -58.6615159,
              -34.6228675
            ]
          ]
        ]
      }
    },
    {
      "type": "Feature",
      "properties": {
        "cca": "13504000000000000000000000000000000041400S000013",
        "ara1": 574.02,
        "sag": "ARBA",
        "source_name": "ARBA GeoARBA",
        "source_url": "https://www.arba.gov.ar/geoarba/inicio.asp",
        "source_layer": "Subparcela",
        "source_archive": "135_subparcela.tar.gz",
        "wfs_type": "idera:Subparcela",
        "input_crs": "EPSG:5347",
        "generated_at": "2026-06-29T00:09:48.931378+00:00",
        "assigned_zone_name": "Dos de Abril",
        "data_confidence": "medium"
      },
      "geometry": {
        "type": "Polygon",
        "coordinates": [
          [
            [
              -58.660911,
              -34.623268
            ],
            [
              -58.6610314,
              -34.6231703
            ],
            [
              -58.660726,
              -34.6229131
            ],
            [
              -58.6607129,
              -34.6229237
            ],
            [
              -58.6606551,
              -34.6230524
            ],
            [
              -58.660911,
              -34.623268
            ]
          ]
        ]
      }
    },
    {
      "type": "Feature",
      "properties": {
        "cca": "13504000000000000000000000000000000041400S000008",
        "ara1": 603.9,
        "sag": "ARBA",
        "source_name": "ARBA GeoARBA",
        "source_url": "https://www.arba.gov.ar/geoarba/inicio.asp",
        "source_layer": "Subparcela",
        "source_archive": "135_subparcela.tar.gz",
        "wfs_type": "idera:Subparcela",
        "input_crs": "EPSG:5347",
        "generated_at": "2026-06-29T00:09:48.931378+00:00",
        "assigned_zone_name": "Dos de Abril",
        "data_confidence": "medium"
      },
      "geometry": {
        "type": "Polygon",
        "coordinates": [
          [
            [
              -58.661275,
              -34.6226645
            ],
            [
              -58.6609735,
              -34.6229092
            ],
            [
              -58.6610925,
              -34.6230095
            ],
            [
              -58.661394,
              -34.6227648
            ],
            [
              -58.661275,
              -34.6226645
            ]
          ]
        ]
      }
    },
    {
      "type": "Feature",
      "properties": {
        "cca": "135040G00000000000000000000000540000001000000003",
        "ara1": 371.49,
        "sag": "ARBA",
        "source_name": "ARBA GeoARBA",
        "source_url": "https://www.arba.gov.ar/geoarba/inicio.asp",
        "source_layer": "Subparcela",
        "source_archive": "135_subparcela.tar.gz",
        "wfs_type": "idera:Subparcela",
        "input_crs": "EPSG:5347",
        "generated_at": "2026-06-29T00:09:48.931378+00:00",
        "assigned_zone_name": "Dos de Abril",
        "data_confidence": "medium"
      },
      "geometry": {
        "type": "Polygon",
        "coordinates": [
          [
            [
              -58.6623296,
              -34.6228224
            ],
            [
              -58.662209,
              -34.6229184
            ],
            [
              -58.6623922,
              -34.6230764
            ],
            [
              -58.662512,
              -34.6229814
            ],
            [
              -58.6623296,
              -34.6228224
            ]
          ]
        ]
      }
    },
    {
      "type": "Feature",
      "properties": {
        "cca": "135040G00000000000000000000000540000001000000002",
        "ara1": 367.77,
        "sag": "ARBA",
        "source_name": "ARBA GeoARBA",
        "source_url": "https://www.arba.gov.ar/geoarba/inicio.asp",
        "source_layer": "Subparcela",
        "source_archive": "135_subparcela.tar.gz",
        "wfs_type": "idera:Subparcela",
        "input_crs": "EPSG:5347",
        "generated_at": "2026-06-29T00:09:48.931378+00:00",
        "assigned_zone_name": "Dos de Abril",
        "data_confidence": "medium"
      },
      "geometry": {
        "type": "Polygon",
        "coordinates": [
          [
            [
              -58.6624487,
              -34.6227276
            ],
            [
              -58.6623296,
              -34.6228224
            ],
            [
              -58.662512,
              -34.6229814
            ],
            [
              -58.6626306,
              -34.6228873
            ],
            [
              -58.6624487,
              -34.6227276
            ]
          ]
        ]
      }
    },
    {
      "type": "Feature",
      "properties": {
        "cca": "135040G00000000000000000000000540000001000000001",
        "ara1": 363.96,
        "sag": "ARBA",
        "source_name": "ARBA GeoARBA",
        "source_url": "https://www.arba.gov.ar/geoarba/inicio.asp",
        "source_layer": "Subparcela",
        "source_archive": "135_subparcela.tar.gz",
        "wfs_type": "idera:Subparcela",
        "input_crs": "EPSG:5347",
        "generated_at": "2026-06-29T00:09:48.931378+00:00",
        "assigned_zone_name": "Dos de Abril",
        "data_confidence": "medium"
      },
      "geometry": {
        "type": "Polygon",
        "coordinates": [
          [
            [
              -58.6625666,
              -34.6226353
            ],
            [
              -58.6624487,
              -34.6227276
            ],
            [
              -58.6626306,
              -34.6228873
            ],
            [
              -58.6627492,
              -34.6227934
            ],
            [
              -58.6625666,
              -34.6226353
            ]
          ]
        ]
      }
    },
    {
      "type": "Feature",
      "properties": {
        "cca": "135040G00000000000000000000000540000001000000008",
        "ara1": 455.06,
        "sag": "ARBA",
        "source_name": "ARBA GeoARBA",
        "source_url": "https://www.arba.gov.ar/geoarba/inicio.asp",
        "source_layer": "Subparcela",
        "source_archive": "135_subparcela.tar.gz",
        "wfs_type": "idera:Subparcela",
        "input_crs": "EPSG:5347",
        "generated_at": "2026-06-29T00:09:48.931378+00:00",
        "assigned_zone_name": "Dos de Abril",
        "data_confidence": "medium"
      },
      "geometry": {
        "type": "Polygon",
        "coordinates": [
          [
            [
              -58.6611585,
              -34.6224173
            ],
            [
              -58.6612444,
              -34.6224879
            ],
            [
              -58.6615597,
              -34.6223483
            ],
            [
              -58.661438,
              -34.6222488
            ],
            [
              -58.6614179,
              -34.6222364
            ],
            [
              -58.6611585,
              -34.6224173
            ]
          ]
        ]
      }
    },
    {
      "type": "Feature",
      "properties": {
        "cca": "135040G00000000000000000000000540000001000000015",
        "ara1": 590.03,
        "sag": "ARBA",
        "source_name": "ARBA GeoARBA",
        "source_url": "https://www.arba.gov.ar/geoarba/inicio.asp",
        "source_layer": "Subparcela",
        "source_archive": "135_subparcela.tar.gz",
        "wfs_type": "idera:Subparcela",
        "input_crs": "EPSG:5347",
        "generated_at": "2026-06-29T00:09:48.931378+00:00",
        "assigned_zone_name": "Dos de Abril",
        "data_confidence": "medium"
      },
      "geometry": {
        "type": "Polygon",
        "coordinates": [
          [
            [
              -58.6621126,
              -34.6222548
            ],
            [
              -58.6619936,
              -34.6221553
            ],
            [
              -58.6617215,
              -34.6223782
            ],
            [
              -58.6617963,
              -34.622514
            ],
            [
              -58.6621126,
              -34.6222548
            ]
          ]
        ]
      }
    },
    {
      "type": "Feature",
      "properties": {
        "cca": "135040G00000000000000000000000540000001000000005",
        "ara1": 535.04,
        "sag": "ARBA",
        "source_name": "ARBA GeoARBA",
        "source_url": "https://www.arba.gov.ar/geoarba/inicio.asp",
        "source_layer": "Subparcela",
        "source_archive": "135_subparcela.tar.gz",
        "wfs_type": "idera:Subparcela",
        "input_crs": "EPSG:5347",
        "generated_at": "2026-06-29T00:09:48.931378+00:00",
        "assigned_zone_name": "Dos de Abril",
        "data_confidence": "medium"
      },
      "geometry": {
        "type": "Polygon",
        "coordinates": [
          [
            [
              -58.6614637,
              -34.6226693
            ],
            [
              -58.6615917,
              -34.622777
            ],
            [
              -58.6615941,
              -34.6227757
            ],
            [
              -58.661701,
              -34.6228681
            ],
            [
              -58.6618297,
              -34.6228206
            ],
            [
              -58.6617038,
              -34.6225814
            ],
            [
              -58.6614637,
              -34.6226693
            ]
          ]
        ]
      }
    },
    {
      "type": "Feature",
      "properties": {
        "cca": "135040G00000000000000000000000540000001000000007",
        "ara1": 422.69,
        "sag": "ARBA",
        "source_name": "ARBA GeoARBA",
        "source_url": "https://www.arba.gov.ar/geoarba/inicio.asp",
        "source_layer": "Subparcela",
        "source_archive": "135_subparcela.tar.gz",
        "wfs_type": "idera:Subparcela",
        "input_crs": "EPSG:5347",
        "generated_at": "2026-06-29T00:09:48.931378+00:00",
        "assigned_zone_name": "Dos de Abril",
        "data_confidence": "medium"
      },
      "geometry": {
        "type": "Polygon",
        "coordinates": [
          [
            [
              -58.6612444,
              -34.6224879
            ],
            [
              -58.661344,
              -34.6225706
            ],
            [
              -58.6616382,
              -34.6224602
            ],
            [
              -58.6615918,
              -34.6223745
            ],
            [
              -58.6615597,
              -34.6223483
            ],
            [
              -58.6612444,
              -34.6224879
            ]
          ]
        ]
      }
    },
    {
      "type": "Feature",
      "properties": {
        "cca": "135040G00000000000000000000000540000001000000020",
        "ara1": 512.15,
        "sag": "ARBA",
        "source_name": "ARBA GeoARBA",
        "source_url": "https://www.arba.gov.ar/geoarba/inicio.asp",
        "source_layer": "Subparcela",
        "source_archive": "135_subparcela.tar.gz",
        "wfs_type": "idera:Subparcela",
        "input_crs": "EPSG:5347",
        "generated_at": "2026-06-29T00:09:48.931378+00:00",
        "assigned_zone_name": "Dos de Abril",
        "data_confidence": "medium"
      },
      "geometry": {
        "type": "Polygon",
        "coordinates": [
          [
            [
              -58.6623834,
              -34.6226684
            ],
            [
              -58.6624989,
              -34.6225769
            ],
            [
              -58.6622291,
              -34.6223513
            ],
            [
              -58.6621165,
              -34.6224433
            ],
            [
              -58.6623834,
              -34.6226684
            ]
          ]
        ]
      }
    },
    {
      "type": "Feature",
      "properties": {
        "cca": "135040G00000000000000000000000540000001000000004",
        "ara1": 362.51,
        "sag": "ARBA",
        "source_name": "ARBA GeoARBA",
        "source_url": "https://www.arba.gov.ar/geoarba/inicio.asp",
        "source_layer": "Subparcela",
        "source_archive": "135_subparcela.tar.gz",
        "wfs_type": "idera:Subparcela",
        "input_crs": "EPSG:5347",
        "generated_at": "2026-06-29T00:09:48.931378+00:00",
        "assigned_zone_name": "Dos de Abril",
        "data_confidence": "medium"
      },
      "geometry": {
        "type": "Polygon",
        "coordinates": [
          [
            [
              -58.662209,
              -34.6229184
            ],
            [
              -58.662092,
              -34.6230116
            ],
            [
              -58.6622743,
              -34.6231698
            ],
            [
              -58.6623922,
              -34.6230764
            ],
            [
              -58.662209,
              -34.6229184
            ]
          ]
        ]
      }
    },
    {
      "type": "Feature",
      "properties": {
        "cca": "135040G00000000000000000000000540000001000000018",
        "ara1": 448.18,
        "sag": "ARBA",
        "source_name": "ARBA GeoARBA",
        "source_url": "https://www.arba.gov.ar/geoarba/inicio.asp",
        "source_layer": "Subparcela",
        "source_archive": "135_subparcela.tar.gz",
        "wfs_type": "idera:Subparcela",
        "input_crs": "EPSG:5347",
        "generated_at": "2026-06-29T00:09:48.931378+00:00",
        "assigned_zone_name": "Dos de Abril",
        "data_confidence": "medium"
      },
      "geometry": {
        "type": "Polygon",
        "coordinates": [
          [
            [
              -58.6620477,
              -34.6229363
            ],
            [
              -58.662268,
              -34.6227601
            ],
            [
              -58.6621448,
              -34.6226543
            ],
            [
              -58.661952,
              -34.6228105
            ],
            [
              -58.6620131,
              -34.6229312
            ],
            [
              -58.6620477,
              -34.6229363
            ]
          ]
        ]
      }
    },
    {
      "type": "Feature",
      "properties": {
        "cca": "135040G00000000000000000000000540000001000000006",
        "ara1": 392.46,
        "sag": "ARBA",
        "source_name": "ARBA GeoARBA",
        "source_url": "https://www.arba.gov.ar/geoarba/inicio.asp",
        "source_layer": "Subparcela",
        "source_archive": "135_subparcela.tar.gz",
        "wfs_type": "idera:Subparcela",
        "input_crs": "EPSG:5347",
        "generated_at": "2026-06-29T00:09:48.931378+00:00",
        "assigned_zone_name": "Dos de Abril",
        "data_confidence": "medium"
      },
      "geometry": {
        "type": "Polygon",
        "coordinates": [
          [
            [
              -58.661344,
              -34.6225706
            ],
            [
              -58.6614637,
              -34.6226693
            ],
            [
              -58.6617038,
              -34.6225814
            ],
            [
              -58.6616382,
              -34.6224602
            ],
            [
              -58.661344,
              -34.6225706
            ]
          ]
        ]
      }
    },
    {
      "type": "Feature",
      "properties": {
        "cca": "135040G00000000000000000000000540000001000000014",
        "ara1": 498.79,
        "sag": "ARBA",
        "source_name": "ARBA GeoARBA",
        "source_url": "https://www.arba.gov.ar/geoarba/inicio.asp",
        "source_layer": "Subparcela",
        "source_archive": "135_subparcela.tar.gz",
        "wfs_type": "idera:Subparcela",
        "input_crs": "EPSG:5347",
        "generated_at": "2026-06-29T00:09:48.931378+00:00",
        "assigned_zone_name": "Dos de Abril",
        "data_confidence": "medium"
      },
      "geometry": {
        "type": "Polygon",
        "coordinates": [
          [
            [
              -58.6619936,
              -34.6221553
            ],
            [
              -58.6618759,
              -34.6220584
            ],
            [
              -58.6616266,
              -34.6222671
            ],
            [
              -58.6616894,
              -34.6223184
            ],
            [
              -58.6617215,
              -34.6223782
            ],
            [
              -58.6619936,
              -34.6221553
            ]
          ]
        ]
      }
    },
    {
      "type": "Feature",
      "properties": {
        "cca": "135040G00000000000000000000000540000001000000013",
        "ara1": 500.7,
        "sag": "ARBA",
        "source_name": "ARBA GeoARBA",
        "source_url": "https://www.arba.gov.ar/geoarba/inicio.asp",
        "source_layer": "Subparcela",
        "source_archive": "135_subparcela.tar.gz",
        "wfs_type": "idera:Subparcela",
        "input_crs": "EPSG:5347",
        "generated_at": "2026-06-29T00:09:48.931378+00:00",
        "assigned_zone_name": "Dos de Abril",
        "data_confidence": "medium"
      },
      "geometry": {
        "type": "Polygon",
        "coordinates": [
          [
            [
              -58.6618759,
              -34.6220584
            ],
            [
              -58.6617564,
              -34.6219613
            ],
            [
              -58.6615086,
              -34.6221678
            ],
            [
              -58.6615247,
              -34.6221839
            ],
            [
              -58.6616266,
              -34.6222671
            ],
            [
              -58.6618759,
              -34.6220584
            ]
          ]
        ]
      }
    },
    {
      "type": "Feature",
      "properties": {
        "cca": "135040G00000000000000000000000540000001000000010",
        "ara1": 433.55,
        "sag": "ARBA",
        "source_name": "ARBA GeoARBA",
        "source_url": "https://www.arba.gov.ar/geoarba/inicio.asp",
        "source_layer": "Subparcela",
        "source_archive": "135_subparcela.tar.gz",
        "wfs_type": "idera:Subparcela",
        "input_crs": "EPSG:5347",
        "generated_at": "2026-06-29T00:09:48.931378+00:00",
        "assigned_zone_name": "Dos de Abril",
        "data_confidence": "medium"
      },
      "geometry": {
        "type": "Polygon",
        "coordinates": [
          [
            [
              -58.6612246,
              -34.6220075
            ],
            [
              -58.6609452,
              -34.6222426
            ],
            [
              -58.6610538,
              -34.622331
            ],
            [
              -58.6612445,
              -34.622172
            ],
            [
              -58.6612347,
              -34.6221571
            ],
            [
              -58.6612266,
              -34.6221347
            ],
            [
              -58.6612242,
              -34.622115
            ],
            [
              -58.6612269,
              -34.6220915
            ],
            [
              -58.6612352,
              -34.6220705
            ],
            [
              -58.6612483,
              -34.6220514
            ],
            [
              -58.6612623,
              -34.6220378
            ],
            [
              -58.6612246,
              -34.6220075
            ]
          ]
        ]
      }
    },
    {
      "type": "Feature",
      "properties": {
        "cca": "135040G00000000000000000000000540000001000000019",
        "ara1": 507.5,
        "sag": "ARBA",
        "source_name": "ARBA GeoARBA",
        "source_url": "https://www.arba.gov.ar/geoarba/inicio.asp",
        "source_layer": "Subparcela",
        "source_archive": "135_subparcela.tar.gz",
        "wfs_type": "idera:Subparcela",
        "input_crs": "EPSG:5347",
        "generated_at": "2026-06-29T00:09:48.931378+00:00",
        "assigned_zone_name": "Dos de Abril",
        "data_confidence": "medium"
      },
      "geometry": {
        "type": "Polygon",
        "coordinates": [
          [
            [
              -58.662268,
              -34.6227601
            ],
            [
              -58.6623834,
              -34.6226684
            ],
            [
              -58.6621165,
              -34.6224433
            ],
            [
              -58.6620041,
              -34.6225345
            ],
            [
              -58.6621448,
              -34.6226543
            ],
            [
              -58.662268,
              -34.6227601
            ]
          ]
        ]
      }
    },
    {
      "type": "Feature",
      "properties": {
        "cca": "135040G00000000000000000000000540000001000000017",
        "ara1": 393.23,
        "sag": "ARBA",
        "source_name": "ARBA GeoARBA",
        "source_url": "https://www.arba.gov.ar/geoarba/inicio.asp",
        "source_layer": "Subparcela",
        "source_archive": "135_subparcela.tar.gz",
        "wfs_type": "idera:Subparcela",
        "input_crs": "EPSG:5347",
        "generated_at": "2026-06-29T00:09:48.931378+00:00",
        "assigned_zone_name": "Dos de Abril",
        "data_confidence": "medium"
      },
      "geometry": {
        "type": "Polygon",
        "coordinates": [
          [
            [
              -58.6621448,
              -34.6226543
            ],
            [
              -58.6620041,
              -34.6225345
            ],
            [
              -58.6618661,
              -34.6226472
            ],
            [
              -58.661952,
              -34.6228105
            ],
            [
              -58.6621448,
              -34.6226543
            ]
          ]
        ]
      }
    },
    {
      "type": "Feature",
      "properties": {
        "cca": "135040G00000000000000000000000540000001000000012",
        "ara1": 426.81,
        "sag": "ARBA",
        "source_name": "ARBA GeoARBA",
        "source_url": "https://www.arba.gov.ar/geoarba/inicio.asp",
        "source_layer": "Subparcela",
        "source_archive": "135_subparcela.tar.gz",
        "wfs_type": "idera:Subparcela",
        "input_crs": "EPSG:5347",
        "generated_at": "2026-06-29T00:09:48.931378+00:00",
        "assigned_zone_name": "Dos de Abril",
        "data_confidence": "medium"
      },
      "geometry": {
        "type": "Polygon",
        "coordinates": [
          [
            [
              -58.6617564,
              -34.6219613
            ],
            [
              -58.6616384,
              -34.6218648
            ],
            [
              -58.6614431,
              -34.6220312
            ],
            [
              -58.6614564,
              -34.6220411
            ],
            [
              -58.6614651,
              -34.6220502
            ],
            [
              -58.6614751,
              -34.6220646
            ],
            [
              -58.6614814,
              -34.6220777
            ],
            [
              -58.6614866,
              -34.6220924
            ],
            [
              -58.6614892,
              -34.6221101
            ],
            [
              -58.6614905,
              -34.6221298
            ],
            [
              -58.6614944,
              -34.6221427
            ],
            [
              -58.6615007,
              -34.6221565
            ],
            [
              -58.6615086,
              -34.6221678
            ],
            [
              -58.6617564,
              -34.6219613
            ]
          ]
        ]
      }
    },
    {
      "type": "Feature",
      "properties": {
        "cca": "135040G00000000000000000000000540000001000000009",
        "ara1": 393.63,
        "sag": "ARBA",
        "source_name": "ARBA GeoARBA",
        "source_url": "https://www.arba.gov.ar/geoarba/inicio.asp",
        "source_layer": "Subparcela",
        "source_archive": "135_subparcela.tar.gz",
        "wfs_type": "idera:Subparcela",
        "input_crs": "EPSG:5347",
        "generated_at": "2026-06-29T00:09:48.931378+00:00",
        "assigned_zone_name": "Dos de Abril",
        "data_confidence": "medium"
      },
      "geometry": {
        "type": "Polygon",
        "coordinates": [
          [
            [
              -58.6610538,
              -34.622331
            ],
            [
              -58.6611585,
              -34.6224173
            ],
            [
              -58.6614179,
              -34.6222364
            ],
            [
              -58.6614004,
              -34.6222297
            ],
            [
              -58.661386,
              -34.6222261
            ],
            [
              -58.6613705,
              -34.6222236
            ],
            [
              -58.661351,
              -34.6222231
            ],
            [
              -58.6613265,
              -34.6222213
            ],
            [
              -58.6613077,
              -34.622216
            ],
            [
              -58.6612927,
              -34.6222103
            ],
            [
              -58.6612747,
              -34.622201
            ],
            [
              -58.6612586,
              -34.6221882
            ],
            [
              -58.6612445,
              -34.622172
            ],
            [
              -58.6610538,
              -34.622331
            ]
          ]
        ]
      }
    },
    {
      "type": "Feature",
      "properties": {
        "cca": "135040G00000000000000000000000540000001000000011",
        "ara1": 508.68,
        "sag": "ARBA",
        "source_name": "ARBA GeoARBA",
        "source_url": "https://www.arba.gov.ar/geoarba/inicio.asp",
        "source_layer": "Subparcela",
        "source_archive": "135_subparcela.tar.gz",
        "wfs_type": "idera:Subparcela",
        "input_crs": "EPSG:5347",
        "generated_at": "2026-06-29T00:09:48.931378+00:00",
        "assigned_zone_name": "Dos de Abril",
        "data_confidence": "medium"
      },
      "geometry": {
        "type": "Polygon",
        "coordinates": [
          [
            [
              -58.6616384,
              -34.6218648
            ],
            [
              -58.6615096,
              -34.621763
            ],
            [
              -58.6612246,
              -34.6220075
            ],
            [
              -58.6612623,
              -34.6220378
            ],
            [
              -58.6612794,
              -34.622025
            ],
            [
              -58.6613095,
              -34.6220121
            ],
            [
              -58.6613358,
              -34.6220063
            ],
            [
              -58.6613559,
              -34.6220051
            ],
            [
              -58.6613784,
              -34.6220061
            ],
            [
              -58.6613982,
              -34.6220101
            ],
            [
              -58.6614163,
              -34.622017
            ],
            [
              -58.6614289,
              -34.6220231
            ],
            [
              -58.6614431,
              -34.6220312
            ],
            [
              -58.6616384,
              -34.6218648
            ]
          ]
        ]
      }
    },
    {
      "type": "Feature",
      "properties": {
        "cca": "135040G00000000000000000000000540000001000000016",
        "ara1": 660.16,
        "sag": "ARBA",
        "source_name": "ARBA GeoARBA",
        "source_url": "https://www.arba.gov.ar/geoarba/inicio.asp",
        "source_layer": "Subparcela",
        "source_archive": "135_subparcela.tar.gz",
        "wfs_type": "idera:Subparcela",
        "input_crs": "EPSG:5347",
        "generated_at": "2026-06-29T00:09:48.931378+00:00",
        "assigned_zone_name": "Dos de Abril",
        "data_confidence": "medium"
      },
      "geometry": {
        "type": "Polygon",
        "coordinates": [
          [
            [
              -58.6622291,
              -34.6223513
            ],
            [
              -58.6621126,
              -34.6222548
            ],
            [
              -58.6617963,
              -34.622514
            ],
            [
              -58.6618661,
              -34.6226472
            ],
            [
              -58.6620041,
              -34.6225345
            ],
            [
              -58.6621165,
              -34.6224433
            ],
            [
              -58.6622291,
              -34.6223513
            ]
          ]
        ]
      }
    },
    {
      "type": "Feature",
      "properties": {
        "cca": "135040G0000000000000000000000075000002100A000009",
        "ara1": 258.48,
        "sag": "ARBA",
        "source_name": "ARBA GeoARBA",
        "source_url": "https://www.arba.gov.ar/geoarba/inicio.asp",
        "source_layer": "Subparcela",
        "source_archive": "135_subparcela.tar.gz",
        "wfs_type": "idera:Subparcela",
        "input_crs": "EPSG:5347",
        "generated_at": "2026-06-29T00:09:48.931378+00:00",
        "assigned_zone_name": "El Libertador",
        "data_confidence": "medium"
      },
      "geometry": {
        "type": "Polygon",
        "coordinates": [
          [
            [
              -58.6543383,
              -34.6290392
            ],
            [
              -58.6543375,
              -34.6290398
            ],
            [
              -58.6542969,
              -34.6290068
            ],
            [
              -58.6542976,
              -34.6290062
            ],
            [
              -58.6542049,
              -34.628931
            ],
            [
              -58.6541216,
              -34.6290009
            ],
            [
              -58.6542021,
              -34.6290664
            ],
            [
              -58.6543063,
              -34.6291509
            ],
            [
              -58.6543901,
              -34.6290813
            ],
            [
              -58.6543583,
              -34.6290558
            ],
            [
              -58.6543383,
              -34.6290392
            ]
          ]
        ]
      }
    },
    {
      "type": "Feature",
      "properties": {
        "cca": "135040G0000000000000000000000075000002100A000011",
        "ara1": 196.13,
        "sag": "ARBA",
        "source_name": "ARBA GeoARBA",
        "source_url": "https://www.arba.gov.ar/geoarba/inicio.asp",
        "source_layer": "Subparcela",
        "source_archive": "135_subparcela.tar.gz",
        "wfs_type": "idera:Subparcela",
        "input_crs": "EPSG:5347",
        "generated_at": "2026-06-29T00:09:48.931378+00:00",
        "assigned_zone_name": "El Libertador",
        "data_confidence": "medium"
      },
      "geometry": {
        "type": "Polygon",
        "coordinates": [
          [
            [
              -58.6543904,
              -34.6287753
            ],
            [
              -58.6544828,
              -34.6288505
            ],
            [
              -58.6544834,
              -34.62885
            ],
            [
              -58.6545327,
              -34.6288904
            ],
            [
              -58.6545322,
              -34.6288909
            ],
            [
              -58.6545511,
              -34.6289063
            ],
            [
              -58.6545734,
              -34.6288875
            ],
            [
              -58.6545801,
              -34.6288819
            ],
            [
              -58.6545867,
              -34.6288733
            ],
            [
              -58.6545904,
              -34.6288657
            ],
            [
              -58.6545929,
              -34.628856
            ],
            [
              -58.6545952,
              -34.6288462
            ],
            [
              -58.6545986,
              -34.6288392
            ],
            [
              -58.6546031,
              -34.6288328
            ],
            [
              -58.6546075,
              -34.6288276
            ],
            [
              -58.6545263,
              -34.6287614
            ],
            [
              -58.654527,
              -34.6287609
            ],
            [
              -58.6544663,
              -34.6287118
            ],
            [
              -58.6543904,
              -34.6287753
            ]
          ]
        ]
      }
    },
    {
      "type": "Feature",
      "properties": {
        "cca": "135040G0000000000000000000000075000002100A000012",
        "ara1": 292.96,
        "sag": "ARBA",
        "source_name": "ARBA GeoARBA",
        "source_url": "https://www.arba.gov.ar/geoarba/inicio.asp",
        "source_layer": "Subparcela",
        "source_archive": "135_subparcela.tar.gz",
        "wfs_type": "idera:Subparcela",
        "input_crs": "EPSG:5347",
        "generated_at": "2026-06-29T00:09:48.931378+00:00",
        "assigned_zone_name": "El Libertador",
        "data_confidence": "medium"
      },
      "geometry": {
        "type": "Polygon",
        "coordinates": [
          [
            [
              -58.6544428,
              -34.6289979
            ],
            [
              -58.6545511,
              -34.6289063
            ],
            [
              -58.6545322,
              -34.6288909
            ],
            [
              -58.6545315,
              -34.6288914
            ],
            [
              -58.654482,
              -34.6288511
            ],
            [
              -58.6544828,
              -34.6288505
            ],
            [
              -58.6543904,
              -34.6287753
            ],
            [
              -58.6543315,
              -34.6288249
            ],
            [
              -58.6543128,
              -34.6288406
            ],
            [
              -58.6542816,
              -34.6288667
            ],
            [
              -58.6543564,
              -34.6289272
            ],
            [
              -58.6543571,
              -34.6289267
            ],
            [
              -58.6544157,
              -34.6289742
            ],
            [
              -58.6544151,
              -34.628975
            ],
            [
              -58.6544428,
              -34.6289979
            ]
          ]
        ]
      }
    },
    {
      "type": "Feature",
      "properties": {
        "cca": "135040G0000000000000000000000075000002100A000013",
        "ara1": 202.59,
        "sag": "ARBA",
        "source_name": "ARBA GeoARBA",
        "source_url": "https://www.arba.gov.ar/geoarba/inicio.asp",
        "source_layer": "Subparcela",
        "source_archive": "135_subparcela.tar.gz",
        "wfs_type": "idera:Subparcela",
        "input_crs": "EPSG:5347",
        "generated_at": "2026-06-29T00:09:48.931378+00:00",
        "assigned_zone_name": "El Libertador",
        "data_confidence": "medium"
      },
      "geometry": {
        "type": "Polygon",
        "coordinates": [
          [
            [
              -58.6542049,
              -34.628931
            ],
            [
              -58.6542976,
              -34.6290062
            ],
            [
              -58.6542983,
              -34.6290057
            ],
            [
              -58.6543388,
              -34.6290387
            ],
            [
              -58.6543383,
              -34.6290392
            ],
            [
              -58.6543583,
              -34.6290558
            ],
            [
              -58.6543692,
              -34.6290469
            ],
            [
              -58.6543804,
              -34.6290396
            ],
            [
              -58.6543873,
              -34.6290359
            ],
            [
              -58.6543963,
              -34.6290315
            ],
            [
              -58.654403,
              -34.6290277
            ],
            [
              -58.6544114,
              -34.6290228
            ],
            [
              -58.654422,
              -34.6290152
            ],
            [
              -58.6544428,
              -34.6289979
            ],
            [
              -58.6544151,
              -34.628975
            ],
            [
              -58.6544143,
              -34.6289756
            ],
            [
              -58.6543556,
              -34.6289279
            ],
            [
              -58.6543564,
              -34.6289272
            ],
            [
              -58.6542816,
              -34.6288667
            ],
            [
              -58.6542049,
              -34.628931
            ]
          ]
        ]
      }
    },
    {
      "type": "Feature",
      "properties": {
        "cca": "135040G0000000000000000000000075000002100A000001",
        "ara1": 296.33,
        "sag": "ARBA",
        "source_name": "ARBA GeoARBA",
        "source_url": "https://www.arba.gov.ar/geoarba/inicio.asp",
        "source_layer": "Subparcela",
        "source_archive": "135_subparcela.tar.gz",
        "wfs_type": "idera:Subparcela",
        "input_crs": "EPSG:5347",
        "generated_at": "2026-06-29T00:09:48.931378+00:00",
        "assigned_zone_name": "El Libertador",
        "data_confidence": "medium"
      },
      "geometry": {
        "type": "Polygon",
        "coordinates": [
          [
            [
              -58.6548198,
              -34.6291533
            ],
            [
              -58.6547777,
              -34.629189
            ],
            [
              -58.6547884,
              -34.6291936
            ],
            [
              -58.6547972,
              -34.6291962
            ],
            [
              -58.6548043,
              -34.6291973
            ],
            [
              -58.6548091,
              -34.6291979
            ],
            [
              -58.6548144,
              -34.6291931
            ],
            [
              -58.6548671,
              -34.629236
            ],
            [
              -58.6548708,
              -34.6292337
            ],
            [
              -58.6548762,
              -34.6292314
            ],
            [
              -58.6548822,
              -34.6292308
            ],
            [
              -58.6548888,
              -34.6292312
            ],
            [
              -58.6548923,
              -34.6292321
            ],
            [
              -58.6548954,
              -34.6292336
            ],
            [
              -58.6550818,
              -34.6290775
            ],
            [
              -58.6549943,
              -34.6290066
            ],
            [
              -58.6548708,
              -34.6291106
            ],
            [
              -58.6548653,
              -34.6291152
            ],
            [
              -58.6548659,
              -34.6291157
            ],
            [
              -58.6548204,
              -34.6291537
            ],
            [
              -58.6548198,
              -34.6291533
            ]
          ]
        ]
      }
    },
    {
      "type": "Feature",
      "properties": {
        "cca": "135040G0000000000000000000000075000002100A000002",
        "ara1": 263.69,
        "sag": "ARBA",
        "source_name": "ARBA GeoARBA",
        "source_url": "https://www.arba.gov.ar/geoarba/inicio.asp",
        "source_layer": "Subparcela",
        "source_archive": "135_subparcela.tar.gz",
        "wfs_type": "idera:Subparcela",
        "input_crs": "EPSG:5347",
        "generated_at": "2026-06-29T00:09:48.931378+00:00",
        "assigned_zone_name": "El Libertador",
        "data_confidence": "medium"
      },
      "geometry": {
        "type": "Polygon",
        "coordinates": [
          [
            [
              -58.6546742,
              -34.6292742
            ],
            [
              -58.6545676,
              -34.6293631
            ],
            [
              -58.6546558,
              -34.6294349
            ],
            [
              -58.6548203,
              -34.6292972
            ],
            [
              -58.6548171,
              -34.6292921
            ],
            [
              -58.6548161,
              -34.629288
            ],
            [
              -58.6548165,
              -34.6292831
            ],
            [
              -58.6548188,
              -34.6292785
            ],
            [
              -58.6548228,
              -34.6292737
            ],
            [
              -58.6547694,
              -34.6292307
            ],
            [
              -58.6547746,
              -34.6292261
            ],
            [
              -58.6547671,
              -34.6292237
            ],
            [
              -58.6547541,
              -34.6292186
            ],
            [
              -58.6547451,
              -34.6292144
            ],
            [
              -58.6547194,
              -34.6292361
            ],
            [
              -58.65472,
              -34.6292366
            ],
            [
              -58.6546749,
              -34.6292747
            ],
            [
              -58.6546742,
              -34.6292742
            ]
          ]
        ]
      }
    },
    {
      "type": "Feature",
      "properties": {
        "cca": "135040G0000000000000000000000075000002100A000003",
        "ara1": 277.67,
        "sag": "ARBA",
        "source_name": "ARBA GeoARBA",
        "source_url": "https://www.arba.gov.ar/geoarba/inicio.asp",
        "source_layer": "Subparcela",
        "source_archive": "135_subparcela.tar.gz",
        "wfs_type": "idera:Subparcela",
        "input_crs": "EPSG:5347",
        "generated_at": "2026-06-29T00:09:48.931378+00:00",
        "assigned_zone_name": "El Libertador",
        "data_confidence": "medium"
      },
      "geometry": {
        "type": "Polygon",
        "coordinates": [
          [
            [
              -58.6549179,
              -34.6289446
            ],
            [
              -58.6548433,
              -34.629007
            ],
            [
              -58.654844,
              -34.6290075
            ],
            [
              -58.6547477,
              -34.6290883
            ],
            [
              -58.6547472,
              -34.6290879
            ],
            [
              -58.6547127,
              -34.6291169
            ],
            [
              -58.6547137,
              -34.6291251
            ],
            [
              -58.654716,
              -34.6291306
            ],
            [
              -58.6547198,
              -34.6291384
            ],
            [
              -58.6547252,
              -34.6291465
            ],
            [
              -58.6547304,
              -34.6291532
            ],
            [
              -58.6547416,
              -34.6291647
            ],
            [
              -58.6547521,
              -34.6291735
            ],
            [
              -58.6547631,
              -34.6291812
            ],
            [
              -58.6547777,
              -34.629189
            ],
            [
              -58.6548198,
              -34.6291533
            ],
            [
              -58.6548192,
              -34.6291528
            ],
            [
              -58.6548647,
              -34.6291147
            ],
            [
              -58.6548653,
              -34.6291152
            ],
            [
              -58.6548708,
              -34.6291106
            ],
            [
              -58.6549943,
              -34.6290066
            ],
            [
              -58.6549179,
              -34.6289446
            ]
          ]
        ]
      }
    },
    {
      "type": "Feature",
      "properties": {
        "cca": "135040G0000000000000000000000075000002100A000004",
        "ara1": 223.1,
        "sag": "ARBA",
        "source_name": "ARBA GeoARBA",
        "source_url": "https://www.arba.gov.ar/geoarba/inicio.asp",
        "source_layer": "Subparcela",
        "source_archive": "135_subparcela.tar.gz",
        "wfs_type": "idera:Subparcela",
        "input_crs": "EPSG:5347",
        "generated_at": "2026-06-29T00:09:48.931378+00:00",
        "assigned_zone_name": "El Libertador",
        "data_confidence": "medium"
      },
      "geometry": {
        "type": "Polygon",
        "coordinates": [
          [
            [
              -58.6544921,
              -34.6293018
            ],
            [
              -58.6545676,
              -34.6293631
            ],
            [
              -58.6546742,
              -34.6292742
            ],
            [
              -58.6546736,
              -34.6292737
            ],
            [
              -58.6547187,
              -34.6292356
            ],
            [
              -58.6547194,
              -34.6292361
            ],
            [
              -58.6547451,
              -34.6292144
            ],
            [
              -58.6547423,
              -34.6292129
            ],
            [
              -58.6547324,
              -34.6292079
            ],
            [
              -58.6547237,
              -34.6292027
            ],
            [
              -58.6547145,
              -34.6291959
            ],
            [
              -58.6547048,
              -34.6291866
            ],
            [
              -58.6546968,
              -34.6291768
            ],
            [
              -58.6546895,
              -34.6291663
            ],
            [
              -58.6546834,
              -34.6291554
            ],
            [
              -58.6546787,
              -34.6291458
            ],
            [
              -58.6546394,
              -34.6291787
            ],
            [
              -58.65464,
              -34.6291793
            ],
            [
              -58.6545617,
              -34.6292451
            ],
            [
              -58.6545609,
              -34.6292444
            ],
            [
              -58.6544921,
              -34.6293018
            ]
          ]
        ]
      }
    },
    {
      "type": "Feature",
      "properties": {
        "cca": "135040G0000000000000000000000075000002100A000005",
        "ara1": 242.47,
        "sag": "ARBA",
        "source_name": "ARBA GeoARBA",
        "source_url": "https://www.arba.gov.ar/geoarba/inicio.asp",
        "source_layer": "Subparcela",
        "source_archive": "135_subparcela.tar.gz",
        "wfs_type": "idera:Subparcela",
        "input_crs": "EPSG:5347",
        "generated_at": "2026-06-29T00:09:48.931378+00:00",
        "assigned_zone_name": "El Libertador",
        "data_confidence": "medium"
      },
      "geometry": {
        "type": "Polygon",
        "coordinates": [
          [
            [
              -58.6548426,
              -34.6288839
            ],
            [
              -58.6547968,
              -34.6289218
            ],
            [
              -58.6547973,
              -34.6289223
            ],
            [
              -58.6547363,
              -34.6289739
            ],
            [
              -58.6547357,
              -34.6289734
            ],
            [
              -58.6547276,
              -34.6289797
            ],
            [
              -58.6547191,
              -34.6289863
            ],
            [
              -58.6547099,
              -34.6289946
            ],
            [
              -58.6546987,
              -34.6290037
            ],
            [
              -58.6546871,
              -34.6290144
            ],
            [
              -58.6546744,
              -34.6290249
            ],
            [
              -58.6546695,
              -34.6290295
            ],
            [
              -58.6546663,
              -34.6290353
            ],
            [
              -58.6546649,
              -34.6290414
            ],
            [
              -58.654664,
              -34.6290471
            ],
            [
              -58.6546647,
              -34.6290529
            ],
            [
              -58.6546676,
              -34.6290595
            ],
            [
              -58.6546738,
              -34.6290663
            ],
            [
              -58.6546817,
              -34.6290715
            ],
            [
              -58.6546907,
              -34.6290779
            ],
            [
              -58.6546964,
              -34.6290837
            ],
            [
              -58.6547011,
              -34.6290895
            ],
            [
              -58.6547072,
              -34.6290999
            ],
            [
              -58.65471,
              -34.6291072
            ],
            [
              -58.6547117,
              -34.6291129
            ],
            [
              -58.6547127,
              -34.6291169
            ],
            [
              -58.6547472,
              -34.6290879
            ],
            [
              -58.6547466,
              -34.6290873
            ],
            [
              -58.6548427,
              -34.6290066
            ],
            [
              -58.6548433,
              -34.629007
            ],
            [
              -58.6549179,
              -34.6289446
            ],
            [
              -58.6548426,
              -34.6288839
            ]
          ]
        ]
      }
    },
    {
      "type": "Feature",
      "properties": {
        "cca": "135040G0000000000000000000000075000002100A000006",
        "ara1": 245.85,
        "sag": "ARBA",
        "source_name": "ARBA GeoARBA",
        "source_url": "https://www.arba.gov.ar/geoarba/inicio.asp",
        "source_layer": "Subparcela",
        "source_archive": "135_subparcela.tar.gz",
        "wfs_type": "idera:Subparcela",
        "input_crs": "EPSG:5347",
        "generated_at": "2026-06-29T00:09:48.931378+00:00",
        "assigned_zone_name": "El Libertador",
        "data_confidence": "medium"
      },
      "geometry": {
        "type": "Polygon",
        "coordinates": [
          [
            [
              -58.6544173,
              -34.6292408
            ],
            [
              -58.6544921,
              -34.6293018
            ],
            [
              -58.6545609,
              -34.6292444
            ],
            [
              -58.6545603,
              -34.6292439
            ],
            [
              -58.6546387,
              -34.6291781
            ],
            [
              -58.6546394,
              -34.6291787
            ],
            [
              -58.6546787,
              -34.6291458
            ],
            [
              -58.6546783,
              -34.6291425
            ],
            [
              -58.6546751,
              -34.6291286
            ],
            [
              -58.6546727,
              -34.629122
            ],
            [
              -58.6546673,
              -34.6291138
            ],
            [
              -58.6546596,
              -34.629106
            ],
            [
              -58.6546492,
              -34.6290976
            ],
            [
              -58.6546422,
              -34.6290936
            ],
            [
              -58.6546316,
              -34.6290884
            ],
            [
              -58.6546245,
              -34.6290871
            ],
            [
              -58.6546167,
              -34.6290868
            ],
            [
              -58.654605,
              -34.6290889
            ],
            [
              -58.6545961,
              -34.6290924
            ],
            [
              -58.6545913,
              -34.6290955
            ],
            [
              -58.6545766,
              -34.6291074
            ],
            [
              -58.6545599,
              -34.6291212
            ],
            [
              -58.654544,
              -34.6291336
            ],
            [
              -58.6545449,
              -34.6291343
            ],
            [
              -58.6544702,
              -34.6291975
            ],
            [
              -58.6544696,
              -34.6291969
            ],
            [
              -58.6544173,
              -34.6292408
            ]
          ]
        ]
      }
    },
    {
      "type": "Feature",
      "properties": {
        "cca": "135040G0000000000000000000000075000002100A000008",
        "ara1": 260.25,
        "sag": "ARBA",
        "source_name": "ARBA GeoARBA",
        "source_url": "https://www.arba.gov.ar/geoarba/inicio.asp",
        "source_layer": "Subparcela",
        "source_archive": "135_subparcela.tar.gz",
        "wfs_type": "idera:Subparcela",
        "input_crs": "EPSG:5347",
        "generated_at": "2026-06-29T00:09:48.931378+00:00",
        "assigned_zone_name": "El Libertador",
        "data_confidence": "medium"
      },
      "geometry": {
        "type": "Polygon",
        "coordinates": [
          [
            [
              -58.6544696,
              -34.6291969
            ],
            [
              -58.654469,
              -34.6291964
            ],
            [
              -58.6545432,
              -34.6291329
            ],
            [
              -58.654544,
              -34.6291336
            ],
            [
              -58.6545599,
              -34.6291212
            ],
            [
              -58.6544753,
              -34.6290526
            ],
            [
              -58.6544648,
              -34.6290438
            ],
            [
              -58.6544585,
              -34.6290395
            ],
            [
              -58.6544525,
              -34.6290381
            ],
            [
              -58.6544471,
              -34.6290382
            ],
            [
              -58.6544424,
              -34.6290392
            ],
            [
              -58.654438,
              -34.6290417
            ],
            [
              -58.6544336,
              -34.6290455
            ],
            [
              -58.6544243,
              -34.6290535
            ],
            [
              -58.6544249,
              -34.629054
            ],
            [
              -58.6543079,
              -34.6291523
            ],
            [
              -58.6544173,
              -34.6292408
            ],
            [
              -58.6544696,
              -34.6291969
            ]
          ]
        ]
      }
    },
    {
      "type": "Feature",
      "properties": {
        "cca": "135040G0000000000000000000000075000002100A000007",
        "ara1": 218.87,
        "sag": "ARBA",
        "source_name": "ARBA GeoARBA",
        "source_url": "https://www.arba.gov.ar/geoarba/inicio.asp",
        "source_layer": "Subparcela",
        "source_archive": "135_subparcela.tar.gz",
        "wfs_type": "idera:Subparcela",
        "input_crs": "EPSG:5347",
        "generated_at": "2026-06-29T00:09:48.931378+00:00",
        "assigned_zone_name": "El Libertador",
        "data_confidence": "medium"
      },
      "geometry": {
        "type": "Polygon",
        "coordinates": [
          [
            [
              -58.6547129,
              -34.6287785
            ],
            [
              -58.654676,
              -34.6288091
            ],
            [
              -58.6546767,
              -34.6288097
            ],
            [
              -58.6546407,
              -34.6288398
            ],
            [
              -58.6546637,
              -34.6288586
            ],
            [
              -58.6546495,
              -34.6288706
            ],
            [
              -58.6546454,
              -34.6288757
            ],
            [
              -58.6546427,
              -34.6288818
            ],
            [
              -58.6546424,
              -34.6288885
            ],
            [
              -58.6546445,
              -34.6288959
            ],
            [
              -58.6546475,
              -34.6289005
            ],
            [
              -58.6546491,
              -34.6289023
            ],
            [
              -58.6546602,
              -34.6289111
            ],
            [
              -58.6547064,
              -34.6289485
            ],
            [
              -58.6547115,
              -34.6289539
            ],
            [
              -58.6547153,
              -34.6289604
            ],
            [
              -58.6547175,
              -34.6289673
            ],
            [
              -58.6547179,
              -34.6289727
            ],
            [
              -58.6547172,
              -34.6289791
            ],
            [
              -58.6547152,
              -34.6289843
            ],
            [
              -58.6547135,
              -34.6289895
            ],
            [
              -58.6547099,
              -34.6289946
            ],
            [
              -58.6547191,
              -34.6289863
            ],
            [
              -58.6547276,
              -34.6289797
            ],
            [
              -58.6547357,
              -34.6289734
            ],
            [
              -58.6547352,
              -34.6289729
            ],
            [
              -58.6547961,
              -34.6289212
            ],
            [
              -58.6547968,
              -34.6289218
            ],
            [
              -58.6548426,
              -34.6288839
            ],
            [
              -58.6547129,
              -34.6287785
            ]
          ]
        ]
      }
    }
  ]
}
